# Rhino

mtllib totem_obj.mtl
usemtl Default
v 2 -50.805194854736328 -20.12986946105957
v 8 -50.805194854736328 -20.12986946105957
v 3 -50.805194854736328 -13.463203430175781
v 5 -50.805194854736328 -13.463203430175781
v 6 -50.805194854736328 -13.463203430175781
v 7 -50.805194854736328 -13.463203430175781
v 3 -50.805194854736328 33.203464508056641
v 4 -50.805194854736328 33.203464508056641
v 5 -50.805194854736328 33.203464508056641
v 7 -50.805194854736328 33.203464508056641
v 2 -50.805194854736328 39.870128631591797
v 8 -50.805194854736328 39.870128631591797
v 8 -50.805194854736328 35.254745483398438
v 8 -50.805194854736328 30.639360427856445
v 8 -50.805194854736328 26.023975372314453
v 8 -50.805194854736328 21.408592224121094
v 8 -50.805194854736328 16.793207168579102
v 8 -50.805194854736328 12.177822113037109
v 8 -50.805194854736328 7.5624375343322754
v 8 -50.805194854736328 2.9470529556274414
v 8 -50.805194854736328 -1.6683316230773926
v 8 -50.805194854736328 -6.2837162017822266
v 8 -50.805194854736328 -10.899101257324219
v 8 -50.805194854736328 -15.514485359191895
v 2 -50.805194854736328 -15.514485359191895
v 2 -50.805194854736328 -10.899101257324219
v 2 -50.805194854736328 -6.2837162017822266
v 2 -50.805194854736328 -1.6683316230773926
v 2 -50.805194854736328 2.9470529556274414
v 2 -50.805194854736328 7.5624375343322754
v 2 -50.805194854736328 12.177822113037109
v 2 -50.805194854736328 16.793207168579102
v 2 -50.805194854736328 21.408592224121094
v 2 -50.805194854736328 26.023975372314453
v 2 -50.805194854736328 30.639360427856445
v 2 -50.805194854736328 35.254745483398438
v 2.5 -50.805194854736328 -8.1298704147338867
v 2.648484468460083 -50.805194854736328 -8.8861045837402344
v 3.0718905925750732 -50.805194854736328 -9.5300502777099609
v 3.7114489078521729 -50.805194854736328 -9.9678544998168945
v 4.5 -50.805194854736328 -10.129870414733887
v 3 -50.805194854736328 -10.129870414733887
v 2.5 -50.805194854736328 -13.463203430175781
v 2.5 -50.805194854736328 -10.129870414733887
v 2.25 -50.805194854736328 -10.129870414733887
v 2.25 -50.805194854736328 -8.4632034301757812
v 2.75 -50.805194854736328 -10.129870414733887
v 5.5 -50.805194854736328 -10.129870414733887
v 5.5 -50.805194854736328 -13.463203430175781
v 6.2562346458435059 -50.805194854736328 -9.9813852310180664
v 6.9001798629760742 -50.805194854736328 -9.5579795837402344
v 7.337984561920166 -50.805194854736328 -8.918421745300293
v 7.5 -50.805194854736328 -8.1298704147338867
v 5.5 -50.805194854736328 -11.796536445617676
v 5.25 -50.805194854736328 -13.463203430175781
v 5 -50.805194854736328 -11.796536445617676
v 5.25 -50.805194854736328 -11.796536445617676
v 6 -50.805194854736328 -16.796537399291992
v 5 -50.805194854736328 -16.796537399291992
v 5.5 -50.805194854736328 -16.796537399291992
v 7 -50.805194854736328 -10.129870414733887
v 7.5 -50.805194854736328 -13.463203430175781
v 7.5 -50.805194854736328 -10.129870414733887
v 7.25 -50.805194854736328 -10.129870414733887
v 7.5 -50.805194854736328 -3.6298701763153076
v 7.5 -50.805194854736328 0.87012988328933716
v 7.5 -50.805194854736328 5.3701300621032715
v 7.5 -50.805194854736328 9.8701295852661133
v 7.5 -50.805194854736328 14.370129585266113
v 7.5 -50.805194854736328 18.87013053894043
v 7.5 -50.805194854736328 23.37013053894043
v 7.5 -50.805194854736328 27.87013053894043
v 7.3515152931213379 -50.805194854736328 28.626363754272461
v 6.9281091690063477 -50.805194854736328 29.270309448242188
v 6.2885513305664062 -50.805194854736328 29.708114624023438
v 5.5 -50.805194854736328 29.87013053894043
v 7.5 -50.805194854736328 33.203464508056641
v 7 -50.805194854736328 29.87013053894043
v 7.5 -50.805194854736328 29.87013053894043
v 7.25 -50.805194854736328 29.87013053894043
v 4.5 -50.805194854736328 29.87013053894043
v 4.5 -50.805194854736328 33.203464508056641
v 3.7437655925750732 -50.805194854736328 29.721645355224609
v 3.0998201370239258 -50.805194854736328 29.298238754272461
v 2.662015438079834 -50.805194854736328 28.658681869506836
v 2.5 -50.805194854736328 27.87013053894043
v 4.25 -50.805194854736328 33.203464508056641
v 4.5 -50.805194854736328 31.536796569824219
v 4 -50.805194854736328 31.536796569824219
v 4.25 -50.805194854736328 31.536796569824219
v 3 -50.805194854736328 29.87013053894043
v 5 -50.805194854736328 36.536796569824219
v 4 -50.805194854736328 36.536796569824219
v 4.5 -50.805194854736328 36.536796569824219
v 2.5 -50.805194854736328 33.203464508056641
v 2.5 -50.805194854736328 29.87013053894043
v 2.75 -50.805194854736328 29.87013053894043
v 2.5 -50.805194854736328 23.37013053894043
v 2.5 -50.805194854736328 18.87013053894043
v 2.5 -50.805194854736328 14.370129585266113
v 2.5 -50.805194854736328 9.8701295852661133
v 2.5 -50.805194854736328 5.3701300621032715
v 2.5 -50.805194854736328 0.87012988328933716
v 2.5 -50.805194854736328 -3.6298701763153076
v 2 -40.805194854736328 49.870128631591797
v 8 -40.805194854736328 49.870128631591797
v 2 59.194805145263672 49.870128631591797
v 8 59.194805145263672 49.870128631591797
v 8 54.649349212646484 49.870128631591797
v 8 50.103897094726562 49.870128631591797
v 8 45.558441162109375 49.870128631591797
v 8 41.012985229492188 49.870128631591797
v 8 36.467533111572266 49.870128631591797
v 8 31.922077178955078 49.870128631591797
v 8 27.376623153686523 49.870128631591797
v 8 22.831169128417969 49.870128631591797
v 8 18.285715103149414 49.870128631591797
v 8 13.740260124206543 49.870128631591797
v 8 9.1948051452636719 49.870128631591797
v 8 4.649350643157959 49.870128631591797
v 8 0.10389610379934311 49.870128631591797
v 8 -4.4415583610534668 49.870128631591797
v 8 -8.9870128631591797 49.870128631591797
v 8 -13.532467842102051 49.870128631591797
v 8 -18.077922821044922 49.870128631591797
v 8 -22.623376846313477 49.870128631591797
v 8 -27.168830871582031 49.870128631591797
v 8 -31.714284896850586 49.870128631591797
v 8 -36.259738922119141 49.870128631591797
v 2 -36.259738922119141 49.870128631591797
v 2 -31.714284896850586 49.870128631591797
v 2 -27.168830871582031 49.870128631591797
v 2 -22.623376846313477 49.870128631591797
v 2 -18.077922821044922 49.870128631591797
v 2 -13.532467842102051 49.870128631591797
v 2 -8.9870128631591797 49.870128631591797
v 2 -4.4415583610534668 49.870128631591797
v 2 0.10389610379934311 49.870128631591797
v 2 4.649350643157959 49.870128631591797
v 2 9.1948051452636719 49.870128631591797
v 2 13.740260124206543 49.870128631591797
v 2 18.285715103149414 49.870128631591797
v 2 22.831169128417969 49.870128631591797
v 2 27.376623153686523 49.870128631591797
v 2 31.922077178955078 49.870128631591797
v 2 36.467533111572266 49.870128631591797
v 2 41.012985229492188 49.870128631591797
v 2 45.558441162109375 49.870128631591797
v 2 50.103897094726562 49.870128631591797
v 2 54.649349212646484 49.870128631591797
v 2 59.194805145263672 -30.12986946105957
v 8 59.194805145263672 -30.12986946105957
v 2 -40.805194854736328 -30.12986946105957
v 8 -40.805194854736328 -30.12986946105957
v 8 -36.259738922119141 -30.12986946105957
v 8 -31.714284896850586 -30.12986946105957
v 8 -27.168830871582031 -30.12986946105957
v 8 -22.623376846313477 -30.12986946105957
v 8 -18.077922821044922 -30.12986946105957
v 8 -13.532467842102051 -30.12986946105957
v 8 -8.9870128631591797 -30.12986946105957
v 8 -4.4415583610534668 -30.12986946105957
v 8 0.10389610379934311 -30.12986946105957
v 8 4.649350643157959 -30.12986946105957
v 8 9.1948051452636719 -30.12986946105957
v 8 13.740260124206543 -30.12986946105957
v 8 18.285715103149414 -30.12986946105957
v 8 22.831169128417969 -30.12986946105957
v 8 27.376623153686523 -30.12986946105957
v 8 31.922077178955078 -30.12986946105957
v 8 36.467533111572266 -30.12986946105957
v 8 41.012985229492188 -30.12986946105957
v 8 45.558441162109375 -30.12986946105957
v 8 50.103897094726562 -30.12986946105957
v 8 54.649349212646484 -30.12986946105957
v 2 54.649349212646484 -30.12986946105957
v 2 50.103897094726562 -30.12986946105957
v 2 45.558441162109375 -30.12986946105957
v 2 41.012985229492188 -30.12986946105957
v 2 36.467533111572266 -30.12986946105957
v 2 31.922077178955078 -30.12986946105957
v 2 27.376623153686523 -30.12986946105957
v 2 22.831169128417969 -30.12986946105957
v 2 18.285715103149414 -30.12986946105957
v 2 13.740260124206543 -30.12986946105957
v 2 9.1948051452636719 -30.12986946105957
v 2 4.649350643157959 -30.12986946105957
v 2 0.10389610379934311 -30.12986946105957
v 2 -4.4415583610534668 -30.12986946105957
v 2 -8.9870128631591797 -30.12986946105957
v 2 -13.532467842102051 -30.12986946105957
v 2 -18.077922821044922 -30.12986946105957
v 2 -22.623376846313477 -30.12986946105957
v 2 -27.168830871582031 -30.12986946105957
v 2 -31.714284896850586 -30.12986946105957
v 2 -36.259738922119141 -30.12986946105957
v 2 69.194808959960938 39.870128631591797
v 8 69.194808959960938 39.870128631591797
v 2 69.194808959960938 -20.12986946105957
v 8 69.194808959960938 -20.12986946105957
v 8 69.194808959960938 -10.899101257324219
v 8 69.194808959960938 -6.2837162017822266
v 8 69.194808959960938 -1.6683316230773926
v 8 69.194808959960938 2.9470529556274414
v 8 69.194808959960938 7.5624375343322754
v 8 69.194808959960938 12.177822113037109
v 8 69.194808959960938 16.793207168579102
v 8 69.194808959960938 21.408592224121094
v 8 69.194808959960938 26.023975372314453
v 8 69.194808959960938 30.639360427856445
v 8 69.194808959960938 35.254745483398438
v 2 69.194808959960938 35.254745483398438
v 2 69.194808959960938 30.639360427856445
v 2 69.194808959960938 26.023975372314453
v 2 69.194808959960938 21.408592224121094
v 2 69.194808959960938 16.793207168579102
v 2 69.194808959960938 12.177822113037109
v 2 69.194808959960938 7.5624375343322754
v 2 69.194808959960938 2.9470529556274414
v 2 69.194808959960938 -1.6683316230773926
v 2 69.194808959960938 -6.2837162017822266
v 2 69.194808959960938 -10.899101257324219
v 2 69.194808959960938 -15.514485359191895
v 10 59.194805145263672 47.870128631591797
v 10 54.649349212646484 47.870128631591797
v 10 50.103897094726562 47.870128631591797
v 10 45.558441162109375 47.870128631591797
v 10 41.012985229492188 47.870128631591797
v 10 36.467533111572266 47.870128631591797
v 10 31.922077178955078 47.870128631591797
v 10 27.376623153686523 47.870128631591797
v 10 22.831169128417969 47.870128631591797
v 10 18.285715103149414 47.870128631591797
v 10 13.740260124206543 47.870128631591797
v 10 9.1948051452636719 47.870128631591797
v 10 4.649350643157959 47.870128631591797
v 10 0.10389610379934311 47.870128631591797
v 10 -4.4415583610534668 47.870128631591797
v 10 -8.9870128631591797 47.870128631591797
v 10 -13.532467842102051 47.870128631591797
v 10 -18.077922821044922 47.870128631591797
v 10 -22.623376846313477 47.870128631591797
v 10 -27.168830871582031 47.870128631591797
v 10 -31.714284896850586 47.870128631591797
v 10 -36.259738922119141 47.870128631591797
v 10 -40.805194854736328 47.870128631591797
v 10 -42.441184997558594 47.701065063476562
v 10 -43.959400177001953 47.222068786621094
v 10 -45.331520080566406 46.466522216796875
v 10 -46.517631530761719 45.470848083496094
v 10 -47.48968505859375 44.265308380126953
v 10 -48.211257934570312 42.895069122314453
v 10 -48.805194854736328 39.870128631591797
v 10 -40.519481658935547 45.155845642089844
v 10 -44.662338256835938 45.155845642089844
v 10 -48.805194854736328 35.254745483398438
v 10 -48.805194854736328 30.639360427856445
v 10 -48.805194854736328 26.023975372314453
v 10 -48.805194854736328 21.408592224121094
v 10 -48.805194854736328 16.793207168579102
v 10 -48.805194854736328 12.177822113037109
v 10 -48.805194854736328 7.5624375343322754
v 10 -48.805194854736328 2.9470529556274414
v 10 -48.805194854736328 -1.6683316230773926
v 10 -48.805194854736328 -6.2837162017822266
v 10 -48.805194854736328 -10.899101257324219
v 10 -48.805194854736328 -20.12986946105957
v 10 -48.636131286621094 -21.765859603881836
v 10 -48.157131195068359 -23.284074783325195
v 10 -47.401584625244141 -24.656196594238281
v 10 -46.405914306640625 -25.842308044433594
v 10 -45.200370788574219 -26.814361572265625
v 10 -43.830131530761719 -27.535932540893555
v 10 -40.805194854736328 -28.12986946105957
v 10 -40.519481658935547 -25.415584564208984
v 10 -44.662338256835938 -25.415584564208984
v 10 -36.259738922119141 -28.12986946105957
v 10 -31.714284896850586 -28.12986946105957
v 10 -27.168830871582031 -28.12986946105957
v 10 -22.623376846313477 -28.12986946105957
v 10 -18.077922821044922 -28.12986946105957
v 10 -13.532467842102051 -28.12986946105957
v 10 -8.9870128631591797 -28.12986946105957
v 10 -4.4415583610534668 -28.12986946105957
v 10 0.10389610379934311 -28.12986946105957
v 10 4.649350643157959 -28.12986946105957
v 10 9.1948051452636719 -28.12986946105957
v 10 13.740260124206543 -28.12986946105957
v 10 18.285715103149414 -28.12986946105957
v 10 22.831169128417969 -28.12986946105957
v 10 27.376623153686523 -28.12986946105957
v 10 31.922077178955078 -28.12986946105957
v 10 36.467533111572266 -28.12986946105957
v 10 41.012985229492188 -28.12986946105957
v 10 45.558441162109375 -28.12986946105957
v 10 50.103897094726562 -28.12986946105957
v 10 54.649349212646484 -28.12986946105957
v 10 59.194805145263672 -28.12986946105957
v 10 60.830795288085938 -27.960805892944336
v 10 62.349010467529297 -27.481807708740234
v 10 63.72113037109375 -26.726261138916016
v 10 64.907241821289062 -25.730588912963867
v 10 65.879295349121094 -24.525047302246094
v 10 66.600868225097656 -23.154808044433594
v 10 67.194808959960938 -20.12986946105957
v 10 58.909091949462891 -25.415584564208984
v 10 63.051948547363281 -25.415584564208984
v 10 67.194808959960938 -15.514485359191895
v 10 67.194808959960938 -10.899101257324219
v 10 67.194808959960938 -6.2837162017822266
v 10 67.194808959960938 -1.6683316230773926
v 10 67.194808959960938 2.9470529556274414
v 10 67.194808959960938 7.5624375343322754
v 10 67.194808959960938 12.177822113037109
v 10 67.194808959960938 16.793207168579102
v 10 67.194808959960938 21.408592224121094
v 10 67.194808959960938 26.023975372314453
v 10 67.194808959960938 30.639360427856445
v 10 67.194808959960938 35.254745483398438
v 10 67.194808959960938 39.870128631591797
v 10 67.025741577148438 41.506118774414062
v 10 66.546745300292969 43.024333953857422
v 10 65.79119873046875 44.396457672119141
v 10 64.795524597167969 45.582569122314453
v 10 63.589981079101562 46.554618835449219
v 10 62.219741821289062 47.276191711425781
v 10 58.909091949462891 45.155845642089844
v 10 63.051948547363281 45.155845642089844
v 10 -44.305194854736328 39.870128631591797
v 10 -44.138137817382812 40.938533782958984
v 10 -43.652915954589844 41.904945373535156
v 10 -42.895851135253906 42.677112579345703
v 10 -40.805194854736328 43.370128631591797
v 10 -40.519481658935547 43.798702239990234
v 10 -42.590908050537109 45.155845642089844
v 10 -44.662338256835938 43.798702239990234
v 10 -42.590908050537109 43.798702239990234
v 10 -32.2337646484375 45.155845642089844
v 10 -36.376625061035156 45.155845642089844
v 10 -39.642402648925781 43.370128631591797
v 10 -38.4796142578125 43.370128631591797
v 10 -37.316822052001953 43.370128631591797
v 10 -36.154033660888672 43.370128631591797
v 10 -34.991241455078125 43.370128631591797
v 10 -33.828449249267578 43.370128631591797
v 10 -32.665660858154297 43.370128631591797
v 10 -31.50286865234375 43.370128631591797
v 10 -30.340078353881836 43.370128631591797
v 10 -29.177288055419922 43.370128631591797
v 10 -28.014497756958008 43.370128631591797
v 10 -26.851705551147461 43.370128631591797
v 10 -25.688915252685547 43.370128631591797
v 10 -24.526124954223633 43.370128631591797
v 10 -23.363334655761719 43.370128631591797
v 10 -22.200544357299805 43.370128631591797
v 10 -21.037752151489258 43.370128631591797
v 10 -19.874961853027344 43.370128631591797
v 10 -18.71217155456543 43.370128631591797
v 10 -17.549381256103516 43.370128631591797
v 10 -16.386590957641602 43.370128631591797
v 10 -15.223799705505371 43.370128631591797
v 10 -14.061008453369141 43.370128631591797
v 10 -12.898218154907227 43.370128631591797
v 10 -11.735426902770996 43.370128631591797
v 10 -10.572636604309082 43.370128631591797
v 10 -9.409846305847168 43.370128631591797
v 10 -8.2470550537109375 43.370128631591797
v 10 -7.0842647552490234 43.370128631591797
v 10 -5.9214739799499512 43.370128631591797
v 10 -4.7586832046508789 43.370128631591797
v 10 -3.5958924293518066 43.370128631591797
v 10 -2.4331018924713135 43.370128631591797
v 10 -1.2703111171722412 43.370128631591797
v 10 -0.10752038657665253 43.370128631591797
v 10 1.0552703142166138 43.370128631591797
v 10 2.2180609703063965 43.370128631591797
v 10 3.3808517456054688 43.370128631591797
v 10 4.543642520904541 43.370128631591797
v 10 5.7064332962036133 43.370128631591797
v 10 6.8692235946655273 43.370128631591797
v 10 8.0320148468017578 43.370128631591797
v 10 9.1948051452636719 43.370128631591797
v 10 10.357595443725586 43.370128631591797
v 10 11.520386695861816 43.370128631591797
v 10 12.68317699432373 43.370128631591797
v 10 13.845968246459961 43.370128631591797
v 10 15.008758544921875 43.370128631591797
v 10 16.171548843383789 43.370128631591797
v 10 17.334339141845703 43.370128631591797
v 10 18.49713134765625 43.370128631591797
v 10 19.659921646118164 43.370128631591797
v 10 20.822711944580078 43.370128631591797
v 10 21.985502243041992 43.370128631591797
v 10 23.148294448852539 43.370128631591797
v 10 24.311084747314453 43.370128631591797
v 10 25.473875045776367 43.370128631591797
v 10 26.636665344238281 43.370128631591797
v 10 27.799455642700195 43.370128631591797
v 10 28.962247848510742 43.370128631591797
v 10 30.125038146972656 43.370128631591797
v 10 31.28782844543457 43.370128631591797
v 10 32.450618743896484 43.370128631591797
v 10 33.613410949707031 43.370128631591797
v 10 34.776199340820312 43.370128631591797
v 10 35.938991546630859 43.370128631591797
v 10 37.101783752441406 43.370128631591797
v 10 38.264572143554688 43.370128631591797
v 10 39.427364349365234 43.370128631591797
v 10 40.590152740478516 43.370128631591797
v 10 41.752944946289062 43.370128631591797
v 10 42.915737152099609 43.370128631591797
v 10 44.078525543212891 43.370128631591797
v 10 45.241317749023438 43.370128631591797
v 10 46.404106140136719 43.370128631591797
v 10 47.566898345947266 43.370128631591797
v 10 48.729690551757812 43.370128631591797
v 10 49.892478942871094 43.370128631591797
v 10 51.055271148681641 43.370128631591797
v 10 52.218059539794922 43.370128631591797
v 10 53.380851745605469 43.370128631591797
v 10 54.543643951416016 43.370128631591797
v 10 55.706432342529297 43.370128631591797
v 10 56.869224548339844 43.370128631591797
v 10 58.032012939453125 43.370128631591797
v 10 59.194805145263672 43.370128631591797
v 10 -36.376625061035156 43.798702239990234
v 10 -38.448051452636719 45.155845642089844
v 10 -38.448051452636719 43.798702239990234
v 10 -32.2337646484375 43.798702239990234
v 10 -34.305194854736328 45.155845642089844
v 10 -34.305194854736328 43.798702239990234
v 10 -23.948051452636719 45.155845642089844
v 10 -28.090909957885742 45.155845642089844
v 10 -28.090909957885742 43.798702239990234
v 10 -30.162338256835938 45.155845642089844
v 10 -30.162338256835938 43.798702239990234
v 10 -23.948051452636719 43.798702239990234
v 10 -26.019479751586914 45.155845642089844
v 10 -26.019479751586914 43.798702239990234
v 10 -15.662337303161621 45.155845642089844
v 10 -19.805194854736328 45.155845642089844
v 10 -19.805194854736328 43.798702239990234
v 10 -21.876623153686523 45.155845642089844
v 10 -21.876623153686523 43.798702239990234
v 10 -15.662337303161621 43.798702239990234
v 10 -17.733766555786133 45.155845642089844
v 10 -17.733766555786133 43.798702239990234
v 10 -7.3766231536865234 45.155845642089844
v 10 -11.51948070526123 45.155845642089844
v 10 -11.51948070526123 43.798702239990234
v 10 -13.590909004211426 45.155845642089844
v 10 -13.590909004211426 43.798702239990234
v 10 -7.3766231536865234 43.798702239990234
v 10 -9.4480524063110352 45.155845642089844
v 10 -9.4480524063110352 43.798702239990234
v 10 0.90909093618392944 45.155845642089844
v 10 -3.2337663173675537 45.155845642089844
v 10 -3.2337663173675537 43.798702239990234
v 10 -5.3051948547363281 45.155845642089844
v 10 -5.3051948547363281 43.798702239990234
v 10 0.90909093618392944 43.798702239990234
v 10 -1.1623376607894897 45.155845642089844
v 10 -1.1623376607894897 43.798702239990234
v 10 9.1948051452636719 45.155845642089844
v 10 5.051948070526123 45.155845642089844
v 10 5.051948070526123 43.798702239990234
v 10 2.9805195331573486 45.155845642089844
v 10 2.9805195331573486 43.798702239990234
v 10 9.1948051452636719 43.798702239990234
v 10 7.1233768463134766 45.155845642089844
v 10 7.1233768463134766 43.798702239990234
v 10 17.480520248413086 45.155845642089844
v 10 13.337662696838379 45.155845642089844
v 10 13.337662696838379 43.798702239990234
v 10 11.266233444213867 45.155845642089844
v 10 11.266233444213867 43.798702239990234
v 10 17.480520248413086 43.798702239990234
v 10 15.409090995788574 45.155845642089844
v 10 15.409090995788574 43.798702239990234
v 10 25.766233444213867 45.155845642089844
v 10 21.623376846313477 45.155845642089844
v 10 21.623376846313477 43.798702239990234
v 10 19.551948547363281 45.155845642089844
v 10 19.551948547363281 43.798702239990234
v 10 25.766233444213867 43.798702239990234
v 10 23.694805145263672 45.155845642089844
v 10 23.694805145263672 43.798702239990234
v 10 34.051948547363281 45.155845642089844
v 10 29.909090042114258 45.155845642089844
v 10 29.909090042114258 43.798702239990234
v 10 27.837661743164062 45.155845642089844
v 10 27.837661743164062 43.798702239990234
v 10 34.051948547363281 43.798702239990234
v 10 31.980520248413086 45.155845642089844
v 10 31.980520248413086 43.798702239990234
v 10 42.337661743164062 45.155845642089844
v 10 38.194805145263672 45.155845642089844
v 10 38.194805145263672 43.798702239990234
v 10 36.123374938964844 45.155845642089844
v 10 36.123374938964844 43.798702239990234
v 10 42.337661743164062 43.798702239990234
v 10 40.2662353515625 45.155845642089844
v 10 40.2662353515625 43.798702239990234
v 10 50.623374938964844 45.155845642089844
v 10 46.480518341064453 45.155845642089844
v 10 46.480518341064453 43.798702239990234
v 10 44.409091949462891 45.155845642089844
v 10 44.409091949462891 43.798702239990234
v 10 50.623374938964844 43.798702239990234
v 10 48.551948547363281 45.155845642089844
v 10 48.551948547363281 43.798702239990234
v 10 54.7662353515625 45.155845642089844
v 10 54.7662353515625 43.798702239990234
v 10 52.694805145263672 45.155845642089844
v 10 52.694805145263672 43.798702239990234
v 10 58.909091949462891 43.798702239990234
v 10 56.837661743164062 45.155845642089844
v 10 56.837661743164062 43.798702239990234
v 10 63.051948547363281 43.798702239990234
v 10 60.980518341064453 45.155845642089844
v 10 60.980518341064453 43.798702239990234
v 10 60.263206481933594 43.203075408935547
v 10 61.229621887207031 42.717853546142578
v 10 62.001789093017578 41.960784912109375
v 10 62.694805145263672 39.870128631591797
v 10 62.694805145263672 38.716281890869141
v 10 62.694805145263672 37.56243896484375
v 10 62.694805145263672 36.408592224121094
v 10 62.694805145263672 35.254745483398438
v 10 62.694805145263672 34.100898742675781
v 10 62.694805145263672 32.947052001953125
v 10 62.694805145263672 31.793207168579102
v 10 62.694805145263672 30.639360427856445
v 10 62.694805145263672 29.485513687133789
v 10 62.694805145263672 28.331668853759766
v 10 62.694805145263672 27.177822113037109
v 10 62.694805145263672 26.023975372314453
v 10 62.694805145263672 24.87013053894043
v 10 62.694805145263672 23.716283798217773
v 10 62.694805145263672 22.562437057495117
v 10 62.694805145263672 21.408592224121094
v 10 62.694805145263672 20.254745483398438
v 10 62.694805145263672 19.100898742675781
v 10 62.694805145263672 17.947052001953125
v 10 62.694805145263672 16.793207168579102
v 10 62.694805145263672 15.639360427856445
v 10 62.694805145263672 14.485514640808105
v 10 62.694805145263672 13.331667900085449
v 10 62.694805145263672 12.177822113037109
v 10 62.694805145263672 11.02397632598877
v 10 62.694805145263672 9.8701295852661133
v 10 62.694805145263672 8.7162837982177734
v 10 62.694805145263672 7.5624375343322754
v 10 62.694805145263672 6.4085912704467773
v 10 62.694805145263672 5.2547454833984375
v 10 62.694805145263672 4.1008992195129395
v 10 62.694805145263672 2.9470529556274414
v 10 62.694805145263672 1.7932068109512329
v 10 62.694805145263672 0.63936066627502441
v 10 62.694805145263672 -0.51448553800582886
v 10 62.694805145263672 -1.6683316230773926
v 10 62.694805145263672 -2.8221778869628906
v 10 62.694805145263672 -3.9760239124298096
v 10 62.694805145263672 -5.1298699378967285
v 10 62.694805145263672 -6.2837162017822266
v 10 62.694805145263672 -7.4375624656677246
v 10 62.694805145263672 -8.5914087295532227
v 10 62.694805145263672 -9.7452545166015625
v 10 62.694805145263672 -10.899101257324219
v 10 62.694805145263672 -12.052947044372559
v 10 62.694805145263672 -13.206792831420898
v 10 62.694805145263672 -14.360639572143555
v 10 62.694805145263672 -15.514485359191895
v 10 62.694805145263672 -16.668331146240234
v 10 62.694805145263672 -17.822177886962891
v 10 62.694805145263672 -18.976024627685547
v 10 62.694805145263672 -20.12986946105957
v 10 62.527748107910156 -21.198272705078125
v 10 62.042526245117188 -22.16468620300293
v 10 61.28546142578125 -22.936853408813477
v 10 59.194805145263672 -23.62986946105957
v 10 60.980518341064453 -25.415584564208984
v 10 63.051948547363281 -24.058441162109375
v 10 58.909091949462891 -24.058441162109375
v 10 60.980518341064453 -24.058441162109375
v 10 50.623374938964844 -25.415584564208984
v 10 54.7662353515625 -25.415584564208984
v 10 58.032012939453125 -23.62986946105957
v 10 56.869224548339844 -23.62986946105957
v 10 55.706432342529297 -23.62986946105957
v 10 54.543643951416016 -23.62986946105957
v 10 53.380851745605469 -23.62986946105957
v 10 52.218059539794922 -23.62986946105957
v 10 51.055271148681641 -23.62986946105957
v 10 49.892478942871094 -23.62986946105957
v 10 48.729690551757812 -23.62986946105957
v 10 47.566898345947266 -23.62986946105957
v 10 46.404106140136719 -23.62986946105957
v 10 45.241317749023438 -23.62986946105957
v 10 44.078525543212891 -23.62986946105957
v 10 42.915737152099609 -23.62986946105957
v 10 41.752944946289062 -23.62986946105957
v 10 40.590152740478516 -23.62986946105957
v 10 39.427364349365234 -23.62986946105957
v 10 38.264572143554688 -23.62986946105957
v 10 37.101783752441406 -23.62986946105957
v 10 35.938991546630859 -23.62986946105957
v 10 34.776199340820312 -23.62986946105957
v 10 33.613410949707031 -23.62986946105957
v 10 32.450618743896484 -23.62986946105957
v 10 31.28782844543457 -23.62986946105957
v 10 30.125038146972656 -23.62986946105957
v 10 28.962247848510742 -23.62986946105957
v 10 27.799455642700195 -23.62986946105957
v 10 26.636665344238281 -23.62986946105957
v 10 25.473875045776367 -23.62986946105957
v 10 24.311084747314453 -23.62986946105957
v 10 23.148294448852539 -23.62986946105957
v 10 21.985502243041992 -23.62986946105957
v 10 20.822711944580078 -23.62986946105957
v 10 19.659921646118164 -23.62986946105957
v 10 18.49713134765625 -23.62986946105957
v 10 17.334339141845703 -23.62986946105957
v 10 16.171548843383789 -23.62986946105957
v 10 15.008758544921875 -23.62986946105957
v 10 13.845968246459961 -23.62986946105957
v 10 12.68317699432373 -23.62986946105957
v 10 11.520386695861816 -23.62986946105957
v 10 10.357595443725586 -23.62986946105957
v 10 9.1948051452636719 -23.62986946105957
v 10 8.0320148468017578 -23.62986946105957
v 10 6.8692235946655273 -23.62986946105957
v 10 5.7064332962036133 -23.62986946105957
v 10 4.543642520904541 -23.62986946105957
v 10 3.3808517456054688 -23.62986946105957
v 10 2.2180609703063965 -23.62986946105957
v 10 1.0552703142166138 -23.62986946105957
v 10 -0.10752038657665253 -23.62986946105957
v 10 -1.2703111171722412 -23.62986946105957
v 10 -2.4331018924713135 -23.62986946105957
v 10 -3.5958924293518066 -23.62986946105957
v 10 -4.7586832046508789 -23.62986946105957
v 10 -5.9214739799499512 -23.62986946105957
v 10 -7.0842647552490234 -23.62986946105957
v 10 -8.2470550537109375 -23.62986946105957
v 10 -9.409846305847168 -23.62986946105957
v 10 -10.572636604309082 -23.62986946105957
v 10 -11.735426902770996 -23.62986946105957
v 10 -12.898218154907227 -23.62986946105957
v 10 -14.061008453369141 -23.62986946105957
v 10 -15.223799705505371 -23.62986946105957
v 10 -16.386590957641602 -23.62986946105957
v 10 -17.549381256103516 -23.62986946105957
v 10 -18.71217155456543 -23.62986946105957
v 10 -19.874961853027344 -23.62986946105957
v 10 -21.037752151489258 -23.62986946105957
v 10 -22.200544357299805 -23.62986946105957
v 10 -23.363334655761719 -23.62986946105957
v 10 -24.526124954223633 -23.62986946105957
v 10 -25.688915252685547 -23.62986946105957
v 10 -26.851705551147461 -23.62986946105957
v 10 -28.014497756958008 -23.62986946105957
v 10 -29.177288055419922 -23.62986946105957
v 10 -30.340078353881836 -23.62986946105957
v 10 -31.50286865234375 -23.62986946105957
v 10 -32.665660858154297 -23.62986946105957
v 10 -33.828449249267578 -23.62986946105957
v 10 -34.991241455078125 -23.62986946105957
v 10 -36.154033660888672 -23.62986946105957
v 10 -37.316822052001953 -23.62986946105957
v 10 -38.4796142578125 -23.62986946105957
v 10 -39.642402648925781 -23.62986946105957
v 10 -40.805194854736328 -23.62986946105957
v 10 56.837661743164062 -25.415584564208984
v 10 54.7662353515625 -24.058441162109375
v 10 56.837661743164062 -24.058441162109375
v 10 52.694805145263672 -25.415584564208984
v 10 50.623374938964844 -24.058441162109375
v 10 52.694805145263672 -24.058441162109375
v 10 42.337661743164062 -25.415584564208984
v 10 46.480518341064453 -25.415584564208984
v 10 48.551948547363281 -25.415584564208984
v 10 46.480518341064453 -24.058441162109375
v 10 48.551948547363281 -24.058441162109375
v 10 44.409091949462891 -25.415584564208984
v 10 42.337661743164062 -24.058441162109375
v 10 44.409091949462891 -24.058441162109375
v 10 34.051948547363281 -25.415584564208984
v 10 38.194805145263672 -25.415584564208984
v 10 40.2662353515625 -25.415584564208984
v 10 38.194805145263672 -24.058441162109375
v 10 40.2662353515625 -24.058441162109375
v 10 36.123374938964844 -25.415584564208984
v 10 34.051948547363281 -24.058441162109375
v 10 36.123374938964844 -24.058441162109375
v 10 25.766233444213867 -25.415584564208984
v 10 29.909090042114258 -25.415584564208984
v 10 31.980520248413086 -25.415584564208984
v 10 29.909090042114258 -24.058441162109375
v 10 31.980520248413086 -24.058441162109375
v 10 27.837661743164062 -25.415584564208984
v 10 25.766233444213867 -24.058441162109375
v 10 27.837661743164062 -24.058441162109375
v 10 17.480520248413086 -25.415584564208984
v 10 21.623376846313477 -25.415584564208984
v 10 23.694805145263672 -25.415584564208984
v 10 21.623376846313477 -24.058441162109375
v 10 23.694805145263672 -24.058441162109375
v 10 19.551948547363281 -25.415584564208984
v 10 17.480520248413086 -24.058441162109375
v 10 19.551948547363281 -24.058441162109375
v 10 9.1948051452636719 -25.415584564208984
v 10 13.337662696838379 -25.415584564208984
v 10 15.409090995788574 -25.415584564208984
v 10 13.337662696838379 -24.058441162109375
v 10 15.409090995788574 -24.058441162109375
v 10 11.266233444213867 -25.415584564208984
v 10 9.1948051452636719 -24.058441162109375
v 10 11.266233444213867 -24.058441162109375
v 10 0.90909093618392944 -25.415584564208984
v 10 5.051948070526123 -25.415584564208984
v 10 7.1233768463134766 -25.415584564208984
v 10 5.051948070526123 -24.058441162109375
v 10 7.1233768463134766 -24.058441162109375
v 10 2.9805195331573486 -25.415584564208984
v 10 0.90909093618392944 -24.058441162109375
v 10 2.9805195331573486 -24.058441162109375
v 10 -7.3766231536865234 -25.415584564208984
v 10 -3.2337663173675537 -25.415584564208984
v 10 -1.1623376607894897 -25.415584564208984
v 10 -3.2337663173675537 -24.058441162109375
v 10 -1.1623376607894897 -24.058441162109375
v 10 -5.3051948547363281 -25.415584564208984
v 10 -7.3766231536865234 -24.058441162109375
v 10 -5.3051948547363281 -24.058441162109375
v 10 -15.662337303161621 -25.415584564208984
v 10 -11.51948070526123 -25.415584564208984
v 10 -9.4480524063110352 -25.415584564208984
v 10 -11.51948070526123 -24.058441162109375
v 10 -9.4480524063110352 -24.058441162109375
v 10 -13.590909004211426 -25.415584564208984
v 10 -15.662337303161621 -24.058441162109375
v 10 -13.590909004211426 -24.058441162109375
v 10 -23.948051452636719 -25.415584564208984
v 10 -19.805194854736328 -25.415584564208984
v 10 -17.733766555786133 -25.415584564208984
v 10 -19.805194854736328 -24.058441162109375
v 10 -17.733766555786133 -24.058441162109375
v 10 -21.876623153686523 -25.415584564208984
v 10 -23.948051452636719 -24.058441162109375
v 10 -21.876623153686523 -24.058441162109375
v 10 -32.2337646484375 -25.415584564208984
v 10 -28.090909957885742 -25.415584564208984
v 10 -26.019479751586914 -25.415584564208984
v 10 -28.090909957885742 -24.058441162109375
v 10 -26.019479751586914 -24.058441162109375
v 10 -30.162338256835938 -25.415584564208984
v 10 -32.2337646484375 -24.058441162109375
v 10 -30.162338256835938 -24.058441162109375
v 10 -36.376625061035156 -25.415584564208984
v 10 -34.305194854736328 -25.415584564208984
v 10 -36.376625061035156 -24.058441162109375
v 10 -34.305194854736328 -24.058441162109375
v 10 -38.448051452636719 -25.415584564208984
v 10 -40.519481658935547 -24.058441162109375
v 10 -38.448051452636719 -24.058441162109375
v 10 -42.590908050537109 -25.415584564208984
v 10 -44.662338256835938 -24.058441162109375
v 10 -42.590908050537109 -24.058441162109375
v 10 -41.87359619140625 -23.462814331054688
v 10 -42.840011596679688 -22.977592468261719
v 10 -43.612178802490234 -22.220525741577148
v 10 -44.121360778808594 -21.249269485473633
v 10 -44.305194854736328 -20.12986946105957
v 10 -44.305194854736328 -18.976024627685547
v 10 -44.305194854736328 -17.822177886962891
v 10 -44.305194854736328 -16.668331146240234
v 10 -44.305194854736328 -15.514485359191895
v 10 -44.305194854736328 -14.360639572143555
v 10 -44.305194854736328 -13.206792831420898
v 10 -44.305194854736328 -12.052947044372559
v 10 -44.305194854736328 -10.899101257324219
v 10 -44.305194854736328 -9.7452545166015625
v 10 -44.305194854736328 -8.5914087295532227
v 10 -44.305194854736328 -7.4375624656677246
v 10 -44.305194854736328 -6.2837162017822266
v 10 -44.305194854736328 -5.1298699378967285
v 10 -44.305194854736328 -3.9760239124298096
v 10 -44.305194854736328 -2.8221778869628906
v 10 -44.305194854736328 -1.6683316230773926
v 10 -44.305194854736328 -0.51448553800582886
v 10 -44.305194854736328 0.63936066627502441
v 10 -44.305194854736328 1.7932068109512329
v 10 -44.305194854736328 2.9470529556274414
v 10 -44.305194854736328 4.1008992195129395
v 10 -44.305194854736328 5.2547454833984375
v 10 -44.305194854736328 6.4085912704467773
v 10 -44.305194854736328 7.5624375343322754
v 10 -44.305194854736328 8.7162837982177734
v 10 -44.305194854736328 9.8701295852661133
v 10 -44.305194854736328 11.02397632598877
v 10 -44.305194854736328 12.177822113037109
v 10 -44.305194854736328 13.331667900085449
v 10 -44.305194854736328 14.485514640808105
v 10 -44.305194854736328 15.639360427856445
v 10 -44.305194854736328 16.793207168579102
v 10 -44.305194854736328 17.947052001953125
v 10 -44.305194854736328 19.100898742675781
v 10 -44.305194854736328 20.254745483398438
v 10 -44.305194854736328 21.408592224121094
v 10 -44.305194854736328 22.562437057495117
v 10 -44.305194854736328 23.716283798217773
v 10 -44.305194854736328 24.87013053894043
v 10 -44.305194854736328 26.023975372314453
v 10 -44.305194854736328 27.177822113037109
v 10 -44.305194854736328 28.331668853759766
v 10 -44.305194854736328 29.485513687133789
v 10 -44.305194854736328 30.639360427856445
v 10 -44.305194854736328 31.793207168579102
v 10 -44.305194854736328 32.947052001953125
v 10 -44.305194854736328 34.100898742675781
v 10 -44.305194854736328 35.254745483398438
v 10 -44.305194854736328 36.408592224121094
v 10 -44.305194854736328 37.56243896484375
v 10 -44.305194854736328 38.716281890869141
v 0 -19.805194854736328 28.87013053894043
v 0 9.1948051452636719 28.87013053894043
v 0 38.194805145263672 28.87013053894043
v 0 -19.805194854736328 9.8701295852661133
v 0 9.1948051452636719 9.8701295852661133
v 0 38.194805145263672 9.8701295852661133
v 0 -19.805194854736328 -9.1298704147338867
v 0 9.1948051452636719 -9.1298704147338867
v 0 38.194805145263672 -9.1298704147338867
v 0 67.194808959960938 39.870128631591797
v 0 66.546745300292969 43.024333953857422
v 0 65.79119873046875 44.396457672119141
v 0 64.795524597167969 45.582569122314453
v 0 63.589981079101562 46.554618835449219
v 0 62.219741821289062 47.276191711425781
v 0 60.736152648925781 47.720241546630859
v 0 59.194805145263672 47.870128631591797
v 0 52.694805145263672 28.87013053894043
v 0 38.194805145263672 38.370128631591797
v 0 52.694805145263672 38.370128631591797
v 0 59.944805145263672 38.370128631591797
v 0 52.694805145263672 43.120128631591797
v 0 59.944805145263672 43.120128631591797
v 0 63.569805145263672 38.370128631591797
v 0 63.569805145263672 43.120128631591797
v 0 59.944805145263672 40.745128631591797
v 0 63.569805145263672 40.745128631591797
v 0 59.944805145263672 28.87013053894043
v 0 52.694805145263672 33.620128631591797
v 0 59.944805145263672 33.620128631591797
v 0 52.694805145263672 9.8701295852661133
v 0 38.194805145263672 19.37013053894043
v 0 52.694805145263672 19.37013053894043
v 0 59.944805145263672 45.495128631591797
v 0 63.569805145263672 45.495128631591797
v 0 56.319805145263672 43.120128631591797
v 0 52.694805145263672 45.495128631591797
v 0 56.319805145263672 45.495128631591797
v 0 45.444805145263672 38.370128631591797
v 0 38.194805145263672 43.120128631591797
v 0 45.444805145263672 43.120128631591797
v 0 23.694805145263672 28.87013053894043
v 0 9.1948051452636719 38.370128631591797
v 0 23.694805145263672 38.370128631591797
v 0 50.103897094726562 47.870128631591797
v 0 45.558441162109375 47.870128631591797
v 0 41.012985229492188 47.870128631591797
v 0 36.467533111572266 47.870128631591797
v 0 31.922077178955078 47.870128631591797
v 0 27.376623153686523 47.870128631591797
v 0 22.831169128417969 47.870128631591797
v 0 18.285715103149414 47.870128631591797
v 0 13.740260124206543 47.870128631591797
v 0 9.1948051452636719 47.870128631591797
v 0 4.649350643157959 47.870128631591797
v 0 0.10389610379934311 47.870128631591797
v 0 -4.4415583610534668 47.870128631591797
v 0 -8.9870128631591797 47.870128631591797
v 0 -13.532467842102051 47.870128631591797
v 0 -18.077922821044922 47.870128631591797
v 0 -22.623376846313477 47.870128631591797
v 0 -27.168830871582031 47.870128631591797
v 0 -31.714284896850586 47.870128631591797
v 0 -36.259738922119141 47.870128631591797
v 0 -40.805194854736328 47.870128631591797
v 0 -5.3051948547363281 28.87013053894043
v 0 -19.805194854736328 38.370128631591797
v 0 -5.3051948547363281 38.370128631591797
v 0 -34.305194854736328 28.87013053894043
v 0 -34.305194854736328 38.370128631591797
v 0 -43.959400177001953 47.222068786621094
v 0 -45.331520080566406 46.466522216796875
v 0 -46.517631530761719 45.470848083496094
v 0 -47.48968505859375 44.265308380126953
v 0 -48.211257934570312 42.895069122314453
v 0 -48.655307769775391 41.411476135253906
v 0 -48.805194854736328 39.870128631591797
v 0 -41.555194854736328 38.370128631591797
v 0 -34.305194854736328 43.120128631591797
v 0 -41.555194854736328 43.120128631591797
v 0 -45.180194854736328 43.120128631591797
v 0 -41.555194854736328 45.495128631591797
v 0 -45.180194854736328 45.495128631591797
v 0 -45.180194854736328 38.370128631591797
v 0 -41.555194854736328 40.745128631591797
v 0 -45.180194854736328 40.745128631591797
v 0 -41.555194854736328 28.87013053894043
v 0 -34.305194854736328 33.620128631591797
v 0 -41.555194854736328 33.620128631591797
v 0 -34.305194854736328 9.8701295852661133
v 0 -19.805194854736328 19.37013053894043
v 0 -34.305194854736328 19.37013053894043
v 0 -48.805194854736328 35.254745483398438
v 0 -48.805194854736328 30.639360427856445
v 0 -48.805194854736328 26.023975372314453
v 0 -48.805194854736328 21.408592224121094
v 0 -48.805194854736328 16.793207168579102
v 0 -48.805194854736328 12.177822113037109
v 0 -48.805194854736328 7.5624375343322754
v 0 -48.805194854736328 2.9470529556274414
v 0 -48.805194854736328 -1.6683316230773926
v 0 -48.805194854736328 -6.2837162017822266
v 0 -48.805194854736328 -10.899101257324219
v 0 -48.805194854736328 -15.514485359191895
v 0 -48.805194854736328 -20.12986946105957
v 0 -34.305194854736328 -9.1298704147338867
v 0 -19.805194854736328 0.37012988328933716
v 0 -34.305194854736328 0.37012988328933716
v 0 -19.805194854736328 -18.62986946105957
v 0 -34.305194854736328 -18.62986946105957
v 0 -48.157131195068359 -23.284074783325195
v 0 -47.401584625244141 -24.656196594238281
v 0 -46.405914306640625 -25.842308044433594
v 0 -45.200370788574219 -26.814361572265625
v 0 -43.830131530761719 -27.535932540893555
v 0 -42.346542358398438 -27.97998046875
v 0 -40.805194854736328 -28.12986946105957
v 0 -34.305194854736328 -23.37986946105957
v 0 -41.555194854736328 -18.62986946105957
v 0 -41.555194854736328 -23.37986946105957
v 0 -45.180194854736328 -23.37986946105957
v 0 -41.555194854736328 -21.00486946105957
v 0 -45.180194854736328 -18.62986946105957
v 0 -45.180194854736328 -21.00486946105957
v 0 -34.305194854736328 -13.879870414733887
v 0 -41.555194854736328 -9.1298704147338867
v 0 -41.555194854736328 -13.879870414733887
v 0 -41.555194854736328 -25.75486946105957
v 0 -45.180194854736328 -25.75486946105957
v 0 -34.305194854736328 -25.75486946105957
v 0 -37.930194854736328 -23.37986946105957
v 0 -37.930194854736328 -25.75486946105957
v 0 -19.805194854736328 -23.37986946105957
v 0 -27.055194854736328 -18.62986946105957
v 0 -27.055194854736328 -23.37986946105957
v 0 9.1948051452636719 -18.62986946105957
v 0 -5.3051948547363281 -9.1298704147338867
v 0 -5.3051948547363281 -18.62986946105957
v 0 -36.259738922119141 -28.12986946105957
v 0 -31.714284896850586 -28.12986946105957
v 0 -27.168830871582031 -28.12986946105957
v 0 -22.623376846313477 -28.12986946105957
v 0 -18.077922821044922 -28.12986946105957
v 0 -13.532467842102051 -28.12986946105957
v 0 -8.9870128631591797 -28.12986946105957
v 0 -4.4415583610534668 -28.12986946105957
v 0 0.10389610379934311 -28.12986946105957
v 0 4.649350643157959 -28.12986946105957
v 0 9.1948051452636719 -28.12986946105957
v 0 13.740260124206543 -28.12986946105957
v 0 18.285715103149414 -28.12986946105957
v 0 22.831169128417969 -28.12986946105957
v 0 27.376623153686523 -28.12986946105957
v 0 31.922077178955078 -28.12986946105957
v 0 36.467533111572266 -28.12986946105957
v 0 41.012985229492188 -28.12986946105957
v 0 45.558441162109375 -28.12986946105957
v 0 50.103897094726562 -28.12986946105957
v 0 54.649349212646484 -28.12986946105957
v 0 59.194805145263672 -28.12986946105957
v 0 38.194805145263672 -18.62986946105957
v 0 23.694805145263672 -9.1298704147338867
v 0 23.694805145263672 -18.62986946105957
v 0 52.694805145263672 -9.1298704147338867
v 0 52.694805145263672 -18.62986946105957
v 0 62.349010467529297 -27.481807708740234
v 0 63.72113037109375 -26.726261138916016
v 0 64.907241821289062 -25.730588912963867
v 0 65.879295349121094 -24.525047302246094
v 0 66.600868225097656 -23.154808044433594
v 0 67.044914245605469 -21.671218872070312
v 0 67.194808959960938 -20.12986946105957
v 0 59.944805145263672 -18.62986946105957
v 0 52.694805145263672 -23.37986946105957
v 0 59.944805145263672 -23.37986946105957
v 0 63.569805145263672 -23.37986946105957
v 0 59.944805145263672 -25.75486946105957
v 0 63.569805145263672 -25.75486946105957
v 0 63.569805145263672 -18.62986946105957
v 0 59.944805145263672 -21.00486946105957
v 0 63.569805145263672 -21.00486946105957
v 0 59.944805145263672 -9.1298704147338867
v 0 52.694805145263672 -13.879870414733887
v 0 59.944805145263672 -13.879870414733887
v 0 38.194805145263672 0.37012988328933716
v 0 52.694805145263672 0.37012988328933716
v 0 67.194808959960938 -15.514485359191895
v 0 67.194808959960938 -10.899101257324219
v 0 67.194808959960938 -6.2837162017822266
v 0 67.194808959960938 -1.6683316230773926
v 0 67.194808959960938 2.9470529556274414
v 0 67.194808959960938 7.5624375343322754
v 0 67.194808959960938 12.177822113037109
v 0 67.194808959960938 16.793207168579102
v 0 67.194808959960938 21.408592224121094
v 0 67.194808959960938 26.023975372314453
v 0 67.194808959960938 30.639360427856445
v 0 67.194808959960938 35.254745483398438
v 8 -40.805194854736328 -30.12986946105957
v 2 -40.805194854736328 -30.12986946105957
v 8 -50.805194854736328 -20.12986946105957
v 2 -50.805194854736328 -20.12986946105957
v 2 -50.703411102294922 -21.553018569946289
v 2 -50.400123596191406 -22.947195053100586
v 2 -49.901515960693359 -24.284019470214844
v 2 -49.217731475830078 -25.536277770996094
v 2 -48.362689971923828 -26.678478240966797
v 2 -47.353801727294922 -27.687366485595703
v 2 -46.211601257324219 -28.54240608215332
v 2 -44.959346771240234 -29.226190567016602
v 2 -43.622520446777344 -29.724800109863281
v 2 -42.228343963623047 -30.028083801269531
v 8 -42.228343963623047 -30.028083801269531
v 8 -43.622520446777344 -29.724800109863281
v 8 -44.959346771240234 -29.226190567016602
v 8 -46.211601257324219 -28.54240608215332
v 8 -47.353801727294922 -27.687366485595703
v 8 -48.362689971923828 -26.678478240966797
v 8 -49.217731475830078 -25.536277770996094
v 8 -49.901515960693359 -24.284019470214844
v 8 -50.400123596191406 -22.947195053100586
v 8 -50.703411102294922 -21.553018569946289
v 8 -50.805194854736328 39.870128631591797
v 2 -50.805194854736328 39.870128631591797
v 8 -40.805194854736328 49.870128631591797
v 2 -40.805194854736328 49.870128631591797
v 2 -42.228343963623047 49.768344879150391
v 2 -43.622520446777344 49.465061187744141
v 2 -44.959346771240234 48.966449737548828
v 2 -46.211601257324219 48.282665252685547
v 2 -47.353801727294922 47.427623748779297
v 2 -48.362689971923828 46.418735504150391
v 2 -49.217731475830078 45.276538848876953
v 2 -49.901515960693359 44.024280548095703
v 2 -50.400123596191406 42.687454223632812
v 2 -50.703411102294922 41.293277740478516
v 8 -50.703411102294922 41.293277740478516
v 8 -50.400123596191406 42.687454223632812
v 8 -49.901515960693359 44.024280548095703
v 8 -49.217731475830078 45.276538848876953
v 8 -48.362689971923828 46.418735504150391
v 8 -47.353801727294922 47.427623748779297
v 8 -46.211601257324219 48.282665252685547
v 8 -44.959346771240234 48.966449737548828
v 8 -43.622520446777344 49.465061187744141
v 8 -42.228343963623047 49.768344879150391
v 8 69.194808959960938 -20.12986946105957
v 2 69.194808959960938 -20.12986946105957
v 8 59.194805145263672 -30.12986946105957
v 2 59.194805145263672 -30.12986946105957
v 2 60.617954254150391 -30.028083801269531
v 2 62.012130737304688 -29.724800109863281
v 2 63.348957061767578 -29.226190567016602
v 2 64.601211547851562 -28.54240608215332
v 2 65.743415832519531 -27.687366485595703
v 2 66.752304077148438 -26.678478240966797
v 2 67.607337951660156 -25.536277770996094
v 2 68.291122436523438 -24.284019470214844
v 2 68.78973388671875 -22.947195053100586
v 2 69.093017578125 -21.553018569946289
v 8 69.093017578125 -21.553018569946289
v 8 68.78973388671875 -22.947195053100586
v 8 68.291122436523438 -24.284019470214844
v 8 67.607337951660156 -25.536277770996094
v 8 66.752304077148438 -26.678478240966797
v 8 65.743415832519531 -27.687366485595703
v 8 64.601211547851562 -28.54240608215332
v 8 63.348957061767578 -29.226190567016602
v 8 62.012130737304688 -29.724800109863281
v 8 60.617954254150391 -30.028083801269531
v 8 59.194805145263672 49.870128631591797
v 2 59.194805145263672 49.870128631591797
v 8 69.194808959960938 39.870128631591797
v 2 69.194808959960938 39.870128631591797
v 2 69.093017578125 41.293277740478516
v 2 68.78973388671875 42.687454223632812
v 2 68.291122436523438 44.024280548095703
v 2 67.607337951660156 45.276538848876953
v 2 66.752304077148438 46.418735504150391
v 2 65.743415832519531 47.427623748779297
v 2 64.601211547851562 48.282665252685547
v 2 63.348957061767578 48.966449737548828
v 2 62.012130737304688 49.465061187744141
v 2 60.617954254150391 49.768344879150391
v 8 60.617954254150391 49.768344879150391
v 8 62.012130737304688 49.465061187744141
v 8 63.348957061767578 48.966449737548828
v 8 64.601211547851562 48.282665252685547
v 8 65.743415832519531 47.427623748779297
v 8 66.752304077148438 46.418735504150391
v 8 67.607337951660156 45.276538848876953
v 8 68.291122436523438 44.024280548095703
v 8 68.78973388671875 42.687454223632812
v 8 69.093017578125 41.293277740478516
v 0 -40.805194854736328 47.870128631591797
v 2 -40.805194854736328 49.870128631591797
v 0.16201548278331757 -42.602439880371094 48.472949981689453
v 0.59982013702392578 -42.733230590820312 49.098995208740234
v 1.2437654733657837 -42.819816589355469 49.513450622558594
v 0 -43.959400177001953 47.222068786621094
v 0.16201548278331757 -44.270305633544922 47.946739196777344
v 0.59982013702392578 -44.522468566894531 48.534488677978516
v 1.2437654733657837 -44.689407348632812 48.923595428466797
v 0 -45.331520080566406 46.466522216796875
v 0.16201548278331757 -45.777675628662109 47.116718292236328
v 0.59982013702392578 -46.139533996582031 47.644065856933594
v 1.2437654733657837 -46.379093170166016 47.993186950683594
v 0 -46.517631530761719 45.470848083496094
v 0.16201548278331757 -47.080699920654297 46.022907257080078
v 0.59982013702392578 -47.537380218505859 46.470653533935547
v 1.2437654733657837 -47.839714050292969 46.767078399658203
v 0 -47.48968505859375 44.265308380126953
v 0.16201548278331757 -48.148567199707031 44.698535919189453
v 0.59982013702392578 -48.682960510253906 45.049907684326172
v 1.2437654733657837 -49.036739349365234 45.282524108886719
v 0 -48.211257934570312 42.895069122314453
v 0.16201548278331757 -48.941265106201172 43.193233489990234
v 0.59982013702392578 -49.533340454101562 43.435062408447266
v 1.2437654733657837 -49.925312042236328 43.595157623291016
v 0 -48.655307769775391 41.411476135253906
v 0.16201548278331757 -49.429080963134766 41.563407897949219
v 0.59982013702392578 -50.056659698486328 41.686630249023438
v 1.2437654733657837 -50.472129821777344 41.768207550048828
v 0 -48.805194854736328 39.870128631591797
v 2 -50.805194854736328 39.870128631591797
v 2 -50.703411102294922 41.293277740478516
v 2 -50.400123596191406 42.687454223632812
v 2 -49.901515960693359 44.024280548095703
v 2 -49.217731475830078 45.276538848876953
v 2 -48.362689971923828 46.418735504150391
v 2 -47.353801727294922 47.427623748779297
v 2 -46.211601257324219 48.282665252685547
v 2 -44.959346771240234 48.966449737548828
v 2 -43.622520446777344 49.465061187744141
v 2 -42.228343963623047 49.768344879150391
v 0.15224093198776245 -49.570560455322266 39.870128631591797
v 0.58578646183013916 -50.219409942626953 39.870128631591797
v 1.2346330881118774 -50.6529541015625 39.870128631591797
v 1.2346330881118774 -40.805194854736328 49.717887878417969
v 0.58578646183013916 -40.805194854736328 49.284343719482422
v 0.15224093198776245 -40.805194854736328 48.635498046875
v 2 59.194805145263672 49.870128631591797
v 2 54.649349212646484 49.870128631591797
v 2 50.103897094726562 49.870128631591797
v 2 45.558441162109375 49.870128631591797
v 2 41.012985229492188 49.870128631591797
v 2 36.467533111572266 49.870128631591797
v 2 31.922077178955078 49.870128631591797
v 2 27.376623153686523 49.870128631591797
v 2 22.831169128417969 49.870128631591797
v 2 18.285715103149414 49.870128631591797
v 2 13.740260124206543 49.870128631591797
v 2 9.1948051452636719 49.870128631591797
v 2 4.649350643157959 49.870128631591797
v 2 0.10389610379934311 49.870128631591797
v 2 -4.4415583610534668 49.870128631591797
v 2 -8.9870128631591797 49.870128631591797
v 2 -13.532467842102051 49.870128631591797
v 2 -18.077922821044922 49.870128631591797
v 2 -22.623376846313477 49.870128631591797
v 2 -27.168830871582031 49.870128631591797
v 2 -31.714284896850586 49.870128631591797
v 2 -36.259738922119141 49.870128631591797
v 2 -40.805194854736328 49.870128631591797
v 1.2114489078521729 54.649349212646484 49.708114624023438
v 1.2114489078521729 50.103897094726562 49.708114624023438
v 1.2114489078521729 45.558441162109375 49.708114624023438
v 1.2114489078521729 41.012985229492188 49.708114624023438
v 1.2114489078521729 36.467533111572266 49.708114624023438
v 1.2114489078521729 31.922077178955078 49.708114624023438
v 1.2114489078521729 27.376623153686523 49.708114624023438
v 1.2114489078521729 22.831169128417969 49.708114624023438
v 1.2114489078521729 18.285715103149414 49.708114624023438
v 1.2114489078521729 13.740260124206543 49.708114624023438
v 1.2114489078521729 9.1948051452636719 49.708114624023438
v 1.2114489078521729 4.649350643157959 49.708114624023438
v 1.2114489078521729 0.10389610379934311 49.708114624023438
v 1.2114489078521729 -4.4415583610534668 49.708114624023438
v 1.2114489078521729 -8.9870128631591797 49.708114624023438
v 1.2114489078521729 -13.532467842102051 49.708114624023438
v 1.2114489078521729 -18.077922821044922 49.708114624023438
v 1.2114489078521729 -22.623376846313477 49.708114624023438
v 1.2114489078521729 -27.168830871582031 49.708114624023438
v 1.2114489078521729 -31.714284896850586 49.708114624023438
v 1.2114489078521729 -36.259738922119141 49.708114624023438
v 0.57189065217971802 54.649349212646484 49.270309448242188
v 0.57189065217971802 50.103897094726562 49.270309448242188
v 0.57189065217971802 45.558441162109375 49.270309448242188
v 0.57189065217971802 41.012985229492188 49.270309448242188
v 0.57189065217971802 36.467533111572266 49.270309448242188
v 0.57189065217971802 31.922077178955078 49.270309448242188
v 0.57189065217971802 27.376623153686523 49.270309448242188
v 0.57189065217971802 22.831169128417969 49.270309448242188
v 0.57189065217971802 18.285715103149414 49.270309448242188
v 0.57189065217971802 13.740260124206543 49.270309448242188
v 0.57189065217971802 9.1948051452636719 49.270309448242188
v 0.57189065217971802 4.649350643157959 49.270309448242188
v 0.57189065217971802 0.10389610379934311 49.270309448242188
v 0.57189065217971802 -4.4415583610534668 49.270309448242188
v 0.57189065217971802 -8.9870128631591797 49.270309448242188
v 0.57189065217971802 -13.532467842102051 49.270309448242188
v 0.57189065217971802 -18.077922821044922 49.270309448242188
v 0.57189065217971802 -22.623376846313477 49.270309448242188
v 0.57189065217971802 -27.168830871582031 49.270309448242188
v 0.57189065217971802 -31.714284896850586 49.270309448242188
v 0.57189065217971802 -36.259738922119141 49.270309448242188
v 0.14848457276821136 54.649349212646484 48.626365661621094
v 0.14848457276821136 50.103897094726562 48.626365661621094
v 0.14848457276821136 45.558441162109375 48.626365661621094
v 0.14848457276821136 41.012985229492188 48.626365661621094
v 0.14848457276821136 36.467533111572266 48.626365661621094
v 0.14848457276821136 31.922077178955078 48.626365661621094
v 0.14848457276821136 27.376623153686523 48.626365661621094
v 0.14848457276821136 22.831169128417969 48.626365661621094
v 0.14848457276821136 18.285715103149414 48.626365661621094
v 0.14848457276821136 13.740260124206543 48.626365661621094
v 0.14848457276821136 9.1948051452636719 48.626365661621094
v 0.14848457276821136 4.649350643157959 48.626365661621094
v 0.14848457276821136 0.10389610379934311 48.626365661621094
v 0.14848457276821136 -4.4415583610534668 48.626365661621094
v 0.14848457276821136 -8.9870128631591797 48.626365661621094
v 0.14848457276821136 -13.532467842102051 48.626365661621094
v 0.14848457276821136 -18.077922821044922 48.626365661621094
v 0.14848457276821136 -22.623376846313477 48.626365661621094
v 0.14848457276821136 -27.168830871582031 48.626365661621094
v 0.14848457276821136 -31.714284896850586 48.626365661621094
v 0.14848457276821136 -36.259738922119141 48.626365661621094
v 0 59.194805145263672 47.870128631591797
v 0 50.103897094726562 47.870128631591797
v 0 45.558441162109375 47.870128631591797
v 0 41.012985229492188 47.870128631591797
v 0 36.467533111572266 47.870128631591797
v 0 31.922077178955078 47.870128631591797
v 0 27.376623153686523 47.870128631591797
v 0 22.831169128417969 47.870128631591797
v 0 18.285715103149414 47.870128631591797
v 0 13.740260124206543 47.870128631591797
v 0 9.1948051452636719 47.870128631591797
v 0 4.649350643157959 47.870128631591797
v 0 0.10389610379934311 47.870128631591797
v 0 -4.4415583610534668 47.870128631591797
v 0 -8.9870128631591797 47.870128631591797
v 0 -13.532467842102051 47.870128631591797
v 0 -18.077922821044922 47.870128631591797
v 0 -22.623376846313477 47.870128631591797
v 0 -27.168830871582031 47.870128631591797
v 0 -31.714284896850586 47.870128631591797
v 0 -36.259738922119141 47.870128631591797
v 0 -40.805194854736328 47.870128631591797
v 0.15224093198776245 -40.805194854736328 48.635498046875
v 0.58578646183013916 -40.805194854736328 49.284343719482422
v 1.2346330881118774 -40.805194854736328 49.717887878417969
v 0.14848457276821136 -38.532466888427734 48.626365661621094
v 0.037472184747457504 -36.259738922119141 48.255466461181641
v 0.037472184747457504 -38.532466888427734 48.255466461181641
v 0.57189065217971802 -38.532466888427734 49.270309448242188
v 0.32887730002403259 -36.259738922119141 48.968925476074219
v 0.32887730002403259 -38.532466888427734 48.968925476074219
v 1.2114489078521729 -38.532466888427734 49.708114624023438
v 0.87025922536849976 -36.259738922119141 49.520488739013672
v 0.87025922536849976 -38.532466888427734 49.520488739013672
v 1.5974885225296021 -36.259738922119141 49.829208374023438
v 1.5974885225296021 -38.532466888427734 49.829208374023438
v 1.2346330881118774 59.194805145263672 49.717887878417969
v 0.58578646183013916 59.194805145263672 49.284343719482422
v 0.15224093198776245 59.194805145263672 48.635498046875
v 1.2114489078521729 56.922077178955078 49.708114624023438
v 1.5974885225296021 54.649349212646484 49.829208374023438
v 1.5974885225296021 56.922077178955078 49.829208374023438
v 0.57189065217971802 56.922077178955078 49.270309448242188
v 0.87025922536849976 54.649349212646484 49.520488739013672
v 0.87025922536849976 56.922077178955078 49.520488739013672
v 0.14848457276821136 56.922077178955078 48.626365661621094
v 0.32887730002403259 54.649349212646484 48.968925476074219
v 0.32887730002403259 56.922077178955078 48.968925476074219
v 0.037472184747457504 54.649349212646484 48.255466461181641
v 0.037472184747457504 56.922077178955078 48.255466461181641
v 2 -50.805194854736328 39.870128631591797
v 2 -50.805194854736328 35.254745483398438
v 2 -50.805194854736328 30.639360427856445
v 2 -50.805194854736328 26.023975372314453
v 2 -50.805194854736328 21.408592224121094
v 2 -50.805194854736328 16.793207168579102
v 2 -50.805194854736328 12.177822113037109
v 2 -50.805194854736328 7.5624375343322754
v 2 -50.805194854736328 2.9470529556274414
v 2 -50.805194854736328 -1.6683316230773926
v 2 -50.805194854736328 -6.2837162017822266
v 2 -50.805194854736328 -10.899101257324219
v 2 -50.805194854736328 -15.514485359191895
v 2 -50.805194854736328 -20.12986946105957
v 1.2114489078521729 -50.643180847167969 35.254745483398438
v 1.2114489078521729 -50.643180847167969 30.639360427856445
v 1.2114489078521729 -50.643180847167969 26.023975372314453
v 1.2114489078521729 -50.643180847167969 21.408592224121094
v 1.2114489078521729 -50.643180847167969 16.793207168579102
v 1.2114489078521729 -50.643180847167969 12.177822113037109
v 1.2114489078521729 -50.643180847167969 7.5624375343322754
v 1.2114489078521729 -50.643180847167969 2.9470529556274414
v 1.2114489078521729 -50.643180847167969 -1.6683316230773926
v 1.2114489078521729 -50.643180847167969 -6.2837162017822266
v 1.2114489078521729 -50.643180847167969 -10.899101257324219
v 1.2114489078521729 -50.643180847167969 -15.514485359191895
v 0.57189065217971802 -50.205375671386719 35.254745483398438
v 0.57189065217971802 -50.205375671386719 30.639360427856445
v 0.57189065217971802 -50.205375671386719 26.023975372314453
v 0.57189065217971802 -50.205375671386719 21.408592224121094
v 0.57189065217971802 -50.205375671386719 16.793207168579102
v 0.57189065217971802 -50.205375671386719 12.177822113037109
v 0.57189065217971802 -50.205375671386719 7.5624375343322754
v 0.57189065217971802 -50.205375671386719 2.9470529556274414
v 0.57189065217971802 -50.205375671386719 -1.6683316230773926
v 0.57189065217971802 -50.205375671386719 -6.2837162017822266
v 0.57189065217971802 -50.205375671386719 -10.899101257324219
v 0.57189065217971802 -50.205375671386719 -15.514485359191895
v 0.14848457276821136 -49.561428070068359 35.254745483398438
v 0.14848457276821136 -49.561428070068359 30.639360427856445
v 0.14848457276821136 -49.561428070068359 26.023975372314453
v 0.14848457276821136 -49.561428070068359 21.408592224121094
v 0.14848457276821136 -49.561428070068359 16.793207168579102
v 0.14848457276821136 -49.561428070068359 12.177822113037109
v 0.14848457276821136 -49.561428070068359 7.5624375343322754
v 0.14848457276821136 -49.561428070068359 2.9470529556274414
v 0.14848457276821136 -49.561428070068359 -1.6683316230773926
v 0.14848457276821136 -49.561428070068359 -6.2837162017822266
v 0.14848457276821136 -49.561428070068359 -10.899101257324219
v 0.14848457276821136 -49.561428070068359 -15.514485359191895
v 0 -48.805194854736328 39.870128631591797
v 0 -48.805194854736328 35.254745483398438
v 0 -48.805194854736328 30.639360427856445
v 0 -48.805194854736328 26.023975372314453
v 0 -48.805194854736328 21.408592224121094
v 0 -48.805194854736328 16.793207168579102
v 0 -48.805194854736328 12.177822113037109
v 0 -48.805194854736328 7.5624375343322754
v 0 -48.805194854736328 2.9470529556274414
v 0 -48.805194854736328 -1.6683316230773926
v 0 -48.805194854736328 -6.2837162017822266
v 0 -48.805194854736328 -10.899101257324219
v 0 -48.805194854736328 -15.514485359191895
v 0 -48.805194854736328 -20.12986946105957
v 1.2346330881118774 -50.6529541015625 39.870128631591797
v 0.58578646183013916 -50.219409942626953 39.870128631591797
v 0.15224093198776245 -49.570560455322266 39.870128631591797
v 1.2114489078521729 -50.643180847167969 37.56243896484375
v 1.5974885225296021 -50.764270782470703 35.254745483398438
v 1.5974885225296021 -50.764270782470703 37.56243896484375
v 0.57189065217971802 -50.205375671386719 37.56243896484375
v 0.87025922536849976 -50.455554962158203 35.254745483398438
v 0.87025922536849976 -50.455554962158203 37.56243896484375
v 0.14848457276821136 -49.561428070068359 37.56243896484375
v 0.32887730002403259 -49.903987884521484 35.254745483398438
v 0.32887730002403259 -49.903987884521484 37.56243896484375
v 0.037472184747457504 -49.190532684326172 35.254745483398438
v 0.037472184747457504 -49.190532684326172 37.56243896484375
v 0.15224093198776245 -49.570560455322266 -20.12986946105957
v 0.58578646183013916 -50.219409942626953 -20.12986946105957
v 1.2346330881118774 -50.6529541015625 -20.12986946105957
v 0.14848457276821136 -49.561428070068359 -17.822177886962891
v 0.037472184747457504 -49.190532684326172 -15.514485359191895
v 0.037472184747457504 -49.190532684326172 -17.822177886962891
v 0.57189065217971802 -50.205375671386719 -17.822177886962891
v 0.32887730002403259 -49.903987884521484 -15.514485359191895
v 0.32887730002403259 -49.903987884521484 -17.822177886962891
v 1.2114489078521729 -50.643180847167969 -17.822177886962891
v 0.87025922536849976 -50.455554962158203 -15.514485359191895
v 0.87025922536849976 -50.455554962158203 -17.822177886962891
v 1.5974885225296021 -50.764270782470703 -15.514485359191895
v 1.5974885225296021 -50.764270782470703 -17.822177886962891
v 0 67.194808959960938 39.870128631591797
v 2 69.194808959960938 39.870128631591797
v 0.16201548278331757 67.797630310058594 41.667377471923828
v 0.59982013702392578 68.423667907714844 41.798164367675781
v 1.2437654733657837 68.838127136230469 41.884750366210938
v 0 66.546745300292969 43.024333953857422
v 0.16201548278331757 67.271415710449219 43.335239410400391
v 0.59982013702392578 67.859161376953125 43.58740234375
v 1.2437654733657837 68.248268127441406 43.754341125488281
v 0 65.79119873046875 44.396457672119141
v 0.16201548278331757 66.441390991210938 44.842613220214844
v 0.59982013702392578 66.968742370605469 45.2044677734375
v 1.2437654733657837 67.317863464355469 45.444026947021484
v 0 64.795524597167969 45.582569122314453
v 0.16201548278331757 65.347579956054688 46.145637512207031
v 0.59982013702392578 65.795326232910156 46.602313995361328
v 1.2437654733657837 66.091751098632812 46.904651641845703
v 0 63.589981079101562 46.554618835449219
v 0.16201548278331757 64.023208618164062 47.213504791259766
v 0.59982013702392578 64.374580383300781 47.747894287109375
v 1.2437654733657837 64.607200622558594 48.101676940917969
v 0 62.219741821289062 47.276191711425781
v 0.16201548278331757 62.517906188964844 48.006198883056641
v 0.59982013702392578 62.759735107421875 48.598274230957031
v 1.2437654733657837 62.919834136962891 48.990245819091797
v 0 60.736152648925781 47.720241546630859
v 0.16201548278331757 60.888080596923828 48.4940185546875
v 0.59982013702392578 61.011302947998047 49.121593475341797
v 1.2437654733657837 61.092880249023438 49.537067413330078
v 0 59.194805145263672 47.870128631591797
v 2 59.194805145263672 49.870128631591797
v 2 60.617954254150391 49.768344879150391
v 2 62.012130737304688 49.465061187744141
v 2 63.348957061767578 48.966449737548828
v 2 64.601211547851562 48.282665252685547
v 2 65.743415832519531 47.427623748779297
v 2 66.752304077148438 46.418735504150391
v 2 67.607337951660156 45.276538848876953
v 2 68.291122436523438 44.024280548095703
v 2 68.78973388671875 42.687454223632812
v 2 69.093017578125 41.293277740478516
v 0.15224093198776245 59.194805145263672 48.635498046875
v 0.58578646183013916 59.194805145263672 49.284343719482422
v 1.2346330881118774 59.194805145263672 49.717887878417969
v 1.2346330881118774 69.042564392089844 39.870128631591797
v 0.58578646183013916 68.609016418457031 39.870128631591797
v 0.15224093198776245 67.960174560546875 39.870128631591797
v 0 -48.805194854736328 -20.12986946105957
v 2 -50.805194854736328 -20.12986946105957
v 0.16201548278331757 -49.408016204833984 -21.927116394042969
v 0.59982013702392578 -50.0340576171875 -22.057905197143555
v 1.2437654733657837 -50.448516845703125 -22.144491195678711
v 0 -48.157131195068359 -23.284074783325195
v 0.16201548278331757 -48.881805419921875 -23.594980239868164
v 0.59982013702392578 -49.469554901123047 -23.847143173217773
v 1.2437654733657837 -49.858661651611328 -24.014081954956055
v 0 -47.401584625244141 -24.656196594238281
v 0.16201548278331757 -48.051784515380859 -25.102352142333984
v 0.59982013702392578 -48.579132080078125 -25.464208602905273
v 1.2437654733657837 -48.928249359130859 -25.703767776489258
v 0 -46.405914306640625 -25.842308044433594
v 0.16201548278331757 -46.957969665527344 -26.405376434326172
v 0.59982013702392578 -47.405719757080078 -26.862056732177734
v 1.2437654733657837 -47.702140808105469 -27.164390563964844
v 0 -45.200370788574219 -26.814361572265625
v 0.16201548278331757 -45.633598327636719 -27.473243713378906
v 0.59982013702392578 -45.984970092773438 -28.007633209228516
v 1.2437654733657837 -46.21759033203125 -28.361415863037109
v 0 -43.830131530761719 -27.535932540893555
v 0.16201548278331757 -44.1282958984375 -28.265939712524414
v 0.59982013702392578 -44.370124816894531 -28.858015060424805
v 1.2437654733657837 -44.530223846435547 -29.24998664855957
v 0 -42.346542358398438 -27.97998046875
v 0.16201548278331757 -42.498470306396484 -28.753757476806641
v 0.59982013702392578 -42.621692657470703 -29.38133430480957
v 1.2437654733657837 -42.703269958496094 -29.796806335449219
v 0 -40.805194854736328 -28.12986946105957
v 2 -40.805194854736328 -30.12986946105957
v 2 -42.228343963623047 -30.028083801269531
v 2 -43.622520446777344 -29.724800109863281
v 2 -44.959346771240234 -29.226190567016602
v 2 -46.211601257324219 -28.54240608215332
v 2 -47.353801727294922 -27.687366485595703
v 2 -48.362689971923828 -26.678478240966797
v 2 -49.217731475830078 -25.536277770996094
v 2 -49.901515960693359 -24.284019470214844
v 2 -50.400123596191406 -22.947195053100586
v 2 -50.703411102294922 -21.553018569946289
v 1.2346330881118774 -50.6529541015625 -20.12986946105957
v 0.58578646183013916 -50.219409942626953 -20.12986946105957
v 0.15224093198776245 -49.570560455322266 -20.12986946105957
v 0.15224093198776245 -40.805194854736328 -28.895236968994141
v 0.58578646183013916 -40.805194854736328 -29.544084548950195
v 1.2346330881118774 -40.805194854736328 -29.977628707885742
v 2 69.194808959960938 -20.12986946105957
v 2 69.194808959960938 -15.514485359191895
v 2 69.194808959960938 -10.899101257324219
v 2 69.194808959960938 -6.2837162017822266
v 2 69.194808959960938 -1.6683316230773926
v 2 69.194808959960938 2.9470529556274414
v 2 69.194808959960938 7.5624375343322754
v 2 69.194808959960938 12.177822113037109
v 2 69.194808959960938 16.793207168579102
v 2 69.194808959960938 21.408592224121094
v 2 69.194808959960938 26.023975372314453
v 2 69.194808959960938 30.639360427856445
v 2 69.194808959960938 35.254745483398438
v 2 69.194808959960938 39.870128631591797
v 1.2114489078521729 69.032791137695312 -15.514485359191895
v 1.2114489078521729 69.032791137695312 -10.899101257324219
v 1.2114489078521729 69.032791137695312 -6.2837162017822266
v 1.2114489078521729 69.032791137695312 -1.6683316230773926
v 1.2114489078521729 69.032791137695312 2.9470529556274414
v 1.2114489078521729 69.032791137695312 7.5624375343322754
v 1.2114489078521729 69.032791137695312 12.177822113037109
v 1.2114489078521729 69.032791137695312 16.793207168579102
v 1.2114489078521729 69.032791137695312 21.408592224121094
v 1.2114489078521729 69.032791137695312 26.023975372314453
v 1.2114489078521729 69.032791137695312 30.639360427856445
v 1.2114489078521729 69.032791137695312 35.254745483398438
v 0.57189065217971802 68.594985961914062 -15.514485359191895
v 0.57189065217971802 68.594985961914062 -10.899101257324219
v 0.57189065217971802 68.594985961914062 -6.2837162017822266
v 0.57189065217971802 68.594985961914062 -1.6683316230773926
v 0.57189065217971802 68.594985961914062 2.9470529556274414
v 0.57189065217971802 68.594985961914062 7.5624375343322754
v 0.57189065217971802 68.594985961914062 12.177822113037109
v 0.57189065217971802 68.594985961914062 16.793207168579102
v 0.57189065217971802 68.594985961914062 21.408592224121094
v 0.57189065217971802 68.594985961914062 26.023975372314453
v 0.57189065217971802 68.594985961914062 30.639360427856445
v 0.57189065217971802 68.594985961914062 35.254745483398438
v 0.14848457276821136 67.951042175292969 -15.514485359191895
v 0.14848457276821136 67.951042175292969 -10.899101257324219
v 0.14848457276821136 67.951042175292969 -6.2837162017822266
v 0.14848457276821136 67.951042175292969 -1.6683316230773926
v 0.14848457276821136 67.951042175292969 2.9470529556274414
v 0.14848457276821136 67.951042175292969 7.5624375343322754
v 0.14848457276821136 67.951042175292969 12.177822113037109
v 0.14848457276821136 67.951042175292969 16.793207168579102
v 0.14848457276821136 67.951042175292969 21.408592224121094
v 0.14848457276821136 67.951042175292969 26.023975372314453
v 0.14848457276821136 67.951042175292969 30.639360427856445
v 0.14848457276821136 67.951042175292969 35.254745483398438
v 0 67.194808959960938 -20.12986946105957
v 0 67.194808959960938 -15.514485359191895
v 0 67.194808959960938 -10.899101257324219
v 0 67.194808959960938 -6.2837162017822266
v 0 67.194808959960938 -1.6683316230773926
v 0 67.194808959960938 2.9470529556274414
v 0 67.194808959960938 7.5624375343322754
v 0 67.194808959960938 12.177822113037109
v 0 67.194808959960938 16.793207168579102
v 0 67.194808959960938 21.408592224121094
v 0 67.194808959960938 26.023975372314453
v 0 67.194808959960938 30.639360427856445
v 0 67.194808959960938 35.254745483398438
v 0 67.194808959960938 39.870128631591797
v 0.15224093198776245 67.960174560546875 39.870128631591797
v 0.58578646183013916 68.609016418457031 39.870128631591797
v 1.2346330881118774 69.042564392089844 39.870128631591797
v 0.14848457276821136 67.951042175292969 37.56243896484375
v 0.037472184747457504 67.58013916015625 35.254745483398438
v 0.037472184747457504 67.58013916015625 37.56243896484375
v 0.57189065217971802 68.594985961914062 37.56243896484375
v 0.32887730002403259 68.293601989746094 35.254745483398438
v 0.32887730002403259 68.293601989746094 37.56243896484375
v 1.2114489078521729 69.032791137695312 37.56243896484375
v 0.87025922536849976 68.845161437988281 35.254745483398438
v 0.87025922536849976 68.845161437988281 37.56243896484375
v 1.5974885225296021 69.153884887695312 35.254745483398438
v 1.5974885225296021 69.153884887695312 37.56243896484375
v 1.2346330881118774 69.042564392089844 -20.12986946105957
v 0.58578646183013916 68.609016418457031 -20.12986946105957
v 0.15224093198776245 67.960174560546875 -20.12986946105957
v 1.2114489078521729 69.032791137695312 -17.822177886962891
v 1.5974885225296021 69.153884887695312 -15.514485359191895
v 1.5974885225296021 69.153884887695312 -17.822177886962891
v 0.57189065217971802 68.594985961914062 -17.822177886962891
v 0.87025922536849976 68.845161437988281 -15.514485359191895
v 0.87025922536849976 68.845161437988281 -17.822177886962891
v 0.14848457276821136 67.951042175292969 -17.822177886962891
v 0.32887730002403259 68.293601989746094 -15.514485359191895
v 0.32887730002403259 68.293601989746094 -17.822177886962891
v 0.037472184747457504 67.58013916015625 -15.514485359191895
v 0.037472184747457504 67.58013916015625 -17.822177886962891
v 2 -40.805194854736328 -30.12986946105957
v 2 -36.259738922119141 -30.12986946105957
v 2 -31.714284896850586 -30.12986946105957
v 2 -27.168830871582031 -30.12986946105957
v 2 -22.623376846313477 -30.12986946105957
v 2 -18.077922821044922 -30.12986946105957
v 2 -13.532467842102051 -30.12986946105957
v 2 -8.9870128631591797 -30.12986946105957
v 2 -4.4415583610534668 -30.12986946105957
v 2 0.10389610379934311 -30.12986946105957
v 2 4.649350643157959 -30.12986946105957
v 2 9.1948051452636719 -30.12986946105957
v 2 13.740260124206543 -30.12986946105957
v 2 18.285715103149414 -30.12986946105957
v 2 22.831169128417969 -30.12986946105957
v 2 27.376623153686523 -30.12986946105957
v 2 31.922077178955078 -30.12986946105957
v 2 36.467533111572266 -30.12986946105957
v 2 41.012985229492188 -30.12986946105957
v 2 45.558441162109375 -30.12986946105957
v 2 50.103897094726562 -30.12986946105957
v 2 54.649349212646484 -30.12986946105957
v 2 59.194805145263672 -30.12986946105957
v 1.2114489078521729 -36.259738922119141 -29.967855453491211
v 1.2114489078521729 -31.714284896850586 -29.967855453491211
v 1.2114489078521729 -27.168830871582031 -29.967855453491211
v 1.2114489078521729 -22.623376846313477 -29.967855453491211
v 1.2114489078521729 -18.077922821044922 -29.967855453491211
v 1.2114489078521729 -13.532467842102051 -29.967855453491211
v 1.2114489078521729 -8.9870128631591797 -29.967855453491211
v 1.2114489078521729 -4.4415583610534668 -29.967855453491211
v 1.2114489078521729 0.10389610379934311 -29.967855453491211
v 1.2114489078521729 4.649350643157959 -29.967855453491211
v 1.2114489078521729 9.1948051452636719 -29.967855453491211
v 1.2114489078521729 13.740260124206543 -29.967855453491211
v 1.2114489078521729 18.285715103149414 -29.967855453491211
v 1.2114489078521729 22.831169128417969 -29.967855453491211
v 1.2114489078521729 27.376623153686523 -29.967855453491211
v 1.2114489078521729 31.922077178955078 -29.967855453491211
v 1.2114489078521729 36.467533111572266 -29.967855453491211
v 1.2114489078521729 41.012985229492188 -29.967855453491211
v 1.2114489078521729 45.558441162109375 -29.967855453491211
v 1.2114489078521729 50.103897094726562 -29.967855453491211
v 1.2114489078521729 54.649349212646484 -29.967855453491211
v 0.57189065217971802 -36.259738922119141 -29.530050277709961
v 0.57189065217971802 -31.714284896850586 -29.530050277709961
v 0.57189065217971802 -27.168830871582031 -29.530050277709961
v 0.57189065217971802 -22.623376846313477 -29.530050277709961
v 0.57189065217971802 -18.077922821044922 -29.530050277709961
v 0.57189065217971802 -13.532467842102051 -29.530050277709961
v 0.57189065217971802 -8.9870128631591797 -29.530050277709961
v 0.57189065217971802 -4.4415583610534668 -29.530050277709961
v 0.57189065217971802 0.10389610379934311 -29.530050277709961
v 0.57189065217971802 4.649350643157959 -29.530050277709961
v 0.57189065217971802 9.1948051452636719 -29.530050277709961
v 0.57189065217971802 13.740260124206543 -29.530050277709961
v 0.57189065217971802 18.285715103149414 -29.530050277709961
v 0.57189065217971802 22.831169128417969 -29.530050277709961
v 0.57189065217971802 27.376623153686523 -29.530050277709961
v 0.57189065217971802 31.922077178955078 -29.530050277709961
v 0.57189065217971802 36.467533111572266 -29.530050277709961
v 0.57189065217971802 41.012985229492188 -29.530050277709961
v 0.57189065217971802 45.558441162109375 -29.530050277709961
v 0.57189065217971802 50.103897094726562 -29.530050277709961
v 0.57189065217971802 54.649349212646484 -29.530050277709961
v 0.14848457276821136 -36.259738922119141 -28.886104583740234
v 0.14848457276821136 -31.714284896850586 -28.886104583740234
v 0.14848457276821136 -27.168830871582031 -28.886104583740234
v 0.14848457276821136 -22.623376846313477 -28.886104583740234
v 0.14848457276821136 -18.077922821044922 -28.886104583740234
v 0.14848457276821136 -13.532467842102051 -28.886104583740234
v 0.14848457276821136 -8.9870128631591797 -28.886104583740234
v 0.14848457276821136 -4.4415583610534668 -28.886104583740234
v 0.14848457276821136 0.10389610379934311 -28.886104583740234
v 0.14848457276821136 4.649350643157959 -28.886104583740234
v 0.14848457276821136 9.1948051452636719 -28.886104583740234
v 0.14848457276821136 13.740260124206543 -28.886104583740234
v 0.14848457276821136 18.285715103149414 -28.886104583740234
v 0.14848457276821136 22.831169128417969 -28.886104583740234
v 0.14848457276821136 27.376623153686523 -28.886104583740234
v 0.14848457276821136 31.922077178955078 -28.886104583740234
v 0.14848457276821136 36.467533111572266 -28.886104583740234
v 0.14848457276821136 41.012985229492188 -28.886104583740234
v 0.14848457276821136 45.558441162109375 -28.886104583740234
v 0.14848457276821136 50.103897094726562 -28.886104583740234
v 0.14848457276821136 54.649349212646484 -28.886104583740234
v 0 -40.805194854736328 -28.12986946105957
v 0 -36.259738922119141 -28.12986946105957
v 0 -31.714284896850586 -28.12986946105957
v 0 -27.168830871582031 -28.12986946105957
v 0 -22.623376846313477 -28.12986946105957
v 0 -18.077922821044922 -28.12986946105957
v 0 -13.532467842102051 -28.12986946105957
v 0 -8.9870128631591797 -28.12986946105957
v 0 -4.4415583610534668 -28.12986946105957
v 0 0.10389610379934311 -28.12986946105957
v 0 4.649350643157959 -28.12986946105957
v 0 9.1948051452636719 -28.12986946105957
v 0 13.740260124206543 -28.12986946105957
v 0 18.285715103149414 -28.12986946105957
v 0 22.831169128417969 -28.12986946105957
v 0 27.376623153686523 -28.12986946105957
v 0 31.922077178955078 -28.12986946105957
v 0 36.467533111572266 -28.12986946105957
v 0 41.012985229492188 -28.12986946105957
v 0 45.558441162109375 -28.12986946105957
v 0 50.103897094726562 -28.12986946105957
v 0 54.649349212646484 -28.12986946105957
v 0 59.194805145263672 -28.12986946105957
v 1.2346330881118774 -40.805194854736328 -29.977628707885742
v 0.58578646183013916 -40.805194854736328 -29.544084548950195
v 0.15224093198776245 -40.805194854736328 -28.895236968994141
v 1.2114489078521729 -38.532466888427734 -29.967855453491211
v 1.5974885225296021 -36.259738922119141 -30.088947296142578
v 1.5974885225296021 -38.532466888427734 -30.088947296142578
v 0.57189065217971802 -38.532466888427734 -29.530050277709961
v 0.87025922536849976 -36.259738922119141 -29.780229568481445
v 0.87025922536849976 -38.532466888427734 -29.780229568481445
v 0.14848457276821136 -38.532466888427734 -28.886104583740234
v 0.32887730002403259 -36.259738922119141 -29.228664398193359
v 0.32887730002403259 -38.532466888427734 -29.228664398193359
v 0.037472184747457504 -36.259738922119141 -28.515207290649414
v 0.037472184747457504 -38.532466888427734 -28.515207290649414
v 0.15224093198776245 59.194805145263672 -28.895236968994141
v 0.58578646183013916 59.194805145263672 -29.544084548950195
v 1.2346330881118774 59.194805145263672 -29.977628707885742
v 0.14848457276821136 56.922077178955078 -28.886104583740234
v 0.037472184747457504 54.649349212646484 -28.515207290649414
v 0.037472184747457504 56.922077178955078 -28.515207290649414
v 0.57189065217971802 56.922077178955078 -29.530050277709961
v 0.32887730002403259 54.649349212646484 -29.228664398193359
v 0.32887730002403259 56.922077178955078 -29.228664398193359
v 1.2114489078521729 56.922077178955078 -29.967855453491211
v 0.87025922536849976 54.649349212646484 -29.780229568481445
v 0.87025922536849976 56.922077178955078 -29.780229568481445
v 1.5974885225296021 54.649349212646484 -30.088947296142578
v 1.5974885225296021 56.922077178955078 -30.088947296142578
v 0 59.194805145263672 -28.12986946105957
v 2 59.194805145263672 -30.12986946105957
v 0.16201548278331757 60.992050170898438 -28.732690811157227
v 0.59982013702392578 61.122840881347656 -29.358734130859375
v 1.2437654733657837 61.209426879882812 -29.773191452026367
v 0 62.349010467529297 -27.481807708740234
v 0.16201548278331757 62.659915924072266 -28.206480026245117
v 0.59982013702392578 62.912078857421875 -28.794229507446289
v 1.2437654733657837 63.079017639160156 -29.18333625793457
v 0 63.72113037109375 -26.726261138916016
v 0.16201548278331757 64.167289733886719 -27.376459121704102
v 0.59982013702392578 64.529144287109375 -27.903806686401367
v 1.2437654733657837 64.768699645996094 -28.252925872802734
v 0 64.907241821289062 -25.730588912963867
v 0.16201548278331757 65.470314025878906 -26.282646179199219
v 0.59982013702392578 65.926994323730469 -26.73039436340332
v 1.2437654733657837 66.229324340820312 -27.026817321777344
v 0 65.879295349121094 -24.525047302246094
v 0.16201548278331757 66.538177490234375 -24.958274841308594
v 0.59982013702392578 67.07257080078125 -25.309646606445312
v 1.2437654733657837 67.426353454589844 -25.542264938354492
v 0 66.600868225097656 -23.154808044433594
v 0.16201548278331757 67.33087158203125 -23.452972412109375
v 0.59982013702392578 67.922950744628906 -23.694801330566406
v 1.2437654733657837 68.314918518066406 -23.854898452758789
v 0 67.044914245605469 -21.671218872070312
v 0.16201548278331757 67.818695068359375 -21.823146820068359
v 0.59982013702392578 68.446266174316406 -21.946369171142578
v 1.2437654733657837 68.861740112304688 -22.027946472167969
v 0 67.194808959960938 -20.12986946105957
v 2 69.194808959960938 -20.12986946105957
v 2 69.093017578125 -21.553018569946289
v 2 68.78973388671875 -22.947195053100586
v 2 68.291122436523438 -24.284019470214844
v 2 67.607337951660156 -25.536277770996094
v 2 66.752304077148438 -26.678478240966797
v 2 65.743415832519531 -27.687366485595703
v 2 64.601211547851562 -28.54240608215332
v 2 63.348957061767578 -29.226190567016602
v 2 62.012130737304688 -29.724800109863281
v 2 60.617954254150391 -30.028083801269531
v 0.15224093198776245 67.960174560546875 -20.12986946105957
v 0.58578646183013916 68.609016418457031 -20.12986946105957
v 1.2346330881118774 69.042564392089844 -20.12986946105957
v 1.2346330881118774 59.194805145263672 -29.977628707885742
v 0.58578646183013916 59.194805145263672 -29.544084548950195
v 0.15224093198776245 59.194805145263672 -28.895236968994141
v 8 59.194805145263672 -30.12986946105957
v 10 59.194805145263672 -28.12986946105957
v 8.7885513305664062 61.206661224365234 -29.759946823120117
v 9.4281091690063477 61.117130279541016 -29.331394195556641
v 9.8515157699584961 60.985443115234375 -28.701057434082031
v 10 60.830795288085938 -27.960805892944336
v 8.7885513305664062 63.073680877685547 -29.170902252197266
v 9.4281091690063477 62.901065826416016 -28.768562316894531
v 9.8515157699584961 62.647174835205078 -28.176782608032227
v 10 62.349010467529297 -27.481807708740234
v 8.7885513305664062 64.76104736328125 -28.241767883300781
v 9.4281091690063477 64.513343811035156 -27.880777359008789
v 9.8515157699584961 64.149002075195312 -27.349813461303711
v 10 63.72113037109375 -26.726261138916016
v 8.7885513305664062 66.21966552734375 -27.017343521118164
v 9.4281091690063477 65.907051086425781 -26.710842132568359
v 9.8515157699584961 65.447235107421875 -26.260021209716797
v 10 64.907241821289062 -25.730588912963867
v 8.7885513305664062 67.415046691894531 -25.534830093383789
v 9.4281091690063477 67.049232482910156 -25.294301986694336
v 9.8515157699584961 66.511177062988281 -24.940521240234375
v 10 65.879295349121094 -24.525047302246094
v 8.7885513305664062 68.302398681640625 -23.849781036376953
v 9.4281091690063477 67.8970947265625 -23.684240341186523
v 9.8515157699584961 67.300956726074219 -23.440753936767578
v 10 66.600868225097656 -23.154808044433594
v 8.7885513305664062 68.848464965820312 -22.025339126586914
v 9.4281091690063477 68.418861389160156 -21.940988540649414
v 9.8515157699584961 67.786979675292969 -21.816921234130859
v 8 69.194808959960938 -20.12986946105957
v 10 67.194808959960938 -20.12986946105957
v 8 60.617954254150391 -30.028083801269531
v 8 62.012130737304688 -29.724800109863281
v 8 63.348957061767578 -29.226190567016602
v 8 64.601211547851562 -28.54240608215332
v 8 65.743415832519531 -27.687366485595703
v 8 66.752304077148438 -26.678478240966797
v 8 67.607337951660156 -25.536277770996094
v 8 68.291122436523438 -24.284019470214844
v 8 68.78973388671875 -22.947195053100586
v 8 69.093017578125 -21.553018569946289
v 9.8477592468261719 59.194805145263672 -28.895236968994141
v 9.4142131805419922 59.194805145263672 -29.544084548950195
v 8.7653665542602539 59.194805145263672 -29.977628707885742
v 8.7653665542602539 69.042564392089844 -20.12986946105957
v 9.4142131805419922 68.609016418457031 -20.12986946105957
v 9.8477592468261719 67.960174560546875 -20.12986946105957
v 8 69.194808959960938 39.870128631591797
v 8 69.194808959960938 35.254745483398438
v 8 69.194808959960938 30.639360427856445
v 8 69.194808959960938 26.023975372314453
v 8 69.194808959960938 21.408592224121094
v 8 69.194808959960938 16.793207168579102
v 8 69.194808959960938 12.177822113037109
v 8 69.194808959960938 7.5624375343322754
v 8 69.194808959960938 2.9470529556274414
v 8 69.194808959960938 -1.6683316230773926
v 8 69.194808959960938 -6.2837162017822266
v 8 69.194808959960938 -10.899101257324219
v 8 69.194808959960938 -20.12986946105957
v 8.7885513305664062 69.032791137695312 35.254745483398438
v 8.7885513305664062 69.032791137695312 30.639360427856445
v 8.7885513305664062 69.032791137695312 26.023975372314453
v 8.7885513305664062 69.032791137695312 21.408592224121094
v 8.7885513305664062 69.032791137695312 16.793207168579102
v 8.7885513305664062 69.032791137695312 12.177822113037109
v 8.7885513305664062 69.032791137695312 7.5624375343322754
v 8.7885513305664062 69.032791137695312 2.9470529556274414
v 8.7885513305664062 69.032791137695312 -1.6683316230773926
v 8.7885513305664062 69.032791137695312 -6.2837162017822266
v 8.7885513305664062 69.032791137695312 -10.899101257324219
v 8.7885513305664062 69.032791137695312 -15.514485359191895
v 9.4281091690063477 68.594985961914062 35.254745483398438
v 9.4281091690063477 68.594985961914062 30.639360427856445
v 9.4281091690063477 68.594985961914062 26.023975372314453
v 9.4281091690063477 68.594985961914062 21.408592224121094
v 9.4281091690063477 68.594985961914062 16.793207168579102
v 9.4281091690063477 68.594985961914062 12.177822113037109
v 9.4281091690063477 68.594985961914062 7.5624375343322754
v 9.4281091690063477 68.594985961914062 2.9470529556274414
v 9.4281091690063477 68.594985961914062 -1.6683316230773926
v 9.4281091690063477 68.594985961914062 -6.2837162017822266
v 9.4281091690063477 68.594985961914062 -10.899101257324219
v 9.4281091690063477 68.594985961914062 -15.514485359191895
v 9.8515157699584961 67.951042175292969 35.254745483398438
v 9.8515157699584961 67.951042175292969 30.639360427856445
v 9.8515157699584961 67.951042175292969 26.023975372314453
v 9.8515157699584961 67.951042175292969 21.408592224121094
v 9.8515157699584961 67.951042175292969 16.793207168579102
v 9.8515157699584961 67.951042175292969 12.177822113037109
v 9.8515157699584961 67.951042175292969 7.5624375343322754
v 9.8515157699584961 67.951042175292969 2.9470529556274414
v 9.8515157699584961 67.951042175292969 -1.6683316230773926
v 9.8515157699584961 67.951042175292969 -6.2837162017822266
v 9.8515157699584961 67.951042175292969 -10.899101257324219
v 9.8515157699584961 67.951042175292969 -15.514485359191895
v 10 67.194808959960938 39.870128631591797
v 10 67.194808959960938 35.254745483398438
v 10 67.194808959960938 30.639360427856445
v 10 67.194808959960938 26.023975372314453
v 10 67.194808959960938 21.408592224121094
v 10 67.194808959960938 16.793207168579102
v 10 67.194808959960938 12.177822113037109
v 10 67.194808959960938 7.5624375343322754
v 10 67.194808959960938 2.9470529556274414
v 10 67.194808959960938 -1.6683316230773926
v 10 67.194808959960938 -6.2837162017822266
v 10 67.194808959960938 -10.899101257324219
v 10 67.194808959960938 -15.514485359191895
v 10 67.194808959960938 -20.12986946105957
v 9.8477592468261719 67.960174560546875 -20.12986946105957
v 9.4142131805419922 68.609016418457031 -20.12986946105957
v 8.7653665542602539 69.042564392089844 -20.12986946105957
v 9.8515157699584961 67.951042175292969 -17.822177886962891
v 9.9625282287597656 67.58013916015625 -15.514485359191895
v 9.9625282287597656 67.58013916015625 -17.822177886962891
v 9.4281091690063477 68.594985961914062 -17.822177886962891
v 9.6711225509643555 68.293601989746094 -15.514485359191895
v 9.6711225509643555 68.293601989746094 -17.822177886962891
v 8.7885513305664062 69.032791137695312 -17.822177886962891
v 9.1297407150268555 68.845161437988281 -15.514485359191895
v 9.1297407150268555 68.845161437988281 -17.822177886962891
v 8.4025115966796875 69.153884887695312 -15.514485359191895
v 8.4025115966796875 69.153884887695312 -17.822177886962891
v 8.7653665542602539 69.042564392089844 39.870128631591797
v 9.4142131805419922 68.609016418457031 39.870128631591797
v 9.8477592468261719 67.960174560546875 39.870128631591797
v 8.7885513305664062 69.032791137695312 37.56243896484375
v 8.4025115966796875 69.153884887695312 35.254745483398438
v 8.4025115966796875 69.153884887695312 37.56243896484375
v 9.4281091690063477 68.594985961914062 37.56243896484375
v 9.1297407150268555 68.845161437988281 35.254745483398438
v 9.1297407150268555 68.845161437988281 37.56243896484375
v 9.8515157699584961 67.951042175292969 37.56243896484375
v 9.6711225509643555 68.293601989746094 35.254745483398438
v 9.6711225509643555 68.293601989746094 37.56243896484375
v 9.9625282287597656 67.58013916015625 35.254745483398438
v 9.9625282287597656 67.58013916015625 37.56243896484375
v 8 59.194805145263672 -30.12986946105957
v 8 54.649349212646484 -30.12986946105957
v 8 50.103897094726562 -30.12986946105957
v 8 45.558441162109375 -30.12986946105957
v 8 41.012985229492188 -30.12986946105957
v 8 36.467533111572266 -30.12986946105957
v 8 31.922077178955078 -30.12986946105957
v 8 27.376623153686523 -30.12986946105957
v 8 22.831169128417969 -30.12986946105957
v 8 18.285715103149414 -30.12986946105957
v 8 13.740260124206543 -30.12986946105957
v 8 9.1948051452636719 -30.12986946105957
v 8 4.649350643157959 -30.12986946105957
v 8 0.10389610379934311 -30.12986946105957
v 8 -4.4415583610534668 -30.12986946105957
v 8 -8.9870128631591797 -30.12986946105957
v 8 -13.532467842102051 -30.12986946105957
v 8 -18.077922821044922 -30.12986946105957
v 8 -22.623376846313477 -30.12986946105957
v 8 -27.168830871582031 -30.12986946105957
v 8 -31.714284896850586 -30.12986946105957
v 8 -36.259738922119141 -30.12986946105957
v 8 -40.805194854736328 -30.12986946105957
v 8.7885513305664062 54.649349212646484 -29.967855453491211
v 8.7885513305664062 50.103897094726562 -29.967855453491211
v 8.7885513305664062 45.558441162109375 -29.967855453491211
v 8.7885513305664062 41.012985229492188 -29.967855453491211
v 8.7885513305664062 36.467533111572266 -29.967855453491211
v 8.7885513305664062 31.922077178955078 -29.967855453491211
v 8.7885513305664062 27.376623153686523 -29.967855453491211
v 8.7885513305664062 22.831169128417969 -29.967855453491211
v 8.7885513305664062 18.285715103149414 -29.967855453491211
v 8.7885513305664062 13.740260124206543 -29.967855453491211
v 8.7885513305664062 9.1948051452636719 -29.967855453491211
v 8.7885513305664062 4.649350643157959 -29.967855453491211
v 8.7885513305664062 0.10389610379934311 -29.967855453491211
v 8.7885513305664062 -4.4415583610534668 -29.967855453491211
v 8.7885513305664062 -8.9870128631591797 -29.967855453491211
v 8.7885513305664062 -13.532467842102051 -29.967855453491211
v 8.7885513305664062 -18.077922821044922 -29.967855453491211
v 8.7885513305664062 -22.623376846313477 -29.967855453491211
v 8.7885513305664062 -27.168830871582031 -29.967855453491211
v 8.7885513305664062 -31.714284896850586 -29.967855453491211
v 8.7885513305664062 -36.259738922119141 -29.967855453491211
v 9.4281091690063477 54.649349212646484 -29.530050277709961
v 9.4281091690063477 50.103897094726562 -29.530050277709961
v 9.4281091690063477 45.558441162109375 -29.530050277709961
v 9.4281091690063477 41.012985229492188 -29.530050277709961
v 9.4281091690063477 36.467533111572266 -29.530050277709961
v 9.4281091690063477 31.922077178955078 -29.530050277709961
v 9.4281091690063477 27.376623153686523 -29.530050277709961
v 9.4281091690063477 22.831169128417969 -29.530050277709961
v 9.4281091690063477 18.285715103149414 -29.530050277709961
v 9.4281091690063477 13.740260124206543 -29.530050277709961
v 9.4281091690063477 9.1948051452636719 -29.530050277709961
v 9.4281091690063477 4.649350643157959 -29.530050277709961
v 9.4281091690063477 0.10389610379934311 -29.530050277709961
v 9.4281091690063477 -4.4415583610534668 -29.530050277709961
v 9.4281091690063477 -8.9870128631591797 -29.530050277709961
v 9.4281091690063477 -13.532467842102051 -29.530050277709961
v 9.4281091690063477 -18.077922821044922 -29.530050277709961
v 9.4281091690063477 -22.623376846313477 -29.530050277709961
v 9.4281091690063477 -27.168830871582031 -29.530050277709961
v 9.4281091690063477 -31.714284896850586 -29.530050277709961
v 9.4281091690063477 -36.259738922119141 -29.530050277709961
v 9.8515157699584961 54.649349212646484 -28.886104583740234
v 9.8515157699584961 50.103897094726562 -28.886104583740234
v 9.8515157699584961 45.558441162109375 -28.886104583740234
v 9.8515157699584961 41.012985229492188 -28.886104583740234
v 9.8515157699584961 36.467533111572266 -28.886104583740234
v 9.8515157699584961 31.922077178955078 -28.886104583740234
v 9.8515157699584961 27.376623153686523 -28.886104583740234
v 9.8515157699584961 22.831169128417969 -28.886104583740234
v 9.8515157699584961 18.285715103149414 -28.886104583740234
v 9.8515157699584961 13.740260124206543 -28.886104583740234
v 9.8515157699584961 9.1948051452636719 -28.886104583740234
v 9.8515157699584961 4.649350643157959 -28.886104583740234
v 9.8515157699584961 0.10389610379934311 -28.886104583740234
v 9.8515157699584961 -4.4415583610534668 -28.886104583740234
v 9.8515157699584961 -8.9870128631591797 -28.886104583740234
v 9.8515157699584961 -13.532467842102051 -28.886104583740234
v 9.8515157699584961 -18.077922821044922 -28.886104583740234
v 9.8515157699584961 -22.623376846313477 -28.886104583740234
v 9.8515157699584961 -27.168830871582031 -28.886104583740234
v 9.8515157699584961 -31.714284896850586 -28.886104583740234
v 9.8515157699584961 -36.259738922119141 -28.886104583740234
v 10 59.194805145263672 -28.12986946105957
v 10 54.649349212646484 -28.12986946105957
v 10 50.103897094726562 -28.12986946105957
v 10 45.558441162109375 -28.12986946105957
v 10 41.012985229492188 -28.12986946105957
v 10 36.467533111572266 -28.12986946105957
v 10 31.922077178955078 -28.12986946105957
v 10 27.376623153686523 -28.12986946105957
v 10 22.831169128417969 -28.12986946105957
v 10 18.285715103149414 -28.12986946105957
v 10 13.740260124206543 -28.12986946105957
v 10 9.1948051452636719 -28.12986946105957
v 10 4.649350643157959 -28.12986946105957
v 10 0.10389610379934311 -28.12986946105957
v 10 -4.4415583610534668 -28.12986946105957
v 10 -8.9870128631591797 -28.12986946105957
v 10 -13.532467842102051 -28.12986946105957
v 10 -18.077922821044922 -28.12986946105957
v 10 -22.623376846313477 -28.12986946105957
v 10 -27.168830871582031 -28.12986946105957
v 10 -31.714284896850586 -28.12986946105957
v 10 -36.259738922119141 -28.12986946105957
v 10 -40.805194854736328 -28.12986946105957
v 8.7653665542602539 59.194805145263672 -29.977628707885742
v 9.4142131805419922 59.194805145263672 -29.544084548950195
v 9.8477592468261719 59.194805145263672 -28.895236968994141
v 8.7885513305664062 56.922077178955078 -29.967855453491211
v 8.4025115966796875 54.649349212646484 -30.088947296142578
v 8.4025115966796875 56.922077178955078 -30.088947296142578
v 9.4281091690063477 56.922077178955078 -29.530050277709961
v 9.1297407150268555 54.649349212646484 -29.780229568481445
v 9.1297407150268555 56.922077178955078 -29.780229568481445
v 9.8515157699584961 56.922077178955078 -28.886104583740234
v 9.6711225509643555 54.649349212646484 -29.228664398193359
v 9.6711225509643555 56.922077178955078 -29.228664398193359
v 9.9625282287597656 54.649349212646484 -28.515207290649414
v 9.9625282287597656 56.922077178955078 -28.515207290649414
v 9.8477592468261719 -40.805194854736328 -28.895236968994141
v 9.4142131805419922 -40.805194854736328 -29.544084548950195
v 8.7653665542602539 -40.805194854736328 -29.977628707885742
v 9.8515157699584961 -38.532466888427734 -28.886104583740234
v 9.9625282287597656 -36.259738922119141 -28.515207290649414
v 9.9625282287597656 -38.532466888427734 -28.515207290649414
v 9.4281091690063477 -38.532466888427734 -29.530050277709961
v 9.6711225509643555 -36.259738922119141 -29.228664398193359
v 9.6711225509643555 -38.532466888427734 -29.228664398193359
v 8.7885513305664062 -38.532466888427734 -29.967855453491211
v 9.1297407150268555 -36.259738922119141 -29.780229568481445
v 9.1297407150268555 -38.532466888427734 -29.780229568481445
v 8.4025115966796875 -36.259738922119141 -30.088947296142578
v 8.4025115966796875 -38.532466888427734 -30.088947296142578
v 8 69.194808959960938 39.870128631591797
v 10 67.194808959960938 39.870128631591797
v 8.7885513305664062 68.824882507324219 41.881984710693359
v 9.4281091690063477 68.396331787109375 41.792453765869141
v 9.8515157699584961 67.7659912109375 41.6607666015625
v 10 67.025741577148438 41.506118774414062
v 8.7885513305664062 68.23583984375 43.749008178710938
v 9.4281091690063477 67.83349609375 43.576389312744141
v 9.8515157699584961 67.241714477539062 43.322498321533203
v 10 66.546745300292969 43.024333953857422
v 8.7885513305664062 67.30670166015625 45.436370849609375
v 9.4281091690063477 66.945709228515625 45.188667297363281
v 9.8515157699584961 66.414749145507812 44.824325561523438
v 10 65.79119873046875 44.396457672119141
v 8.7885513305664062 66.082275390625 46.894989013671875
v 9.4281091690063477 65.775779724121094 46.582370758056641
v 9.8515157699584961 65.324958801269531 46.12255859375
v 10 64.795524597167969 45.582569122314453
v 8.7885513305664062 64.599769592285156 48.090370178222656
v 9.4281091690063477 64.359237670898438 47.724555969238281
v 9.8515157699584961 64.005455017089844 47.186500549316406
v 10 63.589981079101562 46.554618835449219
v 8.7885513305664062 62.914718627929688 48.977718353271484
v 9.4281091690063477 62.749176025390625 48.572418212890625
v 9.8515157699584961 62.505687713623047 47.976280212402344
v 10 62.219741821289062 47.276191711425781
v 8.7885513305664062 61.090274810791016 49.523788452148438
v 9.4281091690063477 61.005924224853516 49.094188690185547
v 9.8515157699584961 60.881855010986328 48.462306976318359
v 8 59.194805145263672 49.870128631591797
v 10 59.194805145263672 47.870128631591797
v 8 69.093017578125 41.293277740478516
v 8 68.78973388671875 42.687454223632812
v 8 68.291122436523438 44.024280548095703
v 8 67.607337951660156 45.276538848876953
v 8 66.752304077148438 46.418735504150391
v 8 65.743415832519531 47.427623748779297
v 8 64.601211547851562 48.282665252685547
v 8 63.348957061767578 48.966449737548828
v 8 62.012130737304688 49.465061187744141
v 8 60.617954254150391 49.768344879150391
v 9.8477592468261719 67.960174560546875 39.870128631591797
v 9.4142131805419922 68.609016418457031 39.870128631591797
v 8.7653665542602539 69.042564392089844 39.870128631591797
v 8.7653665542602539 59.194805145263672 49.717887878417969
v 9.4142131805419922 59.194805145263672 49.284343719482422
v 9.8477592468261719 59.194805145263672 48.635498046875
v 8 -50.805194854736328 -20.12986946105957
v 10 -48.805194854736328 -20.12986946105957
v 8.7885513305664062 -50.435272216796875 -22.1417236328125
v 9.4281091690063477 -50.006717681884766 -22.052194595336914
v 9.8515157699584961 -49.376380920410156 -21.920507431030273
v 10 -48.636131286621094 -21.765859603881836
v 8.7885513305664062 -49.846225738525391 -24.008747100830078
v 9.4281091690063477 -49.443885803222656 -23.836132049560547
v 9.8515157699584961 -48.852108001708984 -23.582239151000977
v 10 -48.157131195068359 -23.284074783325195
v 8.7885513305664062 -48.917091369628906 -25.696111679077148
v 9.4281091690063477 -48.556102752685547 -25.448406219482422
v 9.8515157699584961 -48.025138854980469 -25.084066390991211
v 10 -47.401584625244141 -24.656196594238281
v 8.7885513305664062 -47.692668914794922 -27.154729843139648
v 9.4281091690063477 -47.386165618896484 -26.842113494873047
v 9.8515157699584961 -46.935344696044922 -26.382301330566406
v 10 -46.405914306640625 -25.842308044433594
v 8.7885513305664062 -46.210155487060547 -28.350109100341797
v 9.4281091690063477 -45.969627380371094 -27.984296798706055
v 9.8515157699584961 -45.6158447265625 -27.44624137878418
v 10 -45.200370788574219 -26.814361572265625
v 8.7885513305664062 -44.525108337402344 -29.237461090087891
v 9.4281091690063477 -44.359565734863281 -28.832159042358398
v 9.8515157699584961 -44.116077423095703 -28.236021041870117
v 10 -43.830131530761719 -27.535932540893555
v 8.7885513305664062 -42.700664520263672 -29.783529281616211
v 9.4281091690063477 -42.616313934326172 -29.353927612304688
v 9.8515157699584961 -42.492244720458984 -28.722047805786133
v 8 -40.805194854736328 -30.12986946105957
v 10 -40.805194854736328 -28.12986946105957
v 8 -50.703411102294922 -21.553018569946289
v 8 -50.400123596191406 -22.947195053100586
v 8 -49.901515960693359 -24.284019470214844
v 8 -49.217731475830078 -25.536277770996094
v 8 -48.362689971923828 -26.678478240966797
v 8 -47.353801727294922 -27.687366485595703
v 8 -46.211601257324219 -28.54240608215332
v 8 -44.959346771240234 -29.226190567016602
v 8 -43.622520446777344 -29.724800109863281
v 8 -42.228343963623047 -30.028083801269531
v 8.7653665542602539 -40.805194854736328 -29.977628707885742
v 9.4142131805419922 -40.805194854736328 -29.544084548950195
v 9.8477592468261719 -40.805194854736328 -28.895236968994141
v 9.8477592468261719 -49.570560455322266 -20.12986946105957
v 9.4142131805419922 -50.219409942626953 -20.12986946105957
v 8.7653665542602539 -50.6529541015625 -20.12986946105957
v 8 -40.805194854736328 49.870128631591797
v 8 -36.259738922119141 49.870128631591797
v 8 -31.714284896850586 49.870128631591797
v 8 -27.168830871582031 49.870128631591797
v 8 -22.623376846313477 49.870128631591797
v 8 -18.077922821044922 49.870128631591797
v 8 -13.532467842102051 49.870128631591797
v 8 -8.9870128631591797 49.870128631591797
v 8 -4.4415583610534668 49.870128631591797
v 8 0.10389610379934311 49.870128631591797
v 8 4.649350643157959 49.870128631591797
v 8 9.1948051452636719 49.870128631591797
v 8 13.740260124206543 49.870128631591797
v 8 18.285715103149414 49.870128631591797
v 8 22.831169128417969 49.870128631591797
v 8 27.376623153686523 49.870128631591797
v 8 31.922077178955078 49.870128631591797
v 8 36.467533111572266 49.870128631591797
v 8 41.012985229492188 49.870128631591797
v 8 45.558441162109375 49.870128631591797
v 8 50.103897094726562 49.870128631591797
v 8 54.649349212646484 49.870128631591797
v 8 59.194805145263672 49.870128631591797
v 8.7885513305664062 -36.259738922119141 49.708114624023438
v 8.7885513305664062 -31.714284896850586 49.708114624023438
v 8.7885513305664062 -27.168830871582031 49.708114624023438
v 8.7885513305664062 -22.623376846313477 49.708114624023438
v 8.7885513305664062 -18.077922821044922 49.708114624023438
v 8.7885513305664062 -13.532467842102051 49.708114624023438
v 8.7885513305664062 -8.9870128631591797 49.708114624023438
v 8.7885513305664062 -4.4415583610534668 49.708114624023438
v 8.7885513305664062 0.10389610379934311 49.708114624023438
v 8.7885513305664062 4.649350643157959 49.708114624023438
v 8.7885513305664062 9.1948051452636719 49.708114624023438
v 8.7885513305664062 13.740260124206543 49.708114624023438
v 8.7885513305664062 18.285715103149414 49.708114624023438
v 8.7885513305664062 22.831169128417969 49.708114624023438
v 8.7885513305664062 27.376623153686523 49.708114624023438
v 8.7885513305664062 31.922077178955078 49.708114624023438
v 8.7885513305664062 36.467533111572266 49.708114624023438
v 8.7885513305664062 41.012985229492188 49.708114624023438
v 8.7885513305664062 45.558441162109375 49.708114624023438
v 8.7885513305664062 50.103897094726562 49.708114624023438
v 8.7885513305664062 54.649349212646484 49.708114624023438
v 9.4281091690063477 -36.259738922119141 49.270309448242188
v 9.4281091690063477 -31.714284896850586 49.270309448242188
v 9.4281091690063477 -27.168830871582031 49.270309448242188
v 9.4281091690063477 -22.623376846313477 49.270309448242188
v 9.4281091690063477 -18.077922821044922 49.270309448242188
v 9.4281091690063477 -13.532467842102051 49.270309448242188
v 9.4281091690063477 -8.9870128631591797 49.270309448242188
v 9.4281091690063477 -4.4415583610534668 49.270309448242188
v 9.4281091690063477 0.10389610379934311 49.270309448242188
v 9.4281091690063477 4.649350643157959 49.270309448242188
v 9.4281091690063477 9.1948051452636719 49.270309448242188
v 9.4281091690063477 13.740260124206543 49.270309448242188
v 9.4281091690063477 18.285715103149414 49.270309448242188
v 9.4281091690063477 22.831169128417969 49.270309448242188
v 9.4281091690063477 27.376623153686523 49.270309448242188
v 9.4281091690063477 31.922077178955078 49.270309448242188
v 9.4281091690063477 36.467533111572266 49.270309448242188
v 9.4281091690063477 41.012985229492188 49.270309448242188
v 9.4281091690063477 45.558441162109375 49.270309448242188
v 9.4281091690063477 50.103897094726562 49.270309448242188
v 9.4281091690063477 54.649349212646484 49.270309448242188
v 9.8515157699584961 -36.259738922119141 48.626365661621094
v 9.8515157699584961 -31.714284896850586 48.626365661621094
v 9.8515157699584961 -27.168830871582031 48.626365661621094
v 9.8515157699584961 -22.623376846313477 48.626365661621094
v 9.8515157699584961 -18.077922821044922 48.626365661621094
v 9.8515157699584961 -13.532467842102051 48.626365661621094
v 9.8515157699584961 -8.9870128631591797 48.626365661621094
v 9.8515157699584961 -4.4415583610534668 48.626365661621094
v 9.8515157699584961 0.10389610379934311 48.626365661621094
v 9.8515157699584961 4.649350643157959 48.626365661621094
v 9.8515157699584961 9.1948051452636719 48.626365661621094
v 9.8515157699584961 13.740260124206543 48.626365661621094
v 9.8515157699584961 18.285715103149414 48.626365661621094
v 9.8515157699584961 22.831169128417969 48.626365661621094
v 9.8515157699584961 27.376623153686523 48.626365661621094
v 9.8515157699584961 31.922077178955078 48.626365661621094
v 9.8515157699584961 36.467533111572266 48.626365661621094
v 9.8515157699584961 41.012985229492188 48.626365661621094
v 9.8515157699584961 45.558441162109375 48.626365661621094
v 9.8515157699584961 50.103897094726562 48.626365661621094
v 9.8515157699584961 54.649349212646484 48.626365661621094
v 10 -40.805194854736328 47.870128631591797
v 10 -36.259738922119141 47.870128631591797
v 10 -31.714284896850586 47.870128631591797
v 10 -27.168830871582031 47.870128631591797
v 10 -22.623376846313477 47.870128631591797
v 10 -18.077922821044922 47.870128631591797
v 10 -13.532467842102051 47.870128631591797
v 10 -8.9870128631591797 47.870128631591797
v 10 -4.4415583610534668 47.870128631591797
v 10 0.10389610379934311 47.870128631591797
v 10 4.649350643157959 47.870128631591797
v 10 9.1948051452636719 47.870128631591797
v 10 13.740260124206543 47.870128631591797
v 10 18.285715103149414 47.870128631591797
v 10 22.831169128417969 47.870128631591797
v 10 27.376623153686523 47.870128631591797
v 10 31.922077178955078 47.870128631591797
v 10 36.467533111572266 47.870128631591797
v 10 41.012985229492188 47.870128631591797
v 10 45.558441162109375 47.870128631591797
v 10 50.103897094726562 47.870128631591797
v 10 54.649349212646484 47.870128631591797
v 10 59.194805145263672 47.870128631591797
v 9.8477592468261719 59.194805145263672 48.635498046875
v 9.4142131805419922 59.194805145263672 49.284343719482422
v 8.7653665542602539 59.194805145263672 49.717887878417969
v 9.8515157699584961 56.922077178955078 48.626365661621094
v 9.9625282287597656 54.649349212646484 48.255466461181641
v 9.9625282287597656 56.922077178955078 48.255466461181641
v 9.4281091690063477 56.922077178955078 49.270309448242188
v 9.6711225509643555 54.649349212646484 48.968925476074219
v 9.6711225509643555 56.922077178955078 48.968925476074219
v 8.7885513305664062 56.922077178955078 49.708114624023438
v 9.1297407150268555 54.649349212646484 49.520488739013672
v 9.1297407150268555 56.922077178955078 49.520488739013672
v 8.4025115966796875 54.649349212646484 49.829208374023438
v 8.4025115966796875 56.922077178955078 49.829208374023438
v 8.7653665542602539 -40.805194854736328 49.717887878417969
v 9.4142131805419922 -40.805194854736328 49.284343719482422
v 9.8477592468261719 -40.805194854736328 48.635498046875
v 8.7885513305664062 -38.532466888427734 49.708114624023438
v 8.4025115966796875 -36.259738922119141 49.829208374023438
v 8.4025115966796875 -38.532466888427734 49.829208374023438
v 9.4281091690063477 -38.532466888427734 49.270309448242188
v 9.1297407150268555 -36.259738922119141 49.520488739013672
v 9.1297407150268555 -38.532466888427734 49.520488739013672
v 9.8515157699584961 -38.532466888427734 48.626365661621094
v 9.6711225509643555 -36.259738922119141 48.968925476074219
v 9.6711225509643555 -38.532466888427734 48.968925476074219
v 9.9625282287597656 -36.259738922119141 48.255466461181641
v 9.9625282287597656 -38.532466888427734 48.255466461181641
v 8 -50.805194854736328 -20.12986946105957
v 8 -50.805194854736328 -15.514485359191895
v 8 -50.805194854736328 -10.899101257324219
v 8 -50.805194854736328 -6.2837162017822266
v 8 -50.805194854736328 -1.6683316230773926
v 8 -50.805194854736328 2.9470529556274414
v 8 -50.805194854736328 7.5624375343322754
v 8 -50.805194854736328 12.177822113037109
v 8 -50.805194854736328 16.793207168579102
v 8 -50.805194854736328 21.408592224121094
v 8 -50.805194854736328 26.023975372314453
v 8 -50.805194854736328 30.639360427856445
v 8 -50.805194854736328 35.254745483398438
v 8 -50.805194854736328 39.870128631591797
v 8.7885513305664062 -50.643180847167969 -15.514485359191895
v 8.7885513305664062 -50.643180847167969 -10.899101257324219
v 8.7885513305664062 -50.643180847167969 -6.2837162017822266
v 8.7885513305664062 -50.643180847167969 -1.6683316230773926
v 8.7885513305664062 -50.643180847167969 2.9470529556274414
v 8.7885513305664062 -50.643180847167969 7.5624375343322754
v 8.7885513305664062 -50.643180847167969 12.177822113037109
v 8.7885513305664062 -50.643180847167969 16.793207168579102
v 8.7885513305664062 -50.643180847167969 21.408592224121094
v 8.7885513305664062 -50.643180847167969 26.023975372314453
v 8.7885513305664062 -50.643180847167969 30.639360427856445
v 8.7885513305664062 -50.643180847167969 35.254745483398438
v 9.4281091690063477 -50.205375671386719 -15.514485359191895
v 9.4281091690063477 -50.205375671386719 -10.899101257324219
v 9.4281091690063477 -50.205375671386719 -6.2837162017822266
v 9.4281091690063477 -50.205375671386719 -1.6683316230773926
v 9.4281091690063477 -50.205375671386719 2.9470529556274414
v 9.4281091690063477 -50.205375671386719 7.5624375343322754
v 9.4281091690063477 -50.205375671386719 12.177822113037109
v 9.4281091690063477 -50.205375671386719 16.793207168579102
v 9.4281091690063477 -50.205375671386719 21.408592224121094
v 9.4281091690063477 -50.205375671386719 26.023975372314453
v 9.4281091690063477 -50.205375671386719 30.639360427856445
v 9.4281091690063477 -50.205375671386719 35.254745483398438
v 9.8515157699584961 -49.561428070068359 -15.514485359191895
v 9.8515157699584961 -49.561428070068359 -10.899101257324219
v 9.8515157699584961 -49.561428070068359 -6.2837162017822266
v 9.8515157699584961 -49.561428070068359 -1.6683316230773926
v 9.8515157699584961 -49.561428070068359 2.9470529556274414
v 9.8515157699584961 -49.561428070068359 7.5624375343322754
v 9.8515157699584961 -49.561428070068359 12.177822113037109
v 9.8515157699584961 -49.561428070068359 16.793207168579102
v 9.8515157699584961 -49.561428070068359 21.408592224121094
v 9.8515157699584961 -49.561428070068359 26.023975372314453
v 9.8515157699584961 -49.561428070068359 30.639360427856445
v 9.8515157699584961 -49.561428070068359 35.254745483398438
v 10 -48.805194854736328 -20.12986946105957
v 10 -48.805194854736328 -10.899101257324219
v 10 -48.805194854736328 -6.2837162017822266
v 10 -48.805194854736328 -1.6683316230773926
v 10 -48.805194854736328 2.9470529556274414
v 10 -48.805194854736328 7.5624375343322754
v 10 -48.805194854736328 12.177822113037109
v 10 -48.805194854736328 16.793207168579102
v 10 -48.805194854736328 21.408592224121094
v 10 -48.805194854736328 26.023975372314453
v 10 -48.805194854736328 30.639360427856445
v 10 -48.805194854736328 35.254745483398438
v 10 -48.805194854736328 39.870128631591797
v 8.7653665542602539 -50.6529541015625 -20.12986946105957
v 9.4142131805419922 -50.219409942626953 -20.12986946105957
v 9.8477592468261719 -49.570560455322266 -20.12986946105957
v 8.7885513305664062 -50.643180847167969 -17.822177886962891
v 8.4025115966796875 -50.764270782470703 -15.514485359191895
v 8.4025115966796875 -50.764270782470703 -17.822177886962891
v 9.4281091690063477 -50.205375671386719 -17.822177886962891
v 9.1297407150268555 -50.455554962158203 -15.514485359191895
v 9.1297407150268555 -50.455554962158203 -17.822177886962891
v 9.8515157699584961 -49.561428070068359 -17.822177886962891
v 9.6711225509643555 -49.903987884521484 -15.514485359191895
v 9.6711225509643555 -49.903987884521484 -17.822177886962891
v 9.9625282287597656 -49.190532684326172 -15.514485359191895
v 9.9625282287597656 -49.190532684326172 -17.822177886962891
v 9.8477592468261719 -49.570560455322266 39.870128631591797
v 9.4142131805419922 -50.219409942626953 39.870128631591797
v 8.7653665542602539 -50.6529541015625 39.870128631591797
v 9.8515157699584961 -49.561428070068359 37.56243896484375
v 9.9625282287597656 -49.190532684326172 35.254745483398438
v 9.9625282287597656 -49.190532684326172 37.56243896484375
v 9.4281091690063477 -50.205375671386719 37.56243896484375
v 9.6711225509643555 -49.903987884521484 35.254745483398438
v 9.6711225509643555 -49.903987884521484 37.56243896484375
v 8.7885513305664062 -50.643180847167969 37.56243896484375
v 9.1297407150268555 -50.455554962158203 35.254745483398438
v 9.1297407150268555 -50.455554962158203 37.56243896484375
v 8.4025115966796875 -50.764270782470703 35.254745483398438
v 8.4025115966796875 -50.764270782470703 37.56243896484375
v 8 -40.805194854736328 49.870128631591797
v 10 -40.805194854736328 47.870128631591797
v 8.7885513305664062 -42.817047119140625 49.500205993652344
v 9.4281091690063477 -42.727519989013672 49.0716552734375
v 9.8515157699584961 -42.595832824707031 48.441318511962891
v 10 -42.441184997558594 47.701065063476562
v 8.7885513305664062 -44.684070587158203 48.911163330078125
v 9.4281091690063477 -44.511455535888672 48.508823394775391
v 9.8515157699584961 -44.257564544677734 47.917041778564453
v 10 -43.959400177001953 47.222068786621094
v 8.7885513305664062 -46.371437072753906 47.982028961181641
v 9.4281091690063477 -46.123729705810547 47.621036529541016
v 9.8515157699584961 -45.759391784667969 47.090072631835938
v 10 -45.331520080566406 46.466522216796875
v 8.7885513305664062 -47.830055236816406 46.757602691650391
v 9.4281091690063477 -47.517436981201172 46.451099395751953
v 9.8515157699584961 -47.057624816894531 46.000282287597656
v 10 -46.517631530761719 45.470848083496094
v 8.7885513305664062 -49.025432586669922 45.275089263916016
v 9.4281091690063477 -48.659622192382812 45.034561157226562
v 9.8515157699584961 -48.121566772460938 44.680778503417969
v 10 -47.48968505859375 44.265308380126953
v 8.7885513305664062 -49.912784576416016 43.590042114257812
v 9.4281091690063477 -49.507484436035156 43.42449951171875
v 9.8515157699584961 -48.911346435546875 43.181015014648438
v 10 -48.211257934570312 42.895069122314453
v 8.7885513305664062 -50.458854675292969 41.765598297119141
v 9.4281091690063477 -50.029251098632812 41.681247711181641
v 9.8515157699584961 -49.397373199462891 41.557178497314453
v 8 -50.805194854736328 39.870128631591797
v 10 -48.805194854736328 39.870128631591797
v 8 -42.228343963623047 49.768344879150391
v 8 -43.622520446777344 49.465061187744141
v 8 -44.959346771240234 48.966449737548828
v 8 -46.211601257324219 48.282665252685547
v 8 -47.353801727294922 47.427623748779297
v 8 -48.362689971923828 46.418735504150391
v 8 -49.217731475830078 45.276538848876953
v 8 -49.901515960693359 44.024280548095703
v 8 -50.400123596191406 42.687454223632812
v 8 -50.703411102294922 41.293277740478516
v 9.8477592468261719 -40.805194854736328 48.635498046875
v 9.4142131805419922 -40.805194854736328 49.284343719482422
v 8.7653665542602539 -40.805194854736328 49.717887878417969
v 8.7653665542602539 -50.6529541015625 39.870128631591797
v 9.4142131805419922 -50.219409942626953 39.870128631591797
v 9.8477592468261719 -49.570560455322266 39.870128631591797
v 2.5 -100.80519104003906 27.87013053894043
v 2.5 -50.805194854736328 27.87013053894043
v 2.5 -100.80519104003906 -8.1298704147338867
v 2.5 -50.805194854736328 -8.1298704147338867
v 2.5 -50.805194854736328 -3.6298701763153076
v 2.5 -50.805194854736328 0.87012988328933716
v 2.5 -50.805194854736328 5.3701300621032715
v 2.5 -50.805194854736328 9.8701295852661133
v 2.5 -50.805194854736328 14.370129585266113
v 2.5 -50.805194854736328 18.87013053894043
v 2.5 -50.805194854736328 23.37013053894043
v 2.5 -75.805191040039062 9.8701295852661133
v 2.5 -63.305194854736328 9.8701295852661133
v 2.5 -75.805191040039062 0.87012988328933716
v 2.5 -63.305194854736328 0.87012988328933716
v 2.5 -75.805191040039062 18.87013053894043
v 2.5 -63.305194854736328 18.87013053894043
v 2.5 -96.259742736816406 -8.1298704147338867
v 2.5 -91.714286804199219 -8.1298704147338867
v 2.5 -87.168830871582031 -8.1298704147338867
v 2.5 -82.623374938964844 -8.1298704147338867
v 2.5 -78.077919006347656 -8.1298704147338867
v 2.5 -73.532470703125 -8.1298704147338867
v 2.5 -68.987014770507812 -8.1298704147338867
v 2.5 -64.441558837890625 -8.1298704147338867
v 2.5 -59.896102905273438 -8.1298704147338867
v 2.5 -55.350650787353516 -8.1298704147338867
v 2.5 -88.305191040039062 9.8701295852661133
v 2.5 -88.305191040039062 0.87012988328933716
v 2.5 -55.350650787353516 27.87013053894043
v 2.5 -59.896102905273438 27.87013053894043
v 2.5 -64.441558837890625 27.87013053894043
v 2.5 -68.987014770507812 27.87013053894043
v 2.5 -73.532470703125 27.87013053894043
v 2.5 -78.077919006347656 27.87013053894043
v 2.5 -82.623374938964844 27.87013053894043
v 2.5 -87.168830871582031 27.87013053894043
v 2.5 -91.714286804199219 27.87013053894043
v 2.5 -96.259742736816406 27.87013053894043
v 2.5 -88.305191040039062 18.87013053894043
v 2.5 -100.80519104003906 20.670129776000977
v 2.5 -100.80519104003906 13.47012996673584
v 2.5 -100.80519104003906 6.2701296806335449
v 2.5 -100.80519104003906 -0.9298701286315918
v 4.5 -100.80519104003906 -10.129870414733887
v 4.5 -50.805194854736328 -10.129870414733887
v 5.5 -100.80519104003906 -10.129870414733887
v 5.5 -50.805194854736328 -10.129870414733887
v 5.5 -96.259742736816406 -10.129870414733887
v 5.5 -91.714286804199219 -10.129870414733887
v 5.5 -87.168830871582031 -10.129870414733887
v 5.5 -82.623374938964844 -10.129870414733887
v 5.5 -78.077919006347656 -10.129870414733887
v 5.5 -73.532470703125 -10.129870414733887
v 5.5 -68.987014770507812 -10.129870414733887
v 5.5 -64.441558837890625 -10.129870414733887
v 5.5 -59.896102905273438 -10.129870414733887
v 5.5 -55.350650787353516 -10.129870414733887
v 4.5 -55.350650787353516 -10.129870414733887
v 4.5 -59.896102905273438 -10.129870414733887
v 4.5 -64.441558837890625 -10.129870414733887
v 4.5 -68.987014770507812 -10.129870414733887
v 4.5 -73.532470703125 -10.129870414733887
v 4.5 -78.077919006347656 -10.129870414733887
v 4.5 -82.623374938964844 -10.129870414733887
v 4.5 -87.168830871582031 -10.129870414733887
v 4.5 -91.714286804199219 -10.129870414733887
v 4.5 -96.259742736816406 -10.129870414733887
v 7.5 -100.80519104003906 -8.1298704147338867
v 7.5 -50.805194854736328 -8.1298704147338867
v 7.5 -100.80519104003906 27.87013053894043
v 7.5 -50.805194854736328 27.87013053894043
v 7.5 -50.805194854736328 23.37013053894043
v 7.5 -50.805194854736328 18.87013053894043
v 7.5 -50.805194854736328 14.370129585266113
v 7.5 -50.805194854736328 9.8701295852661133
v 7.5 -50.805194854736328 5.3701300621032715
v 7.5 -50.805194854736328 0.87012988328933716
v 7.5 -50.805194854736328 -3.6298701763153076
v 7.5 -75.805191040039062 9.8701295852661133
v 7.5 -63.305194854736328 9.8701295852661133
v 7.5 -75.805191040039062 18.87013053894043
v 7.5 -63.305194854736328 18.87013053894043
v 7.5 -75.805191040039062 0.87012988328933716
v 7.5 -63.305194854736328 0.87012988328933716
v 7.5 -55.350650787353516 -8.1298704147338867
v 7.5 -59.896102905273438 -8.1298704147338867
v 7.5 -64.441558837890625 -8.1298704147338867
v 7.5 -68.987014770507812 -8.1298704147338867
v 7.5 -73.532470703125 -8.1298704147338867
v 7.5 -78.077919006347656 -8.1298704147338867
v 7.5 -82.623374938964844 -8.1298704147338867
v 7.5 -87.168830871582031 -8.1298704147338867
v 7.5 -91.714286804199219 -8.1298704147338867
v 7.5 -96.259742736816406 -8.1298704147338867
v 7.5 -88.305191040039062 9.8701295852661133
v 7.5 -88.305191040039062 0.87012988328933716
v 7.5 -100.80519104003906 -0.9298701286315918
v 7.5 -100.80519104003906 6.2701296806335449
v 7.5 -100.80519104003906 13.47012996673584
v 7.5 -100.80519104003906 20.670129776000977
v 7.5 -88.305191040039062 18.87013053894043
v 7.5 -96.259742736816406 27.87013053894043
v 7.5 -91.714286804199219 27.87013053894043
v 7.5 -87.168830871582031 27.87013053894043
v 7.5 -82.623374938964844 27.87013053894043
v 7.5 -78.077919006347656 27.87013053894043
v 7.5 -73.532470703125 27.87013053894043
v 7.5 -68.987014770507812 27.87013053894043
v 7.5 -64.441558837890625 27.87013053894043
v 7.5 -59.896102905273438 27.87013053894043
v 7.5 -55.350650787353516 27.87013053894043
v 5.5 -100.80519104003906 29.87013053894043
v 5.5 -50.805194854736328 29.87013053894043
v 4.5 -100.80519104003906 29.87013053894043
v 4.5 -50.805194854736328 29.87013053894043
v 5.5 -55.350650787353516 29.87013053894043
v 5.5 -59.896102905273438 29.87013053894043
v 5.5 -64.441558837890625 29.87013053894043
v 5.5 -68.987014770507812 29.87013053894043
v 5.5 -73.532470703125 29.87013053894043
v 5.5 -78.077919006347656 29.87013053894043
v 5.5 -82.623374938964844 29.87013053894043
v 5.5 -87.168830871582031 29.87013053894043
v 5.5 -91.714286804199219 29.87013053894043
v 5.5 -96.259742736816406 29.87013053894043
v 4.5 -96.259742736816406 29.87013053894043
v 4.5 -91.714286804199219 29.87013053894043
v 4.5 -87.168830871582031 29.87013053894043
v 4.5 -82.623374938964844 29.87013053894043
v 4.5 -78.077919006347656 29.87013053894043
v 4.5 -73.532470703125 29.87013053894043
v 4.5 -68.987014770507812 29.87013053894043
v 4.5 -64.441558837890625 29.87013053894043
v 4.5 -59.896102905273438 29.87013053894043
v 4.5 -55.350650787353516 29.87013053894043
v 3.75 -100.80519104003906 19.87013053894043
v 5 -100.80519104003906 19.87013053894043
v 6.25 -100.80519104003906 19.87013053894043
v 3.75 -100.80519104003906 9.8701295852661133
v 5 -100.80519104003906 9.8701295852661133
v 6.25 -100.80519104003906 9.8701295852661133
v 3.75 -100.80519104003906 -0.12987013161182404
v 5 -100.80519104003906 -0.12987013161182404
v 6.25 -100.80519104003906 -0.12987013161182404
v 2.5 -100.80519104003906 27.87013053894043
v 2.5 -100.80519104003906 20.670129776000977
v 2.5 -100.80519104003906 13.47012996673584
v 2.5 -100.80519104003906 6.2701296806335449
v 2.5 -100.80519104003906 -0.9298701286315918
v 2.5 -100.80519104003906 -8.1298704147338867
v 4.5 -100.80519104003906 -10.129870414733887
v 5.5 -100.80519104003906 -10.129870414733887
v 5 -100.80519104003906 -5.1298699378967285
v 4.375 -100.80519104003906 -0.12987013161182404
v 3.75 -100.80519104003906 -5.1298699378967285
v 4.375 -100.80519104003906 -5.1298699378967285
v 5 -100.80519104003906 -7.6298699378967285
v 4.6875 -100.80519104003906 -5.1298699378967285
v 4.375 -100.80519104003906 -7.6298699378967285
v 4.6875 -100.80519104003906 -7.6298699378967285
v 6.25 -100.80519104003906 -5.1298699378967285
v 5.625 -100.80519104003906 -0.12987013161182404
v 5.625 -100.80519104003906 -5.1298699378967285
v 5.625 -100.80519104003906 -7.6298699378967285
v 5.3125 -100.80519104003906 -5.1298699378967285
v 5.3125 -100.80519104003906 -7.6298699378967285
v 7.5 -100.80519104003906 -8.1298704147338867
v 7.5 -100.80519104003906 -0.9298701286315918
v 7.5 -100.80519104003906 6.2701296806335449
v 7.5 -100.80519104003906 13.47012996673584
v 7.5 -100.80519104003906 20.670129776000977
v 7.5 -100.80519104003906 27.87013053894043
v 5.5 -100.80519104003906 29.87013053894043
v 4.5 -100.80519104003906 29.87013053894043
v 5.625 -100.80519104003906 19.87013053894043
v 6.25 -100.80519104003906 24.87013053894043
v 5 -100.80519104003906 24.87013053894043
v 5.625 -100.80519104003906 24.87013053894043
v 5.3125 -100.80519104003906 24.87013053894043
v 5.625 -100.80519104003906 27.37013053894043
v 5 -100.80519104003906 27.37013053894043
v 5.3125 -100.80519104003906 27.37013053894043
v 4.375 -100.80519104003906 19.87013053894043
v 3.75 -100.80519104003906 24.87013053894043
v 4.375 -100.80519104003906 24.87013053894043
v 4.6875 -100.80519104003906 24.87013053894043
v 4.375 -100.80519104003906 27.37013053894043
v 4.6875 -100.80519104003906 27.37013053894043
v 3.7437655925750732 -100.80519104003906 29.721645355224609
v 3.0998201370239258 -100.80519104003906 29.298238754272461
v 2.662015438079834 -100.80519104003906 28.658681869506836
v 3.125 -100.80519104003906 19.87013053894043
v 3.125 -100.80519104003906 24.87013053894043
v 3.4375 -100.80519104003906 24.87013053894043
v 3.75 -100.80519104003906 27.37013053894043
v 3.125 -100.80519104003906 27.37013053894043
v 3.4375 -100.80519104003906 27.37013053894043
v 2.8125 -100.80519104003906 24.87013053894043
v 2.8125 -100.80519104003906 27.37013053894043
v 2.648484468460083 -100.80519104003906 -8.8861045837402344
v 3.0718905925750732 -100.80519104003906 -9.5300502777099609
v 3.7114489078521729 -100.80519104003906 -9.9678544998168945
v 3.125 -100.80519104003906 -0.12987013161182404
v 3.125 -100.80519104003906 -5.1298699378967285
v 3.125 -100.80519104003906 -7.6298699378967285
v 2.8125 -100.80519104003906 -5.1298699378967285
v 2.8125 -100.80519104003906 -7.6298699378967285
v 3.75 -100.80519104003906 -7.6298699378967285
v 3.4375 -100.80519104003906 -5.1298699378967285
v 3.4375 -100.80519104003906 -7.6298699378967285
v 6.2562346458435059 -100.80519104003906 -9.9813852310180664
v 6.9001798629760742 -100.80519104003906 -9.5579795837402344
v 7.337984561920166 -100.80519104003906 -8.918421745300293
v 6.875 -100.80519104003906 -0.12987013161182404
v 6.875 -100.80519104003906 -5.1298699378967285
v 6.875 -100.80519104003906 -7.6298699378967285
v 6.5625 -100.80519104003906 -5.1298699378967285
v 6.25 -100.80519104003906 -7.6298699378967285
v 6.5625 -100.80519104003906 -7.6298699378967285
v 7.1875 -100.80519104003906 -5.1298699378967285
v 7.1875 -100.80519104003906 -7.6298699378967285
v 7.3515152931213379 -100.80519104003906 28.626363754272461
v 6.9281091690063477 -100.80519104003906 29.270309448242188
v 6.2885513305664062 -100.80519104003906 29.708114624023438
v 6.875 -100.80519104003906 19.87013053894043
v 6.875 -100.80519104003906 24.87013053894043
v 7.1875 -100.80519104003906 24.87013053894043
v 6.875 -100.80519104003906 27.37013053894043
v 7.1875 -100.80519104003906 27.37013053894043
v 6.5625 -100.80519104003906 24.87013053894043
v 6.25 -100.80519104003906 27.37013053894043
v 6.5625 -100.80519104003906 27.37013053894043
v 2.5 -100.80519104003906 27.87013053894043
v 2.5 -96.259742736816406 27.87013053894043
v 2.5 -91.714286804199219 27.87013053894043
v 2.5 -87.168830871582031 27.87013053894043
v 2.5 -82.623374938964844 27.87013053894043
v 2.5 -78.077919006347656 27.87013053894043
v 2.5 -73.532470703125 27.87013053894043
v 2.5 -68.987014770507812 27.87013053894043
v 2.5 -64.441558837890625 27.87013053894043
v 2.5 -59.896102905273438 27.87013053894043
v 2.5 -55.350650787353516 27.87013053894043
v 2.5 -50.805194854736328 27.87013053894043
v 2.662015438079834 -100.80519104003906 28.658681869506836
v 2.662015438079834 -96.259742736816406 28.658681869506836
v 2.662015438079834 -91.714286804199219 28.658681869506836
v 2.662015438079834 -87.168830871582031 28.658681869506836
v 2.662015438079834 -82.623374938964844 28.658681869506836
v 2.662015438079834 -78.077919006347656 28.658681869506836
v 2.662015438079834 -73.532470703125 28.658681869506836
v 2.662015438079834 -68.987014770507812 28.658681869506836
v 2.662015438079834 -64.441558837890625 28.658681869506836
v 2.662015438079834 -59.896102905273438 28.658681869506836
v 2.662015438079834 -55.350650787353516 28.658681869506836
v 2.662015438079834 -50.805194854736328 28.658681869506836
v 3.0998201370239258 -100.80519104003906 29.298238754272461
v 3.0998201370239258 -96.259742736816406 29.298238754272461
v 3.0998201370239258 -91.714286804199219 29.298238754272461
v 3.0998201370239258 -87.168830871582031 29.298238754272461
v 3.0998201370239258 -82.623374938964844 29.298238754272461
v 3.0998201370239258 -78.077919006347656 29.298238754272461
v 3.0998201370239258 -73.532470703125 29.298238754272461
v 3.0998201370239258 -68.987014770507812 29.298238754272461
v 3.0998201370239258 -64.441558837890625 29.298238754272461
v 3.0998201370239258 -59.896102905273438 29.298238754272461
v 3.0998201370239258 -55.350650787353516 29.298238754272461
v 3.0998201370239258 -50.805194854736328 29.298238754272461
v 3.7437655925750732 -100.80519104003906 29.721645355224609
v 3.7437655925750732 -96.259742736816406 29.721645355224609
v 3.7437655925750732 -91.714286804199219 29.721645355224609
v 3.7437655925750732 -87.168830871582031 29.721645355224609
v 3.7437655925750732 -82.623374938964844 29.721645355224609
v 3.7437655925750732 -78.077919006347656 29.721645355224609
v 3.7437655925750732 -73.532470703125 29.721645355224609
v 3.7437655925750732 -68.987014770507812 29.721645355224609
v 3.7437655925750732 -64.441558837890625 29.721645355224609
v 3.7437655925750732 -59.896102905273438 29.721645355224609
v 3.7437655925750732 -55.350650787353516 29.721645355224609
v 3.7437655925750732 -50.805194854736328 29.721645355224609
v 4.5 -100.80519104003906 29.87013053894043
v 4.5 -96.259742736816406 29.87013053894043
v 4.5 -91.714286804199219 29.87013053894043
v 4.5 -87.168830871582031 29.87013053894043
v 4.5 -82.623374938964844 29.87013053894043
v 4.5 -78.077919006347656 29.87013053894043
v 4.5 -73.532470703125 29.87013053894043
v 4.5 -68.987014770507812 29.87013053894043
v 4.5 -64.441558837890625 29.87013053894043
v 4.5 -59.896102905273438 29.87013053894043
v 4.5 -55.350650787353516 29.87013053894043
v 4.5 -50.805194854736328 29.87013053894043
v 3.7437655925750732 -53.077922821044922 29.721645355224609
v 4.1146631240844727 -55.350650787353516 29.832656860351562
v 4.1146631240844727 -53.077922821044922 29.832656860351562
v 3.0998201370239258 -53.077922821044922 29.298238754272461
v 3.4012057781219482 -55.350650787353516 29.541252136230469
v 3.4012057781219482 -53.077922821044922 29.541252136230469
v 2.662015438079834 -53.077922821044922 28.658681869506836
v 2.8496406078338623 -55.350650787353516 28.999870300292969
v 2.8496406078338623 -53.077922821044922 28.999870300292969
v 2.5409226417541504 -55.350650787353516 28.272642135620117
v 2.5409226417541504 -53.077922821044922 28.272642135620117
v 2.662015438079834 -98.532470703125 28.658681869506836
v 2.5409226417541504 -96.259742736816406 28.272642135620117
v 2.5409226417541504 -98.532470703125 28.272642135620117
v 3.0998201370239258 -98.532470703125 29.298238754272461
v 2.8496406078338623 -96.259742736816406 28.999870300292969
v 2.8496406078338623 -98.532470703125 28.999870300292969
v 3.7437655925750732 -98.532470703125 29.721645355224609
v 3.4012057781219482 -96.259742736816406 29.541252136230469
v 3.4012057781219482 -98.532470703125 29.541252136230469
v 4.1146631240844727 -96.259742736816406 29.832656860351562
v 4.1146631240844727 -98.532470703125 29.832656860351562
v 5.5 -100.80519104003906 29.87013053894043
v 5.5 -96.259742736816406 29.87013053894043
v 5.5 -91.714286804199219 29.87013053894043
v 5.5 -87.168830871582031 29.87013053894043
v 5.5 -82.623374938964844 29.87013053894043
v 5.5 -78.077919006347656 29.87013053894043
v 5.5 -73.532470703125 29.87013053894043
v 5.5 -68.987014770507812 29.87013053894043
v 5.5 -64.441558837890625 29.87013053894043
v 5.5 -59.896102905273438 29.87013053894043
v 5.5 -55.350650787353516 29.87013053894043
v 5.5 -50.805194854736328 29.87013053894043
v 6.2885513305664062 -100.80519104003906 29.708114624023438
v 6.2885513305664062 -96.259742736816406 29.708114624023438
v 6.2885513305664062 -91.714286804199219 29.708114624023438
v 6.2885513305664062 -87.168830871582031 29.708114624023438
v 6.2885513305664062 -82.623374938964844 29.708114624023438
v 6.2885513305664062 -78.077919006347656 29.708114624023438
v 6.2885513305664062 -73.532470703125 29.708114624023438
v 6.2885513305664062 -68.987014770507812 29.708114624023438
v 6.2885513305664062 -64.441558837890625 29.708114624023438
v 6.2885513305664062 -59.896102905273438 29.708114624023438
v 6.2885513305664062 -55.350650787353516 29.708114624023438
v 6.2885513305664062 -50.805194854736328 29.708114624023438
v 6.9281091690063477 -100.80519104003906 29.270309448242188
v 6.9281091690063477 -96.259742736816406 29.270309448242188
v 6.9281091690063477 -91.714286804199219 29.270309448242188
v 6.9281091690063477 -87.168830871582031 29.270309448242188
v 6.9281091690063477 -82.623374938964844 29.270309448242188
v 6.9281091690063477 -78.077919006347656 29.270309448242188
v 6.9281091690063477 -73.532470703125 29.270309448242188
v 6.9281091690063477 -68.987014770507812 29.270309448242188
v 6.9281091690063477 -64.441558837890625 29.270309448242188
v 6.9281091690063477 -59.896102905273438 29.270309448242188
v 6.9281091690063477 -55.350650787353516 29.270309448242188
v 6.9281091690063477 -50.805194854736328 29.270309448242188
v 7.3515152931213379 -100.80519104003906 28.626363754272461
v 7.3515152931213379 -96.259742736816406 28.626363754272461
v 7.3515152931213379 -91.714286804199219 28.626363754272461
v 7.3515152931213379 -87.168830871582031 28.626363754272461
v 7.3515152931213379 -82.623374938964844 28.626363754272461
v 7.3515152931213379 -78.077919006347656 28.626363754272461
v 7.3515152931213379 -73.532470703125 28.626363754272461
v 7.3515152931213379 -68.987014770507812 28.626363754272461
v 7.3515152931213379 -64.441558837890625 28.626363754272461
v 7.3515152931213379 -59.896102905273438 28.626363754272461
v 7.3515152931213379 -55.350650787353516 28.626363754272461
v 7.3515152931213379 -50.805194854736328 28.626363754272461
v 7.5 -100.80519104003906 27.87013053894043
v 7.5 -96.259742736816406 27.87013053894043
v 7.5 -91.714286804199219 27.87013053894043
v 7.5 -87.168830871582031 27.87013053894043
v 7.5 -82.623374938964844 27.87013053894043
v 7.5 -78.077919006347656 27.87013053894043
v 7.5 -73.532470703125 27.87013053894043
v 7.5 -68.987014770507812 27.87013053894043
v 7.5 -64.441558837890625 27.87013053894043
v 7.5 -59.896102905273438 27.87013053894043
v 7.5 -55.350650787353516 27.87013053894043
v 7.5 -50.805194854736328 27.87013053894043
v 7.3515152931213379 -53.077922821044922 28.626363754272461
v 7.4625277519226074 -55.350650787353516 28.255466461181641
v 7.4625277519226074 -53.077922821044922 28.255466461181641
v 6.9281091690063477 -53.077922821044922 29.270309448242188
v 7.1711225509643555 -55.350650787353516 28.968923568725586
v 7.1711225509643555 -53.077922821044922 28.968923568725586
v 6.2885513305664062 -53.077922821044922 29.708114624023438
v 6.6297407150268555 -55.350650787353516 29.520488739013672
v 6.6297407150268555 -53.077922821044922 29.520488739013672
v 5.9025115966796875 -55.350650787353516 29.829206466674805
v 5.9025115966796875 -53.077922821044922 29.829206466674805
v 6.2885513305664062 -98.532470703125 29.708114624023438
v 5.9025115966796875 -96.259742736816406 29.829206466674805
v 5.9025115966796875 -98.532470703125 29.829206466674805
v 6.9281091690063477 -98.532470703125 29.270309448242188
v 6.6297407150268555 -96.259742736816406 29.520488739013672
v 6.6297407150268555 -98.532470703125 29.520488739013672
v 7.3515152931213379 -98.532470703125 28.626363754272461
v 7.1711225509643555 -96.259742736816406 28.968923568725586
v 7.1711225509643555 -98.532470703125 28.968923568725586
v 7.4625277519226074 -96.259742736816406 28.255466461181641
v 7.4625277519226074 -98.532470703125 28.255466461181641
v 4.5 -100.80519104003906 -10.129870414733887
v 4.5 -96.259742736816406 -10.129870414733887
v 4.5 -91.714286804199219 -10.129870414733887
v 4.5 -87.168830871582031 -10.129870414733887
v 4.5 -82.623374938964844 -10.129870414733887
v 4.5 -78.077919006347656 -10.129870414733887
v 4.5 -73.532470703125 -10.129870414733887
v 4.5 -68.987014770507812 -10.129870414733887
v 4.5 -64.441558837890625 -10.129870414733887
v 4.5 -59.896102905273438 -10.129870414733887
v 4.5 -55.350650787353516 -10.129870414733887
v 4.5 -50.805194854736328 -10.129870414733887
v 3.7114489078521729 -100.80519104003906 -9.9678544998168945
v 3.7114489078521729 -96.259742736816406 -9.9678544998168945
v 3.7114489078521729 -91.714286804199219 -9.9678544998168945
v 3.7114489078521729 -87.168830871582031 -9.9678544998168945
v 3.7114489078521729 -82.623374938964844 -9.9678544998168945
v 3.7114489078521729 -78.077919006347656 -9.9678544998168945
v 3.7114489078521729 -73.532470703125 -9.9678544998168945
v 3.7114489078521729 -68.987014770507812 -9.9678544998168945
v 3.7114489078521729 -64.441558837890625 -9.9678544998168945
v 3.7114489078521729 -59.896102905273438 -9.9678544998168945
v 3.7114489078521729 -55.350650787353516 -9.9678544998168945
v 3.7114489078521729 -50.805194854736328 -9.9678544998168945
v 3.0718905925750732 -100.80519104003906 -9.5300502777099609
v 3.0718905925750732 -96.259742736816406 -9.5300502777099609
v 3.0718905925750732 -91.714286804199219 -9.5300502777099609
v 3.0718905925750732 -87.168830871582031 -9.5300502777099609
v 3.0718905925750732 -82.623374938964844 -9.5300502777099609
v 3.0718905925750732 -78.077919006347656 -9.5300502777099609
v 3.0718905925750732 -73.532470703125 -9.5300502777099609
v 3.0718905925750732 -68.987014770507812 -9.5300502777099609
v 3.0718905925750732 -64.441558837890625 -9.5300502777099609
v 3.0718905925750732 -59.896102905273438 -9.5300502777099609
v 3.0718905925750732 -55.350650787353516 -9.5300502777099609
v 3.0718905925750732 -50.805194854736328 -9.5300502777099609
v 2.648484468460083 -100.80519104003906 -8.8861045837402344
v 2.648484468460083 -96.259742736816406 -8.8861045837402344
v 2.648484468460083 -91.714286804199219 -8.8861045837402344
v 2.648484468460083 -87.168830871582031 -8.8861045837402344
v 2.648484468460083 -82.623374938964844 -8.8861045837402344
v 2.648484468460083 -78.077919006347656 -8.8861045837402344
v 2.648484468460083 -73.532470703125 -8.8861045837402344
v 2.648484468460083 -68.987014770507812 -8.8861045837402344
v 2.648484468460083 -64.441558837890625 -8.8861045837402344
v 2.648484468460083 -59.896102905273438 -8.8861045837402344
v 2.648484468460083 -55.350650787353516 -8.8861045837402344
v 2.648484468460083 -50.805194854736328 -8.8861045837402344
v 2.5 -100.80519104003906 -8.1298704147338867
v 2.5 -96.259742736816406 -8.1298704147338867
v 2.5 -91.714286804199219 -8.1298704147338867
v 2.5 -87.168830871582031 -8.1298704147338867
v 2.5 -82.623374938964844 -8.1298704147338867
v 2.5 -78.077919006347656 -8.1298704147338867
v 2.5 -73.532470703125 -8.1298704147338867
v 2.5 -68.987014770507812 -8.1298704147338867
v 2.5 -64.441558837890625 -8.1298704147338867
v 2.5 -59.896102905273438 -8.1298704147338867
v 2.5 -55.350650787353516 -8.1298704147338867
v 2.5 -50.805194854736328 -8.1298704147338867
v 2.648484468460083 -53.077922821044922 -8.8861045837402344
v 2.5374722480773926 -55.350650787353516 -8.5152072906494141
v 2.5374722480773926 -53.077922821044922 -8.5152072906494141
v 3.0718905925750732 -53.077922821044922 -9.5300502777099609
v 2.8288772106170654 -55.350650787353516 -9.2286643981933594
v 2.8288772106170654 -53.077922821044922 -9.2286643981933594
v 3.7114489078521729 -53.077922821044922 -9.9678544998168945
v 3.3702592849731445 -55.350650787353516 -9.7802295684814453
v 3.3702592849731445 -53.077922821044922 -9.7802295684814453
v 4.0974884033203125 -55.350650787353516 -10.088947296142578
v 4.0974884033203125 -53.077922821044922 -10.088947296142578
v 3.7114489078521729 -98.532470703125 -9.9678544998168945
v 4.0974884033203125 -96.259742736816406 -10.088947296142578
v 4.0974884033203125 -98.532470703125 -10.088947296142578
v 3.0718905925750732 -98.532470703125 -9.5300502777099609
v 3.3702592849731445 -96.259742736816406 -9.7802295684814453
v 3.3702592849731445 -98.532470703125 -9.7802295684814453
v 2.648484468460083 -98.532470703125 -8.8861045837402344
v 2.8288772106170654 -96.259742736816406 -9.2286643981933594
v 2.8288772106170654 -98.532470703125 -9.2286643981933594
v 2.5374722480773926 -96.259742736816406 -8.5152072906494141
v 2.5374722480773926 -98.532470703125 -8.5152072906494141
v 7.5 -100.80519104003906 -8.1298704147338867
v 7.5 -96.259742736816406 -8.1298704147338867
v 7.5 -91.714286804199219 -8.1298704147338867
v 7.5 -87.168830871582031 -8.1298704147338867
v 7.5 -82.623374938964844 -8.1298704147338867
v 7.5 -78.077919006347656 -8.1298704147338867
v 7.5 -73.532470703125 -8.1298704147338867
v 7.5 -68.987014770507812 -8.1298704147338867
v 7.5 -64.441558837890625 -8.1298704147338867
v 7.5 -59.896102905273438 -8.1298704147338867
v 7.5 -55.350650787353516 -8.1298704147338867
v 7.5 -50.805194854736328 -8.1298704147338867
v 7.337984561920166 -100.80519104003906 -8.918421745300293
v 7.337984561920166 -96.259742736816406 -8.918421745300293
v 7.337984561920166 -91.714286804199219 -8.918421745300293
v 7.337984561920166 -87.168830871582031 -8.918421745300293
v 7.337984561920166 -82.623374938964844 -8.918421745300293
v 7.337984561920166 -78.077919006347656 -8.918421745300293
v 7.337984561920166 -73.532470703125 -8.918421745300293
v 7.337984561920166 -68.987014770507812 -8.918421745300293
v 7.337984561920166 -64.441558837890625 -8.918421745300293
v 7.337984561920166 -59.896102905273438 -8.918421745300293
v 7.337984561920166 -55.350650787353516 -8.918421745300293
v 7.337984561920166 -50.805194854736328 -8.918421745300293
v 6.9001798629760742 -100.80519104003906 -9.5579795837402344
v 6.9001798629760742 -96.259742736816406 -9.5579795837402344
v 6.9001798629760742 -91.714286804199219 -9.5579795837402344
v 6.9001798629760742 -87.168830871582031 -9.5579795837402344
v 6.9001798629760742 -82.623374938964844 -9.5579795837402344
v 6.9001798629760742 -78.077919006347656 -9.5579795837402344
v 6.9001798629760742 -73.532470703125 -9.5579795837402344
v 6.9001798629760742 -68.987014770507812 -9.5579795837402344
v 6.9001798629760742 -64.441558837890625 -9.5579795837402344
v 6.9001798629760742 -59.896102905273438 -9.5579795837402344
v 6.9001798629760742 -55.350650787353516 -9.5579795837402344
v 6.9001798629760742 -50.805194854736328 -9.5579795837402344
v 6.2562346458435059 -100.80519104003906 -9.9813852310180664
v 6.2562346458435059 -96.259742736816406 -9.9813852310180664
v 6.2562346458435059 -91.714286804199219 -9.9813852310180664
v 6.2562346458435059 -87.168830871582031 -9.9813852310180664
v 6.2562346458435059 -82.623374938964844 -9.9813852310180664
v 6.2562346458435059 -78.077919006347656 -9.9813852310180664
v 6.2562346458435059 -73.532470703125 -9.9813852310180664
v 6.2562346458435059 -68.987014770507812 -9.9813852310180664
v 6.2562346458435059 -64.441558837890625 -9.9813852310180664
v 6.2562346458435059 -59.896102905273438 -9.9813852310180664
v 6.2562346458435059 -55.350650787353516 -9.9813852310180664
v 6.2562346458435059 -50.805194854736328 -9.9813852310180664
v 5.5 -100.80519104003906 -10.129870414733887
v 5.5 -96.259742736816406 -10.129870414733887
v 5.5 -91.714286804199219 -10.129870414733887
v 5.5 -87.168830871582031 -10.129870414733887
v 5.5 -82.623374938964844 -10.129870414733887
v 5.5 -78.077919006347656 -10.129870414733887
v 5.5 -73.532470703125 -10.129870414733887
v 5.5 -68.987014770507812 -10.129870414733887
v 5.5 -64.441558837890625 -10.129870414733887
v 5.5 -59.896102905273438 -10.129870414733887
v 5.5 -55.350650787353516 -10.129870414733887
v 5.5 -50.805194854736328 -10.129870414733887
v 6.2562346458435059 -53.077922821044922 -9.9813852310180664
v 5.8853368759155273 -55.350650787353516 -10.092397689819336
v 5.8853368759155273 -53.077922821044922 -10.092397689819336
v 6.9001798629760742 -53.077922821044922 -9.5579795837402344
v 6.5987944602966309 -55.350650787353516 -9.8009929656982422
v 6.5987944602966309 -53.077922821044922 -9.8009929656982422
v 7.337984561920166 -53.077922821044922 -8.918421745300293
v 7.1503591537475586 -55.350650787353516 -9.2596111297607422
v 7.1503591537475586 -53.077922821044922 -9.2596111297607422
v 7.4590773582458496 -55.350650787353516 -8.5323820114135742
v 7.4590773582458496 -53.077922821044922 -8.5323820114135742
v 7.337984561920166 -98.532470703125 -8.918421745300293
v 7.4590773582458496 -96.259742736816406 -8.5323820114135742
v 7.4590773582458496 -98.532470703125 -8.5323820114135742
v 6.9001798629760742 -98.532470703125 -9.5579795837402344
v 7.1503591537475586 -96.259742736816406 -9.2596111297607422
v 7.1503591537475586 -98.532470703125 -9.2596111297607422
v 6.2562346458435059 -98.532470703125 -9.9813852310180664
v 6.5987944602966309 -96.259742736816406 -9.8009929656982422
v 6.5987944602966309 -98.532470703125 -9.8009929656982422
v 5.8853368759155273 -96.259742736816406 -10.092397689819336
v 5.8853368759155273 -98.532470703125 -10.092397689819336
v 9 62.194805145263672 39.870128631591797
v 9.5 62.194805145263672 39.870128631591797
v 9 61.9517822265625 41.052955627441406
v 9 61.295074462890625 42.012294769287109
v 9 60.329158782958984 42.647403717041016
v 9 59.194805145263672 42.870128631591797
v 9.5 59.194805145263672 42.870128631591797
v 9.5 59.971263885498047 42.767906188964844
v 9.5 60.694805145263672 42.468204498291016
v 9.5 61.316123962402344 41.991451263427734
v 9.5 61.792881011962891 41.370128631591797
v 9.5 62.092582702636719 40.646587371826172
v 9 62.194805145263672 -20.12986946105957
v 9.5 62.194805145263672 -20.12986946105957
v 9 62.194805145263672 39.870128631591797
v 9.5 62.194805145263672 39.870128631591797
v 9 62.194805145263672 -18.060905456542969
v 9 62.194805145263672 -15.991939544677734
v 9 62.194805145263672 -13.9229736328125
v 9 62.194805145263672 -11.854007720947266
v 9 62.194805145263672 -9.7850427627563477
v 9 62.194805145263672 -7.7160768508911133
v 9 62.194805145263672 -5.6471114158630371
v 9 62.194805145263672 -3.5781459808349609
v 9 62.194805145263672 -1.5091804265975952
v 9 62.194805145263672 0.55978506803512573
v 9 62.194805145263672 2.6287505626678467
v 9 62.194805145263672 4.697716236114502
v 9 62.194805145263672 6.7666816711425781
v 9 62.194805145263672 8.8356475830078125
v 9 62.194805145263672 10.90461254119873
v 9 62.194805145263672 12.973578453063965
v 9 62.194805145263672 15.042543411254883
v 9 62.194805145263672 17.111509323120117
v 9 62.194805145263672 19.180475234985352
v 9 62.194805145263672 21.249441146850586
v 9 62.194805145263672 23.318405151367188
v 9 62.194805145263672 25.387371063232422
v 9 62.194805145263672 27.456336975097656
v 9 62.194805145263672 29.525302886962891
v 9 62.194805145263672 31.594266891479492
v 9 62.194805145263672 33.663234710693359
v 9 62.194805145263672 35.732200622558594
v 9 62.194805145263672 37.801162719726562
v 9.5 62.194805145263672 38.716281890869141
v 9.5 62.194805145263672 37.56243896484375
v 9.5 62.194805145263672 36.408592224121094
v 9.5 62.194805145263672 35.254745483398438
v 9.5 62.194805145263672 34.100898742675781
v 9.5 62.194805145263672 32.947052001953125
v 9.5 62.194805145263672 31.793207168579102
v 9.5 62.194805145263672 30.639360427856445
v 9.5 62.194805145263672 29.485513687133789
v 9.5 62.194805145263672 28.331668853759766
v 9.5 62.194805145263672 27.177822113037109
v 9.5 62.194805145263672 26.023975372314453
v 9.5 62.194805145263672 24.87013053894043
v 9.5 62.194805145263672 23.716283798217773
v 9.5 62.194805145263672 22.562437057495117
v 9.5 62.194805145263672 21.408592224121094
v 9.5 62.194805145263672 20.254745483398438
v 9.5 62.194805145263672 19.100898742675781
v 9.5 62.194805145263672 17.947052001953125
v 9.5 62.194805145263672 16.793207168579102
v 9.5 62.194805145263672 15.639360427856445
v 9.5 62.194805145263672 14.485514640808105
v 9.5 62.194805145263672 13.331667900085449
v 9.5 62.194805145263672 12.177822113037109
v 9.5 62.194805145263672 11.02397632598877
v 9.5 62.194805145263672 9.8701295852661133
v 9.5 62.194805145263672 8.7162837982177734
v 9.5 62.194805145263672 7.5624375343322754
v 9.5 62.194805145263672 6.4085912704467773
v 9.5 62.194805145263672 5.2547454833984375
v 9.5 62.194805145263672 4.1008992195129395
v 9.5 62.194805145263672 2.9470529556274414
v 9.5 62.194805145263672 1.7932068109512329
v 9.5 62.194805145263672 0.63936066627502441
v 9.5 62.194805145263672 -0.51448553800582886
v 9.5 62.194805145263672 -1.6683316230773926
v 9.5 62.194805145263672 -2.8221778869628906
v 9.5 62.194805145263672 -3.9760239124298096
v 9.5 62.194805145263672 -5.1298699378967285
v 9.5 62.194805145263672 -6.2837162017822266
v 9.5 62.194805145263672 -7.4375624656677246
v 9.5 62.194805145263672 -8.5914087295532227
v 9.5 62.194805145263672 -9.7452545166015625
v 9.5 62.194805145263672 -10.899101257324219
v 9.5 62.194805145263672 -12.052947044372559
v 9.5 62.194805145263672 -13.206792831420898
v 9.5 62.194805145263672 -14.360639572143555
v 9.5 62.194805145263672 -15.514485359191895
v 9.5 62.194805145263672 -16.668331146240234
v 9.5 62.194805145263672 -17.822177886962891
v 9.5 62.194805145263672 -18.976024627685547
v 9 59.194805145263672 -23.12986946105957
v 9.5 59.194805145263672 -23.12986946105957
v 9 60.377632141113281 -22.886846542358398
v 9 61.336967468261719 -22.230140686035156
v 9 61.972080230712891 -21.26422119140625
v 9 62.194805145263672 -20.12986946105957
v 9.5 62.194805145263672 -20.12986946105957
v 9.5 62.092582702636719 -20.906328201293945
v 9.5 61.792881011962891 -21.62986946105957
v 9.5 61.316123962402344 -22.251190185546875
v 9.5 60.694805145263672 -22.727947235107422
v 9.5 59.971263885498047 -23.027647018432617
v 9 -40.805194854736328 -23.12986946105957
v 9.5 -40.805194854736328 -23.12986946105957
v 9 9.1948051452636719 -23.12986946105957
v 9.5 9.1948051452636719 -23.12986946105957
v 9 59.194805145263672 -23.12986946105957
v 9.5 59.194805145263672 -23.12986946105957
v 9 -38.631282806396484 -23.12986946105957
v 9 -36.457366943359375 -23.12986946105957
v 9 -34.283454895019531 -23.12986946105957
v 9 -32.109542846679688 -23.12986946105957
v 9 -29.935628890991211 -23.12986946105957
v 9 -27.761716842651367 -23.12986946105957
v 9 -25.587802886962891 -23.12986946105957
v 9 -23.413890838623047 -23.12986946105957
v 9 -21.23997688293457 -23.12986946105957
v 9 -19.066064834594727 -23.12986946105957
v 9 -16.89215087890625 -23.12986946105957
v 9 -14.71823787689209 -23.12986946105957
v 9 -12.54432487487793 -23.12986946105957
v 9 -10.37041187286377 -23.12986946105957
v 9 -8.1964988708496094 -23.12986946105957
v 9 -6.0225863456726074 -23.12986946105957
v 9 -3.8486731052398682 -23.12986946105957
v 9 -1.6747599840164185 -23.12986946105957
v 9 0.4991530179977417 -23.12986946105957
v 9 2.6730661392211914 -23.12986946105957
v 9 4.8469791412353516 -23.12986946105957
v 9 7.0208921432495117 -23.12986946105957
v 9 11.368718147277832 -23.12986946105957
v 9 13.542631149291992 -23.12986946105957
v 9 15.716544151306152 -23.12986946105957
v 9 17.890457153320312 -23.12986946105957
v 9 20.064371109008789 -23.12986946105957
v 9 22.238283157348633 -23.12986946105957
v 9 24.412197113037109 -23.12986946105957
v 9 26.586109161376953 -23.12986946105957
v 9 28.76002311706543 -23.12986946105957
v 9 30.933935165405273 -23.12986946105957
v 9 33.10784912109375 -23.12986946105957
v 9 35.281761169433594 -23.12986946105957
v 9 37.455673217773438 -23.12986946105957
v 9 39.629589080810547 -23.12986946105957
v 9 41.803501129150391 -23.12986946105957
v 9 43.977413177490234 -23.12986946105957
v 9 46.151325225830078 -23.12986946105957
v 9 48.325241088867188 -23.12986946105957
v 9 50.499153137207031 -23.12986946105957
v 9 52.673065185546875 -23.12986946105957
v 9 54.846977233886719 -23.12986946105957
v 9 57.020893096923828 -23.12986946105957
v 9.5 58.032012939453125 -23.12986946105957
v 9.5 56.869224548339844 -23.12986946105957
v 9.5 55.706432342529297 -23.12986946105957
v 9.5 54.543643951416016 -23.12986946105957
v 9.5 53.380851745605469 -23.12986946105957
v 9.5 52.218059539794922 -23.12986946105957
v 9.5 51.055271148681641 -23.12986946105957
v 9.5 49.892478942871094 -23.12986946105957
v 9.5 48.729690551757812 -23.12986946105957
v 9.5 47.566898345947266 -23.12986946105957
v 9.5 46.404106140136719 -23.12986946105957
v 9.5 45.241317749023438 -23.12986946105957
v 9.5 44.078525543212891 -23.12986946105957
v 9.5 42.915737152099609 -23.12986946105957
v 9.5 41.752944946289062 -23.12986946105957
v 9.5 40.590152740478516 -23.12986946105957
v 9.5 39.427364349365234 -23.12986946105957
v 9.5 38.264572143554688 -23.12986946105957
v 9.5 37.101783752441406 -23.12986946105957
v 9.5 35.938991546630859 -23.12986946105957
v 9.5 34.776199340820312 -23.12986946105957
v 9.5 33.613410949707031 -23.12986946105957
v 9.5 32.450618743896484 -23.12986946105957
v 9.5 31.28782844543457 -23.12986946105957
v 9.5 30.125038146972656 -23.12986946105957
v 9.5 28.962247848510742 -23.12986946105957
v 9.5 27.799455642700195 -23.12986946105957
v 9.5 26.636665344238281 -23.12986946105957
v 9.5 25.473875045776367 -23.12986946105957
v 9.5 24.311084747314453 -23.12986946105957
v 9.5 23.148294448852539 -23.12986946105957
v 9.5 21.985502243041992 -23.12986946105957
v 9.5 20.822711944580078 -23.12986946105957
v 9.5 19.659921646118164 -23.12986946105957
v 9.5 18.49713134765625 -23.12986946105957
v 9.5 17.334339141845703 -23.12986946105957
v 9.5 16.171548843383789 -23.12986946105957
v 9.5 15.008758544921875 -23.12986946105957
v 9.5 13.845968246459961 -23.12986946105957
v 9.5 12.68317699432373 -23.12986946105957
v 9.5 11.520386695861816 -23.12986946105957
v 9.5 10.357595443725586 -23.12986946105957
v 9.5 8.0320148468017578 -23.12986946105957
v 9.5 6.8692235946655273 -23.12986946105957
v 9.5 5.7064332962036133 -23.12986946105957
v 9.5 4.543642520904541 -23.12986946105957
v 9.5 3.3808517456054688 -23.12986946105957
v 9.5 2.2180609703063965 -23.12986946105957
v 9.5 1.0552703142166138 -23.12986946105957
v 9.5 -0.10752038657665253 -23.12986946105957
v 9.5 -1.2703111171722412 -23.12986946105957
v 9.5 -2.4331018924713135 -23.12986946105957
v 9.5 -3.5958924293518066 -23.12986946105957
v 9.5 -4.7586832046508789 -23.12986946105957
v 9.5 -5.9214739799499512 -23.12986946105957
v 9.5 -7.0842647552490234 -23.12986946105957
v 9.5 -8.2470550537109375 -23.12986946105957
v 9.5 -9.409846305847168 -23.12986946105957
v 9.5 -10.572636604309082 -23.12986946105957
v 9.5 -11.735426902770996 -23.12986946105957
v 9.5 -12.898218154907227 -23.12986946105957
v 9.5 -14.061008453369141 -23.12986946105957
v 9.5 -15.223799705505371 -23.12986946105957
v 9.5 -16.386590957641602 -23.12986946105957
v 9.5 -17.549381256103516 -23.12986946105957
v 9.5 -18.71217155456543 -23.12986946105957
v 9.5 -19.874961853027344 -23.12986946105957
v 9.5 -21.037752151489258 -23.12986946105957
v 9.5 -22.200544357299805 -23.12986946105957
v 9.5 -23.363334655761719 -23.12986946105957
v 9.5 -24.526124954223633 -23.12986946105957
v 9.5 -25.688915252685547 -23.12986946105957
v 9.5 -26.851705551147461 -23.12986946105957
v 9.5 -28.014497756958008 -23.12986946105957
v 9.5 -29.177288055419922 -23.12986946105957
v 9.5 -30.340078353881836 -23.12986946105957
v 9.5 -31.50286865234375 -23.12986946105957
v 9.5 -32.665660858154297 -23.12986946105957
v 9.5 -33.828449249267578 -23.12986946105957
v 9.5 -34.991241455078125 -23.12986946105957
v 9.5 -36.154033660888672 -23.12986946105957
v 9.5 -37.316822052001953 -23.12986946105957
v 9.5 -38.4796142578125 -23.12986946105957
v 9.5 -39.642402648925781 -23.12986946105957
v 9 -43.805194854736328 -20.12986946105957
v 9.5 -43.805194854736328 -20.12986946105957
v 9 -43.562171936035156 -21.31269645690918
v 9 -42.905464172363281 -22.27203369140625
v 9 -41.939544677734375 -22.907142639160156
v 9 -40.805194854736328 -23.12986946105957
v 9.5 -40.805194854736328 -23.12986946105957
v 9.5 -41.581653594970703 -23.027647018432617
v 9.5 -42.305194854736328 -22.727947235107422
v 9.5 -42.926513671875 -22.251190185546875
v 9.5 -43.403270721435547 -21.62986946105957
v 9.5 -43.702972412109375 -20.906328201293945
v 9 -43.805194854736328 39.870128631591797
v 9.5 -43.805194854736328 39.870128631591797
v 9 -43.805194854736328 -20.12986946105957
v 9.5 -43.805194854736328 -20.12986946105957
v 9 -43.805194854736328 37.801162719726562
v 9 -43.805194854736328 35.732200622558594
v 9 -43.805194854736328 33.663234710693359
v 9 -43.805194854736328 31.594266891479492
v 9 -43.805194854736328 29.525302886962891
v 9 -43.805194854736328 27.456336975097656
v 9 -43.805194854736328 25.387371063232422
v 9 -43.805194854736328 23.318405151367188
v 9 -43.805194854736328 21.249441146850586
v 9 -43.805194854736328 19.180475234985352
v 9 -43.805194854736328 17.111509323120117
v 9 -43.805194854736328 15.042543411254883
v 9 -43.805194854736328 12.973578453063965
v 9 -43.805194854736328 10.90461254119873
v 9 -43.805194854736328 8.8356475830078125
v 9 -43.805194854736328 6.7666816711425781
v 9 -43.805194854736328 4.697716236114502
v 9 -43.805194854736328 2.6287505626678467
v 9 -43.805194854736328 0.55978506803512573
v 9 -43.805194854736328 -1.5091804265975952
v 9 -43.805194854736328 -3.5781459808349609
v 9 -43.805194854736328 -5.6471114158630371
v 9 -43.805194854736328 -7.7160768508911133
v 9 -43.805194854736328 -9.7850427627563477
v 9 -43.805194854736328 -11.854007720947266
v 9 -43.805194854736328 -13.9229736328125
v 9 -43.805194854736328 -15.991939544677734
v 9 -43.805194854736328 -18.060905456542969
v 9.5 -43.805194854736328 -18.976024627685547
v 9.5 -43.805194854736328 -17.822177886962891
v 9.5 -43.805194854736328 -16.668331146240234
v 9.5 -43.805194854736328 -15.514485359191895
v 9.5 -43.805194854736328 -14.360639572143555
v 9.5 -43.805194854736328 -13.206792831420898
v 9.5 -43.805194854736328 -12.052947044372559
v 9.5 -43.805194854736328 -10.899101257324219
v 9.5 -43.805194854736328 -9.7452545166015625
v 9.5 -43.805194854736328 -8.5914087295532227
v 9.5 -43.805194854736328 -7.4375624656677246
v 9.5 -43.805194854736328 -6.2837162017822266
v 9.5 -43.805194854736328 -5.1298699378967285
v 9.5 -43.805194854736328 -3.9760239124298096
v 9.5 -43.805194854736328 -2.8221778869628906
v 9.5 -43.805194854736328 -1.6683316230773926
v 9.5 -43.805194854736328 -0.51448553800582886
v 9.5 -43.805194854736328 0.63936066627502441
v 9.5 -43.805194854736328 1.7932068109512329
v 9.5 -43.805194854736328 2.9470529556274414
v 9.5 -43.805194854736328 4.1008992195129395
v 9.5 -43.805194854736328 5.2547454833984375
v 9.5 -43.805194854736328 6.4085912704467773
v 9.5 -43.805194854736328 7.5624375343322754
v 9.5 -43.805194854736328 8.7162837982177734
v 9.5 -43.805194854736328 9.8701295852661133
v 9.5 -43.805194854736328 11.02397632598877
v 9.5 -43.805194854736328 12.177822113037109
v 9.5 -43.805194854736328 13.331667900085449
v 9.5 -43.805194854736328 14.485514640808105
v 9.5 -43.805194854736328 15.639360427856445
v 9.5 -43.805194854736328 16.793207168579102
v 9.5 -43.805194854736328 17.947052001953125
v 9.5 -43.805194854736328 19.100898742675781
v 9.5 -43.805194854736328 20.254745483398438
v 9.5 -43.805194854736328 21.408592224121094
v 9.5 -43.805194854736328 22.562437057495117
v 9.5 -43.805194854736328 23.716283798217773
v 9.5 -43.805194854736328 24.87013053894043
v 9.5 -43.805194854736328 26.023975372314453
v 9.5 -43.805194854736328 27.177822113037109
v 9.5 -43.805194854736328 28.331668853759766
v 9.5 -43.805194854736328 29.485513687133789
v 9.5 -43.805194854736328 30.639360427856445
v 9.5 -43.805194854736328 31.793207168579102
v 9.5 -43.805194854736328 32.947052001953125
v 9.5 -43.805194854736328 34.100898742675781
v 9.5 -43.805194854736328 35.254745483398438
v 9.5 -43.805194854736328 36.408592224121094
v 9.5 -43.805194854736328 37.56243896484375
v 9.5 -43.805194854736328 38.716281890869141
v 9 -40.805194854736328 42.870128631591797
v 9.5 -40.805194854736328 42.870128631591797
v 9 -41.988021850585938 42.627105712890625
v 9 -42.947357177734375 41.97039794921875
v 9 -43.582466125488281 41.004482269287109
v 9 -43.805194854736328 39.870128631591797
v 9.5 -43.805194854736328 39.870128631591797
v 9.5 -43.702972412109375 40.646587371826172
v 9.5 -43.403270721435547 41.370128631591797
v 9.5 -42.926513671875 41.991451263427734
v 9.5 -42.305194854736328 42.468204498291016
v 9.5 -41.581653594970703 42.767906188964844
v 9 59.194805145263672 42.870128631591797
v 9.5 59.194805145263672 42.870128631591797
v 9 9.1948051452636719 42.870128631591797
v 9.5 9.1948051452636719 42.870128631591797
v 9 -40.805194854736328 42.870128631591797
v 9.5 -40.805194854736328 42.870128631591797
v 9 57.020893096923828 42.870128631591797
v 9 54.846977233886719 42.870128631591797
v 9 52.673065185546875 42.870128631591797
v 9 50.499153137207031 42.870128631591797
v 9 48.325241088867188 42.870128631591797
v 9 46.151325225830078 42.870128631591797
v 9 43.977413177490234 42.870128631591797
v 9 41.803501129150391 42.870128631591797
v 9 39.629589080810547 42.870128631591797
v 9 37.455673217773438 42.870128631591797
v 9 35.281761169433594 42.870128631591797
v 9 33.10784912109375 42.870128631591797
v 9 30.933935165405273 42.870128631591797
v 9 28.76002311706543 42.870128631591797
v 9 26.586109161376953 42.870128631591797
v 9 24.412197113037109 42.870128631591797
v 9 22.238283157348633 42.870128631591797
v 9 20.064371109008789 42.870128631591797
v 9 17.890457153320312 42.870128631591797
v 9 15.716544151306152 42.870128631591797
v 9 13.542631149291992 42.870128631591797
v 9 11.368718147277832 42.870128631591797
v 9 7.0208921432495117 42.870128631591797
v 9 4.8469791412353516 42.870128631591797
v 9 2.6730661392211914 42.870128631591797
v 9 0.4991530179977417 42.870128631591797
v 9 -1.6747599840164185 42.870128631591797
v 9 -3.8486731052398682 42.870128631591797
v 9 -6.0225863456726074 42.870128631591797
v 9 -8.1964988708496094 42.870128631591797
v 9 -10.37041187286377 42.870128631591797
v 9 -12.54432487487793 42.870128631591797
v 9 -14.71823787689209 42.870128631591797
v 9 -16.89215087890625 42.870128631591797
v 9 -19.066064834594727 42.870128631591797
v 9 -21.23997688293457 42.870128631591797
v 9 -23.413890838623047 42.870128631591797
v 9 -25.587802886962891 42.870128631591797
v 9 -27.761716842651367 42.870128631591797
v 9 -29.935628890991211 42.870128631591797
v 9 -32.109542846679688 42.870128631591797
v 9 -34.283454895019531 42.870128631591797
v 9 -36.457366943359375 42.870128631591797
v 9 -38.631282806396484 42.870128631591797
v 9.5 -39.642402648925781 42.870128631591797
v 9.5 -38.4796142578125 42.870128631591797
v 9.5 -37.316822052001953 42.870128631591797
v 9.5 -36.154033660888672 42.870128631591797
v 9.5 -34.991241455078125 42.870128631591797
v 9.5 -33.828449249267578 42.870128631591797
v 9.5 -32.665660858154297 42.870128631591797
v 9.5 -31.50286865234375 42.870128631591797
v 9.5 -30.340078353881836 42.870128631591797
v 9.5 -29.177288055419922 42.870128631591797
v 9.5 -28.014497756958008 42.870128631591797
v 9.5 -26.851705551147461 42.870128631591797
v 9.5 -25.688915252685547 42.870128631591797
v 9.5 -24.526124954223633 42.870128631591797
v 9.5 -23.363334655761719 42.870128631591797
v 9.5 -22.200544357299805 42.870128631591797
v 9.5 -21.037752151489258 42.870128631591797
v 9.5 -19.874961853027344 42.870128631591797
v 9.5 -18.71217155456543 42.870128631591797
v 9.5 -17.549381256103516 42.870128631591797
v 9.5 -16.386590957641602 42.870128631591797
v 9.5 -15.223799705505371 42.870128631591797
v 9.5 -14.061008453369141 42.870128631591797
v 9.5 -12.898218154907227 42.870128631591797
v 9.5 -11.735426902770996 42.870128631591797
v 9.5 -10.572636604309082 42.870128631591797
v 9.5 -9.409846305847168 42.870128631591797
v 9.5 -8.2470550537109375 42.870128631591797
v 9.5 -7.0842647552490234 42.870128631591797
v 9.5 -5.9214739799499512 42.870128631591797
v 9.5 -4.7586832046508789 42.870128631591797
v 9.5 -3.5958924293518066 42.870128631591797
v 9.5 -2.4331018924713135 42.870128631591797
v 9.5 -1.2703111171722412 42.870128631591797
v 9.5 -0.10752038657665253 42.870128631591797
v 9.5 1.0552703142166138 42.870128631591797
v 9.5 2.2180609703063965 42.870128631591797
v 9.5 3.3808517456054688 42.870128631591797
v 9.5 4.543642520904541 42.870128631591797
v 9.5 5.7064332962036133 42.870128631591797
v 9.5 6.8692235946655273 42.870128631591797
v 9.5 8.0320148468017578 42.870128631591797
v 9.5 10.357595443725586 42.870128631591797
v 9.5 11.520386695861816 42.870128631591797
v 9.5 12.68317699432373 42.870128631591797
v 9.5 13.845968246459961 42.870128631591797
v 9.5 15.008758544921875 42.870128631591797
v 9.5 16.171548843383789 42.870128631591797
v 9.5 17.334339141845703 42.870128631591797
v 9.5 18.49713134765625 42.870128631591797
v 9.5 19.659921646118164 42.870128631591797
v 9.5 20.822711944580078 42.870128631591797
v 9.5 21.985502243041992 42.870128631591797
v 9.5 23.148294448852539 42.870128631591797
v 9.5 24.311084747314453 42.870128631591797
v 9.5 25.473875045776367 42.870128631591797
v 9.5 26.636665344238281 42.870128631591797
v 9.5 27.799455642700195 42.870128631591797
v 9.5 28.962247848510742 42.870128631591797
v 9.5 30.125038146972656 42.870128631591797
v 9.5 31.28782844543457 42.870128631591797
v 9.5 32.450618743896484 42.870128631591797
v 9.5 33.613410949707031 42.870128631591797
v 9.5 34.776199340820312 42.870128631591797
v 9.5 35.938991546630859 42.870128631591797
v 9.5 37.101783752441406 42.870128631591797
v 9.5 38.264572143554688 42.870128631591797
v 9.5 39.427364349365234 42.870128631591797
v 9.5 40.590152740478516 42.870128631591797
v 9.5 41.752944946289062 42.870128631591797
v 9.5 42.915737152099609 42.870128631591797
v 9.5 44.078525543212891 42.870128631591797
v 9.5 45.241317749023438 42.870128631591797
v 9.5 46.404106140136719 42.870128631591797
v 9.5 47.566898345947266 42.870128631591797
v 9.5 48.729690551757812 42.870128631591797
v 9.5 49.892478942871094 42.870128631591797
v 9.5 51.055271148681641 42.870128631591797
v 9.5 52.218059539794922 42.870128631591797
v 9.5 53.380851745605469 42.870128631591797
v 9.5 54.543643951416016 42.870128631591797
v 9.5 55.706432342529297 42.870128631591797
v 9.5 56.869224548339844 42.870128631591797
v 9.5 58.032012939453125 42.870128631591797
v 9 -17.305194854736328 26.37013053894043
v 9 9.1948051452636719 26.37013053894043
v 9 35.694805145263672 26.37013053894043
v 9 -17.305194854736328 9.8701295852661133
v 9 9.1948051452636719 9.8701295852661133
v 9 35.694805145263672 9.8701295852661133
v 9 -17.305194854736328 -6.6298699378967285
v 9 9.1948051452636719 -6.6298699378967285
v 9 35.694805145263672 -6.6298699378967285
v 9 9.1948051452636719 -23.12986946105957
v 9 62.194805145263672 39.870128631591797
v 9 61.9517822265625 41.052955627441406
v 9 61.295074462890625 42.012294769287109
v 9 60.329158782958984 42.647403717041016
v 9 59.194805145263672 42.870128631591797
v 9 48.944805145263672 26.37013053894043
v 9 35.694805145263672 34.620128631591797
v 9 48.944805145263672 34.620128631591797
v 9 55.569805145263672 34.620128631591797
v 9 48.944805145263672 38.745128631591797
v 9 55.569805145263672 38.745128631591797
v 9 58.882305145263672 38.745128631591797
v 9 55.569805145263672 40.807628631591797
v 9 58.882305145263672 40.807628631591797
v 9 62.194805145263672 -20.12986946105957
v 9 62.194805145263672 -18.060905456542969
v 9 62.194805145263672 -15.991939544677734
v 9 62.194805145263672 -13.9229736328125
v 9 62.194805145263672 -11.854007720947266
v 9 62.194805145263672 -9.7850427627563477
v 9 62.194805145263672 -7.7160768508911133
v 9 62.194805145263672 -5.6471114158630371
v 9 62.194805145263672 -3.5781459808349609
v 9 62.194805145263672 -1.5091804265975952
v 9 62.194805145263672 0.55978506803512573
v 9 62.194805145263672 2.6287505626678467
v 9 62.194805145263672 4.697716236114502
v 9 62.194805145263672 6.7666816711425781
v 9 62.194805145263672 8.8356475830078125
v 9 62.194805145263672 10.90461254119873
v 9 62.194805145263672 12.973578453063965
v 9 62.194805145263672 15.042543411254883
v 9 62.194805145263672 17.111509323120117
v 9 62.194805145263672 19.180475234985352
v 9 62.194805145263672 21.249441146850586
v 9 62.194805145263672 23.318405151367188
v 9 62.194805145263672 25.387371063232422
v 9 62.194805145263672 27.456336975097656
v 9 62.194805145263672 29.525302886962891
v 9 62.194805145263672 31.594266891479492
v 9 62.194805145263672 33.663234710693359
v 9 62.194805145263672 35.732200622558594
v 9 62.194805145263672 37.801162719726562
v 9 48.944805145263672 -6.6298699378967285
v 9 35.694805145263672 -14.879870414733887
v 9 48.944805145263672 -14.879870414733887
v 9 55.569805145263672 -14.879870414733887
v 9 48.944805145263672 -19.00486946105957
v 9 55.569805145263672 -19.00486946105957
v 9 55.569805145263672 -6.6298699378967285
v 9 48.944805145263672 -10.754870414733887
v 9 55.569805145263672 -10.754870414733887
v 9 48.944805145263672 9.8701295852661133
v 9 35.694805145263672 1.6201298236846924
v 9 48.944805145263672 1.6201298236846924
v 9 55.569805145263672 1.6201298236846924
v 9 48.944805145263672 -2.5048701763153076
v 9 55.569805145263672 -2.5048701763153076
v 9 55.569805145263672 9.8701295852661133
v 9 48.944805145263672 5.7451300621032715
v 9 55.569805145263672 5.7451300621032715
v 9 35.694805145263672 18.12013053894043
v 9 48.944805145263672 18.12013053894043
v 9 55.569805145263672 18.12013053894043
v 9 48.944805145263672 13.995129585266113
v 9 55.569805145263672 13.995129585266113
v 9 55.569805145263672 26.37013053894043
v 9 48.944805145263672 22.24513053894043
v 9 55.569805145263672 22.24513053894043
v 9 48.944805145263672 30.49513053894043
v 9 55.569805145263672 30.49513053894043
v 9 59.194805145263672 -23.12986946105957
v 9 60.377632141113281 -22.886846542358398
v 9 61.336967468261719 -22.230140686035156
v 9 61.972080230712891 -21.26422119140625
v 9 58.882305145263672 -19.00486946105957
v 9 55.569805145263672 -21.06736946105957
v 9 58.882305145263672 -21.06736946105957
v 9 -40.805194854736328 -23.12986946105957
v 9 -38.631282806396484 -23.12986946105957
v 9 -36.457366943359375 -23.12986946105957
v 9 -34.283454895019531 -23.12986946105957
v 9 -32.109542846679688 -23.12986946105957
v 9 -29.935628890991211 -23.12986946105957
v 9 -27.761716842651367 -23.12986946105957
v 9 -25.587802886962891 -23.12986946105957
v 9 -23.413890838623047 -23.12986946105957
v 9 -21.23997688293457 -23.12986946105957
v 9 -19.066064834594727 -23.12986946105957
v 9 -16.89215087890625 -23.12986946105957
v 9 -14.71823787689209 -23.12986946105957
v 9 -12.54432487487793 -23.12986946105957
v 9 -10.37041187286377 -23.12986946105957
v 9 -8.1964988708496094 -23.12986946105957
v 9 -6.0225863456726074 -23.12986946105957
v 9 -3.8486731052398682 -23.12986946105957
v 9 -1.6747599840164185 -23.12986946105957
v 9 0.4991530179977417 -23.12986946105957
v 9 2.6730661392211914 -23.12986946105957
v 9 4.8469791412353516 -23.12986946105957
v 9 7.0208921432495117 -23.12986946105957
v 9 11.368718147277832 -23.12986946105957
v 9 13.542631149291992 -23.12986946105957
v 9 15.716544151306152 -23.12986946105957
v 9 17.890457153320312 -23.12986946105957
v 9 20.064371109008789 -23.12986946105957
v 9 22.238283157348633 -23.12986946105957
v 9 24.412197113037109 -23.12986946105957
v 9 26.586109161376953 -23.12986946105957
v 9 28.76002311706543 -23.12986946105957
v 9 30.933935165405273 -23.12986946105957
v 9 33.10784912109375 -23.12986946105957
v 9 35.281761169433594 -23.12986946105957
v 9 37.455673217773438 -23.12986946105957
v 9 39.629589080810547 -23.12986946105957
v 9 41.803501129150391 -23.12986946105957
v 9 43.977413177490234 -23.12986946105957
v 9 46.151325225830078 -23.12986946105957
v 9 48.325241088867188 -23.12986946105957
v 9 50.499153137207031 -23.12986946105957
v 9 52.673065185546875 -23.12986946105957
v 9 54.846977233886719 -23.12986946105957
v 9 57.020893096923828 -23.12986946105957
v 9 -17.305194854736328 -14.879870414733887
v 9 -30.555194854736328 -6.6298699378967285
v 9 -30.555194854736328 -14.879870414733887
v 9 -30.555194854736328 -19.00486946105957
v 9 -37.180194854736328 -14.879870414733887
v 9 -37.180194854736328 -19.00486946105957
v 9 -17.305194854736328 -19.00486946105957
v 9 -23.930194854736328 -14.879870414733887
v 9 -23.930194854736328 -19.00486946105957
v 9 9.1948051452636719 -14.879870414733887
v 9 -4.0551948547363281 -6.6298699378967285
v 9 -4.0551948547363281 -14.879870414733887
v 9 -4.0551948547363281 -19.00486946105957
v 9 -10.680194854736328 -14.879870414733887
v 9 -10.680194854736328 -19.00486946105957
v 9 9.1948051452636719 -19.00486946105957
v 9 2.5698051452636719 -14.879870414733887
v 9 2.5698051452636719 -19.00486946105957
v 9 22.444805145263672 -6.6298699378967285
v 9 22.444805145263672 -14.879870414733887
v 9 22.444805145263672 -19.00486946105957
v 9 15.819805145263672 -14.879870414733887
v 9 15.819805145263672 -19.00486946105957
v 9 35.694805145263672 -19.00486946105957
v 9 29.069805145263672 -14.879870414733887
v 9 29.069805145263672 -19.00486946105957
v 9 42.319805145263672 -14.879870414733887
v 9 42.319805145263672 -19.00486946105957
v 9 -43.805194854736328 -20.12986946105957
v 9 -43.562171936035156 -21.31269645690918
v 9 -42.905464172363281 -22.27203369140625
v 9 -41.939544677734375 -22.907142639160156
v 9 -37.180194854736328 -21.06736946105957
v 9 -40.492694854736328 -19.00486946105957
v 9 -40.492694854736328 -21.06736946105957
v 9 -43.805194854736328 39.870128631591797
v 9 -43.805194854736328 37.801162719726562
v 9 -43.805194854736328 35.732200622558594
v 9 -43.805194854736328 33.663234710693359
v 9 -43.805194854736328 31.594266891479492
v 9 -43.805194854736328 29.525302886962891
v 9 -43.805194854736328 27.456336975097656
v 9 -43.805194854736328 25.387371063232422
v 9 -43.805194854736328 23.318405151367188
v 9 -43.805194854736328 21.249441146850586
v 9 -43.805194854736328 19.180475234985352
v 9 -43.805194854736328 17.111509323120117
v 9 -43.805194854736328 15.042543411254883
v 9 -43.805194854736328 12.973578453063965
v 9 -43.805194854736328 10.90461254119873
v 9 -43.805194854736328 8.8356475830078125
v 9 -43.805194854736328 6.7666816711425781
v 9 -43.805194854736328 4.697716236114502
v 9 -43.805194854736328 2.6287505626678467
v 9 -43.805194854736328 0.55978506803512573
v 9 -43.805194854736328 -1.5091804265975952
v 9 -43.805194854736328 -3.5781459808349609
v 9 -43.805194854736328 -5.6471114158630371
v 9 -43.805194854736328 -7.7160768508911133
v 9 -43.805194854736328 -9.7850427627563477
v 9 -43.805194854736328 -11.854007720947266
v 9 -43.805194854736328 -13.9229736328125
v 9 -43.805194854736328 -15.991939544677734
v 9 -43.805194854736328 -18.060905456542969
v 9 -30.555194854736328 26.37013053894043
v 9 -17.305194854736328 34.620128631591797
v 9 -30.555194854736328 34.620128631591797
v 9 -37.180194854736328 34.620128631591797
v 9 -30.555194854736328 38.745128631591797
v 9 -37.180194854736328 38.745128631591797
v 9 -37.180194854736328 26.37013053894043
v 9 -30.555194854736328 30.49513053894043
v 9 -37.180194854736328 30.49513053894043
v 9 -30.555194854736328 9.8701295852661133
v 9 -17.305194854736328 18.12013053894043
v 9 -30.555194854736328 18.12013053894043
v 9 -37.180194854736328 18.12013053894043
v 9 -30.555194854736328 22.24513053894043
v 9 -37.180194854736328 22.24513053894043
v 9 -37.180194854736328 9.8701295852661133
v 9 -30.555194854736328 13.995129585266113
v 9 -37.180194854736328 13.995129585266113
v 9 -17.305194854736328 1.6201298236846924
v 9 -30.555194854736328 1.6201298236846924
v 9 -37.180194854736328 1.6201298236846924
v 9 -30.555194854736328 5.7451300621032715
v 9 -37.180194854736328 5.7451300621032715
v 9 -37.180194854736328 -6.6298699378967285
v 9 -30.555194854736328 -2.5048701763153076
v 9 -37.180194854736328 -2.5048701763153076
v 9 -30.555194854736328 -10.754870414733887
v 9 -37.180194854736328 -10.754870414733887
v 9 -40.805194854736328 42.870128631591797
v 9 -41.988021850585938 42.627105712890625
v 9 -42.947357177734375 41.97039794921875
v 9 -43.582466125488281 41.004482269287109
v 9 -40.492694854736328 38.745128631591797
v 9 -37.180194854736328 40.807628631591797
v 9 -40.492694854736328 40.807628631591797
v 9 57.020893096923828 42.870128631591797
v 9 54.846977233886719 42.870128631591797
v 9 52.673065185546875 42.870128631591797
v 9 50.499153137207031 42.870128631591797
v 9 48.325241088867188 42.870128631591797
v 9 46.151325225830078 42.870128631591797
v 9 43.977413177490234 42.870128631591797
v 9 41.803501129150391 42.870128631591797
v 9 39.629589080810547 42.870128631591797
v 9 37.455673217773438 42.870128631591797
v 9 35.281761169433594 42.870128631591797
v 9 33.10784912109375 42.870128631591797
v 9 30.933935165405273 42.870128631591797
v 9 28.76002311706543 42.870128631591797
v 9 26.586109161376953 42.870128631591797
v 9 24.412197113037109 42.870128631591797
v 9 22.238283157348633 42.870128631591797
v 9 20.064371109008789 42.870128631591797
v 9 17.890457153320312 42.870128631591797
v 9 15.716544151306152 42.870128631591797
v 9 13.542631149291992 42.870128631591797
v 9 11.368718147277832 42.870128631591797
v 9 9.1948051452636719 42.870128631591797
v 9 7.0208921432495117 42.870128631591797
v 9 4.8469791412353516 42.870128631591797
v 9 2.6730661392211914 42.870128631591797
v 9 0.4991530179977417 42.870128631591797
v 9 -1.6747599840164185 42.870128631591797
v 9 -3.8486731052398682 42.870128631591797
v 9 -6.0225863456726074 42.870128631591797
v 9 -8.1964988708496094 42.870128631591797
v 9 -10.37041187286377 42.870128631591797
v 9 -12.54432487487793 42.870128631591797
v 9 -14.71823787689209 42.870128631591797
v 9 -16.89215087890625 42.870128631591797
v 9 -19.066064834594727 42.870128631591797
v 9 -21.23997688293457 42.870128631591797
v 9 -23.413890838623047 42.870128631591797
v 9 -25.587802886962891 42.870128631591797
v 9 -27.761716842651367 42.870128631591797
v 9 -29.935628890991211 42.870128631591797
v 9 -32.109542846679688 42.870128631591797
v 9 -34.283454895019531 42.870128631591797
v 9 -36.457366943359375 42.870128631591797
v 9 -38.631282806396484 42.870128631591797
v 9 42.319805145263672 34.620128631591797
v 9 35.694805145263672 38.745128631591797
v 9 42.319805145263672 38.745128631591797
v 9 22.444805145263672 26.37013053894043
v 9 9.1948051452636719 34.620128631591797
v 9 22.444805145263672 34.620128631591797
v 9 29.069805145263672 34.620128631591797
v 9 22.444805145263672 38.745128631591797
v 9 29.069805145263672 38.745128631591797
v 9 15.819805145263672 34.620128631591797
v 9 9.1948051452636719 38.745128631591797
v 9 15.819805145263672 38.745128631591797
v 9 -4.0551948547363281 26.37013053894043
v 9 -4.0551948547363281 34.620128631591797
v 9 2.5698051452636719 34.620128631591797
v 9 -4.0551948547363281 38.745128631591797
v 9 2.5698051452636719 38.745128631591797
v 9 -10.680194854736328 34.620128631591797
v 9 -17.305194854736328 38.745128631591797
v 9 -10.680194854736328 38.745128631591797
v 9 -23.930194854736328 34.620128631591797
v 9 -23.930194854736328 38.745128631591797
v 10 59.194805145263672 -23.62986946105957
v 10 58.032012939453125 -23.62986946105957
v 10 56.869224548339844 -23.62986946105957
v 10 55.706432342529297 -23.62986946105957
v 10 54.543643951416016 -23.62986946105957
v 10 53.380851745605469 -23.62986946105957
v 10 52.218059539794922 -23.62986946105957
v 10 51.055271148681641 -23.62986946105957
v 10 49.892478942871094 -23.62986946105957
v 10 48.729690551757812 -23.62986946105957
v 10 47.566898345947266 -23.62986946105957
v 10 46.404106140136719 -23.62986946105957
v 10 45.241317749023438 -23.62986946105957
v 10 44.078525543212891 -23.62986946105957
v 10 42.915737152099609 -23.62986946105957
v 10 41.752944946289062 -23.62986946105957
v 10 40.590152740478516 -23.62986946105957
v 10 39.427364349365234 -23.62986946105957
v 10 38.264572143554688 -23.62986946105957
v 10 37.101783752441406 -23.62986946105957
v 10 35.938991546630859 -23.62986946105957
v 10 34.776199340820312 -23.62986946105957
v 10 33.613410949707031 -23.62986946105957
v 10 32.450618743896484 -23.62986946105957
v 10 31.28782844543457 -23.62986946105957
v 10 30.125038146972656 -23.62986946105957
v 10 28.962247848510742 -23.62986946105957
v 10 27.799455642700195 -23.62986946105957
v 10 26.636665344238281 -23.62986946105957
v 10 25.473875045776367 -23.62986946105957
v 10 24.311084747314453 -23.62986946105957
v 10 23.148294448852539 -23.62986946105957
v 10 21.985502243041992 -23.62986946105957
v 10 20.822711944580078 -23.62986946105957
v 10 19.659921646118164 -23.62986946105957
v 10 18.49713134765625 -23.62986946105957
v 10 17.334339141845703 -23.62986946105957
v 10 16.171548843383789 -23.62986946105957
v 10 15.008758544921875 -23.62986946105957
v 10 13.845968246459961 -23.62986946105957
v 10 12.68317699432373 -23.62986946105957
v 10 11.520386695861816 -23.62986946105957
v 10 10.357595443725586 -23.62986946105957
v 10 9.1948051452636719 -23.62986946105957
v 10 8.0320148468017578 -23.62986946105957
v 10 6.8692235946655273 -23.62986946105957
v 10 5.7064332962036133 -23.62986946105957
v 10 4.543642520904541 -23.62986946105957
v 10 3.3808517456054688 -23.62986946105957
v 10 2.2180609703063965 -23.62986946105957
v 10 1.0552703142166138 -23.62986946105957
v 10 -0.10752038657665253 -23.62986946105957
v 10 -1.2703111171722412 -23.62986946105957
v 10 -2.4331018924713135 -23.62986946105957
v 10 -3.5958924293518066 -23.62986946105957
v 10 -4.7586832046508789 -23.62986946105957
v 10 -5.9214739799499512 -23.62986946105957
v 10 -7.0842647552490234 -23.62986946105957
v 10 -8.2470550537109375 -23.62986946105957
v 10 -9.409846305847168 -23.62986946105957
v 10 -10.572636604309082 -23.62986946105957
v 10 -11.735426902770996 -23.62986946105957
v 10 -12.898218154907227 -23.62986946105957
v 10 -14.061008453369141 -23.62986946105957
v 10 -15.223799705505371 -23.62986946105957
v 10 -16.386590957641602 -23.62986946105957
v 10 -17.549381256103516 -23.62986946105957
v 10 -18.71217155456543 -23.62986946105957
v 10 -19.874961853027344 -23.62986946105957
v 10 -21.037752151489258 -23.62986946105957
v 10 -22.200544357299805 -23.62986946105957
v 10 -23.363334655761719 -23.62986946105957
v 10 -24.526124954223633 -23.62986946105957
v 10 -25.688915252685547 -23.62986946105957
v 10 -26.851705551147461 -23.62986946105957
v 10 -28.014497756958008 -23.62986946105957
v 10 -29.177288055419922 -23.62986946105957
v 10 -30.340078353881836 -23.62986946105957
v 10 -31.50286865234375 -23.62986946105957
v 10 -32.665660858154297 -23.62986946105957
v 10 -33.828449249267578 -23.62986946105957
v 10 -34.991241455078125 -23.62986946105957
v 10 -36.154033660888672 -23.62986946105957
v 10 -37.316822052001953 -23.62986946105957
v 10 -38.4796142578125 -23.62986946105957
v 10 -39.642402648925781 -23.62986946105957
v 10 -40.805194854736328 -23.62986946105957
v 9.9594964981079102 58.032012939453125 -23.432731628417969
v 9.9594964981079102 56.869224548339844 -23.432731628417969
v 9.9594964981079102 55.706432342529297 -23.432731628417969
v 9.9594964981079102 54.543643951416016 -23.432731628417969
v 9.9594964981079102 53.380851745605469 -23.432731628417969
v 9.9594964981079102 52.218059539794922 -23.432731628417969
v 9.9594964981079102 51.055271148681641 -23.432731628417969
v 9.9594964981079102 49.892478942871094 -23.432731628417969
v 9.9594964981079102 48.729690551757812 -23.432731628417969
v 9.9594964981079102 47.566898345947266 -23.432731628417969
v 9.9594964981079102 46.404106140136719 -23.432731628417969
v 9.9594964981079102 45.241317749023438 -23.432731628417969
v 9.9594964981079102 44.078525543212891 -23.432731628417969
v 9.9594964981079102 42.915737152099609 -23.432731628417969
v 9.9594964981079102 41.752944946289062 -23.432731628417969
v 9.9594964981079102 40.590152740478516 -23.432731628417969
v 9.9594964981079102 39.427364349365234 -23.432731628417969
v 9.9594964981079102 38.264572143554688 -23.432731628417969
v 9.9594964981079102 37.101783752441406 -23.432731628417969
v 9.9594964981079102 35.938991546630859 -23.432731628417969
v 9.9594964981079102 34.776199340820312 -23.432731628417969
v 9.9594964981079102 33.613410949707031 -23.432731628417969
v 9.9594964981079102 32.450618743896484 -23.432731628417969
v 9.9594964981079102 31.28782844543457 -23.432731628417969
v 9.9594964981079102 30.125038146972656 -23.432731628417969
v 9.9594964981079102 28.962247848510742 -23.432731628417969
v 9.9594964981079102 27.799455642700195 -23.432731628417969
v 9.9594964981079102 26.636665344238281 -23.432731628417969
v 9.9594964981079102 25.473875045776367 -23.432731628417969
v 9.9594964981079102 24.311084747314453 -23.432731628417969
v 9.9594964981079102 23.148294448852539 -23.432731628417969
v 9.9594964981079102 21.985502243041992 -23.432731628417969
v 9.9594964981079102 20.822711944580078 -23.432731628417969
v 9.9594964981079102 19.659921646118164 -23.432731628417969
v 9.9594964981079102 18.49713134765625 -23.432731628417969
v 9.9594964981079102 17.334339141845703 -23.432731628417969
v 9.9594964981079102 16.171548843383789 -23.432731628417969
v 9.9594964981079102 15.008758544921875 -23.432731628417969
v 9.9594964981079102 13.845968246459961 -23.432731628417969
v 9.9594964981079102 12.68317699432373 -23.432731628417969
v 9.9594964981079102 11.520386695861816 -23.432731628417969
v 9.9594964981079102 10.357595443725586 -23.432731628417969
v 9.9594964981079102 9.1948051452636719 -23.432731628417969
v 9.9594964981079102 8.0320148468017578 -23.432731628417969
v 9.9594964981079102 6.8692235946655273 -23.432731628417969
v 9.9594964981079102 5.7064332962036133 -23.432731628417969
v 9.9594964981079102 4.543642520904541 -23.432731628417969
v 9.9594964981079102 3.3808517456054688 -23.432731628417969
v 9.9594964981079102 2.2180609703063965 -23.432731628417969
v 9.9594964981079102 1.0552703142166138 -23.432731628417969
v 9.9594964981079102 -0.10752038657665253 -23.432731628417969
v 9.9594964981079102 -1.2703111171722412 -23.432731628417969
v 9.9594964981079102 -2.4331018924713135 -23.432731628417969
v 9.9594964981079102 -3.5958924293518066 -23.432731628417969
v 9.9594964981079102 -4.7586832046508789 -23.432731628417969
v 9.9594964981079102 -5.9214739799499512 -23.432731628417969
v 9.9594964981079102 -7.0842647552490234 -23.432731628417969
v 9.9594964981079102 -8.2470550537109375 -23.432731628417969
v 9.9594964981079102 -9.409846305847168 -23.432731628417969
v 9.9594964981079102 -10.572636604309082 -23.432731628417969
v 9.9594964981079102 -11.735426902770996 -23.432731628417969
v 9.9594964981079102 -12.898218154907227 -23.432731628417969
v 9.9594964981079102 -14.061008453369141 -23.432731628417969
v 9.9594964981079102 -15.223799705505371 -23.432731628417969
v 9.9594964981079102 -16.386590957641602 -23.432731628417969
v 9.9594964981079102 -17.549381256103516 -23.432731628417969
v 9.9594964981079102 -18.71217155456543 -23.432731628417969
v 9.9594964981079102 -19.874961853027344 -23.432731628417969
v 9.9594964981079102 -21.037752151489258 -23.432731628417969
v 9.9594964981079102 -22.200544357299805 -23.432731628417969
v 9.9594964981079102 -23.363334655761719 -23.432731628417969
v 9.9594964981079102 -24.526124954223633 -23.432731628417969
v 9.9594964981079102 -25.688915252685547 -23.432731628417969
v 9.9594964981079102 -26.851705551147461 -23.432731628417969
v 9.9594964981079102 -28.014497756958008 -23.432731628417969
v 9.9594964981079102 -29.177288055419922 -23.432731628417969
v 9.9594964981079102 -30.340078353881836 -23.432731628417969
v 9.9594964981079102 -31.50286865234375 -23.432731628417969
v 9.9594964981079102 -32.665660858154297 -23.432731628417969
v 9.9594964981079102 -33.828449249267578 -23.432731628417969
v 9.9594964981079102 -34.991241455078125 -23.432731628417969
v 9.9594964981079102 -36.154033660888672 -23.432731628417969
v 9.9594964981079102 -37.316822052001953 -23.432731628417969
v 9.9594964981079102 -38.4796142578125 -23.432731628417969
v 9.9594964981079102 -39.642402648925781 -23.432731628417969
v 9.8500452041625977 58.032012939453125 -23.272842407226562
v 9.8500452041625977 56.869224548339844 -23.272842407226562
v 9.8500452041625977 55.706432342529297 -23.272842407226562
v 9.8500452041625977 54.543643951416016 -23.272842407226562
v 9.8500452041625977 53.380851745605469 -23.272842407226562
v 9.8500452041625977 52.218059539794922 -23.272842407226562
v 9.8500452041625977 51.055271148681641 -23.272842407226562
v 9.8500452041625977 49.892478942871094 -23.272842407226562
v 9.8500452041625977 48.729690551757812 -23.272842407226562
v 9.8500452041625977 47.566898345947266 -23.272842407226562
v 9.8500452041625977 46.404106140136719 -23.272842407226562
v 9.8500452041625977 45.241317749023438 -23.272842407226562
v 9.8500452041625977 44.078525543212891 -23.272842407226562
v 9.8500452041625977 42.915737152099609 -23.272842407226562
v 9.8500452041625977 41.752944946289062 -23.272842407226562
v 9.8500452041625977 40.590152740478516 -23.272842407226562
v 9.8500452041625977 39.427364349365234 -23.272842407226562
v 9.8500452041625977 38.264572143554688 -23.272842407226562
v 9.8500452041625977 37.101783752441406 -23.272842407226562
v 9.8500452041625977 35.938991546630859 -23.272842407226562
v 9.8500452041625977 34.776199340820312 -23.272842407226562
v 9.8500452041625977 33.613410949707031 -23.272842407226562
v 9.8500452041625977 32.450618743896484 -23.272842407226562
v 9.8500452041625977 31.28782844543457 -23.272842407226562
v 9.8500452041625977 30.125038146972656 -23.272842407226562
v 9.8500452041625977 28.962247848510742 -23.272842407226562
v 9.8500452041625977 27.799455642700195 -23.272842407226562
v 9.8500452041625977 26.636665344238281 -23.272842407226562
v 9.8500452041625977 25.473875045776367 -23.272842407226562
v 9.8500452041625977 24.311084747314453 -23.272842407226562
v 9.8500452041625977 23.148294448852539 -23.272842407226562
v 9.8500452041625977 21.985502243041992 -23.272842407226562
v 9.8500452041625977 20.822711944580078 -23.272842407226562
v 9.8500452041625977 19.659921646118164 -23.272842407226562
v 9.8500452041625977 18.49713134765625 -23.272842407226562
v 9.8500452041625977 17.334339141845703 -23.272842407226562
v 9.8500452041625977 16.171548843383789 -23.272842407226562
v 9.8500452041625977 15.008758544921875 -23.272842407226562
v 9.8500452041625977 13.845968246459961 -23.272842407226562
v 9.8500452041625977 12.68317699432373 -23.272842407226562
v 9.8500452041625977 11.520386695861816 -23.272842407226562
v 9.8500452041625977 10.357595443725586 -23.272842407226562
v 9.8500452041625977 9.1948051452636719 -23.272842407226562
v 9.8500452041625977 8.0320148468017578 -23.272842407226562
v 9.8500452041625977 6.8692235946655273 -23.272842407226562
v 9.8500452041625977 5.7064332962036133 -23.272842407226562
v 9.8500452041625977 4.543642520904541 -23.272842407226562
v 9.8500452041625977 3.3808517456054688 -23.272842407226562
v 9.8500452041625977 2.2180609703063965 -23.272842407226562
v 9.8500452041625977 1.0552703142166138 -23.272842407226562
v 9.8500452041625977 -0.10752038657665253 -23.272842407226562
v 9.8500452041625977 -1.2703111171722412 -23.272842407226562
v 9.8500452041625977 -2.4331018924713135 -23.272842407226562
v 9.8500452041625977 -3.5958924293518066 -23.272842407226562
v 9.8500452041625977 -4.7586832046508789 -23.272842407226562
v 9.8500452041625977 -5.9214739799499512 -23.272842407226562
v 9.8500452041625977 -7.0842647552490234 -23.272842407226562
v 9.8500452041625977 -8.2470550537109375 -23.272842407226562
v 9.8500452041625977 -9.409846305847168 -23.272842407226562
v 9.8500452041625977 -10.572636604309082 -23.272842407226562
v 9.8500452041625977 -11.735426902770996 -23.272842407226562
v 9.8500452041625977 -12.898218154907227 -23.272842407226562
v 9.8500452041625977 -14.061008453369141 -23.272842407226562
v 9.8500452041625977 -15.223799705505371 -23.272842407226562
v 9.8500452041625977 -16.386590957641602 -23.272842407226562
v 9.8500452041625977 -17.549381256103516 -23.272842407226562
v 9.8500452041625977 -18.71217155456543 -23.272842407226562
v 9.8500452041625977 -19.874961853027344 -23.272842407226562
v 9.8500452041625977 -21.037752151489258 -23.272842407226562
v 9.8500452041625977 -22.200544357299805 -23.272842407226562
v 9.8500452041625977 -23.363334655761719 -23.272842407226562
v 9.8500452041625977 -24.526124954223633 -23.272842407226562
v 9.8500452041625977 -25.688915252685547 -23.272842407226562
v 9.8500452041625977 -26.851705551147461 -23.272842407226562
v 9.8500452041625977 -28.014497756958008 -23.272842407226562
v 9.8500452041625977 -29.177288055419922 -23.272842407226562
v 9.8500452041625977 -30.340078353881836 -23.272842407226562
v 9.8500452041625977 -31.50286865234375 -23.272842407226562
v 9.8500452041625977 -32.665660858154297 -23.272842407226562
v 9.8500452041625977 -33.828449249267578 -23.272842407226562
v 9.8500452041625977 -34.991241455078125 -23.272842407226562
v 9.8500452041625977 -36.154033660888672 -23.272842407226562
v 9.8500452041625977 -37.316822052001953 -23.272842407226562
v 9.8500452041625977 -38.4796142578125 -23.272842407226562
v 9.8500452041625977 -39.642402648925781 -23.272842407226562
v 9.6890583038330078 58.032012939453125 -23.1669921875
v 9.6890583038330078 56.869224548339844 -23.1669921875
v 9.6890583038330078 55.706432342529297 -23.1669921875
v 9.6890583038330078 54.543643951416016 -23.1669921875
v 9.6890583038330078 53.380851745605469 -23.1669921875
v 9.6890583038330078 52.218059539794922 -23.1669921875
v 9.6890583038330078 51.055271148681641 -23.1669921875
v 9.6890583038330078 49.892478942871094 -23.1669921875
v 9.6890583038330078 48.729690551757812 -23.1669921875
v 9.6890583038330078 47.566898345947266 -23.1669921875
v 9.6890583038330078 46.404106140136719 -23.1669921875
v 9.6890583038330078 45.241317749023438 -23.1669921875
v 9.6890583038330078 44.078525543212891 -23.1669921875
v 9.6890583038330078 42.915737152099609 -23.1669921875
v 9.6890583038330078 41.752944946289062 -23.1669921875
v 9.6890583038330078 40.590152740478516 -23.1669921875
v 9.6890583038330078 39.427364349365234 -23.1669921875
v 9.6890583038330078 38.264572143554688 -23.1669921875
v 9.6890583038330078 37.101783752441406 -23.1669921875
v 9.6890583038330078 35.938991546630859 -23.1669921875
v 9.6890583038330078 34.776199340820312 -23.1669921875
v 9.6890583038330078 33.613410949707031 -23.1669921875
v 9.6890583038330078 32.450618743896484 -23.1669921875
v 9.6890583038330078 31.28782844543457 -23.1669921875
v 9.6890583038330078 30.125038146972656 -23.1669921875
v 9.6890583038330078 28.962247848510742 -23.1669921875
v 9.6890583038330078 27.799455642700195 -23.1669921875
v 9.6890583038330078 26.636665344238281 -23.1669921875
v 9.6890583038330078 25.473875045776367 -23.1669921875
v 9.6890583038330078 24.311084747314453 -23.1669921875
v 9.6890583038330078 23.148294448852539 -23.1669921875
v 9.6890583038330078 21.985502243041992 -23.1669921875
v 9.6890583038330078 20.822711944580078 -23.1669921875
v 9.6890583038330078 19.659921646118164 -23.1669921875
v 9.6890583038330078 18.49713134765625 -23.1669921875
v 9.6890583038330078 17.334339141845703 -23.1669921875
v 9.6890583038330078 16.171548843383789 -23.1669921875
v 9.6890583038330078 15.008758544921875 -23.1669921875
v 9.6890583038330078 13.845968246459961 -23.1669921875
v 9.6890583038330078 12.68317699432373 -23.1669921875
v 9.6890583038330078 11.520386695861816 -23.1669921875
v 9.6890583038330078 10.357595443725586 -23.1669921875
v 9.6890583038330078 9.1948051452636719 -23.1669921875
v 9.6890583038330078 8.0320148468017578 -23.1669921875
v 9.6890583038330078 6.8692235946655273 -23.1669921875
v 9.6890583038330078 5.7064332962036133 -23.1669921875
v 9.6890583038330078 4.543642520904541 -23.1669921875
v 9.6890583038330078 3.3808517456054688 -23.1669921875
v 9.6890583038330078 2.2180609703063965 -23.1669921875
v 9.6890583038330078 1.0552703142166138 -23.1669921875
v 9.6890583038330078 -0.10752038657665253 -23.1669921875
v 9.6890583038330078 -1.2703111171722412 -23.1669921875
v 9.6890583038330078 -2.4331018924713135 -23.1669921875
v 9.6890583038330078 -3.5958924293518066 -23.1669921875
v 9.6890583038330078 -4.7586832046508789 -23.1669921875
v 9.6890583038330078 -5.9214739799499512 -23.1669921875
v 9.6890583038330078 -7.0842647552490234 -23.1669921875
v 9.6890583038330078 -8.2470550537109375 -23.1669921875
v 9.6890583038330078 -9.409846305847168 -23.1669921875
v 9.6890583038330078 -10.572636604309082 -23.1669921875
v 9.6890583038330078 -11.735426902770996 -23.1669921875
v 9.6890583038330078 -12.898218154907227 -23.1669921875
v 9.6890583038330078 -14.061008453369141 -23.1669921875
v 9.6890583038330078 -15.223799705505371 -23.1669921875
v 9.6890583038330078 -16.386590957641602 -23.1669921875
v 9.6890583038330078 -17.549381256103516 -23.1669921875
v 9.6890583038330078 -18.71217155456543 -23.1669921875
v 9.6890583038330078 -19.874961853027344 -23.1669921875
v 9.6890583038330078 -21.037752151489258 -23.1669921875
v 9.6890583038330078 -22.200544357299805 -23.1669921875
v 9.6890583038330078 -23.363334655761719 -23.1669921875
v 9.6890583038330078 -24.526124954223633 -23.1669921875
v 9.6890583038330078 -25.688915252685547 -23.1669921875
v 9.6890583038330078 -26.851705551147461 -23.1669921875
v 9.6890583038330078 -28.014497756958008 -23.1669921875
v 9.6890583038330078 -29.177288055419922 -23.1669921875
v 9.6890583038330078 -30.340078353881836 -23.1669921875
v 9.6890583038330078 -31.50286865234375 -23.1669921875
v 9.6890583038330078 -32.665660858154297 -23.1669921875
v 9.6890583038330078 -33.828449249267578 -23.1669921875
v 9.6890583038330078 -34.991241455078125 -23.1669921875
v 9.6890583038330078 -36.154033660888672 -23.1669921875
v 9.6890583038330078 -37.316822052001953 -23.1669921875
v 9.6890583038330078 -38.4796142578125 -23.1669921875
v 9.6890583038330078 -39.642402648925781 -23.1669921875
v 9.5 59.194805145263672 -23.12986946105957
v 9.5 58.032012939453125 -23.12986946105957
v 9.5 56.869224548339844 -23.12986946105957
v 9.5 55.706432342529297 -23.12986946105957
v 9.5 54.543643951416016 -23.12986946105957
v 9.5 53.380851745605469 -23.12986946105957
v 9.5 52.218059539794922 -23.12986946105957
v 9.5 51.055271148681641 -23.12986946105957
v 9.5 49.892478942871094 -23.12986946105957
v 9.5 48.729690551757812 -23.12986946105957
v 9.5 47.566898345947266 -23.12986946105957
v 9.5 46.404106140136719 -23.12986946105957
v 9.5 45.241317749023438 -23.12986946105957
v 9.5 44.078525543212891 -23.12986946105957
v 9.5 42.915737152099609 -23.12986946105957
v 9.5 41.752944946289062 -23.12986946105957
v 9.5 40.590152740478516 -23.12986946105957
v 9.5 39.427364349365234 -23.12986946105957
v 9.5 38.264572143554688 -23.12986946105957
v 9.5 37.101783752441406 -23.12986946105957
v 9.5 35.938991546630859 -23.12986946105957
v 9.5 34.776199340820312 -23.12986946105957
v 9.5 33.613410949707031 -23.12986946105957
v 9.5 32.450618743896484 -23.12986946105957
v 9.5 31.28782844543457 -23.12986946105957
v 9.5 30.125038146972656 -23.12986946105957
v 9.5 28.962247848510742 -23.12986946105957
v 9.5 27.799455642700195 -23.12986946105957
v 9.5 26.636665344238281 -23.12986946105957
v 9.5 25.473875045776367 -23.12986946105957
v 9.5 24.311084747314453 -23.12986946105957
v 9.5 23.148294448852539 -23.12986946105957
v 9.5 21.985502243041992 -23.12986946105957
v 9.5 20.822711944580078 -23.12986946105957
v 9.5 19.659921646118164 -23.12986946105957
v 9.5 18.49713134765625 -23.12986946105957
v 9.5 17.334339141845703 -23.12986946105957
v 9.5 16.171548843383789 -23.12986946105957
v 9.5 15.008758544921875 -23.12986946105957
v 9.5 13.845968246459961 -23.12986946105957
v 9.5 12.68317699432373 -23.12986946105957
v 9.5 11.520386695861816 -23.12986946105957
v 9.5 10.357595443725586 -23.12986946105957
v 9.5 9.1948051452636719 -23.12986946105957
v 9.5 8.0320148468017578 -23.12986946105957
v 9.5 6.8692235946655273 -23.12986946105957
v 9.5 5.7064332962036133 -23.12986946105957
v 9.5 4.543642520904541 -23.12986946105957
v 9.5 3.3808517456054688 -23.12986946105957
v 9.5 2.2180609703063965 -23.12986946105957
v 9.5 1.0552703142166138 -23.12986946105957
v 9.5 -0.10752038657665253 -23.12986946105957
v 9.5 -1.2703111171722412 -23.12986946105957
v 9.5 -2.4331018924713135 -23.12986946105957
v 9.5 -3.5958924293518066 -23.12986946105957
v 9.5 -4.7586832046508789 -23.12986946105957
v 9.5 -5.9214739799499512 -23.12986946105957
v 9.5 -7.0842647552490234 -23.12986946105957
v 9.5 -8.2470550537109375 -23.12986946105957
v 9.5 -9.409846305847168 -23.12986946105957
v 9.5 -10.572636604309082 -23.12986946105957
v 9.5 -11.735426902770996 -23.12986946105957
v 9.5 -12.898218154907227 -23.12986946105957
v 9.5 -14.061008453369141 -23.12986946105957
v 9.5 -15.223799705505371 -23.12986946105957
v 9.5 -16.386590957641602 -23.12986946105957
v 9.5 -17.549381256103516 -23.12986946105957
v 9.5 -18.71217155456543 -23.12986946105957
v 9.5 -19.874961853027344 -23.12986946105957
v 9.5 -21.037752151489258 -23.12986946105957
v 9.5 -22.200544357299805 -23.12986946105957
v 9.5 -23.363334655761719 -23.12986946105957
v 9.5 -24.526124954223633 -23.12986946105957
v 9.5 -25.688915252685547 -23.12986946105957
v 9.5 -26.851705551147461 -23.12986946105957
v 9.5 -28.014497756958008 -23.12986946105957
v 9.5 -29.177288055419922 -23.12986946105957
v 9.5 -30.340078353881836 -23.12986946105957
v 9.5 -31.50286865234375 -23.12986946105957
v 9.5 -32.665660858154297 -23.12986946105957
v 9.5 -33.828449249267578 -23.12986946105957
v 9.5 -34.991241455078125 -23.12986946105957
v 9.5 -36.154033660888672 -23.12986946105957
v 9.5 -37.316822052001953 -23.12986946105957
v 9.5 -38.4796142578125 -23.12986946105957
v 9.5 -39.642402648925781 -23.12986946105957
v 9.5 -40.805194854736328 -23.12986946105957
v 9.6913414001464844 -40.805194854736328 -23.167930603027344
v 9.8535537719726562 -40.805194854736328 -23.276317596435547
v 9.961939811706543 -40.805194854736328 -23.438528060913086
v 9.6890583038330078 -40.223800659179688 -23.1669921875
v 9.5963344573974609 -39.642402648925781 -23.139238357543945
v 9.5963344573974609 -40.223800659179688 -23.139238357543945
v 9.8500452041625977 -40.223800659179688 -23.272842407226562
v 9.7746982574462891 -39.642402648925781 -23.212089538574219
v 9.7746982574462891 -40.223800659179688 -23.212089538574219
v 9.9594964981079102 -40.223800659179688 -23.432731628417969
v 9.9125900268554688 -39.642402648925781 -23.347434997558594
v 9.9125900268554688 -40.223800659179688 -23.347434997558594
v 9.9897689819335938 -39.642402648925781 -23.529241561889648
v 9.9897689819335938 -40.223800659179688 -23.529241561889648
v 9.961939811706543 59.194805145263672 -23.438528060913086
v 9.8535537719726562 59.194805145263672 -23.276317596435547
v 9.6913414001464844 59.194805145263672 -23.167930603027344
v 9.9594964981079102 58.613410949707031 -23.432731628417969
v 9.9897689819335938 58.032012939453125 -23.529241561889648
v 9.9897689819335938 58.613410949707031 -23.529241561889648
v 9.8500452041625977 58.613410949707031 -23.272842407226562
v 9.9125900268554688 58.032012939453125 -23.347434997558594
v 9.9125900268554688 58.613410949707031 -23.347434997558594
v 9.6890583038330078 58.613410949707031 -23.1669921875
v 9.7746982574462891 58.032012939453125 -23.212089538574219
v 9.7746982574462891 58.613410949707031 -23.212089538574219
v 9.5963344573974609 58.032012939453125 -23.139238357543945
v 9.5963344573974609 58.613410949707031 -23.139238357543945
v 10 59.194805145263672 -23.62986946105957
v 9.5 59.194805145263672 -23.12986946105957
v 9.9594964981079102 60.251155853271484 -23.259250640869141
v 9.8500452041625977 60.200016021728516 -23.107759475708008
v 9.6890583038330078 60.166160583496094 -23.007467269897461
v 10 61.28546142578125 -22.936853408813477
v 9.9594964981079102 61.167705535888672 -22.778749465942383
v 9.8500452041625977 61.072196960449219 -22.650520324707031
v 9.6890583038330078 61.008968353271484 -22.56562614440918
v 10 62.042526245117188 -22.16468620300293
v 9.9594964981079102 61.882129669189453 -22.050075531005859
v 9.8500452041625977 61.752037048339844 -21.957118988037109
v 9.6890583038330078 61.665912628173828 -21.895578384399414
v 10 62.527748107910156 -21.198272705078125
v 9.9594964981079102 62.340019226074219 -21.138095855712891
v 9.8500452041625977 62.187763214111328 -21.089286804199219
v 9.6890583038330078 62.086963653564453 -21.056976318359375
v 10 62.694805145263672 -20.12986946105957
v 9.5 62.194805145263672 -20.12986946105957
v 9.5 62.092582702636719 -20.906328201293945
v 9.5 61.792881011962891 -21.62986946105957
v 9.5 61.316123962402344 -22.251190185546875
v 9.5 60.694805145263672 -22.727947235107422
v 9.5 59.971263885498047 -23.027647018432617
v 9.6913414001464844 59.194805145263672 -23.167930603027344
v 9.8535537719726562 59.194805145263672 -23.276317596435547
v 9.961939811706543 59.194805145263672 -23.438528060913086
v 9.5963344573974609 60.15728759765625 -22.981172561645508
v 9.6890583038330078 59.686988830566406 -23.12684440612793
v 9.5963344573974609 59.682491302490234 -23.099458694458008
v 9.7746982574462891 60.180587768554688 -23.050197601318359
v 9.8500452041625977 59.704143524169922 -23.231296539306641
v 9.7746982574462891 59.694297790527344 -23.171346664428711
v 9.9125900268554688 60.223873138427734 -23.178434371948242
v 9.9594964981079102 59.730052947998047 -23.389074325561523
v 9.9125900268554688 59.716232299804688 -23.304903030395508
v 9.9897689819335938 60.282020568847656 -23.350692749023438
v 9.9897689819335938 59.745693206787109 -23.484308242797852
v 9.961939811706543 62.503463745117188 -20.12986946105957
v 9.8535537719726562 62.341251373291016 -20.12986946105957
v 9.6913414001464844 62.232864379882812 -20.12986946105957
v 9.9594964981079102 62.458019256591797 -20.640108108520508
v 9.9897689819335938 62.431922912597656 -21.16755485534668
v 9.9897689819335938 62.553367614746094 -20.655017852783203
v 9.8500452041625977 62.300048828125 -20.615407943725586
v 9.9125900268554688 62.258792877197266 -21.112056732177734
v 9.9125900268554688 62.373744964599609 -20.626930236816406
v 9.6890583038330078 62.195465087890625 -20.599056243896484
v 9.7746982574462891 62.129909515380859 -21.070741653442383
v 9.7746982574462891 62.240024566650391 -20.606021881103516
v 9.5963344573974609 62.060535430908203 -21.048503875732422
v 9.5963344573974609 62.168045043945312 -20.594768524169922
v 10 -44.305194854736328 -20.12986946105957
v 9.5 -43.805194854736328 -20.12986946105957
v 10 -44.121360778808594 -21.249269485473633
v 9.9594964981079102 -43.934574127197266 -21.18621826171875
v 9.8500452041625977 -43.783084869384766 -21.135082244873047
v 9.6890583038330078 -43.682792663574219 -21.101226806640625
v 10 -43.612178802490234 -22.220525741577148
v 9.9594964981079102 -43.454074859619141 -22.10276985168457
v 9.8500452041625977 -43.325843811035156 -22.00726318359375
v 9.6890583038330078 -43.240951538085938 -21.944034576416016
v 10 -42.840011596679688 -22.977592468261719
v 9.9594964981079102 -42.725399017333984 -22.817193984985352
v 9.8500452041625977 -42.632442474365234 -22.687103271484375
v 9.6890583038330078 -42.570903778076172 -22.600978851318359
v 10 -41.87359619140625 -23.462814331054688
v 9.9594964981079102 -41.813419342041016 -23.27508544921875
v 9.8500452041625977 -41.764614105224609 -23.122827529907227
v 9.6890583038330078 -41.7322998046875 -23.022027969360352
v 10 -40.805194854736328 -23.62986946105957
v 9.5 -40.805194854736328 -23.12986946105957
v 9.5 -41.581653594970703 -23.027647018432617
v 9.5 -42.305194854736328 -22.727947235107422
v 9.5 -42.926513671875 -22.251190185546875
v 9.5 -43.403270721435547 -21.62986946105957
v 9.5 -43.702972412109375 -20.906328201293945
v 9.961939811706543 -40.805194854736328 -23.438528060913086
v 9.8535537719726562 -40.805194854736328 -23.276317596435547
v 9.6913414001464844 -40.805194854736328 -23.167930603027344
v 9.9594964981079102 -41.315433502197266 -23.393083572387695
v 9.9897689819335938 -41.842880249023438 -23.366989135742188
v 9.9897689819335938 -41.330341339111328 -23.488433837890625
v 9.8500452041625977 -41.290733337402344 -23.235113143920898
v 9.9125900268554688 -41.787384033203125 -23.193859100341797
v 9.9125900268554688 -41.302253723144531 -23.308809280395508
v 9.6890583038330078 -41.274379730224609 -23.130531311035156
v 9.7746982574462891 -41.746067047119141 -23.064973831176758
v 9.7746982574462891 -41.281345367431641 -23.175088882446289
v 9.5963344573974609 -41.723827362060547 -22.995599746704102
v 9.5963344573974609 -41.270092010498047 -23.103111267089844
v 9.6913414001464844 -43.843254089355469 -20.12986946105957
v 9.8535537719726562 -43.951641082763672 -20.12986946105957
v 9.961939811706543 -44.113853454589844 -20.12986946105957
v 9.5963344573974609 -43.656497955322266 -21.092351913452148
v 9.6890583038330078 -43.802169799804688 -20.622055053710938
v 9.5963344573974609 -43.774784088134766 -20.617557525634766
v 9.7746982574462891 -43.725521087646484 -21.115650177001953
v 9.8500452041625977 -43.906623840332031 -20.63920783996582
v 9.7746982574462891 -43.846672058105469 -20.629364013671875
v 9.9125900268554688 -43.853759765625 -21.158937454223633
v 9.9594964981079102 -44.064399719238281 -20.665119171142578
v 9.9125900268554688 -43.980228424072266 -20.651296615600586
v 9.9897689819335938 -44.026016235351562 -21.217084884643555
v 9.9897689819335938 -44.159633636474609 -20.680759429931641
v 10 62.694805145263672 39.870128631591797
v 10 62.694805145263672 38.716281890869141
v 10 62.694805145263672 37.56243896484375
v 10 62.694805145263672 36.408592224121094
v 10 62.694805145263672 35.254745483398438
v 10 62.694805145263672 34.100898742675781
v 10 62.694805145263672 32.947052001953125
v 10 62.694805145263672 31.793207168579102
v 10 62.694805145263672 30.639360427856445
v 10 62.694805145263672 29.485513687133789
v 10 62.694805145263672 28.331668853759766
v 10 62.694805145263672 27.177822113037109
v 10 62.694805145263672 26.023975372314453
v 10 62.694805145263672 24.87013053894043
v 10 62.694805145263672 23.716283798217773
v 10 62.694805145263672 22.562437057495117
v 10 62.694805145263672 21.408592224121094
v 10 62.694805145263672 20.254745483398438
v 10 62.694805145263672 19.100898742675781
v 10 62.694805145263672 17.947052001953125
v 10 62.694805145263672 16.793207168579102
v 10 62.694805145263672 15.639360427856445
v 10 62.694805145263672 14.485514640808105
v 10 62.694805145263672 13.331667900085449
v 10 62.694805145263672 12.177822113037109
v 10 62.694805145263672 11.02397632598877
v 10 62.694805145263672 9.8701295852661133
v 10 62.694805145263672 8.7162837982177734
v 10 62.694805145263672 7.5624375343322754
v 10 62.694805145263672 6.4085912704467773
v 10 62.694805145263672 5.2547454833984375
v 10 62.694805145263672 4.1008992195129395
v 10 62.694805145263672 2.9470529556274414
v 10 62.694805145263672 1.7932068109512329
v 10 62.694805145263672 0.63936066627502441
v 10 62.694805145263672 -0.51448553800582886
v 10 62.694805145263672 -1.6683316230773926
v 10 62.694805145263672 -2.8221778869628906
v 10 62.694805145263672 -3.9760239124298096
v 10 62.694805145263672 -5.1298699378967285
v 10 62.694805145263672 -6.2837162017822266
v 10 62.694805145263672 -7.4375624656677246
v 10 62.694805145263672 -8.5914087295532227
v 10 62.694805145263672 -9.7452545166015625
v 10 62.694805145263672 -10.899101257324219
v 10 62.694805145263672 -12.052947044372559
v 10 62.694805145263672 -13.206792831420898
v 10 62.694805145263672 -14.360639572143555
v 10 62.694805145263672 -15.514485359191895
v 10 62.694805145263672 -16.668331146240234
v 10 62.694805145263672 -17.822177886962891
v 10 62.694805145263672 -18.976024627685547
v 10 62.694805145263672 -20.12986946105957
v 9.9594964981079102 62.497669219970703 38.716281890869141
v 9.9594964981079102 62.497669219970703 37.56243896484375
v 9.9594964981079102 62.497669219970703 36.408592224121094
v 9.9594964981079102 62.497669219970703 35.254745483398438
v 9.9594964981079102 62.497669219970703 34.100898742675781
v 9.9594964981079102 62.497669219970703 32.947052001953125
v 9.9594964981079102 62.497669219970703 31.793207168579102
v 9.9594964981079102 62.497669219970703 30.639360427856445
v 9.9594964981079102 62.497669219970703 29.485513687133789
v 9.9594964981079102 62.497669219970703 28.331668853759766
v 9.9594964981079102 62.497669219970703 27.177822113037109
v 9.9594964981079102 62.497669219970703 26.023975372314453
v 9.9594964981079102 62.497669219970703 24.87013053894043
v 9.9594964981079102 62.497669219970703 23.716283798217773
v 9.9594964981079102 62.497669219970703 22.562437057495117
v 9.9594964981079102 62.497669219970703 21.408592224121094
v 9.9594964981079102 62.497669219970703 20.254745483398438
v 9.9594964981079102 62.497669219970703 19.100898742675781
v 9.9594964981079102 62.497669219970703 17.947052001953125
v 9.9594964981079102 62.497669219970703 16.793207168579102
v 9.9594964981079102 62.497669219970703 15.639360427856445
v 9.9594964981079102 62.497669219970703 14.485514640808105
v 9.9594964981079102 62.497669219970703 13.331667900085449
v 9.9594964981079102 62.497669219970703 12.177822113037109
v 9.9594964981079102 62.497669219970703 11.02397632598877
v 9.9594964981079102 62.497669219970703 9.8701295852661133
v 9.9594964981079102 62.497669219970703 8.7162837982177734
v 9.9594964981079102 62.497669219970703 7.5624375343322754
v 9.9594964981079102 62.497669219970703 6.4085912704467773
v 9.9594964981079102 62.497669219970703 5.2547454833984375
v 9.9594964981079102 62.497669219970703 4.1008992195129395
v 9.9594964981079102 62.497669219970703 2.9470529556274414
v 9.9594964981079102 62.497669219970703 1.7932068109512329
v 9.9594964981079102 62.497669219970703 0.63936066627502441
v 9.9594964981079102 62.497669219970703 -0.51448553800582886
v 9.9594964981079102 62.497669219970703 -1.6683316230773926
v 9.9594964981079102 62.497669219970703 -2.8221778869628906
v 9.9594964981079102 62.497669219970703 -3.9760239124298096
v 9.9594964981079102 62.497669219970703 -5.1298699378967285
v 9.9594964981079102 62.497669219970703 -6.2837162017822266
v 9.9594964981079102 62.497669219970703 -7.4375624656677246
v 9.9594964981079102 62.497669219970703 -8.5914087295532227
v 9.9594964981079102 62.497669219970703 -9.7452545166015625
v 9.9594964981079102 62.497669219970703 -10.899101257324219
v 9.9594964981079102 62.497669219970703 -12.052947044372559
v 9.9594964981079102 62.497669219970703 -13.206792831420898
v 9.9594964981079102 62.497669219970703 -14.360639572143555
v 9.9594964981079102 62.497669219970703 -15.514485359191895
v 9.9594964981079102 62.497669219970703 -16.668331146240234
v 9.9594964981079102 62.497669219970703 -17.822177886962891
v 9.9594964981079102 62.497669219970703 -18.976024627685547
v 9.8500452041625977 62.337776184082031 38.716281890869141
v 9.8500452041625977 62.337776184082031 37.56243896484375
v 9.8500452041625977 62.337776184082031 36.408592224121094
v 9.8500452041625977 62.337776184082031 35.254745483398438
v 9.8500452041625977 62.337776184082031 34.100898742675781
v 9.8500452041625977 62.337776184082031 32.947052001953125
v 9.8500452041625977 62.337776184082031 31.793207168579102
v 9.8500452041625977 62.337776184082031 30.639360427856445
v 9.8500452041625977 62.337776184082031 29.485513687133789
v 9.8500452041625977 62.337776184082031 28.331668853759766
v 9.8500452041625977 62.337776184082031 27.177822113037109
v 9.8500452041625977 62.337776184082031 26.023975372314453
v 9.8500452041625977 62.337776184082031 24.87013053894043
v 9.8500452041625977 62.337776184082031 23.716283798217773
v 9.8500452041625977 62.337776184082031 22.562437057495117
v 9.8500452041625977 62.337776184082031 21.408592224121094
v 9.8500452041625977 62.337776184082031 20.254745483398438
v 9.8500452041625977 62.337776184082031 19.100898742675781
v 9.8500452041625977 62.337776184082031 17.947052001953125
v 9.8500452041625977 62.337776184082031 16.793207168579102
v 9.8500452041625977 62.337776184082031 15.639360427856445
v 9.8500452041625977 62.337776184082031 14.485514640808105
v 9.8500452041625977 62.337776184082031 13.331667900085449
v 9.8500452041625977 62.337776184082031 12.177822113037109
v 9.8500452041625977 62.337776184082031 11.02397632598877
v 9.8500452041625977 62.337776184082031 9.8701295852661133
v 9.8500452041625977 62.337776184082031 8.7162837982177734
v 9.8500452041625977 62.337776184082031 7.5624375343322754
v 9.8500452041625977 62.337776184082031 6.4085912704467773
v 9.8500452041625977 62.337776184082031 5.2547454833984375
v 9.8500452041625977 62.337776184082031 4.1008992195129395
v 9.8500452041625977 62.337776184082031 2.9470529556274414
v 9.8500452041625977 62.337776184082031 1.7932068109512329
v 9.8500452041625977 62.337776184082031 0.63936066627502441
v 9.8500452041625977 62.337776184082031 -0.51448553800582886
v 9.8500452041625977 62.337776184082031 -1.6683316230773926
v 9.8500452041625977 62.337776184082031 -2.8221778869628906
v 9.8500452041625977 62.337776184082031 -3.9760239124298096
v 9.8500452041625977 62.337776184082031 -5.1298699378967285
v 9.8500452041625977 62.337776184082031 -6.2837162017822266
v 9.8500452041625977 62.337776184082031 -7.4375624656677246
v 9.8500452041625977 62.337776184082031 -8.5914087295532227
v 9.8500452041625977 62.337776184082031 -9.7452545166015625
v 9.8500452041625977 62.337776184082031 -10.899101257324219
v 9.8500452041625977 62.337776184082031 -12.052947044372559
v 9.8500452041625977 62.337776184082031 -13.206792831420898
v 9.8500452041625977 62.337776184082031 -14.360639572143555
v 9.8500452041625977 62.337776184082031 -15.514485359191895
v 9.8500452041625977 62.337776184082031 -16.668331146240234
v 9.8500452041625977 62.337776184082031 -17.822177886962891
v 9.8500452041625977 62.337776184082031 -18.976024627685547
v 9.6890583038330078 62.231925964355469 38.716281890869141
v 9.6890583038330078 62.231925964355469 37.56243896484375
v 9.6890583038330078 62.231925964355469 36.408592224121094
v 9.6890583038330078 62.231925964355469 35.254745483398438
v 9.6890583038330078 62.231925964355469 34.100898742675781
v 9.6890583038330078 62.231925964355469 32.947052001953125
v 9.6890583038330078 62.231925964355469 31.793207168579102
v 9.6890583038330078 62.231925964355469 30.639360427856445
v 9.6890583038330078 62.231925964355469 29.485513687133789
v 9.6890583038330078 62.231925964355469 28.331668853759766
v 9.6890583038330078 62.231925964355469 27.177822113037109
v 9.6890583038330078 62.231925964355469 26.023975372314453
v 9.6890583038330078 62.231925964355469 24.87013053894043
v 9.6890583038330078 62.231925964355469 23.716283798217773
v 9.6890583038330078 62.231925964355469 22.562437057495117
v 9.6890583038330078 62.231925964355469 21.408592224121094
v 9.6890583038330078 62.231925964355469 20.254745483398438
v 9.6890583038330078 62.231925964355469 19.100898742675781
v 9.6890583038330078 62.231925964355469 17.947052001953125
v 9.6890583038330078 62.231925964355469 16.793207168579102
v 9.6890583038330078 62.231925964355469 15.639360427856445
v 9.6890583038330078 62.231925964355469 14.485514640808105
v 9.6890583038330078 62.231925964355469 13.331667900085449
v 9.6890583038330078 62.231925964355469 12.177822113037109
v 9.6890583038330078 62.231925964355469 11.02397632598877
v 9.6890583038330078 62.231925964355469 9.8701295852661133
v 9.6890583038330078 62.231925964355469 8.7162837982177734
v 9.6890583038330078 62.231925964355469 7.5624375343322754
v 9.6890583038330078 62.231925964355469 6.4085912704467773
v 9.6890583038330078 62.231925964355469 5.2547454833984375
v 9.6890583038330078 62.231925964355469 4.1008992195129395
v 9.6890583038330078 62.231925964355469 2.9470529556274414
v 9.6890583038330078 62.231925964355469 1.7932068109512329
v 9.6890583038330078 62.231925964355469 0.63936066627502441
v 9.6890583038330078 62.231925964355469 -0.51448553800582886
v 9.6890583038330078 62.231925964355469 -1.6683316230773926
v 9.6890583038330078 62.231925964355469 -2.8221778869628906
v 9.6890583038330078 62.231925964355469 -3.9760239124298096
v 9.6890583038330078 62.231925964355469 -5.1298699378967285
v 9.6890583038330078 62.231925964355469 -6.2837162017822266
v 9.6890583038330078 62.231925964355469 -7.4375624656677246
v 9.6890583038330078 62.231925964355469 -8.5914087295532227
v 9.6890583038330078 62.231925964355469 -9.7452545166015625
v 9.6890583038330078 62.231925964355469 -10.899101257324219
v 9.6890583038330078 62.231925964355469 -12.052947044372559
v 9.6890583038330078 62.231925964355469 -13.206792831420898
v 9.6890583038330078 62.231925964355469 -14.360639572143555
v 9.6890583038330078 62.231925964355469 -15.514485359191895
v 9.6890583038330078 62.231925964355469 -16.668331146240234
v 9.6890583038330078 62.231925964355469 -17.822177886962891
v 9.6890583038330078 62.231925964355469 -18.976024627685547
v 9.5 62.194805145263672 39.870128631591797
v 9.5 62.194805145263672 38.716281890869141
v 9.5 62.194805145263672 37.56243896484375
v 9.5 62.194805145263672 36.408592224121094
v 9.5 62.194805145263672 35.254745483398438
v 9.5 62.194805145263672 34.100898742675781
v 9.5 62.194805145263672 32.947052001953125
v 9.5 62.194805145263672 31.793207168579102
v 9.5 62.194805145263672 30.639360427856445
v 9.5 62.194805145263672 29.485513687133789
v 9.5 62.194805145263672 28.331668853759766
v 9.5 62.194805145263672 27.177822113037109
v 9.5 62.194805145263672 26.023975372314453
v 9.5 62.194805145263672 24.87013053894043
v 9.5 62.194805145263672 23.716283798217773
v 9.5 62.194805145263672 22.562437057495117
v 9.5 62.194805145263672 21.408592224121094
v 9.5 62.194805145263672 20.254745483398438
v 9.5 62.194805145263672 19.100898742675781
v 9.5 62.194805145263672 17.947052001953125
v 9.5 62.194805145263672 16.793207168579102
v 9.5 62.194805145263672 15.639360427856445
v 9.5 62.194805145263672 14.485514640808105
v 9.5 62.194805145263672 13.331667900085449
v 9.5 62.194805145263672 12.177822113037109
v 9.5 62.194805145263672 11.02397632598877
v 9.5 62.194805145263672 9.8701295852661133
v 9.5 62.194805145263672 8.7162837982177734
v 9.5 62.194805145263672 7.5624375343322754
v 9.5 62.194805145263672 6.4085912704467773
v 9.5 62.194805145263672 5.2547454833984375
v 9.5 62.194805145263672 4.1008992195129395
v 9.5 62.194805145263672 2.9470529556274414
v 9.5 62.194805145263672 1.7932068109512329
v 9.5 62.194805145263672 0.63936066627502441
v 9.5 62.194805145263672 -0.51448553800582886
v 9.5 62.194805145263672 -1.6683316230773926
v 9.5 62.194805145263672 -2.8221778869628906
v 9.5 62.194805145263672 -3.9760239124298096
v 9.5 62.194805145263672 -5.1298699378967285
v 9.5 62.194805145263672 -6.2837162017822266
v 9.5 62.194805145263672 -7.4375624656677246
v 9.5 62.194805145263672 -8.5914087295532227
v 9.5 62.194805145263672 -9.7452545166015625
v 9.5 62.194805145263672 -10.899101257324219
v 9.5 62.194805145263672 -12.052947044372559
v 9.5 62.194805145263672 -13.206792831420898
v 9.5 62.194805145263672 -14.360639572143555
v 9.5 62.194805145263672 -15.514485359191895
v 9.5 62.194805145263672 -16.668331146240234
v 9.5 62.194805145263672 -17.822177886962891
v 9.5 62.194805145263672 -18.976024627685547
v 9.5 62.194805145263672 -20.12986946105957
v 9.6913414001464844 62.232864379882812 -20.12986946105957
v 9.8535537719726562 62.341251373291016 -20.12986946105957
v 9.961939811706543 62.503463745117188 -20.12986946105957
v 9.6890583038330078 62.231925964355469 -19.552947998046875
v 9.5963344573974609 62.204174041748047 -18.976024627685547
v 9.5963344573974609 62.204174041748047 -19.552947998046875
v 9.8500452041625977 62.337776184082031 -19.552947998046875
v 9.7746982574462891 62.277023315429688 -18.976024627685547
v 9.7746982574462891 62.277023315429688 -19.552947998046875
v 9.9594964981079102 62.497669219970703 -19.552947998046875
v 9.9125900268554688 62.412368774414062 -18.976024627685547
v 9.9125900268554688 62.412368774414062 -19.552947998046875
v 9.9897689819335938 62.59417724609375 -18.976024627685547
v 9.9897689819335938 62.59417724609375 -19.552947998046875
v 9.961939811706543 62.503463745117188 39.870128631591797
v 9.8535537719726562 62.341251373291016 39.870128631591797
v 9.6913414001464844 62.232864379882812 39.870128631591797
v 9.9594964981079102 62.497669219970703 39.293205261230469
v 9.9897689819335938 62.59417724609375 38.716281890869141
v 9.9897689819335938 62.59417724609375 39.293205261230469
v 9.8500452041625977 62.337776184082031 39.293205261230469
v 9.9125900268554688 62.412368774414062 38.716281890869141
v 9.9125900268554688 62.412368774414062 39.293205261230469
v 9.6890583038330078 62.231925964355469 39.293205261230469
v 9.7746982574462891 62.277023315429688 38.716281890869141
v 9.7746982574462891 62.277023315429688 39.293205261230469
v 9.5963344573974609 62.204174041748047 38.716281890869141
v 9.5963344573974609 62.204174041748047 39.293205261230469
v 10 -44.305194854736328 -20.12986946105957
v 10 -44.305194854736328 -18.976024627685547
v 10 -44.305194854736328 -17.822177886962891
v 10 -44.305194854736328 -16.668331146240234
v 10 -44.305194854736328 -15.514485359191895
v 10 -44.305194854736328 -14.360639572143555
v 10 -44.305194854736328 -13.206792831420898
v 10 -44.305194854736328 -12.052947044372559
v 10 -44.305194854736328 -10.899101257324219
v 10 -44.305194854736328 -9.7452545166015625
v 10 -44.305194854736328 -8.5914087295532227
v 10 -44.305194854736328 -7.4375624656677246
v 10 -44.305194854736328 -6.2837162017822266
v 10 -44.305194854736328 -5.1298699378967285
v 10 -44.305194854736328 -3.9760239124298096
v 10 -44.305194854736328 -2.8221778869628906
v 10 -44.305194854736328 -1.6683316230773926
v 10 -44.305194854736328 -0.51448553800582886
v 10 -44.305194854736328 0.63936066627502441
v 10 -44.305194854736328 1.7932068109512329
v 10 -44.305194854736328 2.9470529556274414
v 10 -44.305194854736328 4.1008992195129395
v 10 -44.305194854736328 5.2547454833984375
v 10 -44.305194854736328 6.4085912704467773
v 10 -44.305194854736328 7.5624375343322754
v 10 -44.305194854736328 8.7162837982177734
v 10 -44.305194854736328 9.8701295852661133
v 10 -44.305194854736328 11.02397632598877
v 10 -44.305194854736328 12.177822113037109
v 10 -44.305194854736328 13.331667900085449
v 10 -44.305194854736328 14.485514640808105
v 10 -44.305194854736328 15.639360427856445
v 10 -44.305194854736328 16.793207168579102
v 10 -44.305194854736328 17.947052001953125
v 10 -44.305194854736328 19.100898742675781
v 10 -44.305194854736328 20.254745483398438
v 10 -44.305194854736328 21.408592224121094
v 10 -44.305194854736328 22.562437057495117
v 10 -44.305194854736328 23.716283798217773
v 10 -44.305194854736328 24.87013053894043
v 10 -44.305194854736328 26.023975372314453
v 10 -44.305194854736328 27.177822113037109
v 10 -44.305194854736328 28.331668853759766
v 10 -44.305194854736328 29.485513687133789
v 10 -44.305194854736328 30.639360427856445
v 10 -44.305194854736328 31.793207168579102
v 10 -44.305194854736328 32.947052001953125
v 10 -44.305194854736328 34.100898742675781
v 10 -44.305194854736328 35.254745483398438
v 10 -44.305194854736328 36.408592224121094
v 10 -44.305194854736328 37.56243896484375
v 10 -44.305194854736328 38.716281890869141
v 10 -44.305194854736328 39.870128631591797
v 9.9594964981079102 -44.108055114746094 -18.976024627685547
v 9.9594964981079102 -44.108055114746094 -17.822177886962891
v 9.9594964981079102 -44.108055114746094 -16.668331146240234
v 9.9594964981079102 -44.108055114746094 -15.514485359191895
v 9.9594964981079102 -44.108055114746094 -14.360639572143555
v 9.9594964981079102 -44.108055114746094 -13.206792831420898
v 9.9594964981079102 -44.108055114746094 -12.052947044372559
v 9.9594964981079102 -44.108055114746094 -10.899101257324219
v 9.9594964981079102 -44.108055114746094 -9.7452545166015625
v 9.9594964981079102 -44.108055114746094 -8.5914087295532227
v 9.9594964981079102 -44.108055114746094 -7.4375624656677246
v 9.9594964981079102 -44.108055114746094 -6.2837162017822266
v 9.9594964981079102 -44.108055114746094 -5.1298699378967285
v 9.9594964981079102 -44.108055114746094 -3.9760239124298096
v 9.9594964981079102 -44.108055114746094 -2.8221778869628906
v 9.9594964981079102 -44.108055114746094 -1.6683316230773926
v 9.9594964981079102 -44.108055114746094 -0.51448553800582886
v 9.9594964981079102 -44.108055114746094 0.63936066627502441
v 9.9594964981079102 -44.108055114746094 1.7932068109512329
v 9.9594964981079102 -44.108055114746094 2.9470529556274414
v 9.9594964981079102 -44.108055114746094 4.1008992195129395
v 9.9594964981079102 -44.108055114746094 5.2547454833984375
v 9.9594964981079102 -44.108055114746094 6.4085912704467773
v 9.9594964981079102 -44.108055114746094 7.5624375343322754
v 9.9594964981079102 -44.108055114746094 8.7162837982177734
v 9.9594964981079102 -44.108055114746094 9.8701295852661133
v 9.9594964981079102 -44.108055114746094 11.02397632598877
v 9.9594964981079102 -44.108055114746094 12.177822113037109
v 9.9594964981079102 -44.108055114746094 13.331667900085449
v 9.9594964981079102 -44.108055114746094 14.485514640808105
v 9.9594964981079102 -44.108055114746094 15.639360427856445
v 9.9594964981079102 -44.108055114746094 16.793207168579102
v 9.9594964981079102 -44.108055114746094 17.947052001953125
v 9.9594964981079102 -44.108055114746094 19.100898742675781
v 9.9594964981079102 -44.108055114746094 20.254745483398438
v 9.9594964981079102 -44.108055114746094 21.408592224121094
v 9.9594964981079102 -44.108055114746094 22.562437057495117
v 9.9594964981079102 -44.108055114746094 23.716283798217773
v 9.9594964981079102 -44.108055114746094 24.87013053894043
v 9.9594964981079102 -44.108055114746094 26.023975372314453
v 9.9594964981079102 -44.108055114746094 27.177822113037109
v 9.9594964981079102 -44.108055114746094 28.331668853759766
v 9.9594964981079102 -44.108055114746094 29.485513687133789
v 9.9594964981079102 -44.108055114746094 30.639360427856445
v 9.9594964981079102 -44.108055114746094 31.793207168579102
v 9.9594964981079102 -44.108055114746094 32.947052001953125
v 9.9594964981079102 -44.108055114746094 34.100898742675781
v 9.9594964981079102 -44.108055114746094 35.254745483398438
v 9.9594964981079102 -44.108055114746094 36.408592224121094
v 9.9594964981079102 -44.108055114746094 37.56243896484375
v 9.9594964981079102 -44.108055114746094 38.716281890869141
v 9.8500452041625977 -43.948165893554688 -18.976024627685547
v 9.8500452041625977 -43.948165893554688 -17.822177886962891
v 9.8500452041625977 -43.948165893554688 -16.668331146240234
v 9.8500452041625977 -43.948165893554688 -15.514485359191895
v 9.8500452041625977 -43.948165893554688 -14.360639572143555
v 9.8500452041625977 -43.948165893554688 -13.206792831420898
v 9.8500452041625977 -43.948165893554688 -12.052947044372559
v 9.8500452041625977 -43.948165893554688 -10.899101257324219
v 9.8500452041625977 -43.948165893554688 -9.7452545166015625
v 9.8500452041625977 -43.948165893554688 -8.5914087295532227
v 9.8500452041625977 -43.948165893554688 -7.4375624656677246
v 9.8500452041625977 -43.948165893554688 -6.2837162017822266
v 9.8500452041625977 -43.948165893554688 -5.1298699378967285
v 9.8500452041625977 -43.948165893554688 -3.9760239124298096
v 9.8500452041625977 -43.948165893554688 -2.8221778869628906
v 9.8500452041625977 -43.948165893554688 -1.6683316230773926
v 9.8500452041625977 -43.948165893554688 -0.51448553800582886
v 9.8500452041625977 -43.948165893554688 0.63936066627502441
v 9.8500452041625977 -43.948165893554688 1.7932068109512329
v 9.8500452041625977 -43.948165893554688 2.9470529556274414
v 9.8500452041625977 -43.948165893554688 4.1008992195129395
v 9.8500452041625977 -43.948165893554688 5.2547454833984375
v 9.8500452041625977 -43.948165893554688 6.4085912704467773
v 9.8500452041625977 -43.948165893554688 7.5624375343322754
v 9.8500452041625977 -43.948165893554688 8.7162837982177734
v 9.8500452041625977 -43.948165893554688 9.8701295852661133
v 9.8500452041625977 -43.948165893554688 11.02397632598877
v 9.8500452041625977 -43.948165893554688 12.177822113037109
v 9.8500452041625977 -43.948165893554688 13.331667900085449
v 9.8500452041625977 -43.948165893554688 14.485514640808105
v 9.8500452041625977 -43.948165893554688 15.639360427856445
v 9.8500452041625977 -43.948165893554688 16.793207168579102
v 9.8500452041625977 -43.948165893554688 17.947052001953125
v 9.8500452041625977 -43.948165893554688 19.100898742675781
v 9.8500452041625977 -43.948165893554688 20.254745483398438
v 9.8500452041625977 -43.948165893554688 21.408592224121094
v 9.8500452041625977 -43.948165893554688 22.562437057495117
v 9.8500452041625977 -43.948165893554688 23.716283798217773
v 9.8500452041625977 -43.948165893554688 24.87013053894043
v 9.8500452041625977 -43.948165893554688 26.023975372314453
v 9.8500452041625977 -43.948165893554688 27.177822113037109
v 9.8500452041625977 -43.948165893554688 28.331668853759766
v 9.8500452041625977 -43.948165893554688 29.485513687133789
v 9.8500452041625977 -43.948165893554688 30.639360427856445
v 9.8500452041625977 -43.948165893554688 31.793207168579102
v 9.8500452041625977 -43.948165893554688 32.947052001953125
v 9.8500452041625977 -43.948165893554688 34.100898742675781
v 9.8500452041625977 -43.948165893554688 35.254745483398438
v 9.8500452041625977 -43.948165893554688 36.408592224121094
v 9.8500452041625977 -43.948165893554688 37.56243896484375
v 9.8500452041625977 -43.948165893554688 38.716281890869141
v 9.6890583038330078 -43.842315673828125 -18.976024627685547
v 9.6890583038330078 -43.842315673828125 -17.822177886962891
v 9.6890583038330078 -43.842315673828125 -16.668331146240234
v 9.6890583038330078 -43.842315673828125 -15.514485359191895
v 9.6890583038330078 -43.842315673828125 -14.360639572143555
v 9.6890583038330078 -43.842315673828125 -13.206792831420898
v 9.6890583038330078 -43.842315673828125 -12.052947044372559
v 9.6890583038330078 -43.842315673828125 -10.899101257324219
v 9.6890583038330078 -43.842315673828125 -9.7452545166015625
v 9.6890583038330078 -43.842315673828125 -8.5914087295532227
v 9.6890583038330078 -43.842315673828125 -7.4375624656677246
v 9.6890583038330078 -43.842315673828125 -6.2837162017822266
v 9.6890583038330078 -43.842315673828125 -5.1298699378967285
v 9.6890583038330078 -43.842315673828125 -3.9760239124298096
v 9.6890583038330078 -43.842315673828125 -2.8221778869628906
v 9.6890583038330078 -43.842315673828125 -1.6683316230773926
v 9.6890583038330078 -43.842315673828125 -0.51448553800582886
v 9.6890583038330078 -43.842315673828125 0.63936066627502441
v 9.6890583038330078 -43.842315673828125 1.7932068109512329
v 9.6890583038330078 -43.842315673828125 2.9470529556274414
v 9.6890583038330078 -43.842315673828125 4.1008992195129395
v 9.6890583038330078 -43.842315673828125 5.2547454833984375
v 9.6890583038330078 -43.842315673828125 6.4085912704467773
v 9.6890583038330078 -43.842315673828125 7.5624375343322754
v 9.6890583038330078 -43.842315673828125 8.7162837982177734
v 9.6890583038330078 -43.842315673828125 9.8701295852661133
v 9.6890583038330078 -43.842315673828125 11.02397632598877
v 9.6890583038330078 -43.842315673828125 12.177822113037109
v 9.6890583038330078 -43.842315673828125 13.331667900085449
v 9.6890583038330078 -43.842315673828125 14.485514640808105
v 9.6890583038330078 -43.842315673828125 15.639360427856445
v 9.6890583038330078 -43.842315673828125 16.793207168579102
v 9.6890583038330078 -43.842315673828125 17.947052001953125
v 9.6890583038330078 -43.842315673828125 19.100898742675781
v 9.6890583038330078 -43.842315673828125 20.254745483398438
v 9.6890583038330078 -43.842315673828125 21.408592224121094
v 9.6890583038330078 -43.842315673828125 22.562437057495117
v 9.6890583038330078 -43.842315673828125 23.716283798217773
v 9.6890583038330078 -43.842315673828125 24.87013053894043
v 9.6890583038330078 -43.842315673828125 26.023975372314453
v 9.6890583038330078 -43.842315673828125 27.177822113037109
v 9.6890583038330078 -43.842315673828125 28.331668853759766
v 9.6890583038330078 -43.842315673828125 29.485513687133789
v 9.6890583038330078 -43.842315673828125 30.639360427856445
v 9.6890583038330078 -43.842315673828125 31.793207168579102
v 9.6890583038330078 -43.842315673828125 32.947052001953125
v 9.6890583038330078 -43.842315673828125 34.100898742675781
v 9.6890583038330078 -43.842315673828125 35.254745483398438
v 9.6890583038330078 -43.842315673828125 36.408592224121094
v 9.6890583038330078 -43.842315673828125 37.56243896484375
v 9.6890583038330078 -43.842315673828125 38.716281890869141
v 9.5 -43.805194854736328 -20.12986946105957
v 9.5 -43.805194854736328 -18.976024627685547
v 9.5 -43.805194854736328 -17.822177886962891
v 9.5 -43.805194854736328 -16.668331146240234
v 9.5 -43.805194854736328 -15.514485359191895
v 9.5 -43.805194854736328 -14.360639572143555
v 9.5 -43.805194854736328 -13.206792831420898
v 9.5 -43.805194854736328 -12.052947044372559
v 9.5 -43.805194854736328 -10.899101257324219
v 9.5 -43.805194854736328 -9.7452545166015625
v 9.5 -43.805194854736328 -8.5914087295532227
v 9.5 -43.805194854736328 -7.4375624656677246
v 9.5 -43.805194854736328 -6.2837162017822266
v 9.5 -43.805194854736328 -5.1298699378967285
v 9.5 -43.805194854736328 -3.9760239124298096
v 9.5 -43.805194854736328 -2.8221778869628906
v 9.5 -43.805194854736328 -1.6683316230773926
v 9.5 -43.805194854736328 -0.51448553800582886
v 9.5 -43.805194854736328 0.63936066627502441
v 9.5 -43.805194854736328 1.7932068109512329
v 9.5 -43.805194854736328 2.9470529556274414
v 9.5 -43.805194854736328 4.1008992195129395
v 9.5 -43.805194854736328 5.2547454833984375
v 9.5 -43.805194854736328 6.4085912704467773
v 9.5 -43.805194854736328 7.5624375343322754
v 9.5 -43.805194854736328 8.7162837982177734
v 9.5 -43.805194854736328 9.8701295852661133
v 9.5 -43.805194854736328 11.02397632598877
v 9.5 -43.805194854736328 12.177822113037109
v 9.5 -43.805194854736328 13.331667900085449
v 9.5 -43.805194854736328 14.485514640808105
v 9.5 -43.805194854736328 15.639360427856445
v 9.5 -43.805194854736328 16.793207168579102
v 9.5 -43.805194854736328 17.947052001953125
v 9.5 -43.805194854736328 19.100898742675781
v 9.5 -43.805194854736328 20.254745483398438
v 9.5 -43.805194854736328 21.408592224121094
v 9.5 -43.805194854736328 22.562437057495117
v 9.5 -43.805194854736328 23.716283798217773
v 9.5 -43.805194854736328 24.87013053894043
v 9.5 -43.805194854736328 26.023975372314453
v 9.5 -43.805194854736328 27.177822113037109
v 9.5 -43.805194854736328 28.331668853759766
v 9.5 -43.805194854736328 29.485513687133789
v 9.5 -43.805194854736328 30.639360427856445
v 9.5 -43.805194854736328 31.793207168579102
v 9.5 -43.805194854736328 32.947052001953125
v 9.5 -43.805194854736328 34.100898742675781
v 9.5 -43.805194854736328 35.254745483398438
v 9.5 -43.805194854736328 36.408592224121094
v 9.5 -43.805194854736328 37.56243896484375
v 9.5 -43.805194854736328 38.716281890869141
v 9.5 -43.805194854736328 39.870128631591797
v 9.961939811706543 -44.113853454589844 -20.12986946105957
v 9.8535537719726562 -43.951641082763672 -20.12986946105957
v 9.6913414001464844 -43.843254089355469 -20.12986946105957
v 9.9594964981079102 -44.108055114746094 -19.552947998046875
v 9.9897689819335938 -44.204566955566406 -18.976024627685547
v 9.9897689819335938 -44.204566955566406 -19.552947998046875
v 9.8500452041625977 -43.948165893554688 -19.552947998046875
v 9.9125900268554688 -44.022758483886719 -18.976024627685547
v 9.9125900268554688 -44.022758483886719 -19.552947998046875
v 9.6890583038330078 -43.842315673828125 -19.552947998046875
v 9.7746982574462891 -43.887413024902344 -18.976024627685547
v 9.7746982574462891 -43.887413024902344 -19.552947998046875
v 9.5963344573974609 -43.814563751220703 -18.976024627685547
v 9.5963344573974609 -43.814563751220703 -19.552947998046875
v 9.6913414001464844 -43.843254089355469 39.870128631591797
v 9.8535537719726562 -43.951641082763672 39.870128631591797
v 9.961939811706543 -44.113853454589844 39.870128631591797
v 9.6890583038330078 -43.842315673828125 39.293205261230469
v 9.5963344573974609 -43.814563751220703 38.716281890869141
v 9.5963344573974609 -43.814563751220703 39.293205261230469
v 9.8500452041625977 -43.948165893554688 39.293205261230469
v 9.7746982574462891 -43.887413024902344 38.716281890869141
v 9.7746982574462891 -43.887413024902344 39.293205261230469
v 9.9594964981079102 -44.108055114746094 39.293205261230469
v 9.9125900268554688 -44.022758483886719 38.716281890869141
v 9.9125900268554688 -44.022758483886719 39.293205261230469
v 9.9897689819335938 -44.204566955566406 38.716281890869141
v 9.9897689819335938 -44.204566955566406 39.293205261230469
v 10 62.694805145263672 39.870128631591797
v 9.5 62.194805145263672 39.870128631591797
v 9.9594964981079102 62.324184417724609 40.926479339599609
v 9.8500452041625977 62.172695159912109 40.875343322753906
v 9.6890583038330078 62.072402954101562 40.841487884521484
v 10 62.001789093017578 41.960784912109375
v 9.9594964981079102 61.843685150146484 41.843029022216797
v 9.8500452041625977 61.7154541015625 41.747524261474609
v 9.6890583038330078 61.630561828613281 41.684295654296875
v 10 61.229621887207031 42.717853546142578
v 9.9594964981079102 61.115009307861328 42.557453155517578
v 9.8500452041625977 61.022052764892578 42.427364349365234
v 9.6890583038330078 60.960514068603516 42.341239929199219
v 10 60.263206481933594 43.203075408935547
v 9.9594964981079102 60.203029632568359 43.015346527099609
v 9.8500452041625977 60.154224395751953 42.863086700439453
v 9.6890583038330078 60.121910095214844 42.762287139892578
v 10 59.194805145263672 43.370128631591797
v 9.5 59.194805145263672 42.870128631591797
v 9.5 59.971263885498047 42.767906188964844
v 9.5 60.694805145263672 42.468204498291016
v 9.5 61.316123962402344 41.991451263427734
v 9.5 61.792881011962891 41.370128631591797
v 9.5 62.092582702636719 40.646587371826172
v 9.6913414001464844 62.232864379882812 39.870128631591797
v 9.8535537719726562 62.341251373291016 39.870128631591797
v 9.961939811706543 62.503463745117188 39.870128631591797
v 9.5963344573974609 62.046108245849609 40.832611083984375
v 9.6890583038330078 62.191780090332031 40.362316131591797
v 9.5963344573974609 62.164394378662109 40.357818603515625
v 9.7746982574462891 62.115131378173828 40.855911254882812
v 9.8500452041625977 62.296234130859375 40.379467010498047
v 9.7746982574462891 62.236282348632812 40.369621276855469
v 9.9125900268554688 62.243370056152344 40.899196624755859
v 9.9594964981079102 62.454010009765625 40.405380249023438
v 9.9125900268554688 62.369838714599609 40.391555786132812
v 9.9897689819335938 62.415626525878906 40.957344055175781
v 9.9897689819335938 62.549243927001953 40.4210205078125
v 9.961939811706543 59.194805145263672 43.178787231445312
v 9.8535537719726562 59.194805145263672 43.016574859619141
v 9.6913414001464844 59.194805145263672 42.908191680908203
v 9.9594964981079102 59.705043792724609 43.133342742919922
v 9.9897689819335938 60.232490539550781 43.107250213623047
v 9.9897689819335938 59.719951629638672 43.228694915771484
v 9.8500452041625977 59.680343627929688 42.975372314453125
v 9.9125900268554688 60.176994323730469 42.934120178222656
v 9.9125900268554688 59.691867828369141 43.049068450927734
v 9.6890583038330078 59.663990020751953 42.870792388916016
v 9.7746982574462891 60.135677337646484 42.805233001708984
v 9.7746982574462891 59.670955657958984 42.915348052978516
v 9.5963344573974609 60.113437652587891 42.735858917236328
v 9.5963344573974609 59.659702301025391 42.843372344970703
v 10 -40.805194854736328 43.370128631591797
v 9.5 -40.805194854736328 42.870128631591797
v 9.9594964981079102 -41.861541748046875 42.99951171875
v 9.8500452041625977 -41.810405731201172 42.848018646240234
v 9.6890583038330078 -41.77655029296875 42.747726440429688
v 10 -42.895851135253906 42.677112579345703
v 9.9594964981079102 -42.778095245361328 42.519008636474609
v 9.8500452041625977 -42.682586669921875 42.390777587890625
v 9.6890583038330078 -42.619358062744141 42.305885314941406
v 10 -43.652915954589844 41.904945373535156
v 9.9594964981079102 -43.492519378662109 41.790332794189453
v 9.8500452041625977 -43.3624267578125 41.697380065917969
v 9.6890583038330078 -43.276302337646484 41.635837554931641
v 10 -44.138137817382812 40.938533782958984
v 9.9594964981079102 -43.950408935546875 40.87835693359375
v 9.8500452041625977 -43.798152923583984 40.829547882080078
v 9.6890583038330078 -43.697353363037109 40.797233581542969
v 10 -44.305194854736328 39.870128631591797
v 9.5 -43.805194854736328 39.870128631591797
v 9.5 -43.702972412109375 40.646587371826172
v 9.5 -43.403270721435547 41.370128631591797
v 9.5 -42.926513671875 41.991451263427734
v 9.5 -42.305194854736328 42.468204498291016
v 9.5 -41.581653594970703 42.767906188964844
v 9.961939811706543 -44.113853454589844 39.870128631591797
v 9.8535537719726562 -43.951641082763672 39.870128631591797
v 9.6913414001464844 -43.843254089355469 39.870128631591797
v 9.9594964981079102 -44.068408966064453 40.380367279052734
v 9.9897689819335938 -44.042312622070312 40.907814025878906
v 9.9897689819335938 -44.16375732421875 40.395275115966797
v 9.8500452041625977 -43.910438537597656 40.355667114257812
v 9.9125900268554688 -43.869182586669922 40.852317810058594
v 9.9125900268554688 -43.984134674072266 40.367191314697266
v 9.6890583038330078 -43.805854797363281 40.339313507080078
v 9.7746982574462891 -43.740299224853516 40.811000823974609
v 9.7746982574462891 -43.850414276123047 40.346282958984375
v 9.5963344573974609 -43.670925140380859 40.788764953613281
v 9.5963344573974609 -43.778434753417969 40.335025787353516
v 9.6913414001464844 -40.805194854736328 42.908191680908203
v 9.8535537719726562 -40.805194854736328 43.016574859619141
v 9.961939811706543 -40.805194854736328 43.178787231445312
v 9.5963344573974609 -41.767677307128906 42.721431732177734
v 9.6890583038330078 -41.297378540039062 42.867103576660156
v 9.5963344573974609 -41.292881011962891 42.839717864990234
v 9.7746982574462891 -41.790977478027344 42.790458679199219
v 9.8500452041625977 -41.314533233642578 42.9715576171875
v 9.7746982574462891 -41.3046875 42.911605834960938
v 9.9125900268554688 -41.834262847900391 42.918693542480469
v 9.9594964981079102 -41.340442657470703 43.12933349609375
v 9.9125900268554688 -41.326622009277344 43.045162200927734
v 9.9897689819335938 -41.892410278320312 43.090950012207031
v 9.9897689819335938 -41.356082916259766 43.224567413330078
v 10 -40.805194854736328 43.370128631591797
v 10 -39.642402648925781 43.370128631591797
v 10 -38.4796142578125 43.370128631591797
v 10 -37.316822052001953 43.370128631591797
v 10 -36.154033660888672 43.370128631591797
v 10 -34.991241455078125 43.370128631591797
v 10 -33.828449249267578 43.370128631591797
v 10 -32.665660858154297 43.370128631591797
v 10 -31.50286865234375 43.370128631591797
v 10 -30.340078353881836 43.370128631591797
v 10 -29.177288055419922 43.370128631591797
v 10 -28.014497756958008 43.370128631591797
v 10 -26.851705551147461 43.370128631591797
v 10 -25.688915252685547 43.370128631591797
v 10 -24.526124954223633 43.370128631591797
v 10 -23.363334655761719 43.370128631591797
v 10 -22.200544357299805 43.370128631591797
v 10 -21.037752151489258 43.370128631591797
v 10 -19.874961853027344 43.370128631591797
v 10 -18.71217155456543 43.370128631591797
v 10 -17.549381256103516 43.370128631591797
v 10 -16.386590957641602 43.370128631591797
v 10 -15.223799705505371 43.370128631591797
v 10 -14.061008453369141 43.370128631591797
v 10 -12.898218154907227 43.370128631591797
v 10 -11.735426902770996 43.370128631591797
v 10 -10.572636604309082 43.370128631591797
v 10 -9.409846305847168 43.370128631591797
v 10 -8.2470550537109375 43.370128631591797
v 10 -7.0842647552490234 43.370128631591797
v 10 -5.9214739799499512 43.370128631591797
v 10 -4.7586832046508789 43.370128631591797
v 10 -3.5958924293518066 43.370128631591797
v 10 -2.4331018924713135 43.370128631591797
v 10 -1.2703111171722412 43.370128631591797
v 10 -0.10752038657665253 43.370128631591797
v 10 1.0552703142166138 43.370128631591797
v 10 2.2180609703063965 43.370128631591797
v 10 3.3808517456054688 43.370128631591797
v 10 4.543642520904541 43.370128631591797
v 10 5.7064332962036133 43.370128631591797
v 10 6.8692235946655273 43.370128631591797
v 10 8.0320148468017578 43.370128631591797
v 10 9.1948051452636719 43.370128631591797
v 10 10.357595443725586 43.370128631591797
v 10 11.520386695861816 43.370128631591797
v 10 12.68317699432373 43.370128631591797
v 10 13.845968246459961 43.370128631591797
v 10 15.008758544921875 43.370128631591797
v 10 16.171548843383789 43.370128631591797
v 10 17.334339141845703 43.370128631591797
v 10 18.49713134765625 43.370128631591797
v 10 19.659921646118164 43.370128631591797
v 10 20.822711944580078 43.370128631591797
v 10 21.985502243041992 43.370128631591797
v 10 23.148294448852539 43.370128631591797
v 10 24.311084747314453 43.370128631591797
v 10 25.473875045776367 43.370128631591797
v 10 26.636665344238281 43.370128631591797
v 10 27.799455642700195 43.370128631591797
v 10 28.962247848510742 43.370128631591797
v 10 30.125038146972656 43.370128631591797
v 10 31.28782844543457 43.370128631591797
v 10 32.450618743896484 43.370128631591797
v 10 33.613410949707031 43.370128631591797
v 10 34.776199340820312 43.370128631591797
v 10 35.938991546630859 43.370128631591797
v 10 37.101783752441406 43.370128631591797
v 10 38.264572143554688 43.370128631591797
v 10 39.427364349365234 43.370128631591797
v 10 40.590152740478516 43.370128631591797
v 10 41.752944946289062 43.370128631591797
v 10 42.915737152099609 43.370128631591797
v 10 44.078525543212891 43.370128631591797
v 10 45.241317749023438 43.370128631591797
v 10 46.404106140136719 43.370128631591797
v 10 47.566898345947266 43.370128631591797
v 10 48.729690551757812 43.370128631591797
v 10 49.892478942871094 43.370128631591797
v 10 51.055271148681641 43.370128631591797
v 10 52.218059539794922 43.370128631591797
v 10 53.380851745605469 43.370128631591797
v 10 54.543643951416016 43.370128631591797
v 10 55.706432342529297 43.370128631591797
v 10 56.869224548339844 43.370128631591797
v 10 58.032012939453125 43.370128631591797
v 10 59.194805145263672 43.370128631591797
v 9.9594964981079102 -39.642402648925781 43.172992706298828
v 9.9594964981079102 -38.4796142578125 43.172992706298828
v 9.9594964981079102 -37.316822052001953 43.172992706298828
v 9.9594964981079102 -36.154033660888672 43.172992706298828
v 9.9594964981079102 -34.991241455078125 43.172992706298828
v 9.9594964981079102 -33.828449249267578 43.172992706298828
v 9.9594964981079102 -32.665660858154297 43.172992706298828
v 9.9594964981079102 -31.50286865234375 43.172992706298828
v 9.9594964981079102 -30.340078353881836 43.172992706298828
v 9.9594964981079102 -29.177288055419922 43.172992706298828
v 9.9594964981079102 -28.014497756958008 43.172992706298828
v 9.9594964981079102 -26.851705551147461 43.172992706298828
v 9.9594964981079102 -25.688915252685547 43.172992706298828
v 9.9594964981079102 -24.526124954223633 43.172992706298828
v 9.9594964981079102 -23.363334655761719 43.172992706298828
v 9.9594964981079102 -22.200544357299805 43.172992706298828
v 9.9594964981079102 -21.037752151489258 43.172992706298828
v 9.9594964981079102 -19.874961853027344 43.172992706298828
v 9.9594964981079102 -18.71217155456543 43.172992706298828
v 9.9594964981079102 -17.549381256103516 43.172992706298828
v 9.9594964981079102 -16.386590957641602 43.172992706298828
v 9.9594964981079102 -15.223799705505371 43.172992706298828
v 9.9594964981079102 -14.061008453369141 43.172992706298828
v 9.9594964981079102 -12.898218154907227 43.172992706298828
v 9.9594964981079102 -11.735426902770996 43.172992706298828
v 9.9594964981079102 -10.572636604309082 43.172992706298828
v 9.9594964981079102 -9.409846305847168 43.172992706298828
v 9.9594964981079102 -8.2470550537109375 43.172992706298828
v 9.9594964981079102 -7.0842647552490234 43.172992706298828
v 9.9594964981079102 -5.9214739799499512 43.172992706298828
v 9.9594964981079102 -4.7586832046508789 43.172992706298828
v 9.9594964981079102 -3.5958924293518066 43.172992706298828
v 9.9594964981079102 -2.4331018924713135 43.172992706298828
v 9.9594964981079102 -1.2703111171722412 43.172992706298828
v 9.9594964981079102 -0.10752038657665253 43.172992706298828
v 9.9594964981079102 1.0552703142166138 43.172992706298828
v 9.9594964981079102 2.2180609703063965 43.172992706298828
v 9.9594964981079102 3.3808517456054688 43.172992706298828
v 9.9594964981079102 4.543642520904541 43.172992706298828
v 9.9594964981079102 5.7064332962036133 43.172992706298828
v 9.9594964981079102 6.8692235946655273 43.172992706298828
v 9.9594964981079102 8.0320148468017578 43.172992706298828
v 9.9594964981079102 9.1948051452636719 43.172992706298828
v 9.9594964981079102 10.357595443725586 43.172992706298828
v 9.9594964981079102 11.520386695861816 43.172992706298828
v 9.9594964981079102 12.68317699432373 43.172992706298828
v 9.9594964981079102 13.845968246459961 43.172992706298828
v 9.9594964981079102 15.008758544921875 43.172992706298828
v 9.9594964981079102 16.171548843383789 43.172992706298828
v 9.9594964981079102 17.334339141845703 43.172992706298828
v 9.9594964981079102 18.49713134765625 43.172992706298828
v 9.9594964981079102 19.659921646118164 43.172992706298828
v 9.9594964981079102 20.822711944580078 43.172992706298828
v 9.9594964981079102 21.985502243041992 43.172992706298828
v 9.9594964981079102 23.148294448852539 43.172992706298828
v 9.9594964981079102 24.311084747314453 43.172992706298828
v 9.9594964981079102 25.473875045776367 43.172992706298828
v 9.9594964981079102 26.636665344238281 43.172992706298828
v 9.9594964981079102 27.799455642700195 43.172992706298828
v 9.9594964981079102 28.962247848510742 43.172992706298828
v 9.9594964981079102 30.125038146972656 43.172992706298828
v 9.9594964981079102 31.28782844543457 43.172992706298828
v 9.9594964981079102 32.450618743896484 43.172992706298828
v 9.9594964981079102 33.613410949707031 43.172992706298828
v 9.9594964981079102 34.776199340820312 43.172992706298828
v 9.9594964981079102 35.938991546630859 43.172992706298828
v 9.9594964981079102 37.101783752441406 43.172992706298828
v 9.9594964981079102 38.264572143554688 43.172992706298828
v 9.9594964981079102 39.427364349365234 43.172992706298828
v 9.9594964981079102 40.590152740478516 43.172992706298828
v 9.9594964981079102 41.752944946289062 43.172992706298828
v 9.9594964981079102 42.915737152099609 43.172992706298828
v 9.9594964981079102 44.078525543212891 43.172992706298828
v 9.9594964981079102 45.241317749023438 43.172992706298828
v 9.9594964981079102 46.404106140136719 43.172992706298828
v 9.9594964981079102 47.566898345947266 43.172992706298828
v 9.9594964981079102 48.729690551757812 43.172992706298828
v 9.9594964981079102 49.892478942871094 43.172992706298828
v 9.9594964981079102 51.055271148681641 43.172992706298828
v 9.9594964981079102 52.218059539794922 43.172992706298828
v 9.9594964981079102 53.380851745605469 43.172992706298828
v 9.9594964981079102 54.543643951416016 43.172992706298828
v 9.9594964981079102 55.706432342529297 43.172992706298828
v 9.9594964981079102 56.869224548339844 43.172992706298828
v 9.9594964981079102 58.032012939453125 43.172992706298828
v 9.8500452041625977 -39.642402648925781 43.013103485107422
v 9.8500452041625977 -38.4796142578125 43.013103485107422
v 9.8500452041625977 -37.316822052001953 43.013103485107422
v 9.8500452041625977 -36.154033660888672 43.013103485107422
v 9.8500452041625977 -34.991241455078125 43.013103485107422
v 9.8500452041625977 -33.828449249267578 43.013103485107422
v 9.8500452041625977 -32.665660858154297 43.013103485107422
v 9.8500452041625977 -31.50286865234375 43.013103485107422
v 9.8500452041625977 -30.340078353881836 43.013103485107422
v 9.8500452041625977 -29.177288055419922 43.013103485107422
v 9.8500452041625977 -28.014497756958008 43.013103485107422
v 9.8500452041625977 -26.851705551147461 43.013103485107422
v 9.8500452041625977 -25.688915252685547 43.013103485107422
v 9.8500452041625977 -24.526124954223633 43.013103485107422
v 9.8500452041625977 -23.363334655761719 43.013103485107422
v 9.8500452041625977 -22.200544357299805 43.013103485107422
v 9.8500452041625977 -21.037752151489258 43.013103485107422
v 9.8500452041625977 -19.874961853027344 43.013103485107422
v 9.8500452041625977 -18.71217155456543 43.013103485107422
v 9.8500452041625977 -17.549381256103516 43.013103485107422
v 9.8500452041625977 -16.386590957641602 43.013103485107422
v 9.8500452041625977 -15.223799705505371 43.013103485107422
v 9.8500452041625977 -14.061008453369141 43.013103485107422
v 9.8500452041625977 -12.898218154907227 43.013103485107422
v 9.8500452041625977 -11.735426902770996 43.013103485107422
v 9.8500452041625977 -10.572636604309082 43.013103485107422
v 9.8500452041625977 -9.409846305847168 43.013103485107422
v 9.8500452041625977 -8.2470550537109375 43.013103485107422
v 9.8500452041625977 -7.0842647552490234 43.013103485107422
v 9.8500452041625977 -5.9214739799499512 43.013103485107422
v 9.8500452041625977 -4.7586832046508789 43.013103485107422
v 9.8500452041625977 -3.5958924293518066 43.013103485107422
v 9.8500452041625977 -2.4331018924713135 43.013103485107422
v 9.8500452041625977 -1.2703111171722412 43.013103485107422
v 9.8500452041625977 -0.10752038657665253 43.013103485107422
v 9.8500452041625977 1.0552703142166138 43.013103485107422
v 9.8500452041625977 2.2180609703063965 43.013103485107422
v 9.8500452041625977 3.3808517456054688 43.013103485107422
v 9.8500452041625977 4.543642520904541 43.013103485107422
v 9.8500452041625977 5.7064332962036133 43.013103485107422
v 9.8500452041625977 6.8692235946655273 43.013103485107422
v 9.8500452041625977 8.0320148468017578 43.013103485107422
v 9.8500452041625977 9.1948051452636719 43.013103485107422
v 9.8500452041625977 10.357595443725586 43.013103485107422
v 9.8500452041625977 11.520386695861816 43.013103485107422
v 9.8500452041625977 12.68317699432373 43.013103485107422
v 9.8500452041625977 13.845968246459961 43.013103485107422
v 9.8500452041625977 15.008758544921875 43.013103485107422
v 9.8500452041625977 16.171548843383789 43.013103485107422
v 9.8500452041625977 17.334339141845703 43.013103485107422
v 9.8500452041625977 18.49713134765625 43.013103485107422
v 9.8500452041625977 19.659921646118164 43.013103485107422
v 9.8500452041625977 20.822711944580078 43.013103485107422
v 9.8500452041625977 21.985502243041992 43.013103485107422
v 9.8500452041625977 23.148294448852539 43.013103485107422
v 9.8500452041625977 24.311084747314453 43.013103485107422
v 9.8500452041625977 25.473875045776367 43.013103485107422
v 9.8500452041625977 26.636665344238281 43.013103485107422
v 9.8500452041625977 27.799455642700195 43.013103485107422
v 9.8500452041625977 28.962247848510742 43.013103485107422
v 9.8500452041625977 30.125038146972656 43.013103485107422
v 9.8500452041625977 31.28782844543457 43.013103485107422
v 9.8500452041625977 32.450618743896484 43.013103485107422
v 9.8500452041625977 33.613410949707031 43.013103485107422
v 9.8500452041625977 34.776199340820312 43.013103485107422
v 9.8500452041625977 35.938991546630859 43.013103485107422
v 9.8500452041625977 37.101783752441406 43.013103485107422
v 9.8500452041625977 38.264572143554688 43.013103485107422
v 9.8500452041625977 39.427364349365234 43.013103485107422
v 9.8500452041625977 40.590152740478516 43.013103485107422
v 9.8500452041625977 41.752944946289062 43.013103485107422
v 9.8500452041625977 42.915737152099609 43.013103485107422
v 9.8500452041625977 44.078525543212891 43.013103485107422
v 9.8500452041625977 45.241317749023438 43.013103485107422
v 9.8500452041625977 46.404106140136719 43.013103485107422
v 9.8500452041625977 47.566898345947266 43.013103485107422
v 9.8500452041625977 48.729690551757812 43.013103485107422
v 9.8500452041625977 49.892478942871094 43.013103485107422
v 9.8500452041625977 51.055271148681641 43.013103485107422
v 9.8500452041625977 52.218059539794922 43.013103485107422
v 9.8500452041625977 53.380851745605469 43.013103485107422
v 9.8500452041625977 54.543643951416016 43.013103485107422
v 9.8500452041625977 55.706432342529297 43.013103485107422
v 9.8500452041625977 56.869224548339844 43.013103485107422
v 9.8500452041625977 58.032012939453125 43.013103485107422
v 9.6890583038330078 -39.642402648925781 42.907249450683594
v 9.6890583038330078 -38.4796142578125 42.907249450683594
v 9.6890583038330078 -37.316822052001953 42.907249450683594
v 9.6890583038330078 -36.154033660888672 42.907249450683594
v 9.6890583038330078 -34.991241455078125 42.907249450683594
v 9.6890583038330078 -33.828449249267578 42.907249450683594
v 9.6890583038330078 -32.665660858154297 42.907249450683594
v 9.6890583038330078 -31.50286865234375 42.907249450683594
v 9.6890583038330078 -30.340078353881836 42.907249450683594
v 9.6890583038330078 -29.177288055419922 42.907249450683594
v 9.6890583038330078 -28.014497756958008 42.907249450683594
v 9.6890583038330078 -26.851705551147461 42.907249450683594
v 9.6890583038330078 -25.688915252685547 42.907249450683594
v 9.6890583038330078 -24.526124954223633 42.907249450683594
v 9.6890583038330078 -23.363334655761719 42.907249450683594
v 9.6890583038330078 -22.200544357299805 42.907249450683594
v 9.6890583038330078 -21.037752151489258 42.907249450683594
v 9.6890583038330078 -19.874961853027344 42.907249450683594
v 9.6890583038330078 -18.71217155456543 42.907249450683594
v 9.6890583038330078 -17.549381256103516 42.907249450683594
v 9.6890583038330078 -16.386590957641602 42.907249450683594
v 9.6890583038330078 -15.223799705505371 42.907249450683594
v 9.6890583038330078 -14.061008453369141 42.907249450683594
v 9.6890583038330078 -12.898218154907227 42.907249450683594
v 9.6890583038330078 -11.735426902770996 42.907249450683594
v 9.6890583038330078 -10.572636604309082 42.907249450683594
v 9.6890583038330078 -9.409846305847168 42.907249450683594
v 9.6890583038330078 -8.2470550537109375 42.907249450683594
v 9.6890583038330078 -7.0842647552490234 42.907249450683594
v 9.6890583038330078 -5.9214739799499512 42.907249450683594
v 9.6890583038330078 -4.7586832046508789 42.907249450683594
v 9.6890583038330078 -3.5958924293518066 42.907249450683594
v 9.6890583038330078 -2.4331018924713135 42.907249450683594
v 9.6890583038330078 -1.2703111171722412 42.907249450683594
v 9.6890583038330078 -0.10752038657665253 42.907249450683594
v 9.6890583038330078 1.0552703142166138 42.907249450683594
v 9.6890583038330078 2.2180609703063965 42.907249450683594
v 9.6890583038330078 3.3808517456054688 42.907249450683594
v 9.6890583038330078 4.543642520904541 42.907249450683594
v 9.6890583038330078 5.7064332962036133 42.907249450683594
v 9.6890583038330078 6.8692235946655273 42.907249450683594
v 9.6890583038330078 8.0320148468017578 42.907249450683594
v 9.6890583038330078 9.1948051452636719 42.907249450683594
v 9.6890583038330078 10.357595443725586 42.907249450683594
v 9.6890583038330078 11.520386695861816 42.907249450683594
v 9.6890583038330078 12.68317699432373 42.907249450683594
v 9.6890583038330078 13.845968246459961 42.907249450683594
v 9.6890583038330078 15.008758544921875 42.907249450683594
v 9.6890583038330078 16.171548843383789 42.907249450683594
v 9.6890583038330078 17.334339141845703 42.907249450683594
v 9.6890583038330078 18.49713134765625 42.907249450683594
v 9.6890583038330078 19.659921646118164 42.907249450683594
v 9.6890583038330078 20.822711944580078 42.907249450683594
v 9.6890583038330078 21.985502243041992 42.907249450683594
v 9.6890583038330078 23.148294448852539 42.907249450683594
v 9.6890583038330078 24.311084747314453 42.907249450683594
v 9.6890583038330078 25.473875045776367 42.907249450683594
v 9.6890583038330078 26.636665344238281 42.907249450683594
v 9.6890583038330078 27.799455642700195 42.907249450683594
v 9.6890583038330078 28.962247848510742 42.907249450683594
v 9.6890583038330078 30.125038146972656 42.907249450683594
v 9.6890583038330078 31.28782844543457 42.907249450683594
v 9.6890583038330078 32.450618743896484 42.907249450683594
v 9.6890583038330078 33.613410949707031 42.907249450683594
v 9.6890583038330078 34.776199340820312 42.907249450683594
v 9.6890583038330078 35.938991546630859 42.907249450683594
v 9.6890583038330078 37.101783752441406 42.907249450683594
v 9.6890583038330078 38.264572143554688 42.907249450683594
v 9.6890583038330078 39.427364349365234 42.907249450683594
v 9.6890583038330078 40.590152740478516 42.907249450683594
v 9.6890583038330078 41.752944946289062 42.907249450683594
v 9.6890583038330078 42.915737152099609 42.907249450683594
v 9.6890583038330078 44.078525543212891 42.907249450683594
v 9.6890583038330078 45.241317749023438 42.907249450683594
v 9.6890583038330078 46.404106140136719 42.907249450683594
v 9.6890583038330078 47.566898345947266 42.907249450683594
v 9.6890583038330078 48.729690551757812 42.907249450683594
v 9.6890583038330078 49.892478942871094 42.907249450683594
v 9.6890583038330078 51.055271148681641 42.907249450683594
v 9.6890583038330078 52.218059539794922 42.907249450683594
v 9.6890583038330078 53.380851745605469 42.907249450683594
v 9.6890583038330078 54.543643951416016 42.907249450683594
v 9.6890583038330078 55.706432342529297 42.907249450683594
v 9.6890583038330078 56.869224548339844 42.907249450683594
v 9.6890583038330078 58.032012939453125 42.907249450683594
v 9.5 -40.805194854736328 42.870128631591797
v 9.5 -39.642402648925781 42.870128631591797
v 9.5 -38.4796142578125 42.870128631591797
v 9.5 -37.316822052001953 42.870128631591797
v 9.5 -36.154033660888672 42.870128631591797
v 9.5 -34.991241455078125 42.870128631591797
v 9.5 -33.828449249267578 42.870128631591797
v 9.5 -32.665660858154297 42.870128631591797
v 9.5 -31.50286865234375 42.870128631591797
v 9.5 -30.340078353881836 42.870128631591797
v 9.5 -29.177288055419922 42.870128631591797
v 9.5 -28.014497756958008 42.870128631591797
v 9.5 -26.851705551147461 42.870128631591797
v 9.5 -25.688915252685547 42.870128631591797
v 9.5 -24.526124954223633 42.870128631591797
v 9.5 -23.363334655761719 42.870128631591797
v 9.5 -22.200544357299805 42.870128631591797
v 9.5 -21.037752151489258 42.870128631591797
v 9.5 -19.874961853027344 42.870128631591797
v 9.5 -18.71217155456543 42.870128631591797
v 9.5 -17.549381256103516 42.870128631591797
v 9.5 -16.386590957641602 42.870128631591797
v 9.5 -15.223799705505371 42.870128631591797
v 9.5 -14.061008453369141 42.870128631591797
v 9.5 -12.898218154907227 42.870128631591797
v 9.5 -11.735426902770996 42.870128631591797
v 9.5 -10.572636604309082 42.870128631591797
v 9.5 -9.409846305847168 42.870128631591797
v 9.5 -8.2470550537109375 42.870128631591797
v 9.5 -7.0842647552490234 42.870128631591797
v 9.5 -5.9214739799499512 42.870128631591797
v 9.5 -4.7586832046508789 42.870128631591797
v 9.5 -3.5958924293518066 42.870128631591797
v 9.5 -2.4331018924713135 42.870128631591797
v 9.5 -1.2703111171722412 42.870128631591797
v 9.5 -0.10752038657665253 42.870128631591797
v 9.5 1.0552703142166138 42.870128631591797
v 9.5 2.2180609703063965 42.870128631591797
v 9.5 3.3808517456054688 42.870128631591797
v 9.5 4.543642520904541 42.870128631591797
v 9.5 5.7064332962036133 42.870128631591797
v 9.5 6.8692235946655273 42.870128631591797
v 9.5 8.0320148468017578 42.870128631591797
v 9.5 9.1948051452636719 42.870128631591797
v 9.5 10.357595443725586 42.870128631591797
v 9.5 11.520386695861816 42.870128631591797
v 9.5 12.68317699432373 42.870128631591797
v 9.5 13.845968246459961 42.870128631591797
v 9.5 15.008758544921875 42.870128631591797
v 9.5 16.171548843383789 42.870128631591797
v 9.5 17.334339141845703 42.870128631591797
v 9.5 18.49713134765625 42.870128631591797
v 9.5 19.659921646118164 42.870128631591797
v 9.5 20.822711944580078 42.870128631591797
v 9.5 21.985502243041992 42.870128631591797
v 9.5 23.148294448852539 42.870128631591797
v 9.5 24.311084747314453 42.870128631591797
v 9.5 25.473875045776367 42.870128631591797
v 9.5 26.636665344238281 42.870128631591797
v 9.5 27.799455642700195 42.870128631591797
v 9.5 28.962247848510742 42.870128631591797
v 9.5 30.125038146972656 42.870128631591797
v 9.5 31.28782844543457 42.870128631591797
v 9.5 32.450618743896484 42.870128631591797
v 9.5 33.613410949707031 42.870128631591797
v 9.5 34.776199340820312 42.870128631591797
v 9.5 35.938991546630859 42.870128631591797
v 9.5 37.101783752441406 42.870128631591797
v 9.5 38.264572143554688 42.870128631591797
v 9.5 39.427364349365234 42.870128631591797
v 9.5 40.590152740478516 42.870128631591797
v 9.5 41.752944946289062 42.870128631591797
v 9.5 42.915737152099609 42.870128631591797
v 9.5 44.078525543212891 42.870128631591797
v 9.5 45.241317749023438 42.870128631591797
v 9.5 46.404106140136719 42.870128631591797
v 9.5 47.566898345947266 42.870128631591797
v 9.5 48.729690551757812 42.870128631591797
v 9.5 49.892478942871094 42.870128631591797
v 9.5 51.055271148681641 42.870128631591797
v 9.5 52.218059539794922 42.870128631591797
v 9.5 53.380851745605469 42.870128631591797
v 9.5 54.543643951416016 42.870128631591797
v 9.5 55.706432342529297 42.870128631591797
v 9.5 56.869224548339844 42.870128631591797
v 9.5 58.032012939453125 42.870128631591797
v 9.5 59.194805145263672 42.870128631591797
v 9.6913414001464844 59.194805145263672 42.908191680908203
v 9.8535537719726562 59.194805145263672 43.016574859619141
v 9.961939811706543 59.194805145263672 43.178787231445312
v 9.6890583038330078 58.613410949707031 42.907249450683594
v 9.5963344573974609 58.032012939453125 42.879497528076172
v 9.5963344573974609 58.613410949707031 42.879497528076172
v 9.8500452041625977 58.613410949707031 43.013103485107422
v 9.7746982574462891 58.032012939453125 42.952350616455078
v 9.7746982574462891 58.613410949707031 42.952350616455078
v 9.9594964981079102 58.613410949707031 43.172992706298828
v 9.9125900268554688 58.032012939453125 43.087696075439453
v 9.9125900268554688 58.613410949707031 43.087696075439453
v 9.9897689819335938 58.032012939453125 43.269500732421875
v 9.9897689819335938 58.613410949707031 43.269500732421875
v 9.961939811706543 -40.805194854736328 43.178787231445312
v 9.8535537719726562 -40.805194854736328 43.016574859619141
v 9.6913414001464844 -40.805194854736328 42.908191680908203
v 9.9594964981079102 -40.223800659179688 43.172992706298828
v 9.9897689819335938 -39.642402648925781 43.269500732421875
v 9.9897689819335938 -40.223800659179688 43.269500732421875
v 9.8500452041625977 -40.223800659179688 43.013103485107422
v 9.9125900268554688 -39.642402648925781 43.087696075439453
v 9.9125900268554688 -40.223800659179688 43.087696075439453
v 9.6890583038330078 -40.223800659179688 42.907249450683594
v 9.7746982574462891 -39.642402648925781 42.952350616455078
v 9.7746982574462891 -40.223800659179688 42.952350616455078
v 9.5963344573974609 -39.642402648925781 42.879497528076172
v 9.5963344573974609 -40.223800659179688 42.879497528076172
vt 0.81110978126525879 0.069672882556915283
vt 0.78652030229568481 0.069672882556915283
vt 0.80701154470443726 0.097577832639217377
vt 0.79881507158279419 0.097577832639217377
vt 0.79471677541732788 0.097577832639217377
vt 0.79061853885650635 0.097577832639217377
vt 0.80701154470443726 0.29291245341300964
vt 0.80291330814361572 0.29291245341300964
vt 0.79881507158279419 0.29291245341300964
vt 0.79061853885650635 0.29291245341300964
vt 0.81110978126525879 0.32081741094589233
vt 0.78652030229568481 0.32081741094589233
vt 0.78652030229568481 0.30149859189987183
vt 0.78652030229568481 0.28217977285385132
vt 0.78652030229568481 0.2628609836101532
vt 0.78652030229568481 0.24354216456413269
vt 0.78652030229568481 0.22422336041927338
vt 0.78652030229568481 0.20490455627441406
vt 0.78652030229568481 0.18558573722839355
vt 0.78652030229568481 0.16626693308353424
vt 0.78652030229568481 0.14694812893867493
vt 0.78652030229568481 0.12762930989265442
vt 0.78652030229568481 0.1083105057477951
vt 0.78652030229568481 0.088991694152355194
vt 0.81110978126525879 0.088991694152355194
vt 0.81110978126525879 0.1083105057477951
vt 0.81110978126525879 0.12762930989265442
vt 0.81110978126525879 0.14694812893867493
vt 0.81110978126525879 0.16626693308353424
vt 0.81110978126525879 0.18558573722839355
vt 0.81110978126525879 0.20490455627441406
vt 0.81110978126525879 0.22422336041927338
vt 0.81110978126525879 0.24354216456413269
vt 0.81110978126525879 0.2628609836101532
vt 0.81110978126525879 0.28217977285385132
vt 0.81110978126525879 0.30149859189987183
vt 0.80906069278717041 0.11990179121494293
vt 0.80845212936401367 0.11673638969659805
vt 0.8067169189453125 0.11404099315404892
vt 0.80409586429595947 0.11220845580101013
vt 0.80086416006088257 0.11153030395507812
vt 0.80701154470443726 0.11153030395507812
vt 0.80906069278717041 0.097577832639217377
vt 0.80906069278717041 0.11153030395507812
vt 0.8100852370262146 0.11153030395507812
vt 0.8100852370262146 0.1185065433382988
vt 0.80803614854812622 0.11153030395507812
vt 0.79676592350006104 0.11153030395507812
vt 0.79676592350006104 0.097577832639217377
vt 0.79366672039031982 0.11215182393789291
vt 0.79102766513824463 0.11392409354448318
vt 0.78923338651657104 0.1166011169552803
vt 0.78856945037841797 0.11990179121494293
vt 0.79676592350006104 0.10455407202243805
vt 0.79779046773910522 0.097577832639217377
vt 0.79881507158279419 0.10455407202243805
vt 0.79779046773910522 0.10455407202243805
vt 0.79471677541732788 0.083625353872776031
vt 0.79881507158279419 0.083625353872776031
vt 0.79676592350006104 0.083625353872776031
vt 0.79061853885650635 0.11153030395507812
vt 0.78856945037841797 0.097577832639217377
vt 0.78856945037841797 0.11153030395507812
vt 0.78959399461746216 0.11153030395507812
vt 0.78856945037841797 0.13873763382434845
vt 0.78856945037841797 0.15757346153259277
vt 0.78856945037841797 0.17640930414199829
vt 0.78856945037841797 0.19524514675140381
vt 0.78856945037841797 0.21408097445964813
vt 0.78856945037841797 0.23291681706905365
vt 0.78856945037841797 0.25175267457962036
vt 0.78856945037841797 0.27058851718902588
vt 0.78917795419692993 0.27375391125679016
vt 0.7909131646156311 0.2764492928981781
vt 0.79353427886962891 0.27828183770179749
vt 0.79676592350006104 0.27895998954772949
vt 0.78856945037841797 0.29291245341300964
vt 0.79061853885650635 0.27895998954772949
vt 0.78856945037841797 0.27895998954772949
vt 0.78959399461746216 0.27895998954772949
vt 0.80086416006088257 0.27895998954772949
vt 0.80086416006088257 0.29291245341300964
vt 0.80396342277526855 0.27833846211433411
vt 0.80660247802734375 0.27656620740890503
vt 0.80839669704437256 0.27388918399810791
vt 0.80906069278717041 0.27058851718902588
vt 0.80188876390457153 0.29291245341300964
vt 0.80086416006088257 0.28593620657920837
vt 0.80291330814361572 0.28593620657920837
vt 0.80188876390457153 0.28593620657920837
vt 0.80701154470443726 0.27895998954772949
vt 0.79881507158279419 0.30686491727828979
vt 0.80291330814361572 0.30686491727828979
vt 0.80086416006088257 0.30686491727828979
vt 0.80906069278717041 0.29291245341300964
vt 0.80906069278717041 0.27895998954772949
vt 0.80803614854812622 0.27895998954772949
vt 0.80906069278717041 0.25175267457962036
vt 0.80906069278717041 0.23291681706905365
vt 0.80906069278717041 0.21408097445964813
vt 0.80906069278717041 0.19524514675140381
vt 0.80906069278717041 0.17640930414199829
vt 0.80906069278717041 0.15757346153259277
vt 0.80906069278717041 0.13873763382434845
vt 0.74535876512527466 0
vt 0.72170913219451904 0
vt 0.74535876512527466 0.41857418417930603
vt 0.72170913219451904 0.41857418417930603
vt 0.72170913219451904 0.39954808354377747
vt 0.72170913219451904 0.38052201271057129
vt 0.72170913219451904 0.36149591207504272
vt 0.72170913219451904 0.34246981143951416
vt 0.72170913219451904 0.32344368100166321
vt 0.72170913219451904 0.30441761016845703
vt 0.72170913219451904 0.28539150953292847
vt 0.72170913219451904 0.2663654088973999
vt 0.72170913219451904 0.24733929336071014
vt 0.72170913219451904 0.22831320762634277
vt 0.72170913219451904 0.20928709208965302
vt 0.72170913219451904 0.19026100635528564
vt 0.72170913219451904 0.17123490571975708
vt 0.72170913219451904 0.15220880508422852
vt 0.72170913219451904 0.13318270444869995
vt 0.72170913219451904 0.11415660381317139
vt 0.72170913219451904 0.095130503177642822
vt 0.72170913219451904 0.076104402542114258
vt 0.72170913219451904 0.057078301906585693
vt 0.72170913219451904 0.038052201271057129
vt 0.72170913219451904 0.019026100635528564
vt 0.74535876512527466 0.019026100635528564
vt 0.74535876512527466 0.038052201271057129
vt 0.74535876512527466 0.057078301906585693
vt 0.74535876512527466 0.076104402542114258
vt 0.74535876512527466 0.095130503177642822
vt 0.74535876512527466 0.11415660381317139
vt 0.74535876512527466 0.13318270444869995
vt 0.74535876512527466 0.15220880508422852
vt 0.74535876512527466 0.17123490571975708
vt 0.74535876512527466 0.19026100635528564
vt 0.74535876512527466 0.20928709208965302
vt 0.74535876512527466 0.22831320762634277
vt 0.74535876512527466 0.24733929336071014
vt 0.74535876512527466 0.2663654088973999
vt 0.74535876512527466 0.28539150953292847
vt 0.74535876512527466 0.30441761016845703
vt 0.74535876512527466 0.32344368100166321
vt 0.74535876512527466 0.34246981143951416
vt 0.74535876512527466 0.36149591207504272
vt 0.74535876512527466 0.38052201271057129
vt 0.74535876512527466 0.39954808354377747
vt 0.99853515625 0
vt 0.97488552331924438 0
vt 0.99853515625 0.41857418417930603
vt 0.97488552331924438 0.41857418417930603
vt 0.97488552331924438 0.39954808354377747
vt 0.97488552331924438 0.38052201271057129
vt 0.97488552331924438 0.36149591207504272
vt 0.97488552331924438 0.34246981143951416
vt 0.97488552331924438 0.32344368100166321
vt 0.97488552331924438 0.30441761016845703
vt 0.97488552331924438 0.28539150953292847
vt 0.97488552331924438 0.2663654088973999
vt 0.97488552331924438 0.24733929336071014
vt 0.97488552331924438 0.22831320762634277
vt 0.97488552331924438 0.20928709208965302
vt 0.97488552331924438 0.19026100635528564
vt 0.97488552331924438 0.17123490571975708
vt 0.97488552331924438 0.15220880508422852
vt 0.97488552331924438 0.13318270444869995
vt 0.97488552331924438 0.11415660381317139
vt 0.97488552331924438 0.095130503177642822
vt 0.97488552331924438 0.076104402542114258
vt 0.97488552331924438 0.057078301906585693
vt 0.97488552331924438 0.038052201271057129
vt 0.97488552331924438 0.019026100635528564
vt 0.99853515625 0.019026100635528564
vt 0.99853515625 0.038052201271057129
vt 0.99853515625 0.057078301906585693
vt 0.99853515625 0.076104402542114258
vt 0.99853515625 0.095130503177642822
vt 0.99853515625 0.11415660381317139
vt 0.99853515625 0.13318270444869995
vt 0.99853515625 0.15220880508422852
vt 0.99853515625 0.17123490571975708
vt 0.99853515625 0.19026100635528564
vt 0.99853515625 0.20928709208965302
vt 0.99853515625 0.22831320762634277
vt 0.99853515625 0.24733929336071014
vt 0.99853515625 0.2663654088973999
vt 0.99853515625 0.28539150953292847
vt 0.99853515625 0.30441761016845703
vt 0.99853515625 0.32344368100166321
vt 0.99853515625 0.34246981143951416
vt 0.99853515625 0.36149591207504272
vt 0.99853515625 0.38052201271057129
vt 0.99853515625 0.39954808354377747
vt 0.78505545854568481 0.069672882556915283
vt 0.76046597957611084 0.069672882556915283
vt 0.78505545854568481 0.32081741094589233
vt 0.76046597957611084 0.32081741094589233
vt 0.76046597957611084 0.28217977285385132
vt 0.76046597957611084 0.2628609836101532
vt 0.76046597957611084 0.24354216456413269
vt 0.76046597957611084 0.22422336041927338
vt 0.76046597957611084 0.20490455627441406
vt 0.76046597957611084 0.18558573722839355
vt 0.76046597957611084 0.16626693308353424
vt 0.76046597957611084 0.14694812893867493
vt 0.76046597957611084 0.12762930989265442
vt 0.76046597957611084 0.1083105057477951
vt 0.76046597957611084 0.088991694152355194
vt 0.78505545854568481 0.088991694152355194
vt 0.78505545854568481 0.1083105057477951
vt 0.78505545854568481 0.12762930989265442
vt 0.78505545854568481 0.14694812893867493
vt 0.78505545854568481 0.16626693308353424
vt 0.78505545854568481 0.18558573722839355
vt 0.78505545854568481 0.20490455627441406
vt 0.78505545854568481 0.22422336041927338
vt 0.78505545854568481 0.24354216456413269
vt 0.78505545854568481 0.2628609836101532
vt 0.78505545854568481 0.28217977285385132
vt 0.78505545854568481 0.30149859189987183
vt 0.033384900540113449 0.45802482962608337
vt 0.052353616803884506 0.45802482962608337
vt 0.071322306990623474 0.45802482962608337
vt 0.090291023254394531 0.45802482962608337
vt 0.1092597097158432 0.45802482962608337
vt 0.12822839617729187 0.45802482962608337
vt 0.14719711244106293 0.45802482962608337
vt 0.1661657989025116 0.45802482962608337
vt 0.18513451516628265 0.45802482962608337
vt 0.20410320162773132 0.45802482962608337
vt 0.22307193279266357 0.45802482962608337
vt 0.24204061925411224 0.45802482962608337
vt 0.26100930571556091 0.45802482962608337
vt 0.27997800707817078 0.45802482962608337
vt 0.29894670844078064 0.45802482962608337
vt 0.3179154098033905 0.45802482962608337
vt 0.33688411116600037 0.45802482962608337
vt 0.35585281252861023 0.45802482962608337
vt 0.37482151389122009 0.45802482962608337
vt 0.39379021525382996 0.45802482962608337
vt 0.41275891661643982 0.45802482962608337
vt 0.43172761797904968 0.45802482962608337
vt 0.45069631934165955 0.45802482962608337
vt 0.45752349495887756 0.4587324857711792
vt 0.46385917067527771 0.4607374370098114
vt 0.46958518028259277 0.46389997005462646
vt 0.47453495860099792 0.46806758642196655
vt 0.47859147191047668 0.47311368584632874
vt 0.48160266876220703 0.4788491427898407
vt 0.48408123850822449 0.4915107786655426
vt 0.44950398802757263 0.46938613057136536
vt 0.46679261326789856 0.46938613057136536
vt 0.48408123850822449 0.51082956790924072
vt 0.48408123850822449 0.53014838695526123
vt 0.48408123850822449 0.54946720600128174
vt 0.48408123850822449 0.56878602504730225
vt 0.48408123850822449 0.58810478448867798
vt 0.48408123850822449 0.60742360353469849
vt 0.48408123850822449 0.62674242258071899
vt 0.48408123850822449 0.6460612416267395
vt 0.48408123850822449 0.66538006067276001
vt 0.48408123850822449 0.68469882011413574
vt 0.48408123850822449 0.70401769876480103
vt 0.48408123850822449 0.74265527725219727
vt 0.48337569832801819 0.74950307607650757
vt 0.48137679696083069 0.75585794448852539
vt 0.47822380065917969 0.76160132884979248
vt 0.47406876087188721 0.76656609773635864
vt 0.46903789043426514 0.77063482999801636
vt 0.46331971883773804 0.77365511655807495
vt 0.45069631934165955 0.77614122629165649
vt 0.44950398802757263 0.76477992534637451
vt 0.46679261326789856 0.76477992534637451
vt 0.43172761797904968 0.77614122629165649
vt 0.41275891661643982 0.77614122629165649
vt 0.39379021525382996 0.77614122629165649
vt 0.37482151389122009 0.77614122629165649
vt 0.35585281252861023 0.77614122629165649
vt 0.33688411116600037 0.77614122629165649
vt 0.3179154098033905 0.77614122629165649
vt 0.29894670844078064 0.77614122629165649
vt 0.27997800707817078 0.77614122629165649
vt 0.26100930571556091 0.77614122629165649
vt 0.24204061925411224 0.77614122629165649
vt 0.22307193279266357 0.77614122629165649
vt 0.20410320162773132 0.77614122629165649
vt 0.18513451516628265 0.77614122629165649
vt 0.1661657989025116 0.77614122629165649
vt 0.14719711244106293 0.77614122629165649
vt 0.12822839617729187 0.77614122629165649
vt 0.1092597097158432 0.77614122629165649
vt 0.090291023254394531 0.77614122629165649
vt 0.071322306990623474 0.77614122629165649
vt 0.052353616803884506 0.77614122629165649
vt 0.033384900540113449 0.77614122629165649
vt 0.026557732373476028 0.77543354034423828
vt 0.020222054794430733 0.77342861890792847
vt 0.014496021904051304 0.77026605606079102
vt 0.0095462631434202194 0.76609843969345093
vt 0.005489780567586422 0.76105237007141113
vt 0.0024785725399851799 0.75531691312789917
vt 0 0.74265527725219727
vt 0.034577243030071259 0.76477992534637451
vt 0.017288606613874435 0.76477992534637451
vt 0 0.72333645820617676
vt 0 0.70401769876480103
vt 0 0.68469882011413574
vt 0 0.66538006067276001
vt 0 0.6460612416267395
vt 0 0.62674242258071899
vt 0 0.60742360353469849
vt 0 0.58810478448867798
vt 0 0.56878602504730225
vt 0 0.54946720600128174
vt 0 0.53014838695526123
vt 0 0.51082956790924072
vt 0 0.4915107786655426
vt 0.00070552551187574863 0.48466295003890991
vt 0.0027044375892728567 0.47830808162689209
vt 0.0058574313297867775 0.47256472706794739
vt 0.010012478567659855 0.46759998798370361
vt 0.015043343417346478 0.46353122591972351
vt 0.020761499181389809 0.46051090955734253
vt 0.034577243030071259 0.46938613057136536
vt 0.017288606613874435 0.46938613057136536
vt 0.4653022289276123 0.4915107786655426
vt 0.46460506319999695 0.48703870177268982
vt 0.46258017420768738 0.48299354314804077
vt 0.45942085981369019 0.47976145148277283
vt 0.45069631934165955 0.47686067223548889
vt 0.44950398802757263 0.47506678104400635
vt 0.4581483006477356 0.46938613057136536
vt 0.46679261326789856 0.47506678104400635
vt 0.4581483006477356 0.47506678104400635
vt 0.41492676734924316 0.46938613057136536
vt 0.43221539258956909 0.46938613057136536
vt 0.44584384560585022 0.47686067223548889
vt 0.44099140167236328 0.47686067223548889
vt 0.43613892793655396 0.47686067223548889
vt 0.43128648400306702 0.47686067223548889
vt 0.42643401026725769 0.47686067223548889
vt 0.42158156633377075 0.47686067223548889
vt 0.41672912240028381 0.47686067223548889
vt 0.41187664866447449 0.47686067223548889
vt 0.40702417492866516 0.47686067223548889
vt 0.40217173099517822 0.47686067223548889
vt 0.39731928706169128 0.47686067223548889
vt 0.39246681332588196 0.47686067223548889
vt 0.38761436939239502 0.47686067223548889
vt 0.38276189565658569 0.47686067223548889
vt 0.37790945172309875 0.47686067223548889
vt 0.37305697798728943 0.47686067223548889
vt 0.36820453405380249 0.47686067223548889
vt 0.36335206031799316 0.47686067223548889
vt 0.35849961638450623 0.47686067223548889
vt 0.3536471426486969 0.47686067223548889
vt 0.34879469871520996 0.47686067223548889
vt 0.34394222497940063 0.47686067223548889
vt 0.3390897810459137 0.47686067223548889
vt 0.33423733711242676 0.47686067223548889
vt 0.32938486337661743 0.47686067223548889
vt 0.32453241944313049 0.47686067223548889
vt 0.31967994570732117 0.47686067223548889
vt 0.31482747197151184 0.47686067223548889
vt 0.3099750280380249 0.47686067223548889
vt 0.30512255430221558 0.47686067223548889
vt 0.30027011036872864 0.47686067223548889
vt 0.29541763663291931 0.47686067223548889
vt 0.29056519269943237 0.47686067223548889
vt 0.28571274876594543 0.47686067223548889
vt 0.28086027503013611 0.47686067223548889
vt 0.27600783109664917 0.47686067223548889
vt 0.27115535736083984 0.47686067223548889
vt 0.26630291342735291 0.47686067223548889
vt 0.26145043969154358 0.47686067223548889
vt 0.25659799575805664 0.47686067223548889
vt 0.25174552202224731 0.47686067223548889
vt 0.24689307808876038 0.47686067223548889
vt 0.24204061925411224 0.47686067223548889
vt 0.23718814551830292 0.47686067223548889
vt 0.23233568668365479 0.47686067223548889
vt 0.22748324275016785 0.47686067223548889
vt 0.22263078391551971 0.47686067223548889
vt 0.21777832508087158 0.47686067223548889
vt 0.21292585134506226 0.47686067223548889
vt 0.20807342231273651 0.47686067223548889
vt 0.20322094857692719 0.47686067223548889
vt 0.19836848974227905 0.47686067223548889
vt 0.19351603090763092 0.47686067223548889
vt 0.18866355717182159 0.47686067223548889
vt 0.18381112813949585 0.47686067223548889
vt 0.17895866930484772 0.47686067223548889
vt 0.17410619556903839 0.47686067223548889
vt 0.16925373673439026 0.47686067223548889
vt 0.16440126299858093 0.47686067223548889
vt 0.15954883396625519 0.47686067223548889
vt 0.15469637513160706 0.47686067223548889
vt 0.14984390139579773 0.47686067223548889
vt 0.1449914425611496 0.47686067223548889
vt 0.14013899862766266 0.47686067223548889
vt 0.13528653979301453 0.47686067223548889
vt 0.13043408095836639 0.47686067223548889
vt 0.12558160722255707 0.47686067223548889
vt 0.12072914838790894 0.47686067223548889
vt 0.11587671190500259 0.47686067223548889
vt 0.11102424561977386 0.47686067223548889
vt 0.10617177933454514 0.47686067223548889
vt 0.101319320499897 0.47686067223548889
vt 0.096466884016990662 0.47686067223548889
vt 0.091614417731761932 0.47686067223548889
vt 0.086761951446533203 0.47686067223548889
vt 0.081909485161304474 0.47686067223548889
vt 0.077057026326656342 0.47686067223548889
vt 0.07220458984375 0.47686067223548889
vt 0.067352123558521271 0.47686067223548889
vt 0.06249966099858284 0.47686067223548889
vt 0.057647194713354111 0.47686067223548889
vt 0.052794758230447769 0.47686067223548889
vt 0.047942295670509338 0.47686067223548889
vt 0.043089829385280609 0.47686067223548889
vt 0.038237366825342178 0.47686067223548889
vt 0.033384900540113449 0.47686067223548889
vt 0.43221539258956909 0.47506678104400635
vt 0.44085967540740967 0.46938613057136536
vt 0.44085967540740967 0.47506678104400635
vt 0.41492676734924316 0.47506678104400635
vt 0.42357107996940613 0.46938613057136536
vt 0.42357107996940613 0.47506678104400635
vt 0.3803495466709137 0.46938613057136536
vt 0.39763814210891724 0.46938613057136536
vt 0.39763814210891724 0.47506678104400635
vt 0.4062824547290802 0.46938613057136536
vt 0.4062824547290802 0.47506678104400635
vt 0.3803495466709137 0.47506678104400635
vt 0.38899385929107666 0.46938613057136536
vt 0.38899385929107666 0.47506678104400635
vt 0.34577229619026184 0.46938613057136536
vt 0.36306092143058777 0.46938613057136536
vt 0.36306092143058777 0.47506678104400635
vt 0.37170523405075073 0.46938613057136536
vt 0.37170523405075073 0.47506678104400635
vt 0.34577229619026184 0.47506678104400635
vt 0.3544166088104248 0.46938613057136536
vt 0.3544166088104248 0.47506678104400635
vt 0.31119507551193237 0.46938613057136536
vt 0.3284837007522583 0.46938613057136536
vt 0.3284837007522583 0.47506678104400635
vt 0.33712798357009888 0.46938613057136536
vt 0.33712798357009888 0.47506678104400635
vt 0.31119507551193237 0.47506678104400635
vt 0.31983938813209534 0.46938613057136536
vt 0.31983938813209534 0.47506678104400635
vt 0.27661785483360291 0.46938613057136536
vt 0.29390645027160645 0.46938613057136536
vt 0.29390645027160645 0.47506678104400635
vt 0.30255076289176941 0.46938613057136536
vt 0.30255076289176941 0.47506678104400635
vt 0.27661785483360291 0.47506678104400635
vt 0.28526213765144348 0.46938613057136536
vt 0.28526213765144348 0.47506678104400635
vt 0.24204061925411224 0.46938613057136536
vt 0.25932922959327698 0.46938613057136536
vt 0.25932922959327698 0.47506678104400635
vt 0.26797354221343994 0.46938613057136536
vt 0.26797354221343994 0.47506678104400635
vt 0.24204061925411224 0.47506678104400635
vt 0.25068491697311401 0.46938613057136536
vt 0.25068491697311401 0.47506678104400635
vt 0.20746336877346039 0.46938613057136536
vt 0.22475200891494751 0.46938613057136536
vt 0.22475200891494751 0.47506678104400635
vt 0.23339630663394928 0.46938613057136536
vt 0.23339630663394928 0.47506678104400635
vt 0.20746336877346039 0.47506678104400635
vt 0.21610769629478455 0.46938613057136536
vt 0.21610769629478455 0.47506678104400635
vt 0.17288616299629211 0.46938613057136536
vt 0.19017475843429565 0.46938613057136536
vt 0.19017475843429565 0.47506678104400635
vt 0.19881907105445862 0.46938613057136536
vt 0.19881907105445862 0.47506678104400635
vt 0.17288616299629211 0.47506678104400635
vt 0.18153046071529388 0.46938613057136536
vt 0.18153046071529388 0.47506678104400635
vt 0.13830891251564026 0.46938613057136536
vt 0.15559755265712738 0.46938613057136536
vt 0.15559755265712738 0.47506678104400635
vt 0.16424185037612915 0.46938613057136536
vt 0.16424185037612915 0.47506678104400635
vt 0.13830891251564026 0.47506678104400635
vt 0.14695321023464203 0.46938613057136536
vt 0.14695321023464203 0.47506678104400635
vt 0.10373169928789139 0.46938613057136536
vt 0.12102030962705612 0.46938613057136536
vt 0.12102030962705612 0.47506678104400635
vt 0.12966461479663849 0.46938613057136536
vt 0.12966461479663849 0.47506678104400635
vt 0.10373169928789139 0.47506678104400635
vt 0.11237600445747375 0.46938613057136536
vt 0.11237600445747375 0.47506678104400635
vt 0.069154456257820129 0.46938613057136536
vt 0.086443066596984863 0.46938613057136536
vt 0.086443066596984863 0.47506678104400635
vt 0.095087394118309021 0.46938613057136536
vt 0.095087394118309021 0.47506678104400635
vt 0.069154456257820129 0.47506678104400635
vt 0.077798761427402496 0.46938613057136536
vt 0.077798761427402496 0.47506678104400635
vt 0.051865849643945694 0.46938613057136536
vt 0.051865849643945694 0.47506678104400635
vt 0.060510154813528061 0.46938613057136536
vt 0.060510154813528061 0.47506678104400635
vt 0.034577243030071259 0.47506678104400635
vt 0.043221548199653625 0.46938613057136536
vt 0.043221548199653625 0.47506678104400635
vt 0.017288606613874435 0.47506678104400635
vt 0.025932909920811653 0.46938613057136536
vt 0.025932909920811653 0.47506678104400635
vt 0.028926344588398933 0.47755992412567139
vt 0.024893404915928841 0.47959092259407043
vt 0.021671047434210777 0.48275980353355408
vt 0.018779005855321884 0.4915107786655426
vt 0.018779005855321884 0.49634045362472534
vt 0.018779005855321884 0.50117015838623047
vt 0.018779005855321884 0.5059998631477356
vt 0.018779005855321884 0.51082956790924072
vt 0.018779005855321884 0.51565927267074585
vt 0.018779005855321884 0.52048897743225098
vt 0.018779005855321884 0.5253186821937561
vt 0.018779005855321884 0.53014838695526123
vt 0.018779005855321884 0.53497809171676636
vt 0.018779005855321884 0.53980779647827148
vt 0.018779005855321884 0.54463750123977661
vt 0.018779005855321884 0.54946720600128174
vt 0.018779005855321884 0.55429691076278687
vt 0.018779005855321884 0.55912661552429199
vt 0.018779005855321884 0.56395632028579712
vt 0.018779005855321884 0.56878602504730225
vt 0.018779005855321884 0.57361572980880737
vt 0.018779005855321884 0.5784454345703125
vt 0.018779005855321884 0.58327513933181763
vt 0.018779005855321884 0.58810478448867798
vt 0.018779005855321884 0.59293448925018311
vt 0.018779005855321884 0.59776419401168823
vt 0.018779005855321884 0.60259389877319336
vt 0.018779005855321884 0.60742360353469849
vt 0.018779005855321884 0.61225330829620361
vt 0.018779005855321884 0.61708301305770874
vt 0.018779005855321884 0.62191271781921387
vt 0.018779005855321884 0.62674242258071899
vt 0.018779005855321884 0.63157212734222412
vt 0.018779005855321884 0.63640183210372925
vt 0.018779005855321884 0.64123153686523438
vt 0.018779005855321884 0.6460612416267395
vt 0.018779005855321884 0.65089094638824463
vt 0.018779005855321884 0.65572065114974976
vt 0.018779005855321884 0.66055035591125488
vt 0.018779005855321884 0.66538006067276001
vt 0.018779005855321884 0.67020976543426514
vt 0.018779005855321884 0.67503947019577026
vt 0.018779005855321884 0.67986917495727539
vt 0.018779005855321884 0.68469882011413574
vt 0.018779005855321884 0.68952852487564087
vt 0.018779005855321884 0.69435828924179077
vt 0.018779005855321884 0.6991879940032959
vt 0.018779005855321884 0.70401769876480103
vt 0.018779005855321884 0.70884740352630615
vt 0.018779005855321884 0.7136770486831665
vt 0.018779005855321884 0.71850675344467163
vt 0.018779005855321884 0.72333645820617676
vt 0.018779005855321884 0.72816616296768188
vt 0.018779005855321884 0.73299586772918701
vt 0.018779005855321884 0.73782557249069214
vt 0.018779005855321884 0.74265527725219727
vt 0.019476162269711494 0.74712735414505005
vt 0.021501043811440468 0.75117248296737671
vt 0.024660356342792511 0.75440460443496704
vt 0.033384900540113449 0.75730538368225098
vt 0.025932909920811653 0.76477992534637451
vt 0.017288606613874435 0.75909930467605591
vt 0.034577243030071259 0.75909930467605591
vt 0.025932909920811653 0.75909930467605591
vt 0.069154456257820129 0.76477992534637451
vt 0.051865849643945694 0.76477992534637451
vt 0.038237366825342178 0.75730538368225098
vt 0.043089829385280609 0.75730538368225098
vt 0.047942295670509338 0.75730538368225098
vt 0.052794758230447769 0.75730538368225098
vt 0.057647194713354111 0.75730538368225098
vt 0.06249966099858284 0.75730538368225098
vt 0.067352123558521271 0.75730538368225098
vt 0.07220458984375 0.75730538368225098
vt 0.077057026326656342 0.75730538368225098
vt 0.081909485161304474 0.75730538368225098
vt 0.086761951446533203 0.75730538368225098
vt 0.091614417731761932 0.75730538368225098
vt 0.096466884016990662 0.75730538368225098
vt 0.101319320499897 0.75730538368225098
vt 0.10617177933454514 0.75730538368225098
vt 0.11102424561977386 0.75730538368225098
vt 0.11587671190500259 0.75730538368225098
vt 0.12072914838790894 0.75730538368225098
vt 0.12558160722255707 0.75730538368225098
vt 0.13043408095836639 0.75730538368225098
vt 0.13528653979301453 0.75730538368225098
vt 0.14013899862766266 0.75730538368225098
vt 0.1449914425611496 0.75730538368225098
vt 0.14984390139579773 0.75730538368225098
vt 0.15469637513160706 0.75730538368225098
vt 0.15954883396625519 0.75730538368225098
vt 0.16440126299858093 0.75730538368225098
vt 0.16925373673439026 0.75730538368225098
vt 0.17410619556903839 0.75730538368225098
vt 0.17895866930484772 0.75730538368225098
vt 0.18381112813949585 0.75730538368225098
vt 0.18866355717182159 0.75730538368225098
vt 0.19351603090763092 0.75730538368225098
vt 0.19836848974227905 0.75730538368225098
vt 0.20322094857692719 0.75730538368225098
vt 0.20807342231273651 0.75730538368225098
vt 0.21292585134506226 0.75730538368225098
vt 0.21777832508087158 0.75730538368225098
vt 0.22263078391551971 0.75730538368225098
vt 0.22748324275016785 0.75730538368225098
vt 0.23233568668365479 0.75730538368225098
vt 0.23718814551830292 0.75730538368225098
vt 0.24204061925411224 0.75730538368225098
vt 0.24689307808876038 0.75730538368225098
vt 0.25174552202224731 0.75730538368225098
vt 0.25659799575805664 0.75730538368225098
vt 0.26145043969154358 0.75730538368225098
vt 0.26630291342735291 0.75730538368225098
vt 0.27115535736083984 0.75730538368225098
vt 0.27600783109664917 0.75730538368225098
vt 0.28086027503013611 0.75730538368225098
vt 0.28571274876594543 0.75730538368225098
vt 0.29056519269943237 0.75730538368225098
vt 0.29541763663291931 0.75730538368225098
vt 0.30027011036872864 0.75730538368225098
vt 0.30512255430221558 0.75730538368225098
vt 0.3099750280380249 0.75730538368225098
vt 0.31482747197151184 0.75730538368225098
vt 0.31967994570732117 0.75730538368225098
vt 0.32453241944313049 0.75730538368225098
vt 0.32938486337661743 0.75730538368225098
vt 0.33423733711242676 0.75730538368225098
vt 0.3390897810459137 0.75730538368225098
vt 0.34394222497940063 0.75730538368225098
vt 0.34879469871520996 0.75730538368225098
vt 0.3536471426486969 0.75730538368225098
vt 0.35849961638450623 0.75730538368225098
vt 0.36335206031799316 0.75730538368225098
vt 0.36820453405380249 0.75730538368225098
vt 0.37305697798728943 0.75730538368225098
vt 0.37790945172309875 0.75730538368225098
vt 0.38276189565658569 0.75730538368225098
vt 0.38761436939239502 0.75730538368225098
vt 0.39246681332588196 0.75730538368225098
vt 0.39731928706169128 0.75730538368225098
vt 0.40217173099517822 0.75730538368225098
vt 0.40702417492866516 0.75730538368225098
vt 0.41187664866447449 0.75730538368225098
vt 0.41672912240028381 0.75730538368225098
vt 0.42158156633377075 0.75730538368225098
vt 0.42643401026725769 0.75730538368225098
vt 0.43128648400306702 0.75730538368225098
vt 0.43613892793655396 0.75730538368225098
vt 0.44099140167236328 0.75730538368225098
vt 0.44584384560585022 0.75730538368225098
vt 0.45069631934165955 0.75730538368225098
vt 0.043221548199653625 0.76477992534637451
vt 0.051865849643945694 0.75909930467605591
vt 0.043221548199653625 0.75909930467605591
vt 0.060510154813528061 0.76477992534637451
vt 0.069154456257820129 0.75909930467605591
vt 0.060510154813528061 0.75909930467605591
vt 0.10373169928789139 0.76477992534637451
vt 0.086443066596984863 0.76477992534637451
vt 0.077798761427402496 0.76477992534637451
vt 0.086443066596984863 0.75909930467605591
vt 0.077798761427402496 0.75909930467605591
vt 0.095087394118309021 0.76477992534637451
vt 0.10373169928789139 0.75909930467605591
vt 0.095087394118309021 0.75909930467605591
vt 0.13830891251564026 0.76477992534637451
vt 0.12102030962705612 0.76477992534637451
vt 0.11237600445747375 0.76477992534637451
vt 0.12102030962705612 0.75909930467605591
vt 0.11237600445747375 0.75909930467605591
vt 0.12966461479663849 0.76477992534637451
vt 0.13830891251564026 0.75909930467605591
vt 0.12966461479663849 0.75909930467605591
vt 0.17288616299629211 0.76477992534637451
vt 0.15559755265712738 0.76477992534637451
vt 0.14695321023464203 0.76477992534637451
vt 0.15559755265712738 0.75909930467605591
vt 0.14695321023464203 0.75909930467605591
vt 0.16424185037612915 0.76477992534637451
vt 0.17288616299629211 0.75909930467605591
vt 0.16424185037612915 0.75909930467605591
vt 0.20746336877346039 0.76477992534637451
vt 0.19017475843429565 0.76477992534637451
vt 0.18153046071529388 0.76477992534637451
vt 0.19017475843429565 0.75909930467605591
vt 0.18153046071529388 0.75909930467605591
vt 0.19881907105445862 0.76477992534637451
vt 0.20746336877346039 0.75909930467605591
vt 0.19881907105445862 0.75909930467605591
vt 0.24204061925411224 0.76477992534637451
vt 0.22475200891494751 0.76477992534637451
vt 0.21610769629478455 0.76477992534637451
vt 0.22475200891494751 0.75909930467605591
vt 0.21610769629478455 0.75909930467605591
vt 0.23339630663394928 0.76477992534637451
vt 0.24204061925411224 0.75909930467605591
vt 0.23339630663394928 0.75909930467605591
vt 0.27661785483360291 0.76477992534637451
vt 0.25932922959327698 0.76477992534637451
vt 0.25068491697311401 0.76477992534637451
vt 0.25932922959327698 0.75909930467605591
vt 0.25068491697311401 0.75909930467605591
vt 0.26797354221343994 0.76477992534637451
vt 0.27661785483360291 0.75909930467605591
vt 0.26797354221343994 0.75909930467605591
vt 0.31119507551193237 0.76477992534637451
vt 0.29390645027160645 0.76477992534637451
vt 0.28526213765144348 0.76477992534637451
vt 0.29390645027160645 0.75909930467605591
vt 0.28526213765144348 0.75909930467605591
vt 0.30255076289176941 0.76477992534637451
vt 0.31119507551193237 0.75909930467605591
vt 0.30255076289176941 0.75909930467605591
vt 0.34577229619026184 0.76477992534637451
vt 0.3284837007522583 0.76477992534637451
vt 0.31983938813209534 0.76477992534637451
vt 0.3284837007522583 0.75909930467605591
vt 0.31983938813209534 0.75909930467605591
vt 0.33712798357009888 0.76477992534637451
vt 0.34577229619026184 0.75909930467605591
vt 0.33712798357009888 0.75909930467605591
vt 0.3803495466709137 0.76477992534637451
vt 0.36306092143058777 0.76477992534637451
vt 0.3544166088104248 0.76477992534637451
vt 0.36306092143058777 0.75909930467605591
vt 0.3544166088104248 0.75909930467605591
vt 0.37170523405075073 0.76477992534637451
vt 0.3803495466709137 0.75909930467605591
vt 0.37170523405075073 0.75909930467605591
vt 0.41492676734924316 0.76477992534637451
vt 0.39763814210891724 0.76477992534637451
vt 0.38899385929107666 0.76477992534637451
vt 0.39763814210891724 0.75909930467605591
vt 0.38899385929107666 0.75909930467605591
vt 0.4062824547290802 0.76477992534637451
vt 0.41492676734924316 0.75909930467605591
vt 0.4062824547290802 0.75909930467605591
vt 0.43221539258956909 0.76477992534637451
vt 0.42357107996940613 0.76477992534637451
vt 0.43221539258956909 0.75909930467605591
vt 0.42357107996940613 0.75909930467605591
vt 0.44085967540740967 0.76477992534637451
vt 0.44950398802757263 0.75909930467605591
vt 0.44085967540740967 0.75909930467605591
vt 0.4581483006477356 0.76477992534637451
vt 0.46679261326789856 0.75909930467605591
vt 0.4581483006477356 0.75909930467605591
vt 0.4551548957824707 0.75660610198974609
vt 0.4591878354549408 0.75457513332366943
vt 0.46241018176078796 0.75140625238418579
vt 0.46453505754470825 0.74734079837799072
vt 0.4653022289276123 0.74265527725219727
vt 0.4653022289276123 0.73782557249069214
vt 0.4653022289276123 0.73299586772918701
vt 0.4653022289276123 0.72816616296768188
vt 0.4653022289276123 0.72333645820617676
vt 0.4653022289276123 0.71850675344467163
vt 0.4653022289276123 0.7136770486831665
vt 0.4653022289276123 0.70884740352630615
vt 0.4653022289276123 0.70401769876480103
vt 0.4653022289276123 0.6991879940032959
vt 0.4653022289276123 0.69435828924179077
vt 0.4653022289276123 0.68952852487564087
vt 0.4653022289276123 0.68469882011413574
vt 0.4653022289276123 0.67986917495727539
vt 0.4653022289276123 0.67503947019577026
vt 0.4653022289276123 0.67020976543426514
vt 0.4653022289276123 0.66538006067276001
vt 0.4653022289276123 0.66055035591125488
vt 0.4653022289276123 0.65572065114974976
vt 0.4653022289276123 0.65089094638824463
vt 0.4653022289276123 0.6460612416267395
vt 0.4653022289276123 0.64123153686523438
vt 0.4653022289276123 0.63640183210372925
vt 0.4653022289276123 0.63157212734222412
vt 0.4653022289276123 0.62674242258071899
vt 0.4653022289276123 0.62191271781921387
vt 0.4653022289276123 0.61708301305770874
vt 0.4653022289276123 0.61225330829620361
vt 0.4653022289276123 0.60742360353469849
vt 0.4653022289276123 0.60259389877319336
vt 0.4653022289276123 0.59776419401168823
vt 0.4653022289276123 0.59293448925018311
vt 0.4653022289276123 0.58810478448867798
vt 0.4653022289276123 0.58327513933181763
vt 0.4653022289276123 0.5784454345703125
vt 0.4653022289276123 0.57361572980880737
vt 0.4653022289276123 0.56878602504730225
vt 0.4653022289276123 0.56395632028579712
vt 0.4653022289276123 0.55912661552429199
vt 0.4653022289276123 0.55429691076278687
vt 0.4653022289276123 0.54946720600128174
vt 0.4653022289276123 0.54463750123977661
vt 0.4653022289276123 0.53980779647827148
vt 0.4653022289276123 0.53497809171676636
vt 0.4653022289276123 0.53014838695526123
vt 0.4653022289276123 0.5253186821937561
vt 0.4653022289276123 0.52048897743225098
vt 0.4653022289276123 0.51565927267074585
vt 0.4653022289276123 0.51082956790924072
vt 0.4653022289276123 0.5059998631477356
vt 0.4653022289276123 0.50117015838623047
vt 0.4653022289276123 0.49634045362472534
vt 0.36306092143058777 0.07952909916639328
vt 0.24204061925411224 0.07952909916639328
vt 0.12102030962705612 0.07952909916639328
vt 0.36306092143058777 0.15905819833278656
vt 0.24204061925411224 0.15905819833278656
vt 0.12102030962705612 0.15905819833278656
vt 0.36306092143058777 0.23858729004859924
vt 0.24204061925411224 0.23858729004859924
vt 0.12102030962705612 0.23858729004859924
vt 0 0.033485937863588333
vt 0.0027044375892728567 0.020283250138163567
vt 0.0058574313297867775 0.014539900235831738
vt 0.010012478567659855 0.0095751462504267693
vt 0.015043343417346478 0.0055063818581402302
vt 0.020761499181389809 0.0024860724806785583
vt 0.026952680200338364 0.00062739558052271605
vt 0.033384900540113449 0
vt 0.060510154813528061 0.07952909916639328
vt 0.12102030962705612 0.03976454958319664
vt 0.060510154813528061 0.03976454958319664
vt 0.03025507740676403 0.03976454958319664
vt 0.060510154813528061 0.01988227479159832
vt 0.03025507740676403 0.01988227479159832
vt 0.015127538703382015 0.03976454958319664
vt 0.015127538703382015 0.01988227479159832
vt 0.03025507740676403 0.029823411256074905
vt 0.015127538703382015 0.029823411256074905
vt 0.03025507740676403 0.07952909916639328
vt 0.060510154813528061 0.059646822512149811
vt 0.03025507740676403 0.059646822512149811
vt 0.060510154813528061 0.15905819833278656
vt 0.12102030962705612 0.11929364502429962
vt 0.060510154813528061 0.11929364502429962
vt 0.03025507740676403 0.00994113739579916
vt 0.015127538703382015 0.00994113739579916
vt 0.045382615178823471 0.01988227479159832
vt 0.060510154813528061 0.00994113739579916
vt 0.045382615178823471 0.00994113739579916
vt 0.090765230357646942 0.03976454958319664
vt 0.12102030962705612 0.01988227479159832
vt 0.090765230357646942 0.01988227479159832
vt 0.18153046071529388 0.07952909916639328
vt 0.24204061925411224 0.03976454958319664
vt 0.18153046071529388 0.03976454958319664
vt 0.071322306990623474 0
vt 0.090291023254394531 0
vt 0.1092597097158432 0
vt 0.12822839617729187 0
vt 0.14719711244106293 0
vt 0.1661657989025116 0
vt 0.18513451516628265 0
vt 0.20410320162773132 0
vt 0.22307193279266357 0
vt 0.24204061925411224 0
vt 0.26100930571556091 0
vt 0.27997800707817078 0
vt 0.29894670844078064 0
vt 0.3179154098033905 0
vt 0.33688411116600037 0
vt 0.35585281252861023 0
vt 0.37482151389122009 0
vt 0.39379021525382996 0
vt 0.41275891661643982 0
vt 0.43172761797904968 0
vt 0.45069631934165955 0
vt 0.30255076289176941 0.07952909916639328
vt 0.36306092143058777 0.03976454958319664
vt 0.30255076289176941 0.03976454958319664
vt 0.42357107996940613 0.07952909916639328
vt 0.42357107996940613 0.03976454958319664
vt 0.46385917067527771 0.0027126201894134283
vt 0.46958518028259277 0.0058751469478011131
vt 0.47453495860099792 0.010042768903076649
vt 0.47859147191047668 0.015088858082890511
vt 0.48160266876220703 0.020824326202273369
vt 0.48345571756362915 0.027034252882003784
vt 0.48408123850822449 0.033485937863588333
vt 0.45382615923881531 0.03976454958319664
vt 0.42357107996940613 0.01988227479159832
vt 0.45382615923881531 0.01988227479159832
vt 0.4689536988735199 0.01988227479159832
vt 0.45382615923881531 0.00994113739579916
vt 0.4689536988735199 0.00994113739579916
vt 0.4689536988735199 0.03976454958319664
vt 0.45382615923881531 0.029823411256074905
vt 0.4689536988735199 0.029823411256074905
vt 0.45382615923881531 0.07952909916639328
vt 0.42357107996940613 0.059646822512149811
vt 0.45382615923881531 0.059646822512149811
vt 0.42357107996940613 0.15905819833278656
vt 0.36306092143058777 0.11929364502429962
vt 0.42357107996940613 0.11929364502429962
vt 0.48408123850822449 0.052804745733737946
vt 0.48408123850822449 0.072123557329177856
vt 0.48408123850822449 0.09144236147403717
vt 0.48408123850822449 0.11076117306947708
vt 0.48408123850822449 0.13007998466491699
vt 0.48408123850822449 0.14939878880977631
vt 0.48408123850822449 0.16871760785579681
vt 0.48408123850822449 0.18803641200065613
vt 0.48408123850822449 0.20735521614551544
vt 0.48408123850822449 0.22667402029037476
vt 0.48408123850822449 0.24599283933639526
vt 0.48408123850822449 0.26531165838241577
vt 0.48408123850822449 0.28463044762611389
vt 0.42357107996940613 0.23858729004859924
vt 0.36306092143058777 0.1988227516412735
vt 0.42357107996940613 0.1988227516412735
vt 0.36306092143058777 0.27835184335708618
vt 0.42357107996940613 0.27835184335708618
vt 0.48137679696083069 0.2978331446647644
vt 0.47822380065917969 0.30357649922370911
vt 0.47406876087188721 0.30854123830795288
vt 0.46903789043426514 0.31261003017425537
vt 0.46331971883773804 0.31563031673431396
vt 0.45712852478027344 0.31748899817466736
vt 0.45069631934165955 0.31811639666557312
vt 0.42357107996940613 0.29823410511016846
vt 0.45382615923881531 0.27835184335708618
vt 0.45382615923881531 0.29823410511016846
vt 0.4689536988735199 0.29823410511016846
vt 0.45382615923881531 0.28829297423362732
vt 0.4689536988735199 0.27835184335708618
vt 0.4689536988735199 0.28829297423362732
vt 0.42357107996940613 0.25846958160400391
vt 0.45382615923881531 0.23858729004859924
vt 0.45382615923881531 0.25846958160400391
vt 0.45382615923881531 0.30817526578903198
vt 0.4689536988735199 0.30817526578903198
vt 0.42357107996940613 0.30817526578903198
vt 0.43869861960411072 0.29823410511016846
vt 0.43869861960411072 0.30817526578903198
vt 0.36306092143058777 0.29823410511016846
vt 0.39331600069999695 0.27835184335708618
vt 0.39331600069999695 0.29823410511016846
vt 0.24204061925411224 0.27835184335708618
vt 0.30255076289176941 0.23858729004859924
vt 0.30255076289176941 0.27835184335708618
vt 0.43172761797904968 0.31811639666557312
vt 0.41275891661643982 0.31811639666557312
vt 0.39379021525382996 0.31811639666557312
vt 0.37482151389122009 0.31811639666557312
vt 0.35585281252861023 0.31811639666557312
vt 0.33688411116600037 0.31811639666557312
vt 0.3179154098033905 0.31811639666557312
vt 0.29894670844078064 0.31811639666557312
vt 0.27997800707817078 0.31811639666557312
vt 0.26100930571556091 0.31811639666557312
vt 0.24204061925411224 0.31811639666557312
vt 0.22307193279266357 0.31811639666557312
vt 0.20410320162773132 0.31811639666557312
vt 0.18513451516628265 0.31811639666557312
vt 0.1661657989025116 0.31811639666557312
vt 0.14719711244106293 0.31811639666557312
vt 0.12822839617729187 0.31811639666557312
vt 0.1092597097158432 0.31811639666557312
vt 0.090291023254394531 0.31811639666557312
vt 0.071322306990623474 0.31811639666557312
vt 0.052353616803884506 0.31811639666557312
vt 0.033384900540113449 0.31811639666557312
vt 0.12102030962705612 0.27835184335708618
vt 0.18153046071529388 0.23858729004859924
vt 0.18153046071529388 0.27835184335708618
vt 0.060510154813528061 0.23858729004859924
vt 0.060510154813528061 0.27835184335708618
vt 0.020222054794430733 0.31540375947952271
vt 0.014496021904051304 0.31224122643470764
vt 0.0095462631434202194 0.30807361006736755
vt 0.005489780567586422 0.30302754044532776
vt 0.0024785725399851799 0.29729205369949341
vt 0.00062551477458328009 0.29108214378356934
vt 0 0.28463044762611389
vt 0.03025507740676403 0.27835184335708618
vt 0.060510154813528061 0.29823410511016846
vt 0.03025507740676403 0.29823410511016846
vt 0.015127538703382015 0.29823410511016846
vt 0.03025507740676403 0.30817526578903198
vt 0.015127538703382015 0.30817526578903198
vt 0.015127538703382015 0.27835184335708618
vt 0.03025507740676403 0.28829297423362732
vt 0.015127538703382015 0.28829297423362732
vt 0.03025507740676403 0.23858729004859924
vt 0.060510154813528061 0.25846958160400391
vt 0.03025507740676403 0.25846958160400391
vt 0.12102030962705612 0.1988227516412735
vt 0.060510154813528061 0.1988227516412735
vt 0 0.26531165838241577
vt 0 0.24599283933639526
vt 0 0.22667402029037476
vt 0 0.20735521614551544
vt 0 0.18803641200065613
vt 0 0.16871760785579681
vt 0 0.14939878880977631
vt 0 0.13007998466491699
vt 0 0.11076117306947708
vt 0 0.09144236147403717
vt 0 0.072123557329177856
vt 0 0.052804745733737946
vt 0.51066052913665771 0.49747547507286072
vt 0.48554608225822449 0.49747547507286072
vt 0.51066052913665771 0.56322652101516724
vt 0.48554608225822449 0.56322652101516724
vt 0.48554608225822449 0.55724912881851196
vt 0.48554608225822449 0.55127179622650146
vt 0.48554608225822449 0.54529440402984619
vt 0.48554608225822449 0.53931701183319092
vt 0.48554608225822449 0.53333967924118042
vt 0.48554608225822449 0.52736228704452515
vt 0.48554608225822449 0.52138495445251465
vt 0.48554608225822449 0.51540756225585938
vt 0.48554608225822449 0.5094301700592041
vt 0.48554608225822449 0.5034528374671936
vt 0.51066052913665771 0.5034528374671936
vt 0.51066052913665771 0.5094301700592041
vt 0.51066052913665771 0.51540756225585938
vt 0.51066052913665771 0.52138495445251465
vt 0.51066052913665771 0.52736228704452515
vt 0.51066052913665771 0.53333967924118042
vt 0.51066052913665771 0.53931701183319092
vt 0.51066052913665771 0.54529440402984619
vt 0.51066052913665771 0.55127179622650146
vt 0.51066052913665771 0.55724912881851196
vt 0.90826261043548584 0.026300420984625816
vt 0.884613037109375 0.026300420984625816
vt 0.90826261043548584 0.092051468789577484
vt 0.884613037109375 0.092051468789577484
vt 0.884613037109375 0.086074106395244598
vt 0.884613037109375 0.080096736550331116
vt 0.884613037109375 0.074119366705417633
vt 0.884613037109375 0.06814199686050415
vt 0.884613037109375 0.062164630740880966
vt 0.884613037109375 0.056187264621257782
vt 0.884613037109375 0.050209894776344299
vt 0.884613037109375 0.044232524931430817
vt 0.884613037109375 0.038255158811807632
vt 0.884613037109375 0.03227778896689415
vt 0.90826261043548584 0.03227778896689415
vt 0.90826261043548584 0.038255158811807632
vt 0.90826261043548584 0.044232524931430817
vt 0.90826261043548584 0.050209894776344299
vt 0.90826261043548584 0.056187264621257782
vt 0.90826261043548584 0.062164630740880966
vt 0.90826261043548584 0.06814199686050415
vt 0.90826261043548584 0.074119366705417633
vt 0.90826261043548584 0.080096736550331116
vt 0.90826261043548584 0.086074106395244598
vt 0.74682360887527466 0.032152712345123291
vt 0.74682360887527466 0.057267162948846817
vt 0.81110978126525879 0.032152712345123291
vt 0.81110978126525879 0.057267162948846817
vt 0.80526560544967651 0.057267162948846817
vt 0.79942142963409424 0.057267162948846817
vt 0.79357719421386719 0.057267162948846817
vt 0.78773301839828491 0.057267162948846817
vt 0.78188878297805786 0.057267162948846817
vt 0.77604460716247559 0.057267162948846817
vt 0.77020043134689331 0.057267162948846817
vt 0.76435619592666626 0.057267162948846817
vt 0.75851202011108398 0.057267162948846817
vt 0.75266778469085693 0.057267162948846817
vt 0.75266778469085693 0.032152712345123291
vt 0.75851202011108398 0.032152712345123291
vt 0.76435619592666626 0.032152712345123291
vt 0.77020043134689331 0.032152712345123291
vt 0.77604460716247559 0.032152712345123291
vt 0.78188878297805786 0.032152712345123291
vt 0.78773301839828491 0.032152712345123291
vt 0.79357719421386719 0.032152712345123291
vt 0.79942142963409424 0.032152712345123291
vt 0.80526560544967651 0.032152712345123291
vt 0.883148193359375 0.026300420984625816
vt 0.85949856042861938 0.026300420984625816
vt 0.883148193359375 0.092051468789577484
vt 0.85949856042861938 0.092051468789577484
vt 0.85949856042861938 0.086074106395244598
vt 0.85949856042861938 0.080096736550331116
vt 0.85949856042861938 0.074119366705417633
vt 0.85949856042861938 0.06814199686050415
vt 0.85949856042861938 0.062164630740880966
vt 0.85949856042861938 0.056187264621257782
vt 0.85949856042861938 0.050209894776344299
vt 0.85949856042861938 0.044232524931430817
vt 0.85949856042861938 0.038255158811807632
vt 0.85949856042861938 0.03227778896689415
vt 0.883148193359375 0.03227778896689415
vt 0.883148193359375 0.038255158811807632
vt 0.883148193359375 0.044232524931430817
vt 0.883148193359375 0.050209894776344299
vt 0.883148193359375 0.056187264621257782
vt 0.883148193359375 0.062164630740880966
vt 0.883148193359375 0.06814199686050415
vt 0.883148193359375 0.074119366705417633
vt 0.883148193359375 0.080096736550331116
vt 0.883148193359375 0.086074106395244598
vt 0.48554608225822449 0.44487461447715759
vt 0.48554608225822449 0.45655998587608337
vt 0.49416688084602356 0.4478895366191864
vt 0.49416688084602356 0.45079076290130615
vt 0.49416688084602356 0.45367535948753357
vt 0.5025104284286499 0.44487461447715759
vt 0.5025104284286499 0.4478895366191864
vt 0.5025104284286499 0.45079076290130615
vt 0.5025104284286499 0.45367535948753357
vt 0.5107194185256958 0.44487461447715759
vt 0.5107194185256958 0.4478895366191864
vt 0.5107194185256958 0.45079076290130615
vt 0.5107194185256958 0.45367535948753357
vt 0.51883494853973389 0.44487461447715759
vt 0.51883494853973389 0.4478895366191864
vt 0.51883494853973389 0.45079076290130615
vt 0.51883494853973389 0.45367535948753357
vt 0.52695047855377197 0.44487461447715759
vt 0.52695047855377197 0.4478895366191864
vt 0.52695047855377197 0.45079076290130615
vt 0.52695047855377197 0.45367535948753357
vt 0.53506600856781006 0.44487461447715759
vt 0.53506600856781006 0.4478895366191864
vt 0.53506600856781006 0.45079076290130615
vt 0.53506600856781006 0.45367535948753357
vt 0.54318159818649292 0.44487461447715759
vt 0.54318159818649292 0.4478895366191864
vt 0.54318159818649292 0.45079076290130615
vt 0.54318159818649292 0.45367535948753357
vt 0.55129712820053101 0.44487461447715759
vt 0.55129712820053101 0.45655998587608337
vt 0.54531973600387573 0.45655998587608337
vt 0.53934240341186523 0.45655998587608337
vt 0.53336501121520996 0.45655998587608337
vt 0.52738761901855469 0.45655998587608337
vt 0.52141028642654419 0.45655998587608337
vt 0.51543289422988892 0.45655998587608337
vt 0.50945556163787842 0.45655998587608337
vt 0.50347816944122314 0.45655998587608337
vt 0.49750080704689026 0.45655998587608337
vt 0.49152344465255737 0.45655998587608337
vt 0.55129712820053101 0.44779595732688904
vt 0.55129712820053101 0.45071730017662048
vt 0.55129712820053101 0.45363864302635193
vt 0.48554608225822449 0.45363864302635193
vt 0.48554608225822449 0.45071730017662048
vt 0.48554608225822449 0.44779595732688904
vt 0.67568343877792358 0
vt 0.67568343877792358 0.019026100635528564
vt 0.67568343877792358 0.038052201271057129
vt 0.67568343877792358 0.057078301906585693
vt 0.67568343877792358 0.076104402542114258
vt 0.67568343877792358 0.095130503177642822
vt 0.67568343877792358 0.11415660381317139
vt 0.67568343877792358 0.13318270444869995
vt 0.67568343877792358 0.15220880508422852
vt 0.67568343877792358 0.17123490571975708
vt 0.67568343877792358 0.19026100635528564
vt 0.67568343877792358 0.20928709208965302
vt 0.67568343877792358 0.22831320762634277
vt 0.67568343877792358 0.24733929336071014
vt 0.67568343877792358 0.2663654088973999
vt 0.67568343877792358 0.28539150953292847
vt 0.67568343877792358 0.30441761016845703
vt 0.67568343877792358 0.32344368100166321
vt 0.67568343877792358 0.34246981143951416
vt 0.67568343877792358 0.36149591207504272
vt 0.67568343877792358 0.38052201271057129
vt 0.67568343877792358 0.39954808354377747
vt 0.67568343877792358 0.41857418417930603
vt 0.67869836091995239 0.019026100635528564
vt 0.67869836091995239 0.038052201271057129
vt 0.67869836091995239 0.057078301906585693
vt 0.67869836091995239 0.076104402542114258
vt 0.67869836091995239 0.095130503177642822
vt 0.67869836091995239 0.11415660381317139
vt 0.67869836091995239 0.13318270444869995
vt 0.67869836091995239 0.15220880508422852
vt 0.67869836091995239 0.17123490571975708
vt 0.67869836091995239 0.19026100635528564
vt 0.67869836091995239 0.20928709208965302
vt 0.67869836091995239 0.22831320762634277
vt 0.67869836091995239 0.24733929336071014
vt 0.67869836091995239 0.2663654088973999
vt 0.67869836091995239 0.28539150953292847
vt 0.67869836091995239 0.30441761016845703
vt 0.67869836091995239 0.32344368100166321
vt 0.67869836091995239 0.34246981143951416
vt 0.67869836091995239 0.36149591207504272
vt 0.67869836091995239 0.38052201271057129
vt 0.67869836091995239 0.39954808354377747
vt 0.68159955739974976 0.019026100635528564
vt 0.68159955739974976 0.038052201271057129
vt 0.68159955739974976 0.057078301906585693
vt 0.68159955739974976 0.076104402542114258
vt 0.68159955739974976 0.095130503177642822
vt 0.68159955739974976 0.11415660381317139
vt 0.68159955739974976 0.13318270444869995
vt 0.68159955739974976 0.15220880508422852
vt 0.68159955739974976 0.17123490571975708
vt 0.68159955739974976 0.19026100635528564
vt 0.68159955739974976 0.20928709208965302
vt 0.68159955739974976 0.22831320762634277
vt 0.68159955739974976 0.24733929336071014
vt 0.68159955739974976 0.2663654088973999
vt 0.68159955739974976 0.28539150953292847
vt 0.68159955739974976 0.30441761016845703
vt 0.68159955739974976 0.32344368100166321
vt 0.68159955739974976 0.34246981143951416
vt 0.68159955739974976 0.36149591207504272
vt 0.68159955739974976 0.38052201271057129
vt 0.68159955739974976 0.39954808354377747
vt 0.68448418378829956 0.019026100635528564
vt 0.68448418378829956 0.038052201271057129
vt 0.68448418378829956 0.057078301906585693
vt 0.68448418378829956 0.076104402542114258
vt 0.68448418378829956 0.095130503177642822
vt 0.68448418378829956 0.11415660381317139
vt 0.68448418378829956 0.13318270444869995
vt 0.68448418378829956 0.15220880508422852
vt 0.68448418378829956 0.17123490571975708
vt 0.68448418378829956 0.19026100635528564
vt 0.68448418378829956 0.20928709208965302
vt 0.68448418378829956 0.22831320762634277
vt 0.68448418378829956 0.24733929336071014
vt 0.68448418378829956 0.2663654088973999
vt 0.68448418378829956 0.28539150953292847
vt 0.68448418378829956 0.30441761016845703
vt 0.68448418378829956 0.32344368100166321
vt 0.68448418378829956 0.34246981143951416
vt 0.68448418378829956 0.36149591207504272
vt 0.68448418378829956 0.38052201271057129
vt 0.68448418378829956 0.39954808354377747
vt 0.68736875057220459 0
vt 0.68736875057220459 0.038052201271057129
vt 0.68736875057220459 0.057078301906585693
vt 0.68736875057220459 0.076104402542114258
vt 0.68736875057220459 0.095130503177642822
vt 0.68736875057220459 0.11415660381317139
vt 0.68736875057220459 0.13318270444869995
vt 0.68736875057220459 0.15220880508422852
vt 0.68736875057220459 0.17123490571975708
vt 0.68736875057220459 0.19026100635528564
vt 0.68736875057220459 0.20928709208965302
vt 0.68736875057220459 0.22831320762634277
vt 0.68736875057220459 0.24733929336071014
vt 0.68736875057220459 0.2663654088973999
vt 0.68736875057220459 0.28539150953292847
vt 0.68736875057220459 0.30441761016845703
vt 0.68736875057220459 0.32344368100166321
vt 0.68736875057220459 0.34246981143951416
vt 0.68736875057220459 0.36149591207504272
vt 0.68736875057220459 0.38052201271057129
vt 0.68736875057220459 0.39954808354377747
vt 0.68736875057220459 0.41857418417930603
vt 0.68444746732711792 0.41857418417930603
vt 0.68152612447738647 0.41857418417930603
vt 0.67860478162765503 0.41857418417930603
vt 0.68448418378829956 0.40906116366386414
vt 0.68592649698257446 0.39954808354377747
vt 0.68592649698257446 0.40906116366386414
vt 0.68159955739974976 0.40906116366386414
vt 0.68304187059402466 0.39954808354377747
vt 0.68304187059402466 0.40906116366386414
vt 0.67869836091995239 0.40906116366386414
vt 0.68014895915985107 0.39954808354377747
vt 0.68014895915985107 0.40906116366386414
vt 0.67719089984893799 0.39954808354377747
vt 0.67719089984893799 0.40906116366386414
vt 0.67860478162765503 0
vt 0.68152612447738647 0
vt 0.68444746732711792 0
vt 0.67869836091995239 0.0095130503177642822
vt 0.67719089984893799 0.019026100635528564
vt 0.67719089984893799 0.0095130503177642822
vt 0.68159955739974976 0.0095130503177642822
vt 0.68014895915985107 0.019026100635528564
vt 0.68014895915985107 0.0095130503177642822
vt 0.68448418378829956 0.0095130503177642822
vt 0.68304187059402466 0.019026100635528564
vt 0.68304187059402466 0.0095130503177642822
vt 0.68592649698257446 0.019026100635528564
vt 0.68592649698257446 0.0095130503177642822
vt 0.82572484016418457 0
vt 0.82572484016418457 0.019318809732794762
vt 0.82572484016418457 0.038637619465589523
vt 0.82572484016418457 0.057956427335739136
vt 0.82572484016418457 0.077275238931179047
vt 0.82572484016418457 0.096594050526618958
vt 0.82572484016418457 0.11591285467147827
vt 0.82572484016418457 0.13523167371749878
vt 0.82572484016418457 0.15455047786235809
vt 0.82572484016418457 0.17386928200721741
vt 0.82572484016418457 0.19318810105323792
vt 0.82572484016418457 0.21250690519809723
vt 0.82572484016418457 0.23182570934295654
vt 0.82572484016418457 0.25114452838897705
vt 0.82873976230621338 0.019318809732794762
vt 0.82873976230621338 0.038637619465589523
vt 0.82873976230621338 0.057956427335739136
vt 0.82873976230621338 0.077275238931179047
vt 0.82873976230621338 0.096594050526618958
vt 0.82873976230621338 0.11591285467147827
vt 0.82873976230621338 0.13523167371749878
vt 0.82873976230621338 0.15455047786235809
vt 0.82873976230621338 0.17386928200721741
vt 0.82873976230621338 0.19318810105323792
vt 0.82873976230621338 0.21250690519809723
vt 0.82873976230621338 0.23182570934295654
vt 0.83164101839065552 0.019318809732794762
vt 0.83164101839065552 0.038637619465589523
vt 0.83164101839065552 0.057956427335739136
vt 0.83164101839065552 0.077275238931179047
vt 0.83164101839065552 0.096594050526618958
vt 0.83164101839065552 0.11591285467147827
vt 0.83164101839065552 0.13523167371749878
vt 0.83164101839065552 0.15455047786235809
vt 0.83164101839065552 0.17386928200721741
vt 0.83164101839065552 0.19318810105323792
vt 0.83164101839065552 0.21250690519809723
vt 0.83164101839065552 0.23182570934295654
vt 0.83452564477920532 0.019318809732794762
vt 0.83452564477920532 0.038637619465589523
vt 0.83452564477920532 0.057956427335739136
vt 0.83452564477920532 0.077275238931179047
vt 0.83452564477920532 0.096594050526618958
vt 0.83452564477920532 0.11591285467147827
vt 0.83452564477920532 0.13523167371749878
vt 0.83452564477920532 0.15455047786235809
vt 0.83452564477920532 0.17386928200721741
vt 0.83452564477920532 0.19318810105323792
vt 0.83452564477920532 0.21250690519809723
vt 0.83452564477920532 0.23182570934295654
vt 0.83741021156311035 0
vt 0.83741021156311035 0.019318809732794762
vt 0.83741021156311035 0.038637619465589523
vt 0.83741021156311035 0.057956427335739136
vt 0.83741021156311035 0.077275238931179047
vt 0.83741021156311035 0.096594050526618958
vt 0.83741021156311035 0.11591285467147827
vt 0.83741021156311035 0.13523167371749878
vt 0.83741021156311035 0.15455047786235809
vt 0.83741021156311035 0.17386928200721741
vt 0.83741021156311035 0.19318810105323792
vt 0.83741021156311035 0.21250690519809723
vt 0.83741021156311035 0.23182570934295654
vt 0.83741021156311035 0.25114452838897705
vt 0.82864618301391602 0
vt 0.83156752586364746 0
vt 0.83448886871337891 0
vt 0.82873976230621338 0.0096594048663973808
vt 0.82723230123519897 0.019318809732794762
vt 0.82723230123519897 0.0096594048663973808
vt 0.83164101839065552 0.0096594048663973808
vt 0.83019042015075684 0.019318809732794762
vt 0.83019042015075684 0.0096594048663973808
vt 0.83452564477920532 0.0096594048663973808
vt 0.83308333158493042 0.019318809732794762
vt 0.83308333158493042 0.0096594048663973808
vt 0.83596789836883545 0.019318809732794762
vt 0.83596789836883545 0.0096594048663973808
vt 0.83448886871337891 0.25114452838897705
vt 0.83156752586364746 0.25114452838897705
vt 0.82864618301391602 0.25114452838897705
vt 0.83452564477920532 0.2414851039648056
vt 0.83596789836883545 0.23182570934295654
vt 0.83596789836883545 0.2414851039648056
vt 0.83164101839065552 0.2414851039648056
vt 0.83308333158493042 0.23182570934295654
vt 0.83308333158493042 0.2414851039648056
vt 0.82873976230621338 0.2414851039648056
vt 0.83019042015075684 0.23182570934295654
vt 0.83019042015075684 0.2414851039648056
vt 0.82723230123519897 0.23182570934295654
vt 0.82723230123519897 0.2414851039648056
vt 0.70709407329559326 0
vt 0.69540870189666748 0
vt 0.70407915115356445 0.0086208032444119453
vt 0.70117795467376709 0.0086208032444119453
vt 0.69829332828521729 0.0086208032444119453
vt 0.70709407329559326 0.016964355483651161
vt 0.70407915115356445 0.016964355483651161
vt 0.70117795467376709 0.016964355483651161
vt 0.69829332828521729 0.016964355483651161
vt 0.70709407329559326 0.02517332136631012
vt 0.70407915115356445 0.02517332136631012
vt 0.70117795467376709 0.02517332136631012
vt 0.69829332828521729 0.02517332136631012
vt 0.70709407329559326 0.033288866281509399
vt 0.70407915115356445 0.033288866281509399
vt 0.70117795467376709 0.033288866281509399
vt 0.69829332828521729 0.033288866281509399
vt 0.70709407329559326 0.041404414921998978
vt 0.70407915115356445 0.041404414921998978
vt 0.70117795467376709 0.041404414921998978
vt 0.69829332828521729 0.041404414921998978
vt 0.70709407329559326 0.049519959837198257
vt 0.70407915115356445 0.049519959837198257
vt 0.70117795467376709 0.049519959837198257
vt 0.69829332828521729 0.049519959837198257
vt 0.70709407329559326 0.057635504752397537
vt 0.70407915115356445 0.057635504752397537
vt 0.70117795467376709 0.057635504752397537
vt 0.69829332828521729 0.057635504752397537
vt 0.70709407329559326 0.065751053392887115
vt 0.69540870189666748 0.065751053392887115
vt 0.69540870189666748 0.059773683547973633
vt 0.69540870189666748 0.05379631370306015
vt 0.69540870189666748 0.047818947583436966
vt 0.69540870189666748 0.041841577738523483
vt 0.69540870189666748 0.035864211618900299
vt 0.69540870189666748 0.029886841773986816
vt 0.69540870189666748 0.023909473791718483
vt 0.69540870189666748 0.01793210580945015
vt 0.69540870189666748 0.011954736895859241
vt 0.69540870189666748 0.0059773684479296207
vt 0.70417273044586182 0.065751053392887115
vt 0.70125138759613037 0.065751053392887115
vt 0.69833004474639893 0.065751053392887115
vt 0.69833004474639893 0
vt 0.70125138759613037 0
vt 0.70417273044586182 0
vt 0.48554608225822449 0.45802482962608337
vt 0.48554608225822449 0.46971020102500916
vt 0.49416688084602356 0.46103975176811218
vt 0.49416688084602356 0.46394097805023193
vt 0.49416688084602356 0.46682557463645935
vt 0.5025104284286499 0.45802482962608337
vt 0.5025104284286499 0.46103975176811218
vt 0.5025104284286499 0.46394097805023193
vt 0.5025104284286499 0.46682557463645935
vt 0.5107194185256958 0.45802482962608337
vt 0.5107194185256958 0.46103975176811218
vt 0.5107194185256958 0.46394097805023193
vt 0.5107194185256958 0.46682557463645935
vt 0.51883494853973389 0.45802482962608337
vt 0.51883494853973389 0.46103975176811218
vt 0.51883494853973389 0.46394097805023193
vt 0.51883494853973389 0.46682557463645935
vt 0.52695047855377197 0.45802482962608337
vt 0.52695047855377197 0.46103975176811218
vt 0.52695047855377197 0.46394097805023193
vt 0.52695047855377197 0.46682557463645935
vt 0.53506600856781006 0.45802482962608337
vt 0.53506600856781006 0.46103975176811218
vt 0.53506600856781006 0.46394097805023193
vt 0.53506600856781006 0.46682557463645935
vt 0.54318159818649292 0.45802482962608337
vt 0.54318159818649292 0.46103975176811218
vt 0.54318159818649292 0.46394097805023193
vt 0.54318159818649292 0.46682557463645935
vt 0.55129712820053101 0.45802482962608337
vt 0.55129712820053101 0.46971020102500916
vt 0.54531973600387573 0.46971020102500916
vt 0.53934240341186523 0.46971020102500916
vt 0.53336501121520996 0.46971020102500916
vt 0.52738761901855469 0.46971020102500916
vt 0.52141028642654419 0.46971020102500916
vt 0.51543289422988892 0.46971020102500916
vt 0.50945556163787842 0.46971020102500916
vt 0.50347816944122314 0.46971020102500916
vt 0.49750080704689026 0.46971020102500916
vt 0.49152344465255737 0.46971020102500916
vt 0.48554608225822449 0.46678885817527771
vt 0.48554608225822449 0.46386751532554626
vt 0.48554608225822449 0.46094617247581482
vt 0.55129712820053101 0.46094617247581482
vt 0.55129712820053101 0.46386751532554626
vt 0.55129712820053101 0.46678885817527771
vt 0.90972745418548584 0.026300420984625816
vt 0.90972745418548584 0.045619230717420578
vt 0.90972745418548584 0.06493803858757019
vt 0.90972745418548584 0.084256850183010101
vt 0.90972745418548584 0.10357566177845001
vt 0.90972745418548584 0.12289446592330933
vt 0.90972745418548584 0.14221327006816864
vt 0.90972745418548584 0.16153208911418915
vt 0.90972745418548584 0.18085089325904846
vt 0.90972745418548584 0.20016971230506897
vt 0.90972745418548584 0.21948851644992828
vt 0.90972745418548584 0.2388073205947876
vt 0.90972745418548584 0.25812613964080811
vt 0.90972745418548584 0.27744492888450623
vt 0.91274243593215942 0.045619230717420578
vt 0.91274243593215942 0.06493803858757019
vt 0.91274243593215942 0.084256850183010101
vt 0.91274243593215942 0.10357566177845001
vt 0.91274243593215942 0.12289446592330933
vt 0.91274243593215942 0.14221327006816864
vt 0.91274243593215942 0.16153208911418915
vt 0.91274243593215942 0.18085089325904846
vt 0.91274243593215942 0.20016971230506897
vt 0.91274243593215942 0.21948851644992828
vt 0.91274243593215942 0.2388073205947876
vt 0.91274243593215942 0.25812613964080811
vt 0.91564363241195679 0.045619230717420578
vt 0.91564363241195679 0.06493803858757019
vt 0.91564363241195679 0.084256850183010101
vt 0.91564363241195679 0.10357566177845001
vt 0.91564363241195679 0.12289446592330933
vt 0.91564363241195679 0.14221327006816864
vt 0.91564363241195679 0.16153208911418915
vt 0.91564363241195679 0.18085089325904846
vt 0.91564363241195679 0.20016971230506897
vt 0.91564363241195679 0.21948851644992828
vt 0.91564363241195679 0.2388073205947876
vt 0.91564363241195679 0.25812613964080811
vt 0.91852825880050659 0.045619230717420578
vt 0.91852825880050659 0.06493803858757019
vt 0.91852825880050659 0.084256850183010101
vt 0.91852825880050659 0.10357566177845001
vt 0.91852825880050659 0.12289446592330933
vt 0.91852825880050659 0.14221327006816864
vt 0.91852825880050659 0.16153208911418915
vt 0.91852825880050659 0.18085089325904846
vt 0.91852825880050659 0.20016971230506897
vt 0.91852825880050659 0.21948851644992828
vt 0.91852825880050659 0.2388073205947876
vt 0.91852825880050659 0.25812613964080811
vt 0.92141282558441162 0.026300420984625816
vt 0.92141282558441162 0.045619230717420578
vt 0.92141282558441162 0.06493803858757019
vt 0.92141282558441162 0.084256850183010101
vt 0.92141282558441162 0.10357566177845001
vt 0.92141282558441162 0.12289446592330933
vt 0.92141282558441162 0.14221327006816864
vt 0.92141282558441162 0.16153208911418915
vt 0.92141282558441162 0.18085089325904846
vt 0.92141282558441162 0.20016971230506897
vt 0.92141282558441162 0.21948851644992828
vt 0.92141282558441162 0.2388073205947876
vt 0.92141282558441162 0.25812613964080811
vt 0.92141282558441162 0.27744492888450623
vt 0.91849148273468018 0.27744492888450623
vt 0.91557013988494873 0.27744492888450623
vt 0.91264879703521729 0.27744492888450623
vt 0.91852825880050659 0.26778551936149597
vt 0.91997051239013672 0.25812613964080811
vt 0.91997051239013672 0.26778551936149597
vt 0.91564363241195679 0.26778551936149597
vt 0.91708594560623169 0.25812613964080811
vt 0.91708594560623169 0.26778551936149597
vt 0.91274243593215942 0.26778551936149597
vt 0.91419303417205811 0.25812613964080811
vt 0.91419303417205811 0.26778551936149597
vt 0.91123497486114502 0.25812613964080811
vt 0.91123497486114502 0.26778551936149597
vt 0.91264879703521729 0.026300420984625816
vt 0.91557013988494873 0.026300420984625816
vt 0.91849148273468018 0.026300420984625816
vt 0.91274243593215942 0.035959824919700623
vt 0.91123497486114502 0.045619230717420578
vt 0.91123497486114502 0.035959824919700623
vt 0.91564363241195679 0.035959824919700623
vt 0.91419303417205811 0.045619230717420578
vt 0.91419303417205811 0.035959824919700623
vt 0.91852825880050659 0.035959824919700623
vt 0.91708594560623169 0.045619230717420578
vt 0.91708594560623169 0.035959824919700623
vt 0.91997051239013672 0.045619230717420578
vt 0.91997051239013672 0.035959824919700623
vt 0.63623279333114624 0
vt 0.63623279333114624 0.019026100635528564
vt 0.63623279333114624 0.038052201271057129
vt 0.63623279333114624 0.057078301906585693
vt 0.63623279333114624 0.076104402542114258
vt 0.63623279333114624 0.095130503177642822
vt 0.63623279333114624 0.11415660381317139
vt 0.63623279333114624 0.13318270444869995
vt 0.63623279333114624 0.15220880508422852
vt 0.63623279333114624 0.17123490571975708
vt 0.63623279333114624 0.19026100635528564
vt 0.63623279333114624 0.20928709208965302
vt 0.63623279333114624 0.22831320762634277
vt 0.63623279333114624 0.24733929336071014
vt 0.63623279333114624 0.2663654088973999
vt 0.63623279333114624 0.28539150953292847
vt 0.63623279333114624 0.30441761016845703
vt 0.63623279333114624 0.32344368100166321
vt 0.63623279333114624 0.34246981143951416
vt 0.63623279333114624 0.36149591207504272
vt 0.63623279333114624 0.38052201271057129
vt 0.63623279333114624 0.39954808354377747
vt 0.63623279333114624 0.41857418417930603
vt 0.63924771547317505 0.019026100635528564
vt 0.63924771547317505 0.038052201271057129
vt 0.63924771547317505 0.057078301906585693
vt 0.63924771547317505 0.076104402542114258
vt 0.63924771547317505 0.095130503177642822
vt 0.63924771547317505 0.11415660381317139
vt 0.63924771547317505 0.13318270444869995
vt 0.63924771547317505 0.15220880508422852
vt 0.63924771547317505 0.17123490571975708
vt 0.63924771547317505 0.19026100635528564
vt 0.63924771547317505 0.20928709208965302
vt 0.63924771547317505 0.22831320762634277
vt 0.63924771547317505 0.24733929336071014
vt 0.63924771547317505 0.2663654088973999
vt 0.63924771547317505 0.28539150953292847
vt 0.63924771547317505 0.30441761016845703
vt 0.63924771547317505 0.32344368100166321
vt 0.63924771547317505 0.34246981143951416
vt 0.63924771547317505 0.36149591207504272
vt 0.63924771547317505 0.38052201271057129
vt 0.63924771547317505 0.39954808354377747
vt 0.64214891195297241 0.019026100635528564
vt 0.64214891195297241 0.038052201271057129
vt 0.64214891195297241 0.057078301906585693
vt 0.64214891195297241 0.076104402542114258
vt 0.64214891195297241 0.095130503177642822
vt 0.64214891195297241 0.11415660381317139
vt 0.64214891195297241 0.13318270444869995
vt 0.64214891195297241 0.15220880508422852
vt 0.64214891195297241 0.17123490571975708
vt 0.64214891195297241 0.19026100635528564
vt 0.64214891195297241 0.20928709208965302
vt 0.64214891195297241 0.22831320762634277
vt 0.64214891195297241 0.24733929336071014
vt 0.64214891195297241 0.2663654088973999
vt 0.64214891195297241 0.28539150953292847
vt 0.64214891195297241 0.30441761016845703
vt 0.64214891195297241 0.32344368100166321
vt 0.64214891195297241 0.34246981143951416
vt 0.64214891195297241 0.36149591207504272
vt 0.64214891195297241 0.38052201271057129
vt 0.64214891195297241 0.39954808354377747
vt 0.64503353834152222 0.019026100635528564
vt 0.64503353834152222 0.038052201271057129
vt 0.64503353834152222 0.057078301906585693
vt 0.64503353834152222 0.076104402542114258
vt 0.64503353834152222 0.095130503177642822
vt 0.64503353834152222 0.11415660381317139
vt 0.64503353834152222 0.13318270444869995
vt 0.64503353834152222 0.15220880508422852
vt 0.64503353834152222 0.17123490571975708
vt 0.64503353834152222 0.19026100635528564
vt 0.64503353834152222 0.20928709208965302
vt 0.64503353834152222 0.22831320762634277
vt 0.64503353834152222 0.24733929336071014
vt 0.64503353834152222 0.2663654088973999
vt 0.64503353834152222 0.28539150953292847
vt 0.64503353834152222 0.30441761016845703
vt 0.64503353834152222 0.32344368100166321
vt 0.64503353834152222 0.34246981143951416
vt 0.64503353834152222 0.36149591207504272
vt 0.64503353834152222 0.38052201271057129
vt 0.64503353834152222 0.39954808354377747
vt 0.64791816473007202 0
vt 0.64791816473007202 0.019026100635528564
vt 0.64791816473007202 0.038052201271057129
vt 0.64791816473007202 0.057078301906585693
vt 0.64791816473007202 0.076104402542114258
vt 0.64791816473007202 0.095130503177642822
vt 0.64791816473007202 0.11415660381317139
vt 0.64791816473007202 0.13318270444869995
vt 0.64791816473007202 0.15220880508422852
vt 0.64791816473007202 0.17123490571975708
vt 0.64791816473007202 0.19026100635528564
vt 0.64791816473007202 0.20928709208965302
vt 0.64791816473007202 0.22831320762634277
vt 0.64791816473007202 0.24733929336071014
vt 0.64791816473007202 0.2663654088973999
vt 0.64791816473007202 0.28539150953292847
vt 0.64791816473007202 0.30441761016845703
vt 0.64791816473007202 0.32344368100166321
vt 0.64791816473007202 0.34246981143951416
vt 0.64791816473007202 0.36149591207504272
vt 0.64791816473007202 0.38052201271057129
vt 0.64791816473007202 0.39954808354377747
vt 0.64791816473007202 0.41857418417930603
vt 0.63915413618087769 0
vt 0.64207547903060913 0
vt 0.64499682188034058 0
vt 0.63924771547317505 0.0095130503177642822
vt 0.63774025440216064 0.019026100635528564
vt 0.63774025440216064 0.0095130503177642822
vt 0.64214891195297241 0.0095130503177642822
vt 0.64069831371307373 0.019026100635528564
vt 0.64069831371307373 0.0095130503177642822
vt 0.64503353834152222 0.0095130503177642822
vt 0.64359122514724731 0.019026100635528564
vt 0.64359122514724731 0.0095130503177642822
vt 0.64647585153579712 0.019026100635528564
vt 0.64647585153579712 0.0095130503177642822
vt 0.64499682188034058 0.41857418417930603
vt 0.64207547903060913 0.41857418417930603
vt 0.63915413618087769 0.41857418417930603
vt 0.64503353834152222 0.40906116366386414
vt 0.64647585153579712 0.39954808354377747
vt 0.64647585153579712 0.40906116366386414
vt 0.64214891195297241 0.40906116366386414
vt 0.64359122514724731 0.39954808354377747
vt 0.64359122514724731 0.40906116366386414
vt 0.63924771547317505 0.40906116366386414
vt 0.64069831371307373 0.39954808354377747
vt 0.64069831371307373 0.40906116366386414
vt 0.63774025440216064 0.39954808354377747
vt 0.63774025440216064 0.40906116366386414
vt 0.72024428844451904 0
vt 0.70855891704559326 0
vt 0.71722936630249023 0.0086208032444119453
vt 0.71432816982269287 0.0086208032444119453
vt 0.71144354343414307 0.0086208032444119453
vt 0.72024428844451904 0.016964355483651161
vt 0.71722936630249023 0.016964355483651161
vt 0.71432816982269287 0.016964355483651161
vt 0.71144354343414307 0.016964355483651161
vt 0.72024428844451904 0.02517332136631012
vt 0.71722936630249023 0.02517332136631012
vt 0.71432816982269287 0.02517332136631012
vt 0.71144354343414307 0.02517332136631012
vt 0.72024428844451904 0.033288866281509399
vt 0.71722936630249023 0.033288866281509399
vt 0.71432816982269287 0.033288866281509399
vt 0.71144354343414307 0.033288866281509399
vt 0.72024428844451904 0.041404414921998978
vt 0.71722936630249023 0.041404414921998978
vt 0.71432816982269287 0.041404414921998978
vt 0.71144354343414307 0.041404414921998978
vt 0.72024428844451904 0.049519959837198257
vt 0.71722936630249023 0.049519959837198257
vt 0.71432816982269287 0.049519959837198257
vt 0.71144354343414307 0.049519959837198257
vt 0.72024428844451904 0.057635504752397537
vt 0.71722936630249023 0.057635504752397537
vt 0.71432816982269287 0.057635504752397537
vt 0.71144354343414307 0.057635504752397537
vt 0.72024428844451904 0.065751053392887115
vt 0.70855891704559326 0.065751053392887115
vt 0.70855891704559326 0.059773683547973633
vt 0.70855891704559326 0.05379631370306015
vt 0.70855891704559326 0.047818947583436966
vt 0.70855891704559326 0.041841577738523483
vt 0.70855891704559326 0.035864211618900299
vt 0.70855891704559326 0.029886841773986816
vt 0.70855891704559326 0.023909473791718483
vt 0.70855891704559326 0.01793210580945015
vt 0.70855891704559326 0.011954736895859241
vt 0.70855891704559326 0.0059773684479296207
vt 0.7173229455947876 0.065751053392887115
vt 0.71440160274505615 0.065751053392887115
vt 0.71148025989532471 0.065751053392887115
vt 0.71148025989532471 0
vt 0.71440160274505615 0
vt 0.7173229455947876 0
vt 0.85949856042861938 0
vt 0.85949856042861938 0.011685366742312908
vt 0.86811935901641846 0.0030149284284561872
vt 0.86811935901641846 0.0059161428362131119
vt 0.86811935901641846 0.0088007552549242973
vt 0.86811935901641846 0.011685366742312908
vt 0.87646293640136719 0.0030149284284561872
vt 0.87646293640136719 0.0059161428362131119
vt 0.87646293640136719 0.0088007552549242973
vt 0.87646293640136719 0.011685366742312908
vt 0.88467192649841309 0.0030149284284561872
vt 0.88467192649841309 0.0059161428362131119
vt 0.88467192649841309 0.0088007552549242973
vt 0.88467192649841309 0.011685366742312908
vt 0.89278745651245117 0.0030149284284561872
vt 0.89278745651245117 0.0059161428362131119
vt 0.89278745651245117 0.0088007552549242973
vt 0.89278745651245117 0.011685366742312908
vt 0.90090298652648926 0.0030149284284561872
vt 0.90090298652648926 0.0059161428362131119
vt 0.90090298652648926 0.0088007552549242973
vt 0.90090298652648926 0.011685366742312908
vt 0.90901851654052734 0.0030149284284561872
vt 0.90901851654052734 0.0059161428362131119
vt 0.90901851654052734 0.0088007552549242973
vt 0.90901851654052734 0.011685366742312908
vt 0.91713410615921021 0.0030149284284561872
vt 0.91713410615921021 0.0059161428362131119
vt 0.91713410615921021 0.0088007552549242973
vt 0.92524963617324829 0
vt 0.92524963617324829 0.011685366742312908
vt 0.86547595262527466 0
vt 0.87145328521728516 0
vt 0.87743067741394043 0
vt 0.8834080696105957 0
vt 0.8893854022026062 0
vt 0.89536279439926147 0
vt 0.90134012699127197 0
vt 0.90731751918792725 0
vt 0.91329491138458252 0
vt 0.91927224397659302 0
vt 0.85949856042861938 0.0087640248239040375
vt 0.85949856042861938 0.0058426833711564541
vt 0.85949856042861938 0.002921341685578227
vt 0.92524963617324829 0.002921341685578227
vt 0.92524963617324829 0.0058426833711564541
vt 0.92524963617324829 0.0087640248239040375
vt 0.8463483452796936 0
vt 0.8463483452796936 0.019318809732794762
vt 0.8463483452796936 0.038637619465589523
vt 0.8463483452796936 0.057956427335739136
vt 0.8463483452796936 0.077275238931179047
vt 0.8463483452796936 0.096594050526618958
vt 0.8463483452796936 0.11591285467147827
vt 0.8463483452796936 0.13523167371749878
vt 0.8463483452796936 0.15455047786235809
vt 0.8463483452796936 0.17386928200721741
vt 0.8463483452796936 0.19318810105323792
vt 0.8463483452796936 0.21250690519809723
vt 0.8463483452796936 0.25114452838897705
vt 0.84936326742172241 0.019318809732794762
vt 0.84936326742172241 0.038637619465589523
vt 0.84936326742172241 0.057956427335739136
vt 0.84936326742172241 0.077275238931179047
vt 0.84936326742172241 0.096594050526618958
vt 0.84936326742172241 0.11591285467147827
vt 0.84936326742172241 0.13523167371749878
vt 0.84936326742172241 0.15455047786235809
vt 0.84936326742172241 0.17386928200721741
vt 0.84936326742172241 0.19318810105323792
vt 0.84936326742172241 0.21250690519809723
vt 0.84936326742172241 0.23182570934295654
vt 0.85226452350616455 0.019318809732794762
vt 0.85226452350616455 0.038637619465589523
vt 0.85226452350616455 0.057956427335739136
vt 0.85226452350616455 0.077275238931179047
vt 0.85226452350616455 0.096594050526618958
vt 0.85226452350616455 0.11591285467147827
vt 0.85226452350616455 0.13523167371749878
vt 0.85226452350616455 0.15455047786235809
vt 0.85226452350616455 0.17386928200721741
vt 0.85226452350616455 0.19318810105323792
vt 0.85226452350616455 0.21250690519809723
vt 0.85226452350616455 0.23182570934295654
vt 0.85514914989471436 0.019318809732794762
vt 0.85514914989471436 0.038637619465589523
vt 0.85514914989471436 0.057956427335739136
vt 0.85514914989471436 0.077275238931179047
vt 0.85514914989471436 0.096594050526618958
vt 0.85514914989471436 0.11591285467147827
vt 0.85514914989471436 0.13523167371749878
vt 0.85514914989471436 0.15455047786235809
vt 0.85514914989471436 0.17386928200721741
vt 0.85514914989471436 0.19318810105323792
vt 0.85514914989471436 0.21250690519809723
vt 0.85514914989471436 0.23182570934295654
vt 0.85803371667861938 0
vt 0.85803371667861938 0.019318809732794762
vt 0.85803371667861938 0.038637619465589523
vt 0.85803371667861938 0.057956427335739136
vt 0.85803371667861938 0.077275238931179047
vt 0.85803371667861938 0.096594050526618958
vt 0.85803371667861938 0.11591285467147827
vt 0.85803371667861938 0.13523167371749878
vt 0.85803371667861938 0.15455047786235809
vt 0.85803371667861938 0.17386928200721741
vt 0.85803371667861938 0.19318810105323792
vt 0.85803371667861938 0.21250690519809723
vt 0.85803371667861938 0.23182570934295654
vt 0.85803371667861938 0.25114452838897705
vt 0.85511237382888794 0.25114452838897705
vt 0.85219103097915649 0.25114452838897705
vt 0.84926968812942505 0.25114452838897705
vt 0.85514914989471436 0.2414851039648056
vt 0.85659140348434448 0.23182570934295654
vt 0.85659140348434448 0.2414851039648056
vt 0.85226452350616455 0.2414851039648056
vt 0.85370683670043945 0.23182570934295654
vt 0.85370683670043945 0.2414851039648056
vt 0.84936326742172241 0.2414851039648056
vt 0.85081392526626587 0.23182570934295654
vt 0.85081392526626587 0.2414851039648056
vt 0.84785580635070801 0.23182570934295654
vt 0.84785580635070801 0.2414851039648056
vt 0.84926968812942505 0
vt 0.85219103097915649 0
vt 0.85511237382888794 0
vt 0.84936326742172241 0.0096594048663973808
vt 0.84785580635070801 0.019318809732794762
vt 0.84785580635070801 0.0096594048663973808
vt 0.85226452350616455 0.0096594048663973808
vt 0.85081392526626587 0.019318809732794762
vt 0.85081392526626587 0.0096594048663973808
vt 0.85514914989471436 0.0096594048663973808
vt 0.85370683670043945 0.019318809732794762
vt 0.85370683670043945 0.0096594048663973808
vt 0.85659140348434448 0.019318809732794762
vt 0.85659140348434448 0.0096594048663973808
vt 0.6625332236289978 0
vt 0.6625332236289978 0.019026100635528564
vt 0.6625332236289978 0.038052201271057129
vt 0.6625332236289978 0.057078301906585693
vt 0.6625332236289978 0.076104402542114258
vt 0.6625332236289978 0.095130503177642822
vt 0.6625332236289978 0.11415660381317139
vt 0.6625332236289978 0.13318270444869995
vt 0.6625332236289978 0.15220880508422852
vt 0.6625332236289978 0.17123490571975708
vt 0.6625332236289978 0.19026100635528564
vt 0.6625332236289978 0.20928709208965302
vt 0.6625332236289978 0.22831320762634277
vt 0.6625332236289978 0.24733929336071014
vt 0.6625332236289978 0.2663654088973999
vt 0.6625332236289978 0.28539150953292847
vt 0.6625332236289978 0.30441761016845703
vt 0.6625332236289978 0.32344368100166321
vt 0.6625332236289978 0.34246981143951416
vt 0.6625332236289978 0.36149591207504272
vt 0.6625332236289978 0.38052201271057129
vt 0.6625332236289978 0.39954808354377747
vt 0.6625332236289978 0.41857418417930603
vt 0.66554814577102661 0.019026100635528564
vt 0.66554814577102661 0.038052201271057129
vt 0.66554814577102661 0.057078301906585693
vt 0.66554814577102661 0.076104402542114258
vt 0.66554814577102661 0.095130503177642822
vt 0.66554814577102661 0.11415660381317139
vt 0.66554814577102661 0.13318270444869995
vt 0.66554814577102661 0.15220880508422852
vt 0.66554814577102661 0.17123490571975708
vt 0.66554814577102661 0.19026100635528564
vt 0.66554814577102661 0.20928709208965302
vt 0.66554814577102661 0.22831320762634277
vt 0.66554814577102661 0.24733929336071014
vt 0.66554814577102661 0.2663654088973999
vt 0.66554814577102661 0.28539150953292847
vt 0.66554814577102661 0.30441761016845703
vt 0.66554814577102661 0.32344368100166321
vt 0.66554814577102661 0.34246981143951416
vt 0.66554814577102661 0.36149591207504272
vt 0.66554814577102661 0.38052201271057129
vt 0.66554814577102661 0.39954808354377747
vt 0.66844934225082397 0.019026100635528564
vt 0.66844934225082397 0.038052201271057129
vt 0.66844934225082397 0.057078301906585693
vt 0.66844934225082397 0.076104402542114258
vt 0.66844934225082397 0.095130503177642822
vt 0.66844934225082397 0.11415660381317139
vt 0.66844934225082397 0.13318270444869995
vt 0.66844934225082397 0.15220880508422852
vt 0.66844934225082397 0.17123490571975708
vt 0.66844934225082397 0.19026100635528564
vt 0.66844934225082397 0.20928709208965302
vt 0.66844934225082397 0.22831320762634277
vt 0.66844934225082397 0.24733929336071014
vt 0.66844934225082397 0.2663654088973999
vt 0.66844934225082397 0.28539150953292847
vt 0.66844934225082397 0.30441761016845703
vt 0.66844934225082397 0.32344368100166321
vt 0.66844934225082397 0.34246981143951416
vt 0.66844934225082397 0.36149591207504272
vt 0.66844934225082397 0.38052201271057129
vt 0.66844934225082397 0.39954808354377747
vt 0.67133396863937378 0.019026100635528564
vt 0.67133396863937378 0.038052201271057129
vt 0.67133396863937378 0.057078301906585693
vt 0.67133396863937378 0.076104402542114258
vt 0.67133396863937378 0.095130503177642822
vt 0.67133396863937378 0.11415660381317139
vt 0.67133396863937378 0.13318270444869995
vt 0.67133396863937378 0.15220880508422852
vt 0.67133396863937378 0.17123490571975708
vt 0.67133396863937378 0.19026100635528564
vt 0.67133396863937378 0.20928709208965302
vt 0.67133396863937378 0.22831320762634277
vt 0.67133396863937378 0.24733929336071014
vt 0.67133396863937378 0.2663654088973999
vt 0.67133396863937378 0.28539150953292847
vt 0.67133396863937378 0.30441761016845703
vt 0.67133396863937378 0.32344368100166321
vt 0.67133396863937378 0.34246981143951416
vt 0.67133396863937378 0.36149591207504272
vt 0.67133396863937378 0.38052201271057129
vt 0.67133396863937378 0.39954808354377747
vt 0.67421859502792358 0
vt 0.67421859502792358 0.019026100635528564
vt 0.67421859502792358 0.038052201271057129
vt 0.67421859502792358 0.057078301906585693
vt 0.67421859502792358 0.076104402542114258
vt 0.67421859502792358 0.095130503177642822
vt 0.67421859502792358 0.11415660381317139
vt 0.67421859502792358 0.13318270444869995
vt 0.67421859502792358 0.15220880508422852
vt 0.67421859502792358 0.17123490571975708
vt 0.67421859502792358 0.19026100635528564
vt 0.67421859502792358 0.20928709208965302
vt 0.67421859502792358 0.22831320762634277
vt 0.67421859502792358 0.24733929336071014
vt 0.67421859502792358 0.2663654088973999
vt 0.67421859502792358 0.28539150953292847
vt 0.67421859502792358 0.30441761016845703
vt 0.67421859502792358 0.32344368100166321
vt 0.67421859502792358 0.34246981143951416
vt 0.67421859502792358 0.36149591207504272
vt 0.67421859502792358 0.38052201271057129
vt 0.67421859502792358 0.39954808354377747
vt 0.67421859502792358 0.41857418417930603
vt 0.66545456647872925 0
vt 0.66837590932846069 0
vt 0.67129725217819214 0
vt 0.66554814577102661 0.0095130503177642822
vt 0.66404068470001221 0.019026100635528564
vt 0.66404068470001221 0.0095130503177642822
vt 0.66844934225082397 0.0095130503177642822
vt 0.66699874401092529 0.019026100635528564
vt 0.66699874401092529 0.0095130503177642822
vt 0.67133396863937378 0.0095130503177642822
vt 0.66989165544509888 0.019026100635528564
vt 0.66989165544509888 0.0095130503177642822
vt 0.67277628183364868 0.019026100635528564
vt 0.67277628183364868 0.0095130503177642822
vt 0.67129725217819214 0.41857418417930603
vt 0.66837590932846069 0.41857418417930603
vt 0.66545456647872925 0.41857418417930603
vt 0.67133396863937378 0.40906116366386414
vt 0.67277628183364868 0.39954808354377747
vt 0.67277628183364868 0.40906116366386414
vt 0.66844934225082397 0.40906116366386414
vt 0.66989165544509888 0.39954808354377747
vt 0.66989165544509888 0.40906116366386414
vt 0.66554814577102661 0.40906116366386414
vt 0.66699874401092529 0.39954808354377747
vt 0.66699874401092529 0.40906116366386414
vt 0.66404068470001221 0.39954808354377747
vt 0.66404068470001221 0.40906116366386414
vt 0.85949856042861938 0.013150210492312908
vt 0.85949856042861938 0.024835577234625816
vt 0.86811935901641846 0.016165139153599739
vt 0.86811935901641846 0.019066352397203445
vt 0.86811935901641846 0.021950965747237206
vt 0.86811935901641846 0.024835577234625816
vt 0.87646293640136719 0.016165139153599739
vt 0.87646293640136719 0.019066352397203445
vt 0.87646293640136719 0.021950965747237206
vt 0.87646293640136719 0.024835577234625816
vt 0.88467192649841309 0.016165139153599739
vt 0.88467192649841309 0.019066352397203445
vt 0.88467192649841309 0.021950965747237206
vt 0.88467192649841309 0.024835577234625816
vt 0.89278745651245117 0.016165139153599739
vt 0.89278745651245117 0.019066352397203445
vt 0.89278745651245117 0.021950965747237206
vt 0.89278745651245117 0.024835577234625816
vt 0.90090298652648926 0.016165139153599739
vt 0.90090298652648926 0.019066352397203445
vt 0.90090298652648926 0.021950965747237206
vt 0.90090298652648926 0.024835577234625816
vt 0.90901851654052734 0.016165139153599739
vt 0.90901851654052734 0.019066352397203445
vt 0.90901851654052734 0.021950965747237206
vt 0.90901851654052734 0.024835577234625816
vt 0.91713410615921021 0.016165139153599739
vt 0.91713410615921021 0.019066352397203445
vt 0.91713410615921021 0.021950965747237206
vt 0.92524963617324829 0.013150210492312908
vt 0.92524963617324829 0.024835577234625816
vt 0.86547595262527466 0.013150210492312908
vt 0.87145328521728516 0.013150210492312908
vt 0.87743067741394043 0.013150210492312908
vt 0.8834080696105957 0.013150210492312908
vt 0.8893854022026062 0.013150210492312908
vt 0.89536279439926147 0.013150210492312908
vt 0.90134012699127197 0.013150210492312908
vt 0.90731751918792725 0.013150210492312908
vt 0.91329491138458252 0.013150210492312908
vt 0.91927224397659302 0.013150210492312908
vt 0.85949856042861938 0.021914234384894371
vt 0.85949856042861938 0.018992893397808075
vt 0.85949856042861938 0.016071552410721779
vt 0.92524963617324829 0.016071552410721779
vt 0.92524963617324829 0.018992893397808075
vt 0.92524963617324829 0.021914234384894371
vt 0.48554608225822449 0.48432525992393494
vt 0.48554608225822449 0.49601063132286072
vt 0.49416688084602356 0.48734018206596375
vt 0.49416688084602356 0.49024137854576111
vt 0.49416688084602356 0.49312600493431091
vt 0.49416688084602356 0.49601063132286072
vt 0.5025104284286499 0.48734018206596375
vt 0.5025104284286499 0.49024137854576111
vt 0.5025104284286499 0.49312600493431091
vt 0.5025104284286499 0.49601063132286072
vt 0.5107194185256958 0.48734018206596375
vt 0.5107194185256958 0.49024137854576111
vt 0.5107194185256958 0.49312600493431091
vt 0.5107194185256958 0.49601063132286072
vt 0.51883494853973389 0.48734018206596375
vt 0.51883494853973389 0.49024137854576111
vt 0.51883494853973389 0.49312600493431091
vt 0.51883494853973389 0.49601063132286072
vt 0.52695047855377197 0.48734018206596375
vt 0.52695047855377197 0.49024137854576111
vt 0.52695047855377197 0.49312600493431091
vt 0.52695047855377197 0.49601063132286072
vt 0.53506600856781006 0.48734018206596375
vt 0.53506600856781006 0.49024137854576111
vt 0.53506600856781006 0.49312600493431091
vt 0.53506600856781006 0.49601063132286072
vt 0.54318159818649292 0.48734018206596375
vt 0.54318159818649292 0.49024137854576111
vt 0.54318159818649292 0.49312600493431091
vt 0.55129712820053101 0.48432525992393494
vt 0.55129712820053101 0.49601063132286072
vt 0.49152344465255737 0.48432525992393494
vt 0.49750080704689026 0.48432525992393494
vt 0.50347816944122314 0.48432525992393494
vt 0.50945556163787842 0.48432525992393494
vt 0.51543289422988892 0.48432525992393494
vt 0.52141028642654419 0.48432525992393494
vt 0.52738761901855469 0.48432525992393494
vt 0.53336501121520996 0.48432525992393494
vt 0.53934240341186523 0.48432525992393494
vt 0.54531973600387573 0.48432525992393494
vt 0.55129712820053101 0.48724660277366638
vt 0.55129712820053101 0.49016794562339783
vt 0.55129712820053101 0.49308928847312927
vt 0.48554608225822449 0.49308928847312927
vt 0.48554608225822449 0.49016794562339783
vt 0.48554608225822449 0.48724660277366638
vt 0.64938300848007202 0
vt 0.64938300848007202 0.019026100635528564
vt 0.64938300848007202 0.038052201271057129
vt 0.64938300848007202 0.057078301906585693
vt 0.64938300848007202 0.076104402542114258
vt 0.64938300848007202 0.095130503177642822
vt 0.64938300848007202 0.11415660381317139
vt 0.64938300848007202 0.13318270444869995
vt 0.64938300848007202 0.15220880508422852
vt 0.64938300848007202 0.17123490571975708
vt 0.64938300848007202 0.19026100635528564
vt 0.64938300848007202 0.20928709208965302
vt 0.64938300848007202 0.22831320762634277
vt 0.64938300848007202 0.24733929336071014
vt 0.64938300848007202 0.2663654088973999
vt 0.64938300848007202 0.28539150953292847
vt 0.64938300848007202 0.30441761016845703
vt 0.64938300848007202 0.32344368100166321
vt 0.64938300848007202 0.34246981143951416
vt 0.64938300848007202 0.36149591207504272
vt 0.64938300848007202 0.38052201271057129
vt 0.64938300848007202 0.39954808354377747
vt 0.64938300848007202 0.41857418417930603
vt 0.65239793062210083 0.019026100635528564
vt 0.65239793062210083 0.038052201271057129
vt 0.65239793062210083 0.057078301906585693
vt 0.65239793062210083 0.076104402542114258
vt 0.65239793062210083 0.095130503177642822
vt 0.65239793062210083 0.11415660381317139
vt 0.65239793062210083 0.13318270444869995
vt 0.65239793062210083 0.15220880508422852
vt 0.65239793062210083 0.17123490571975708
vt 0.65239793062210083 0.19026100635528564
vt 0.65239793062210083 0.20928709208965302
vt 0.65239793062210083 0.22831320762634277
vt 0.65239793062210083 0.24733929336071014
vt 0.65239793062210083 0.2663654088973999
vt 0.65239793062210083 0.28539150953292847
vt 0.65239793062210083 0.30441761016845703
vt 0.65239793062210083 0.32344368100166321
vt 0.65239793062210083 0.34246981143951416
vt 0.65239793062210083 0.36149591207504272
vt 0.65239793062210083 0.38052201271057129
vt 0.65239793062210083 0.39954808354377747
vt 0.65529912710189819 0.019026100635528564
vt 0.65529912710189819 0.038052201271057129
vt 0.65529912710189819 0.057078301906585693
vt 0.65529912710189819 0.076104402542114258
vt 0.65529912710189819 0.095130503177642822
vt 0.65529912710189819 0.11415660381317139
vt 0.65529912710189819 0.13318270444869995
vt 0.65529912710189819 0.15220880508422852
vt 0.65529912710189819 0.17123490571975708
vt 0.65529912710189819 0.19026100635528564
vt 0.65529912710189819 0.20928709208965302
vt 0.65529912710189819 0.22831320762634277
vt 0.65529912710189819 0.24733929336071014
vt 0.65529912710189819 0.2663654088973999
vt 0.65529912710189819 0.28539150953292847
vt 0.65529912710189819 0.30441761016845703
vt 0.65529912710189819 0.32344368100166321
vt 0.65529912710189819 0.34246981143951416
vt 0.65529912710189819 0.36149591207504272
vt 0.65529912710189819 0.38052201271057129
vt 0.65529912710189819 0.39954808354377747
vt 0.658183753490448 0.019026100635528564
vt 0.658183753490448 0.038052201271057129
vt 0.658183753490448 0.057078301906585693
vt 0.658183753490448 0.076104402542114258
vt 0.658183753490448 0.095130503177642822
vt 0.658183753490448 0.11415660381317139
vt 0.658183753490448 0.13318270444869995
vt 0.658183753490448 0.15220880508422852
vt 0.658183753490448 0.17123490571975708
vt 0.658183753490448 0.19026100635528564
vt 0.658183753490448 0.20928709208965302
vt 0.658183753490448 0.22831320762634277
vt 0.658183753490448 0.24733929336071014
vt 0.658183753490448 0.2663654088973999
vt 0.658183753490448 0.28539150953292847
vt 0.658183753490448 0.30441761016845703
vt 0.658183753490448 0.32344368100166321
vt 0.658183753490448 0.34246981143951416
vt 0.658183753490448 0.36149591207504272
vt 0.658183753490448 0.38052201271057129
vt 0.658183753490448 0.39954808354377747
vt 0.6610683798789978 0
vt 0.6610683798789978 0.019026100635528564
vt 0.6610683798789978 0.038052201271057129
vt 0.6610683798789978 0.057078301906585693
vt 0.6610683798789978 0.076104402542114258
vt 0.6610683798789978 0.095130503177642822
vt 0.6610683798789978 0.11415660381317139
vt 0.6610683798789978 0.13318270444869995
vt 0.6610683798789978 0.15220880508422852
vt 0.6610683798789978 0.17123490571975708
vt 0.6610683798789978 0.19026100635528564
vt 0.6610683798789978 0.20928709208965302
vt 0.6610683798789978 0.22831320762634277
vt 0.6610683798789978 0.24733929336071014
vt 0.6610683798789978 0.2663654088973999
vt 0.6610683798789978 0.28539150953292847
vt 0.6610683798789978 0.30441761016845703
vt 0.6610683798789978 0.32344368100166321
vt 0.6610683798789978 0.34246981143951416
vt 0.6610683798789978 0.36149591207504272
vt 0.6610683798789978 0.38052201271057129
vt 0.6610683798789978 0.39954808354377747
vt 0.6610683798789978 0.41857418417930603
vt 0.65814703702926636 0.41857418417930603
vt 0.65522569417953491 0.41857418417930603
vt 0.65230435132980347 0.41857418417930603
vt 0.658183753490448 0.40906116366386414
vt 0.6596260666847229 0.39954808354377747
vt 0.6596260666847229 0.40906116366386414
vt 0.65529912710189819 0.40906116366386414
vt 0.6567414402961731 0.39954808354377747
vt 0.6567414402961731 0.40906116366386414
vt 0.65239793062210083 0.40906116366386414
vt 0.65384852886199951 0.39954808354377747
vt 0.65384852886199951 0.40906116366386414
vt 0.65089046955108643 0.39954808354377747
vt 0.65089046955108643 0.40906116366386414
vt 0.65230435132980347 0
vt 0.65522569417953491 0
vt 0.65814703702926636 0
vt 0.65239793062210083 0.0095130503177642822
vt 0.65089046955108643 0.019026100635528564
vt 0.65089046955108643 0.0095130503177642822
vt 0.65529912710189819 0.0095130503177642822
vt 0.65384852886199951 0.019026100635528564
vt 0.65384852886199951 0.0095130503177642822
vt 0.658183753490448 0.0095130503177642822
vt 0.6567414402961731 0.019026100635528564
vt 0.6567414402961731 0.0095130503177642822
vt 0.6596260666847229 0.019026100635528564
vt 0.6596260666847229 0.0095130503177642822
vt 0.81257462501525879 0
vt 0.81257462501525879 0.019318809732794762
vt 0.81257462501525879 0.038637619465589523
vt 0.81257462501525879 0.057956427335739136
vt 0.81257462501525879 0.077275238931179047
vt 0.81257462501525879 0.096594050526618958
vt 0.81257462501525879 0.11591285467147827
vt 0.81257462501525879 0.13523167371749878
vt 0.81257462501525879 0.15455047786235809
vt 0.81257462501525879 0.17386928200721741
vt 0.81257462501525879 0.19318810105323792
vt 0.81257462501525879 0.21250690519809723
vt 0.81257462501525879 0.23182570934295654
vt 0.81257462501525879 0.25114452838897705
vt 0.81558960676193237 0.019318809732794762
vt 0.81558960676193237 0.038637619465589523
vt 0.81558960676193237 0.057956427335739136
vt 0.81558960676193237 0.077275238931179047
vt 0.81558960676193237 0.096594050526618958
vt 0.81558960676193237 0.11591285467147827
vt 0.81558960676193237 0.13523167371749878
vt 0.81558960676193237 0.15455047786235809
vt 0.81558960676193237 0.17386928200721741
vt 0.81558960676193237 0.19318810105323792
vt 0.81558960676193237 0.21250690519809723
vt 0.81558960676193237 0.23182570934295654
vt 0.81849080324172974 0.019318809732794762
vt 0.81849080324172974 0.038637619465589523
vt 0.81849080324172974 0.057956427335739136
vt 0.81849080324172974 0.077275238931179047
vt 0.81849080324172974 0.096594050526618958
vt 0.81849080324172974 0.11591285467147827
vt 0.81849080324172974 0.13523167371749878
vt 0.81849080324172974 0.15455047786235809
vt 0.81849080324172974 0.17386928200721741
vt 0.81849080324172974 0.19318810105323792
vt 0.81849080324172974 0.21250690519809723
vt 0.81849080324172974 0.23182570934295654
vt 0.82137542963027954 0.019318809732794762
vt 0.82137542963027954 0.038637619465589523
vt 0.82137542963027954 0.057956427335739136
vt 0.82137542963027954 0.077275238931179047
vt 0.82137542963027954 0.096594050526618958
vt 0.82137542963027954 0.11591285467147827
vt 0.82137542963027954 0.13523167371749878
vt 0.82137542963027954 0.15455047786235809
vt 0.82137542963027954 0.17386928200721741
vt 0.82137542963027954 0.19318810105323792
vt 0.82137542963027954 0.21250690519809723
vt 0.82137542963027954 0.23182570934295654
vt 0.82425999641418457 0
vt 0.82425999641418457 0.038637619465589523
vt 0.82425999641418457 0.057956427335739136
vt 0.82425999641418457 0.077275238931179047
vt 0.82425999641418457 0.096594050526618958
vt 0.82425999641418457 0.11591285467147827
vt 0.82425999641418457 0.13523167371749878
vt 0.82425999641418457 0.15455047786235809
vt 0.82425999641418457 0.17386928200721741
vt 0.82425999641418457 0.19318810105323792
vt 0.82425999641418457 0.21250690519809723
vt 0.82425999641418457 0.23182570934295654
vt 0.82425999641418457 0.25114452838897705
vt 0.81549596786499023 0
vt 0.81841731071472168 0
vt 0.82133865356445312 0
vt 0.81558960676193237 0.0096594048663973808
vt 0.81408214569091797 0.019318809732794762
vt 0.81408214569091797 0.0096594048663973808
vt 0.81849080324172974 0.0096594048663973808
vt 0.81704020500183105 0.019318809732794762
vt 0.81704020500183105 0.0096594048663973808
vt 0.82137542963027954 0.0096594048663973808
vt 0.81993311643600464 0.019318809732794762
vt 0.81993311643600464 0.0096594048663973808
vt 0.82281768321990967 0.019318809732794762
vt 0.82281768321990967 0.0096594048663973808
vt 0.82133865356445312 0.25114452838897705
vt 0.81841731071472168 0.25114452838897705
vt 0.81549596786499023 0.25114452838897705
vt 0.82137542963027954 0.2414851039648056
vt 0.82281768321990967 0.23182570934295654
vt 0.82281768321990967 0.2414851039648056
vt 0.81849080324172974 0.2414851039648056
vt 0.81993311643600464 0.23182570934295654
vt 0.81993311643600464 0.2414851039648056
vt 0.81558960676193237 0.2414851039648056
vt 0.81704020500183105 0.23182570934295654
vt 0.81704020500183105 0.2414851039648056
vt 0.81408214569091797 0.23182570934295654
vt 0.81408214569091797 0.2414851039648056
vt 0.48554608225822449 0.47117504477500916
vt 0.48554608225822449 0.48286041617393494
vt 0.49416688084602356 0.47418996691703796
vt 0.49416688084602356 0.47709119319915771
vt 0.49416688084602356 0.47997578978538513
vt 0.49416688084602356 0.48286041617393494
vt 0.5025104284286499 0.47418996691703796
vt 0.5025104284286499 0.47709119319915771
vt 0.5025104284286499 0.47997578978538513
vt 0.5025104284286499 0.48286041617393494
vt 0.5107194185256958 0.47418996691703796
vt 0.5107194185256958 0.47709119319915771
vt 0.5107194185256958 0.47997578978538513
vt 0.5107194185256958 0.48286041617393494
vt 0.51883494853973389 0.47418996691703796
vt 0.51883494853973389 0.47709119319915771
vt 0.51883494853973389 0.47997578978538513
vt 0.51883494853973389 0.48286041617393494
vt 0.52695047855377197 0.47418996691703796
vt 0.52695047855377197 0.47709119319915771
vt 0.52695047855377197 0.47997578978538513
vt 0.52695047855377197 0.48286041617393494
vt 0.53506600856781006 0.47418996691703796
vt 0.53506600856781006 0.47709119319915771
vt 0.53506600856781006 0.47997578978538513
vt 0.53506600856781006 0.48286041617393494
vt 0.54318159818649292 0.47418996691703796
vt 0.54318159818649292 0.47709119319915771
vt 0.54318159818649292 0.47997578978538513
vt 0.55129712820053101 0.47117504477500916
vt 0.55129712820053101 0.48286041617393494
vt 0.49152344465255737 0.47117504477500916
vt 0.49750080704689026 0.47117504477500916
vt 0.50347816944122314 0.47117504477500916
vt 0.50945556163787842 0.47117504477500916
vt 0.51543289422988892 0.47117504477500916
vt 0.52141028642654419 0.47117504477500916
vt 0.52738761901855469 0.47117504477500916
vt 0.53336501121520996 0.47117504477500916
vt 0.53934240341186523 0.47117504477500916
vt 0.54531973600387573 0.47117504477500916
vt 0.48554608225822449 0.47993907332420349
vt 0.48554608225822449 0.47701773047447205
vt 0.48554608225822449 0.4740963876247406
vt 0.55129712820053101 0.4740963876247406
vt 0.55129712820053101 0.47701773047447205
vt 0.55129712820053101 0.47993907332420349
vt 0.48554608225822449 0
vt 0.48554608225822449 0.20928709208965302
vt 0.63476794958114624 0
vt 0.63476794958114624 0.20928709208965302
vt 0.61611521244049072 0.20928709208965302
vt 0.59746247529983521 0.20928709208965302
vt 0.57880973815917969 0.20928709208965302
vt 0.56015700101852417 0.20928709208965302
vt 0.54150426387786865 0.20928709208965302
vt 0.52285152673721313 0.20928709208965302
vt 0.50419878959655762 0.20928709208965302
vt 0.56015700101852417 0.10464354604482651
vt 0.56015700101852417 0.15696533024311066
vt 0.59746247529983521 0.10464354604482651
vt 0.59746247529983521 0.15696533024311066
vt 0.52285152673721313 0.10464354604482651
vt 0.52285152673721313 0.15696533024311066
vt 0.63476794958114624 0.019026100635528564
vt 0.63476794958114624 0.038052201271057129
vt 0.63476794958114624 0.057078301906585693
vt 0.63476794958114624 0.076104402542114258
vt 0.63476794958114624 0.095130503177642822
vt 0.63476794958114624 0.11415660381317139
vt 0.63476794958114624 0.13318270444869995
vt 0.63476794958114624 0.15220880508422852
vt 0.63476794958114624 0.17123490571975708
vt 0.63476794958114624 0.19026100635528564
vt 0.56015700101852417 0.052321773022413254
vt 0.59746247529983521 0.052321773022413254
vt 0.48554608225822449 0.19026100635528564
vt 0.48554608225822449 0.17123490571975708
vt 0.48554608225822449 0.15220880508422852
vt 0.48554608225822449 0.13318270444869995
vt 0.48554608225822449 0.11415660381317139
vt 0.48554608225822449 0.095130503177642822
vt 0.48554608225822449 0.076104402542114258
vt 0.48554608225822449 0.057078301906585693
vt 0.48554608225822449 0.038052201271057129
vt 0.48554608225822449 0.019026100635528564
vt 0.52285152673721313 0.052321773022413254
vt 0.51539045572280884 0
vt 0.5452347993850708 0
vt 0.57507920265197754 0
vt 0.6049235463142395 0
vt 0.93124920129776001 0
vt 0.93124920129776001 0.20928709208965302
vt 0.93543493747711182 0
vt 0.93543493747711182 0.20928709208965302
vt 0.93543493747711182 0.019026100635528564
vt 0.93543493747711182 0.038052201271057129
vt 0.93543493747711182 0.057078301906585693
vt 0.93543493747711182 0.076104402542114258
vt 0.93543493747711182 0.095130503177642822
vt 0.93543493747711182 0.11415660381317139
vt 0.93543493747711182 0.13318270444869995
vt 0.93543493747711182 0.15220880508422852
vt 0.93543493747711182 0.17123490571975708
vt 0.93543493747711182 0.19026100635528564
vt 0.93124920129776001 0.19026100635528564
vt 0.93124920129776001 0.17123490571975708
vt 0.93124920129776001 0.15220880508422852
vt 0.93124920129776001 0.13318270444869995
vt 0.93124920129776001 0.11415660381317139
vt 0.93124920129776001 0.095130503177642822
vt 0.93124920129776001 0.076104402542114258
vt 0.93124920129776001 0.057078301906585693
vt 0.93124920129776001 0.038052201271057129
vt 0.93124920129776001 0.019026100635528564
vt 0.55420064926147461 0.44487461447715759
vt 0.55420064926147461 0.65416169166564941
vt 0.70488739013671875 0.44487461447715759
vt 0.70488739013671875 0.65416169166564941
vt 0.68605154752731323 0.65416169166564941
vt 0.66721570491790771 0.65416169166564941
vt 0.6483798623085022 0.65416169166564941
vt 0.62954401969909668 0.65416169166564941
vt 0.61070817708969116 0.65416169166564941
vt 0.59187233448028564 0.65416169166564941
vt 0.57303649187088013 0.65416169166564941
vt 0.62954401969909668 0.5495181679725647
vt 0.62954401969909668 0.60183995962142944
vt 0.66721570491790771 0.5495181679725647
vt 0.66721570491790771 0.60183995962142944
vt 0.59187233448028564 0.5495181679725647
vt 0.59187233448028564 0.60183995962142944
vt 0.55420064926147461 0.63513565063476562
vt 0.55420064926147461 0.61610949039459229
vt 0.55420064926147461 0.5970834493637085
vt 0.55420064926147461 0.57805728912353516
vt 0.55420064926147461 0.55903124809265137
vt 0.55420064926147461 0.5400051474571228
vt 0.55420064926147461 0.52097904682159424
vt 0.55420064926147461 0.50195294618606567
vt 0.55420064926147461 0.48292681574821472
vt 0.55420064926147461 0.46390071511268616
vt 0.62954401969909668 0.49719640612602234
vt 0.59187233448028564 0.49719640612602234
vt 0.58433800935745239 0.44487461447715759
vt 0.6144753098487854 0.44487461447715759
vt 0.64461266994476318 0.44487461447715759
vt 0.67475003004074097 0.44487461447715759
vt 0.66721570491790771 0.49719640612602234
vt 0.70488739013671875 0.46390071511268616
vt 0.70488739013671875 0.48292681574821472
vt 0.70488739013671875 0.50195294618606567
vt 0.70488739013671875 0.52097904682159424
vt 0.70488739013671875 0.5400051474571228
vt 0.70488739013671875 0.55903124809265137
vt 0.70488739013671875 0.57805728912353516
vt 0.70488739013671875 0.5970834493637085
vt 0.70488739013671875 0.61610949039459229
vt 0.70488739013671875 0.63513565063476562
vt 0.92706340551376343 0
vt 0.92706340551376343 0.20928709208965302
vt 0.93124920129776001 0
vt 0.93124920129776001 0.20928709208965302
vt 0.92706340551376343 0.19026100635528564
vt 0.92706340551376343 0.17123490571975708
vt 0.92706340551376343 0.15220880508422852
vt 0.92706340551376343 0.13318270444869995
vt 0.92706340551376343 0.11415660381317139
vt 0.92706340551376343 0.095130503177642822
vt 0.92706340551376343 0.076104402542114258
vt 0.92706340551376343 0.057078301906585693
vt 0.92706340551376343 0.038052201271057129
vt 0.92706340551376343 0.019026100635528564
vt 0.93124920129776001 0.019026100635528564
vt 0.93124920129776001 0.038052201271057129
vt 0.93124920129776001 0.057078301906585693
vt 0.93124920129776001 0.076104402542114258
vt 0.93124920129776001 0.095130503177642822
vt 0.93124920129776001 0.11415660381317139
vt 0.93124920129776001 0.13318270444869995
vt 0.93124920129776001 0.15220880508422852
vt 0.93124920129776001 0.17123490571975708
vt 0.93124920129776001 0.19026100635528564
vt 0.53619492053985596 0.53933286666870117
vt 0.53096270561218262 0.53933286666870117
vt 0.52573055028915405 0.53933286666870117
vt 0.53619492053985596 0.58119028806686401
vt 0.53096270561218262 0.58119028806686401
vt 0.52573055028915405 0.58119028806686401
vt 0.53619492053985596 0.62304770946502686
vt 0.53096270561218262 0.62304770946502686
vt 0.52573055028915405 0.62304770946502686
vt 0.54142707586288452 0.50584691762924194
vt 0.54142707586288452 0.53598427772521973
vt 0.54142707586288452 0.56612163782119751
vt 0.54142707586288452 0.59625893831253052
vt 0.54142707586288452 0.6263962984085083
vt 0.54142707586288452 0.65653365850448608
vt 0.53305560350418091 0.6649051308631897
vt 0.5288698673248291 0.6649051308631897
vt 0.53096270561218262 0.64397644996643066
vt 0.53357881307601929 0.62304770946502686
vt 0.53619492053985596 0.64397644996643066
vt 0.53357881307601929 0.64397644996643066
vt 0.53096270561218262 0.65444076061248779
vt 0.53227078914642334 0.64397644996643066
vt 0.53357881307601929 0.65444076061248779
vt 0.53227078914642334 0.65444076061248779
vt 0.52573055028915405 0.64397644996643066
vt 0.52834665775299072 0.62304770946502686
vt 0.52834665775299072 0.64397644996643066
vt 0.52834665775299072 0.65444076061248779
vt 0.52965468168258667 0.64397644996643066
vt 0.52965468168258667 0.65444076061248779
vt 0.52049839496612549 0.65653365850448608
vt 0.52049839496612549 0.6263962984085083
vt 0.52049839496612549 0.59625893831253052
vt 0.52049839496612549 0.56612163782119751
vt 0.52049839496612549 0.53598427772521973
vt 0.52049839496612549 0.50584691762924194
vt 0.5288698673248291 0.49747547507286072
vt 0.53305560350418091 0.49747547507286072
vt 0.52834665775299072 0.53933286666870117
vt 0.52573055028915405 0.51840418577194214
vt 0.53096270561218262 0.51840418577194214
vt 0.52834665775299072 0.51840418577194214
vt 0.52965468168258667 0.51840418577194214
vt 0.52834665775299072 0.50793981552124023
vt 0.53096270561218262 0.50793981552124023
vt 0.52965468168258667 0.50793981552124023
vt 0.53357881307601929 0.53933286666870117
vt 0.53619492053985596 0.51840418577194214
vt 0.53357881307601929 0.51840418577194214
vt 0.53227078914642334 0.51840418577194214
vt 0.53357881307601929 0.50793981552124023
vt 0.53227078914642334 0.50793981552124023
vt 0.53622102737426758 0.49809697270393372
vt 0.53891640901565552 0.49986925721168518
vt 0.5407489538192749 0.50254625082015991
vt 0.53881096839904785 0.53933286666870117
vt 0.53881096839904785 0.51840418577194214
vt 0.5375029444694519 0.51840418577194214
vt 0.53619492053985596 0.50793981552124023
vt 0.53881096839904785 0.50793981552124023
vt 0.5375029444694519 0.50793981552124023
vt 0.54011905193328857 0.51840418577194214
vt 0.54011905193328857 0.50793981552124023
vt 0.54080557823181152 0.65969908237457275
vt 0.53903329372406006 0.66239446401596069
vt 0.53635627031326294 0.66422700881958008
vt 0.53881096839904785 0.62304770946502686
vt 0.53881096839904785 0.64397644996643066
vt 0.53881096839904785 0.65444076061248779
vt 0.54011905193328857 0.64397644996643066
vt 0.54011905193328857 0.65444076061248779
vt 0.53619492053985596 0.65444076061248779
vt 0.5375029444694519 0.64397644996643066
vt 0.5375029444694519 0.65444076061248779
vt 0.52570444345474243 0.6642836332321167
vt 0.52300906181335449 0.66251134872436523
vt 0.52117651700973511 0.65983432531356812
vt 0.52311444282531738 0.62304770946502686
vt 0.52311444282531738 0.64397644996643066
vt 0.52311444282531738 0.65444076061248779
vt 0.52442252635955811 0.64397644996643066
vt 0.52573055028915405 0.65444076061248779
vt 0.52442252635955811 0.65444076061248779
vt 0.52180641889572144 0.64397644996643066
vt 0.52180641889572144 0.65444076061248779
vt 0.52111989259719849 0.50268155336380005
vt 0.52289217710494995 0.49998614192008972
vt 0.52556920051574707 0.49815362691879272
vt 0.52311444282531738 0.53933286666870117
vt 0.52311444282531738 0.51840418577194214
vt 0.52180641889572144 0.51840418577194214
vt 0.52311444282531738 0.50793981552124023
vt 0.52180641889572144 0.50793981552124023
vt 0.52442252635955811 0.51840418577194214
vt 0.52573055028915405 0.50793981552124023
vt 0.52442252635955811 0.50793981552124023
vt 0.9485851526260376 0
vt 0.9485851526260376 0.019026100635528564
vt 0.9485851526260376 0.038052201271057129
vt 0.9485851526260376 0.057078301906585693
vt 0.9485851526260376 0.076104402542114258
vt 0.9485851526260376 0.095130503177642822
vt 0.9485851526260376 0.11415660381317139
vt 0.9485851526260376 0.13318270444869995
vt 0.9485851526260376 0.15220880508422852
vt 0.9485851526260376 0.17123490571975708
vt 0.9485851526260376 0.19026100635528564
vt 0.9485851526260376 0.20928709208965302
vt 0.95160007476806641 0
vt 0.95160007476806641 0.019026100635528564
vt 0.95160007476806641 0.038052201271057129
vt 0.95160007476806641 0.057078301906585693
vt 0.95160007476806641 0.076104402542114258
vt 0.95160007476806641 0.095130503177642822
vt 0.95160007476806641 0.11415660381317139
vt 0.95160007476806641 0.13318270444869995
vt 0.95160007476806641 0.15220880508422852
vt 0.95160007476806641 0.17123490571975708
vt 0.95160007476806641 0.19026100635528564
vt 0.95160007476806641 0.20928709208965302
vt 0.95450127124786377 0
vt 0.95450127124786377 0.019026100635528564
vt 0.95450127124786377 0.038052201271057129
vt 0.95450127124786377 0.057078301906585693
vt 0.95450127124786377 0.076104402542114258
vt 0.95450127124786377 0.095130503177642822
vt 0.95450127124786377 0.11415660381317139
vt 0.95450127124786377 0.13318270444869995
vt 0.95450127124786377 0.15220880508422852
vt 0.95450127124786377 0.17123490571975708
vt 0.95450127124786377 0.19026100635528564
vt 0.95450127124786377 0.20928709208965302
vt 0.95738589763641357 0
vt 0.95738589763641357 0.019026100635528564
vt 0.95738589763641357 0.038052201271057129
vt 0.95738589763641357 0.057078301906585693
vt 0.95738589763641357 0.076104402542114258
vt 0.95738589763641357 0.095130503177642822
vt 0.95738589763641357 0.11415660381317139
vt 0.95738589763641357 0.13318270444869995
vt 0.95738589763641357 0.15220880508422852
vt 0.95738589763641357 0.17123490571975708
vt 0.95738589763641357 0.19026100635528564
vt 0.95738589763641357 0.20928709208965302
vt 0.9602704644203186 0
vt 0.9602704644203186 0.019026100635528564
vt 0.9602704644203186 0.038052201271057129
vt 0.9602704644203186 0.057078301906585693
vt 0.9602704644203186 0.076104402542114258
vt 0.9602704644203186 0.095130503177642822
vt 0.9602704644203186 0.11415660381317139
vt 0.9602704644203186 0.13318270444869995
vt 0.9602704644203186 0.15220880508422852
vt 0.9602704644203186 0.17123490571975708
vt 0.9602704644203186 0.19026100635528564
vt 0.9602704644203186 0.20928709208965302
vt 0.95738589763641357 0.19977404177188873
vt 0.95882821083068848 0.19026100635528564
vt 0.95882821083068848 0.19977404177188873
vt 0.95450127124786377 0.19977404177188873
vt 0.95594358444213867 0.19026100635528564
vt 0.95594358444213867 0.19977404177188873
vt 0.95160007476806641 0.19977404177188873
vt 0.95305067300796509 0.19026100635528564
vt 0.95305067300796509 0.19977404177188873
vt 0.950092613697052 0.19026100635528564
vt 0.950092613697052 0.19977404177188873
vt 0.95160007476806641 0.0095130503177642822
vt 0.950092613697052 0.019026100635528564
vt 0.950092613697052 0.0095130503177642822
vt 0.95450127124786377 0.0095130503177642822
vt 0.95305067300796509 0.019026100635528564
vt 0.95305067300796509 0.0095130503177642822
vt 0.95738589763641357 0.0095130503177642822
vt 0.95594358444213867 0.019026100635528564
vt 0.95594358444213867 0.0095130503177642822
vt 0.95882821083068848 0.019026100635528564
vt 0.95882821083068848 0.0095130503177642822
vt 0.93543493747711182 0
vt 0.93543493747711182 0.019026100635528564
vt 0.93543493747711182 0.038052201271057129
vt 0.93543493747711182 0.057078301906585693
vt 0.93543493747711182 0.076104402542114258
vt 0.93543493747711182 0.095130503177642822
vt 0.93543493747711182 0.11415660381317139
vt 0.93543493747711182 0.13318270444869995
vt 0.93543493747711182 0.15220880508422852
vt 0.93543493747711182 0.17123490571975708
vt 0.93543493747711182 0.19026100635528564
vt 0.93543493747711182 0.20928709208965302
vt 0.93844985961914062 0
vt 0.93844985961914062 0.019026100635528564
vt 0.93844985961914062 0.038052201271057129
vt 0.93844985961914062 0.057078301906585693
vt 0.93844985961914062 0.076104402542114258
vt 0.93844985961914062 0.095130503177642822
vt 0.93844985961914062 0.11415660381317139
vt 0.93844985961914062 0.13318270444869995
vt 0.93844985961914062 0.15220880508422852
vt 0.93844985961914062 0.17123490571975708
vt 0.93844985961914062 0.19026100635528564
vt 0.93844985961914062 0.20928709208965302
vt 0.94135105609893799 0
vt 0.94135105609893799 0.019026100635528564
vt 0.94135105609893799 0.038052201271057129
vt 0.94135105609893799 0.057078301906585693
vt 0.94135105609893799 0.076104402542114258
vt 0.94135105609893799 0.095130503177642822
vt 0.94135105609893799 0.11415660381317139
vt 0.94135105609893799 0.13318270444869995
vt 0.94135105609893799 0.15220880508422852
vt 0.94135105609893799 0.17123490571975708
vt 0.94135105609893799 0.19026100635528564
vt 0.94135105609893799 0.20928709208965302
vt 0.94423568248748779 0
vt 0.94423568248748779 0.019026100635528564
vt 0.94423568248748779 0.038052201271057129
vt 0.94423568248748779 0.057078301906585693
vt 0.94423568248748779 0.076104402542114258
vt 0.94423568248748779 0.095130503177642822
vt 0.94423568248748779 0.11415660381317139
vt 0.94423568248748779 0.13318270444869995
vt 0.94423568248748779 0.15220880508422852
vt 0.94423568248748779 0.17123490571975708
vt 0.94423568248748779 0.19026100635528564
vt 0.94423568248748779 0.20928709208965302
vt 0.9471203088760376 0
vt 0.9471203088760376 0.019026100635528564
vt 0.9471203088760376 0.038052201271057129
vt 0.9471203088760376 0.057078301906585693
vt 0.9471203088760376 0.076104402542114258
vt 0.9471203088760376 0.095130503177642822
vt 0.9471203088760376 0.11415660381317139
vt 0.9471203088760376 0.13318270444869995
vt 0.9471203088760376 0.15220880508422852
vt 0.9471203088760376 0.17123490571975708
vt 0.9471203088760376 0.19026100635528564
vt 0.9471203088760376 0.20928709208965302
vt 0.94423568248748779 0.19977404177188873
vt 0.9456779956817627 0.19026100635528564
vt 0.9456779956817627 0.19977404177188873
vt 0.94135105609893799 0.19977404177188873
vt 0.94279336929321289 0.19026100635528564
vt 0.94279336929321289 0.19977404177188873
vt 0.93844985961914062 0.19977404177188873
vt 0.93990045785903931 0.19026100635528564
vt 0.93990045785903931 0.19977404177188873
vt 0.93694239854812622 0.19026100635528564
vt 0.93694239854812622 0.19977404177188873
vt 0.93844985961914062 0.0095130503177642822
vt 0.93694239854812622 0.019026100635528564
vt 0.93694239854812622 0.0095130503177642822
vt 0.94135105609893799 0.0095130503177642822
vt 0.93990045785903931 0.019026100635528564
vt 0.93990045785903931 0.0095130503177642822
vt 0.94423568248748779 0.0095130503177642822
vt 0.94279336929321289 0.019026100635528564
vt 0.94279336929321289 0.0095130503177642822
vt 0.9456779956817627 0.019026100635528564
vt 0.9456779956817627 0.0095130503177642822
vt 0.9617353081703186 0
vt 0.9617353081703186 0.019026100635528564
vt 0.9617353081703186 0.038052201271057129
vt 0.9617353081703186 0.057078301906585693
vt 0.9617353081703186 0.076104402542114258
vt 0.9617353081703186 0.095130503177642822
vt 0.9617353081703186 0.11415660381317139
vt 0.9617353081703186 0.13318270444869995
vt 0.9617353081703186 0.15220880508422852
vt 0.9617353081703186 0.17123490571975708
vt 0.9617353081703186 0.19026100635528564
vt 0.9617353081703186 0.20928709208965302
vt 0.96475028991699219 0
vt 0.96475028991699219 0.019026100635528564
vt 0.96475028991699219 0.038052201271057129
vt 0.96475028991699219 0.057078301906585693
vt 0.96475028991699219 0.076104402542114258
vt 0.96475028991699219 0.095130503177642822
vt 0.96475028991699219 0.11415660381317139
vt 0.96475028991699219 0.13318270444869995
vt 0.96475028991699219 0.15220880508422852
vt 0.96475028991699219 0.17123490571975708
vt 0.96475028991699219 0.19026100635528564
vt 0.96475028991699219 0.20928709208965302
vt 0.96765148639678955 0
vt 0.96765148639678955 0.019026100635528564
vt 0.96765148639678955 0.038052201271057129
vt 0.96765148639678955 0.057078301906585693
vt 0.96765148639678955 0.076104402542114258
vt 0.96765148639678955 0.095130503177642822
vt 0.96765148639678955 0.11415660381317139
vt 0.96765148639678955 0.13318270444869995
vt 0.96765148639678955 0.15220880508422852
vt 0.96765148639678955 0.17123490571975708
vt 0.96765148639678955 0.19026100635528564
vt 0.96765148639678955 0.20928709208965302
vt 0.97053611278533936 0
vt 0.97053611278533936 0.019026100635528564
vt 0.97053611278533936 0.038052201271057129
vt 0.97053611278533936 0.057078301906585693
vt 0.97053611278533936 0.076104402542114258
vt 0.97053611278533936 0.095130503177642822
vt 0.97053611278533936 0.11415660381317139
vt 0.97053611278533936 0.13318270444869995
vt 0.97053611278533936 0.15220880508422852
vt 0.97053611278533936 0.17123490571975708
vt 0.97053611278533936 0.19026100635528564
vt 0.97053611278533936 0.20928709208965302
vt 0.97342067956924438 0
vt 0.97342067956924438 0.019026100635528564
vt 0.97342067956924438 0.038052201271057129
vt 0.97342067956924438 0.057078301906585693
vt 0.97342067956924438 0.076104402542114258
vt 0.97342067956924438 0.095130503177642822
vt 0.97342067956924438 0.11415660381317139
vt 0.97342067956924438 0.13318270444869995
vt 0.97342067956924438 0.15220880508422852
vt 0.97342067956924438 0.17123490571975708
vt 0.97342067956924438 0.19026100635528564
vt 0.97342067956924438 0.20928709208965302
vt 0.97053611278533936 0.19977404177188873
vt 0.97197842597961426 0.19026100635528564
vt 0.97197842597961426 0.19977404177188873
vt 0.96765148639678955 0.19977404177188873
vt 0.96909379959106445 0.19026100635528564
vt 0.96909379959106445 0.19977404177188873
vt 0.96475028991699219 0.19977404177188873
vt 0.96620088815689087 0.19026100635528564
vt 0.96620088815689087 0.19977404177188873
vt 0.96324282884597778 0.19026100635528564
vt 0.96324282884597778 0.19977404177188873
vt 0.96475028991699219 0.0095130503177642822
vt 0.96324282884597778 0.019026100635528564
vt 0.96324282884597778 0.0095130503177642822
vt 0.96765148639678955 0.0095130503177642822
vt 0.96620088815689087 0.019026100635528564
vt 0.96620088815689087 0.0095130503177642822
vt 0.97053611278533936 0.0095130503177642822
vt 0.96909379959106445 0.019026100635528564
vt 0.96909379959106445 0.0095130503177642822
vt 0.97197842597961426 0.019026100635528564
vt 0.97197842597961426 0.0095130503177642822
vt 0.74682360887527466 0.069672882556915283
vt 0.74682360887527466 0.088698983192443848
vt 0.74682360887527466 0.10772508382797241
vt 0.74682360887527466 0.12675118446350098
vt 0.74682360887527466 0.14577728509902954
vt 0.74682360887527466 0.16480338573455811
vt 0.74682360887527466 0.18382948637008667
vt 0.74682360887527466 0.20285558700561523
vt 0.74682360887527466 0.2218816876411438
vt 0.74682360887527466 0.24090778827667236
vt 0.74682360887527466 0.25993388891220093
vt 0.74682360887527466 0.27895998954772949
vt 0.74996548891067505 0.069672882556915283
vt 0.74996548891067505 0.088698983192443848
vt 0.74996548891067505 0.10772508382797241
vt 0.74996548891067505 0.12675118446350098
vt 0.74996548891067505 0.14577728509902954
vt 0.74996548891067505 0.16480338573455811
vt 0.74996548891067505 0.18382948637008667
vt 0.74996548891067505 0.20285558700561523
vt 0.74996548891067505 0.2218816876411438
vt 0.74996548891067505 0.24090778827667236
vt 0.74996548891067505 0.25993388891220093
vt 0.74996548891067505 0.27895998954772949
vt 0.75298893451690674 0.069672882556915283
vt 0.75298893451690674 0.088698983192443848
vt 0.75298893451690674 0.10772508382797241
vt 0.75298893451690674 0.12675118446350098
vt 0.75298893451690674 0.14577728509902954
vt 0.75298893451690674 0.16480338573455811
vt 0.75298893451690674 0.18382948637008667
vt 0.75298893451690674 0.20285558700561523
vt 0.75298893451690674 0.2218816876411438
vt 0.75298893451690674 0.24090778827667236
vt 0.75298893451690674 0.25993388891220093
vt 0.75298893451690674 0.27895998954772949
vt 0.75599503517150879 0.069672882556915283
vt 0.75599503517150879 0.088698983192443848
vt 0.75599503517150879 0.10772508382797241
vt 0.75599503517150879 0.12675118446350098
vt 0.75599503517150879 0.14577728509902954
vt 0.75599503517150879 0.16480338573455811
vt 0.75599503517150879 0.18382948637008667
vt 0.75599503517150879 0.20285558700561523
vt 0.75599503517150879 0.2218816876411438
vt 0.75599503517150879 0.24090778827667236
vt 0.75599503517150879 0.25993388891220093
vt 0.75599503517150879 0.27895998954772949
vt 0.75900113582611084 0.069672882556915283
vt 0.75900113582611084 0.088698983192443848
vt 0.75900113582611084 0.10772508382797241
vt 0.75900113582611084 0.12675118446350098
vt 0.75900113582611084 0.14577728509902954
vt 0.75900113582611084 0.16480338573455811
vt 0.75900113582611084 0.18382948637008667
vt 0.75900113582611084 0.20285558700561523
vt 0.75900113582611084 0.2218816876411438
vt 0.75900113582611084 0.24090778827667236
vt 0.75900113582611084 0.25993388891220093
vt 0.75900113582611084 0.27895998954772949
vt 0.75599503517150879 0.26944693922996521
vt 0.75749808549880981 0.25993388891220093
vt 0.75749808549880981 0.26944693922996521
vt 0.75298893451690674 0.26944693922996521
vt 0.75449198484420776 0.25993388891220093
vt 0.75449198484420776 0.26944693922996521
vt 0.74996548891067505 0.26944693922996521
vt 0.75147718191146851 0.25993388891220093
vt 0.75147718191146851 0.26944693922996521
vt 0.74839454889297485 0.25993388891220093
vt 0.74839454889297485 0.26944693922996521
vt 0.74996548891067505 0.079185932874679565
vt 0.74839454889297485 0.088698983192443848
vt 0.74839454889297485 0.079185932874679565
vt 0.75298893451690674 0.079185932874679565
vt 0.75147718191146851 0.088698983192443848
vt 0.75147718191146851 0.079185932874679565
vt 0.75599503517150879 0.079185932874679565
vt 0.75449198484420776 0.088698983192443848
vt 0.75449198484420776 0.079185932874679565
vt 0.75749808549880981 0.088698983192443848
vt 0.75749808549880981 0.079185932874679565
vt 0.74682360887527466 0
vt 0.74682360887527466 0.0020928708836436272
vt 0.75191289186477661 0
vt 0.75681024789810181 0
vt 0.76167958974838257 0
vt 0.76654893159866333 0
vt 0.76654893159866333 0.0020928708836436272
vt 0.76326137781143188 0.0020928708836436272
vt 0.75997382402420044 0.0020928708836436272
vt 0.75668627023696899 0.0020928708836436272
vt 0.75339871644973755 0.0020928708836436272
vt 0.7501111626625061 0.0020928708836436272
vt 0.84306079149246216 0
vt 0.84096795320510864 0
vt 0.84306079149246216 0.25114452838897705
vt 0.84096795320510864 0.25114452838897705
vt 0.84306079149246216 0.0086601553484797478
vt 0.84306079149246216 0.017320310696959496
vt 0.84306079149246216 0.025980468839406967
vt 0.84306079149246216 0.034640621393918991
vt 0.84306079149246216 0.043300781399011612
vt 0.84306079149246216 0.051960937678813934
vt 0.84306079149246216 0.060621090233325958
vt 0.84306079149246216 0.069281242787837982
vt 0.84306079149246216 0.077941402792930603
vt 0.84306079149246216 0.086601562798023224
vt 0.84306079149246216 0.095261715352535248
vt 0.84306079149246216 0.10392187535762787
vt 0.84306079149246216 0.11258202791213989
vt 0.84306079149246216 0.12124218046665192
vt 0.84306079149246216 0.12990233302116394
vt 0.84306079149246216 0.13856248557567596
vt 0.84306079149246216 0.14722265303134918
vt 0.84306079149246216 0.15588280558586121
vt 0.84306079149246216 0.16454295814037323
vt 0.84306079149246216 0.17320312559604645
vt 0.84306079149246216 0.18186326324939728
vt 0.84306079149246216 0.1905234307050705
vt 0.84306079149246216 0.19918358325958252
vt 0.84306079149246216 0.20784375071525574
vt 0.84306079149246216 0.21650388836860657
vt 0.84306079149246216 0.22516405582427979
vt 0.84306079149246216 0.23382420837879181
vt 0.84306079149246216 0.24248436093330383
vt 0.84096795320510864 0.24631480872631073
vt 0.84096795320510864 0.2414851039648056
vt 0.84096795320510864 0.23665541410446167
vt 0.84096795320510864 0.23182570934295654
vt 0.84096795320510864 0.22699600458145142
vt 0.84096795320510864 0.22216629981994629
vt 0.84096795320510864 0.21733660995960236
vt 0.84096795320510864 0.21250690519809723
vt 0.84096795320510864 0.2076772004365921
vt 0.84096795320510864 0.20284749567508698
vt 0.84096795320510864 0.19801780581474304
vt 0.84096795320510864 0.19318810105323792
vt 0.84096795320510864 0.18835839629173279
vt 0.84096795320510864 0.18352867662906647
vt 0.84096795320510864 0.17869897186756134
vt 0.84096795320510864 0.17386928200721741
vt 0.84096795320510864 0.16903957724571228
vt 0.84096795320510864 0.16420987248420715
vt 0.84096795320510864 0.15938016772270203
vt 0.84096795320510864 0.15455047786235809
vt 0.84096795320510864 0.14972077310085297
vt 0.84096795320510864 0.14489106833934784
vt 0.84096795320510864 0.14006136357784271
vt 0.84096795320510864 0.13523167371749878
vt 0.84096795320510864 0.13040196895599365
vt 0.84096795320510864 0.12557226419448853
vt 0.84096795320510864 0.1207425519824028
vt 0.84096795320510864 0.11591285467147827
vt 0.84096795320510864 0.11108314990997314
vt 0.84096795320510864 0.10625345259904861
vt 0.84096795320510864 0.10142374783754349
vt 0.84096795320510864 0.096594050526618958
vt 0.84096795320510864 0.091764338314533234
vt 0.84096795320510864 0.086934641003608704
vt 0.84096795320510864 0.082104936242103577
vt 0.84096795320510864 0.077275238931179047
vt 0.84096795320510864 0.07244553416967392
vt 0.84096795320510864 0.06761583685874939
vt 0.84096795320510864 0.062786132097244263
vt 0.84096795320510864 0.057956427335739136
vt 0.84096795320510864 0.053126726299524307
vt 0.84096795320510864 0.048297025263309479
vt 0.84096795320510864 0.043467320501804352
vt 0.84096795320510864 0.038637619465589523
vt 0.84096795320510864 0.033807918429374695
vt 0.84096795320510864 0.028978213667869568
vt 0.84096795320510864 0.024148512631654739
vt 0.84096795320510864 0.019318809732794762
vt 0.84096795320510864 0.014489106833934784
vt 0.84096795320510864 0.0096594048663973808
vt 0.84096795320510864 0.0048297024331986904
vt 0.74682360887527466 0.0031266810838133097
vt 0.74682360887527466 0.0052195522002875805
vt 0.75191289186477661 0.0031266810838133097
vt 0.75681024789810181 0.0031266810838133097
vt 0.76167958974838257 0.0031266810838133097
vt 0.76654893159866333 0.0031266810838133097
vt 0.76654893159866333 0.0052195522002875805
vt 0.76326137781143188 0.0052195522002875805
vt 0.75997382402420044 0.0052195522002875805
vt 0.75668627023696899 0.0052195522002875805
vt 0.75339871644973755 0.0052195522002875805
vt 0.7501111626625061 0.0052195522002875805
vt 0.92706340551376343 0.026300420984625816
vt 0.92497056722640991 0.026300420984625816
vt 0.92706340551376343 0.23485510051250458
vt 0.92497056722640991 0.23485510051250458
vt 0.92706340551376343 0.44340977072715759
vt 0.92497056722640991 0.44340977072715759
vt 0.92706340551376343 0.035368014127016068
vt 0.92706340551376343 0.044435609132051468
vt 0.92706340551376343 0.053503204137086868
vt 0.92706340551376343 0.062570802867412567
vt 0.92706340551376343 0.071638390421867371
vt 0.92706340551376343 0.080705985426902771
vt 0.92706340551376343 0.089773580431938171
vt 0.92706340551376343 0.098841182887554169
vt 0.92706340551376343 0.10790877044200897
vt 0.92706340551376343 0.11697636544704437
vt 0.92706340551376343 0.12604396045207977
vt 0.92706340551376343 0.13511155545711517
vt 0.92706340551376343 0.14417915046215057
vt 0.92706340551376343 0.15324674546718597
vt 0.92706340551376343 0.16231434047222137
vt 0.92706340551376343 0.17138193547725677
vt 0.92706340551376343 0.18044953048229218
vt 0.92706340551376343 0.18951712548732758
vt 0.92706340551376343 0.19858472049236298
vt 0.92706340551376343 0.20765230059623718
vt 0.92706340551376343 0.21671991050243378
vt 0.92706340551376343 0.22578750550746918
vt 0.92706340551376343 0.24392269551753998
vt 0.92706340551376343 0.25299027562141418
vt 0.92706340551376343 0.26205787062644958
vt 0.92706340551376343 0.27112546563148499
vt 0.92706340551376343 0.28019306063652039
vt 0.92706340551376343 0.28926068544387817
vt 0.92706340551376343 0.29832828044891357
vt 0.92706340551376343 0.30739587545394897
vt 0.92706340551376343 0.31646344065666199
vt 0.92706340551376343 0.32553103566169739
vt 0.92706340551376343 0.33459863066673279
vt 0.92706340551376343 0.34366622567176819
vt 0.92706340551376343 0.35273382067680359
vt 0.92706340551376343 0.36180141568183899
vt 0.92706340551376343 0.37086901068687439
vt 0.92706340551376343 0.37993660569190979
vt 0.92706340551376343 0.38900420069694519
vt 0.92706340551376343 0.39807182550430298
vt 0.92706340551376343 0.40713939070701599
vt 0.92706340551376343 0.41620698571205139
vt 0.92706340551376343 0.42527458071708679
vt 0.92706340551376343 0.43434217572212219
vt 0.92497056722640991 0.43855965137481689
vt 0.92497056722640991 0.43370956182479858
vt 0.92497056722640991 0.42885944247245789
vt 0.92497056722640991 0.42400932312011719
vt 0.92497056722640991 0.41915923357009888
vt 0.92497056722640991 0.41430914402008057
vt 0.92497056722640991 0.40945902466773987
vt 0.92497056722640991 0.40460890531539917
vt 0.92497056722640991 0.39975878596305847
vt 0.92497056722640991 0.39490869641304016
vt 0.92497056722640991 0.39005857706069946
vt 0.92497056722640991 0.38520845770835876
vt 0.92497056722640991 0.38035836815834045
vt 0.92497056722640991 0.37550824880599976
vt 0.92497056722640991 0.37065812945365906
vt 0.92497056722640991 0.36580801010131836
vt 0.92497056722640991 0.36095795035362244
vt 0.92497056722640991 0.35610783100128174
vt 0.92497056722640991 0.35125771164894104
vt 0.92497056722640991 0.34640759229660034
vt 0.92497056722640991 0.34155750274658203
vt 0.92497056722640991 0.33670738339424133
vt 0.92497056722640991 0.33185726404190063
vt 0.92497056722640991 0.32700714468955994
vt 0.92497056722640991 0.32215705513954163
vt 0.92497056722640991 0.31730693578720093
vt 0.92497056722640991 0.31245684623718262
vt 0.92497056722640991 0.30760672688484192
vt 0.92497056722640991 0.30275663733482361
vt 0.92497056722640991 0.29790651798248291
vt 0.92497056722640991 0.29305639863014221
vt 0.92497056722640991 0.2882063090801239
vt 0.92497056722640991 0.2833561897277832
vt 0.92497056722640991 0.2785060703754425
vt 0.92497056722640991 0.27365595102310181
vt 0.92497056722640991 0.2688058614730835
vt 0.92497056722640991 0.2639557421207428
vt 0.92497056722640991 0.25910565257072449
vt 0.92497056722640991 0.25425553321838379
vt 0.92497056722640991 0.24940542876720428
vt 0.92497056722640991 0.24455532431602478
vt 0.92497056722640991 0.23970520496368408
vt 0.92497056722640991 0.23000498116016388
vt 0.92497056722640991 0.22515487670898438
vt 0.92497056722640991 0.22030477225780487
vt 0.92497056722640991 0.21545466780662537
vt 0.92497056722640991 0.21060454845428467
vt 0.92497056722640991 0.20575444400310516
vt 0.92497056722640991 0.20090433955192566
vt 0.92497056722640991 0.19605422019958496
vt 0.92497056722640991 0.19120411574840546
vt 0.92497056722640991 0.18635401129722595
vt 0.92497056722640991 0.18150390684604645
vt 0.92497056722640991 0.17665378749370575
vt 0.92497056722640991 0.17180368304252625
vt 0.92497056722640991 0.16695357859134674
vt 0.92497056722640991 0.16210347414016724
vt 0.92497056722640991 0.15725335478782654
vt 0.92497056722640991 0.15240325033664703
vt 0.92497056722640991 0.14755313098430634
vt 0.92497056722640991 0.14270304143428802
vt 0.92497056722640991 0.13785292208194733
vt 0.92497056722640991 0.13300281763076782
vt 0.92497056722640991 0.12815269827842712
vt 0.92497056722640991 0.12330260127782822
vt 0.92497056722640991 0.11845248937606812
vt 0.92497056722640991 0.11360237747430801
vt 0.92497056722640991 0.10875227302312851
vt 0.92497056722640991 0.10390216112136841
vt 0.92497056722640991 0.099052049219608307
vt 0.92497056722640991 0.094201944768428802
vt 0.92497056722640991 0.089351832866668701
vt 0.92497056722640991 0.084501728415489197
vt 0.92497056722640991 0.079651616513729095
vt 0.92497056722640991 0.074801512062549591
vt 0.92497056722640991 0.06995140016078949
vt 0.92497056722640991 0.065101288259029388
vt 0.92497056722640991 0.060251183807849884
vt 0.92497056722640991 0.055401075631380081
vt 0.92497056722640991 0.05055096372961998
vt 0.92497056722640991 0.045700855553150177
vt 0.92497056722640991 0.040850747376680374
vt 0.92497056722640991 0.036000639200210571
vt 0.92497056722640991 0.031150529161095619
vt 0.74682360887527466 0.0062533621676266193
vt 0.74682360887527466 0.0083462335169315338
vt 0.75191289186477661 0.0062533621676266193
vt 0.75681024789810181 0.0062533621676266193
vt 0.76167958974838257 0.0062533621676266193
vt 0.76654893159866333 0.0062533621676266193
vt 0.76654893159866333 0.0083462335169315338
vt 0.76326137781143188 0.0083462335169315338
vt 0.75997382402420044 0.0083462335169315338
vt 0.75668627023696899 0.0083462335169315338
vt 0.75339871644973755 0.0083462335169315338
vt 0.7501111626625061 0.0083462335169315338
vt 0.84096795320510864 0
vt 0.83887505531311035 0
vt 0.84096795320510864 0.25114452838897705
vt 0.83887505531311035 0.25114452838897705
vt 0.84096795320510864 0.0086601553484797478
vt 0.84096795320510864 0.017320310696959496
vt 0.84096795320510864 0.025980468839406967
vt 0.84096795320510864 0.034640621393918991
vt 0.84096795320510864 0.043300781399011612
vt 0.84096795320510864 0.051960937678813934
vt 0.84096795320510864 0.060621090233325958
vt 0.84096795320510864 0.069281242787837982
vt 0.84096795320510864 0.077941402792930603
vt 0.84096795320510864 0.086601562798023224
vt 0.84096795320510864 0.095261715352535248
vt 0.84096795320510864 0.10392187535762787
vt 0.84096795320510864 0.11258202791213989
vt 0.84096795320510864 0.12124218046665192
vt 0.84096795320510864 0.12990233302116394
vt 0.84096795320510864 0.13856248557567596
vt 0.84096795320510864 0.14722265303134918
vt 0.84096795320510864 0.15588280558586121
vt 0.84096795320510864 0.16454295814037323
vt 0.84096795320510864 0.17320312559604645
vt 0.84096795320510864 0.18186326324939728
vt 0.84096795320510864 0.1905234307050705
vt 0.84096795320510864 0.19918358325958252
vt 0.84096795320510864 0.20784375071525574
vt 0.84096795320510864 0.21650388836860657
vt 0.84096795320510864 0.22516405582427979
vt 0.84096795320510864 0.23382420837879181
vt 0.84096795320510864 0.24248436093330383
vt 0.83887505531311035 0.24631480872631073
vt 0.83887505531311035 0.2414851039648056
vt 0.83887505531311035 0.23665541410446167
vt 0.83887505531311035 0.23182570934295654
vt 0.83887505531311035 0.22699600458145142
vt 0.83887505531311035 0.22216629981994629
vt 0.83887505531311035 0.21733660995960236
vt 0.83887505531311035 0.21250690519809723
vt 0.83887505531311035 0.2076772004365921
vt 0.83887505531311035 0.20284749567508698
vt 0.83887505531311035 0.19801780581474304
vt 0.83887505531311035 0.19318810105323792
vt 0.83887505531311035 0.18835839629173279
vt 0.83887505531311035 0.18352867662906647
vt 0.83887505531311035 0.17869897186756134
vt 0.83887505531311035 0.17386928200721741
vt 0.83887505531311035 0.16903957724571228
vt 0.83887505531311035 0.16420987248420715
vt 0.83887505531311035 0.15938016772270203
vt 0.83887505531311035 0.15455047786235809
vt 0.83887505531311035 0.14972077310085297
vt 0.83887505531311035 0.14489106833934784
vt 0.83887505531311035 0.14006136357784271
vt 0.83887505531311035 0.13523167371749878
vt 0.83887505531311035 0.13040196895599365
vt 0.83887505531311035 0.12557226419448853
vt 0.83887505531311035 0.1207425519824028
vt 0.83887505531311035 0.11591285467147827
vt 0.83887505531311035 0.11108314990997314
vt 0.83887505531311035 0.10625345259904861
vt 0.83887505531311035 0.10142374783754349
vt 0.83887505531311035 0.096594050526618958
vt 0.83887505531311035 0.091764338314533234
vt 0.83887505531311035 0.086934641003608704
vt 0.83887505531311035 0.082104936242103577
vt 0.83887505531311035 0.077275238931179047
vt 0.83887505531311035 0.07244553416967392
vt 0.83887505531311035 0.06761583685874939
vt 0.83887505531311035 0.062786132097244263
vt 0.83887505531311035 0.057956427335739136
vt 0.83887505531311035 0.053126726299524307
vt 0.83887505531311035 0.048297025263309479
vt 0.83887505531311035 0.043467320501804352
vt 0.83887505531311035 0.038637619465589523
vt 0.83887505531311035 0.033807918429374695
vt 0.83887505531311035 0.028978213667869568
vt 0.83887505531311035 0.024148512631654739
vt 0.83887505531311035 0.019318809732794762
vt 0.83887505531311035 0.014489106833934784
vt 0.83887505531311035 0.0096594048663973808
vt 0.83887505531311035 0.0048297024331986904
vt 0.74682360887527466 0.0093800434842705727
vt 0.74682360887527466 0.0114729143679142
vt 0.75191289186477661 0.0093800434842705727
vt 0.75681024789810181 0.0093800434842705727
vt 0.76167958974838257 0.0093800434842705727
vt 0.76654893159866333 0.0093800434842705727
vt 0.76654893159866333 0.0114729143679142
vt 0.76326137781143188 0.0114729143679142
vt 0.75997382402420044 0.0114729143679142
vt 0.75668627023696899 0.0114729143679142
vt 0.75339871644973755 0.0114729143679142
vt 0.7501111626625061 0.0114729143679142
vt 0.92497056722640991 0.026300420984625816
vt 0.92287766933441162 0.026300420984625816
vt 0.92497056722640991 0.23485510051250458
vt 0.92287766933441162 0.23485510051250458
vt 0.92497056722640991 0.44340977072715759
vt 0.92287766933441162 0.44340977072715759
vt 0.92497056722640991 0.035368014127016068
vt 0.92497056722640991 0.044435609132051468
vt 0.92497056722640991 0.053503204137086868
vt 0.92497056722640991 0.062570802867412567
vt 0.92497056722640991 0.071638390421867371
vt 0.92497056722640991 0.080705985426902771
vt 0.92497056722640991 0.089773580431938171
vt 0.92497056722640991 0.098841182887554169
vt 0.92497056722640991 0.10790877044200897
vt 0.92497056722640991 0.11697636544704437
vt 0.92497056722640991 0.12604396045207977
vt 0.92497056722640991 0.13511155545711517
vt 0.92497056722640991 0.14417915046215057
vt 0.92497056722640991 0.15324674546718597
vt 0.92497056722640991 0.16231434047222137
vt 0.92497056722640991 0.17138193547725677
vt 0.92497056722640991 0.18044953048229218
vt 0.92497056722640991 0.18951712548732758
vt 0.92497056722640991 0.19858472049236298
vt 0.92497056722640991 0.20765230059623718
vt 0.92497056722640991 0.21671991050243378
vt 0.92497056722640991 0.22578750550746918
vt 0.92497056722640991 0.24392269551753998
vt 0.92497056722640991 0.25299027562141418
vt 0.92497056722640991 0.26205787062644958
vt 0.92497056722640991 0.27112546563148499
vt 0.92497056722640991 0.28019306063652039
vt 0.92497056722640991 0.28926068544387817
vt 0.92497056722640991 0.29832828044891357
vt 0.92497056722640991 0.30739587545394897
vt 0.92497056722640991 0.31646344065666199
vt 0.92497056722640991 0.32553103566169739
vt 0.92497056722640991 0.33459863066673279
vt 0.92497056722640991 0.34366622567176819
vt 0.92497056722640991 0.35273382067680359
vt 0.92497056722640991 0.36180141568183899
vt 0.92497056722640991 0.37086901068687439
vt 0.92497056722640991 0.37993660569190979
vt 0.92497056722640991 0.38900420069694519
vt 0.92497056722640991 0.39807182550430298
vt 0.92497056722640991 0.40713939070701599
vt 0.92497056722640991 0.41620698571205139
vt 0.92497056722640991 0.42527458071708679
vt 0.92497056722640991 0.43434217572212219
vt 0.92287766933441162 0.43855965137481689
vt 0.92287766933441162 0.43370956182479858
vt 0.92287766933441162 0.42885944247245789
vt 0.92287766933441162 0.42400932312011719
vt 0.92287766933441162 0.41915923357009888
vt 0.92287766933441162 0.41430914402008057
vt 0.92287766933441162 0.40945902466773987
vt 0.92287766933441162 0.40460890531539917
vt 0.92287766933441162 0.39975878596305847
vt 0.92287766933441162 0.39490869641304016
vt 0.92287766933441162 0.39005857706069946
vt 0.92287766933441162 0.38520845770835876
vt 0.92287766933441162 0.38035836815834045
vt 0.92287766933441162 0.37550824880599976
vt 0.92287766933441162 0.37065812945365906
vt 0.92287766933441162 0.36580801010131836
vt 0.92287766933441162 0.36095795035362244
vt 0.92287766933441162 0.35610783100128174
vt 0.92287766933441162 0.35125771164894104
vt 0.92287766933441162 0.34640759229660034
vt 0.92287766933441162 0.34155750274658203
vt 0.92287766933441162 0.33670738339424133
vt 0.92287766933441162 0.33185726404190063
vt 0.92287766933441162 0.32700714468955994
vt 0.92287766933441162 0.32215705513954163
vt 0.92287766933441162 0.31730693578720093
vt 0.92287766933441162 0.31245684623718262
vt 0.92287766933441162 0.30760672688484192
vt 0.92287766933441162 0.30275663733482361
vt 0.92287766933441162 0.29790651798248291
vt 0.92287766933441162 0.29305639863014221
vt 0.92287766933441162 0.2882063090801239
vt 0.92287766933441162 0.2833561897277832
vt 0.92287766933441162 0.2785060703754425
vt 0.92287766933441162 0.27365595102310181
vt 0.92287766933441162 0.2688058614730835
vt 0.92287766933441162 0.2639557421207428
vt 0.92287766933441162 0.25910565257072449
vt 0.92287766933441162 0.25425553321838379
vt 0.92287766933441162 0.24940542876720428
vt 0.92287766933441162 0.24455532431602478
vt 0.92287766933441162 0.23970520496368408
vt 0.92287766933441162 0.23000498116016388
vt 0.92287766933441162 0.22515487670898438
vt 0.92287766933441162 0.22030477225780487
vt 0.92287766933441162 0.21545466780662537
vt 0.92287766933441162 0.21060454845428467
vt 0.92287766933441162 0.20575444400310516
vt 0.92287766933441162 0.20090433955192566
vt 0.92287766933441162 0.19605422019958496
vt 0.92287766933441162 0.19120411574840546
vt 0.92287766933441162 0.18635401129722595
vt 0.92287766933441162 0.18150390684604645
vt 0.92287766933441162 0.17665378749370575
vt 0.92287766933441162 0.17180368304252625
vt 0.92287766933441162 0.16695357859134674
vt 0.92287766933441162 0.16210347414016724
vt 0.92287766933441162 0.15725335478782654
vt 0.92287766933441162 0.15240325033664703
vt 0.92287766933441162 0.14755313098430634
vt 0.92287766933441162 0.14270304143428802
vt 0.92287766933441162 0.13785292208194733
vt 0.92287766933441162 0.13300281763076782
vt 0.92287766933441162 0.12815269827842712
vt 0.92287766933441162 0.12330260127782822
vt 0.92287766933441162 0.11845248937606812
vt 0.92287766933441162 0.11360237747430801
vt 0.92287766933441162 0.10875227302312851
vt 0.92287766933441162 0.10390216112136841
vt 0.92287766933441162 0.099052049219608307
vt 0.92287766933441162 0.094201944768428802
vt 0.92287766933441162 0.089351832866668701
vt 0.92287766933441162 0.084501728415489197
vt 0.92287766933441162 0.079651616513729095
vt 0.92287766933441162 0.074801512062549591
vt 0.92287766933441162 0.06995140016078949
vt 0.92287766933441162 0.065101288259029388
vt 0.92287766933441162 0.060251183807849884
vt 0.92287766933441162 0.055401075631380081
vt 0.92287766933441162 0.05055096372961998
vt 0.92287766933441162 0.045700855553150177
vt 0.92287766933441162 0.040850747376680374
vt 0.92287766933441162 0.036000639200210571
vt 0.92287766933441162 0.031150529161095619
vt 0.78060632944107056 0.55579680204391479
vt 0.78060632944107056 0.66671895980834961
vt 0.78060632944107056 0.77764111757278442
vt 0.84967106580734253 0.55579680204391479
vt 0.84967106580734253 0.66671895980834961
vt 0.84967106580734253 0.77764111757278442
vt 0.9187358021736145 0.55579680204391479
vt 0.9187358021736145 0.66671895980834961
vt 0.9187358021736145 0.77764111757278442
vt 0.98780053853988647 0.66671895980834961
vt 0.724098801612854 0.88856327533721924
vt 0.71914780139923096 0.88754600286483765
vt 0.71513229608535767 0.88479721546173096
vt 0.71247386932373047 0.88075411319732666
vt 0.71154159307479858 0.87600606679916382
vt 0.78060632944107056 0.83310216665267944
vt 0.74607396125793457 0.77764111757278442
vt 0.74607396125793457 0.83310216665267944
vt 0.74607396125793457 0.86083275079727173
vt 0.72880780696868896 0.83310216665267944
vt 0.72880780696868896 0.86083275079727173
vt 0.72880780696868896 0.8746979832649231
vt 0.72017467021942139 0.86083275079727173
vt 0.72017467021942139 0.8746979832649231
vt 0.97524333000183105 0.88856327533721924
vt 0.96658319234848022 0.88856327533721924
vt 0.95792305469512939 0.88856327533721924
vt 0.94926285743713379 0.88856327533721924
vt 0.94060271978378296 0.88856327533721924
vt 0.93194258213043213 0.88856327533721924
vt 0.92328238487243652 0.88856327533721924
vt 0.91462224721908569 0.88856327533721924
vt 0.90596210956573486 0.88856327533721924
vt 0.89730191230773926 0.88856327533721924
vt 0.88864177465438843 0.88856327533721924
vt 0.8799816370010376 0.88856327533721924
vt 0.87132149934768677 0.88856327533721924
vt 0.86266130208969116 0.88856327533721924
vt 0.85400116443634033 0.88856327533721924
vt 0.8453410267829895 0.88856327533721924
vt 0.8366808295249939 0.88856327533721924
vt 0.82802069187164307 0.88856327533721924
vt 0.81936055421829224 0.88856327533721924
vt 0.81070035696029663 0.88856327533721924
vt 0.8020402193069458 0.88856327533721924
vt 0.79338008165359497 0.88856327533721924
vt 0.78471988439559937 0.88856327533721924
vt 0.77605974674224854 0.88856327533721924
vt 0.76739960908889771 0.88856327533721924
vt 0.75873947143554688 0.88856327533721924
vt 0.75007927417755127 0.88856327533721924
vt 0.74141913652420044 0.88856327533721924
vt 0.73275899887084961 0.88856327533721924
vt 0.9187358021736145 0.83310216665267944
vt 0.95326817035675049 0.77764111757278442
vt 0.95326817035675049 0.83310216665267944
vt 0.95326817035675049 0.86083275079727173
vt 0.97053438425064087 0.83310216665267944
vt 0.97053438425064087 0.86083275079727173
vt 0.9187358021736145 0.86083275079727173
vt 0.93600201606750488 0.83310216665267944
vt 0.93600201606750488 0.86083275079727173
vt 0.84967106580734253 0.83310216665267944
vt 0.88420343399047852 0.77764111757278442
vt 0.88420343399047852 0.83310216665267944
vt 0.88420343399047852 0.86083275079727173
vt 0.9014696478843689 0.83310216665267944
vt 0.9014696478843689 0.86083275079727173
vt 0.84967106580734253 0.86083275079727173
vt 0.86693727970123291 0.83310216665267944
vt 0.86693727970123291 0.86083275079727173
vt 0.81513869762420654 0.77764111757278442
vt 0.81513869762420654 0.83310216665267944
vt 0.81513869762420654 0.86083275079727173
vt 0.83240491151809692 0.83310216665267944
vt 0.83240491151809692 0.86083275079727173
vt 0.78060632944107056 0.86083275079727173
vt 0.79787254333496094 0.83310216665267944
vt 0.79787254333496094 0.86083275079727173
vt 0.76334017515182495 0.83310216665267944
vt 0.76334017515182495 0.86083275079727173
vt 0.98780053853988647 0.87600606679916382
vt 0.98678332567214966 0.88095706701278687
vt 0.98403453826904297 0.88497257232666016
vt 0.97999143600463867 0.88763099908828735
vt 0.97053438425064087 0.8746979832649231
vt 0.97916746139526367 0.86083275079727173
vt 0.97916746139526367 0.8746979832649231
vt 0.98780053853988647 0.4574318528175354
vt 0.98780053853988647 0.46653127670288086
vt 0.98780053853988647 0.47563073039054871
vt 0.98780053853988647 0.48473015427589417
vt 0.98780053853988647 0.49382960796356201
vt 0.98780053853988647 0.50292903184890747
vt 0.98780053853988647 0.51202845573425293
vt 0.98780053853988647 0.52112793922424316
vt 0.98780053853988647 0.53022736310958862
vt 0.98780053853988647 0.53932678699493408
vt 0.98780053853988647 0.54842621088027954
vt 0.98780053853988647 0.55752569437026978
vt 0.98780053853988647 0.56662511825561523
vt 0.98780053853988647 0.57572454214096069
vt 0.98780053853988647 0.58482396602630615
vt 0.98780053853988647 0.59392344951629639
vt 0.98780053853988647 0.60302287340164185
vt 0.98780053853988647 0.6121222972869873
vt 0.98780053853988647 0.62122178077697754
vt 0.98780053853988647 0.630321204662323
vt 0.98780053853988647 0.63942062854766846
vt 0.98780053853988647 0.64852005243301392
vt 0.98780053853988647 0.65761947631835938
vt 0.98780053853988647 0.67581838369369507
vt 0.98780053853988647 0.68491780757904053
vt 0.98780053853988647 0.69401723146438599
vt 0.98780053853988647 0.70311671495437622
vt 0.98780053853988647 0.71221613883972168
vt 0.98780053853988647 0.72131556272506714
vt 0.98780053853988647 0.7304149866104126
vt 0.98780053853988647 0.73951447010040283
vt 0.98780053853988647 0.74861389398574829
vt 0.98780053853988647 0.75771331787109375
vt 0.98780053853988647 0.76681280136108398
vt 0.98780053853988647 0.77591222524642944
vt 0.98780053853988647 0.7850116491317749
vt 0.98780053853988647 0.79411107301712036
vt 0.98780053853988647 0.8032105565071106
vt 0.98780053853988647 0.81230998039245605
vt 0.98780053853988647 0.82140940427780151
vt 0.98780053853988647 0.83050882816314697
vt 0.98780053853988647 0.83960825204849243
vt 0.98780053853988647 0.84870773553848267
vt 0.98780053853988647 0.85780715942382812
vt 0.98780053853988647 0.86690658330917358
vt 0.95326817035675049 0.55579680204391479
vt 0.9187358021736145 0.500335693359375
vt 0.95326817035675049 0.500335693359375
vt 0.97053438425064087 0.500335693359375
vt 0.95326817035675049 0.47260516881942749
vt 0.97053438425064087 0.47260516881942749
vt 0.97053438425064087 0.55579680204391479
vt 0.95326817035675049 0.52806621789932251
vt 0.97053438425064087 0.52806621789932251
vt 0.95326817035675049 0.66671895980834961
vt 0.9187358021736145 0.61125785112380981
vt 0.95326817035675049 0.61125785112380981
vt 0.97053438425064087 0.61125785112380981
vt 0.95326817035675049 0.5835273265838623
vt 0.97053438425064087 0.5835273265838623
vt 0.97053438425064087 0.66671895980834961
vt 0.95326817035675049 0.63898837566375732
vt 0.97053438425064087 0.63898837566375732
vt 0.9187358021736145 0.72218000888824463
vt 0.95326817035675049 0.72218000888824463
vt 0.97053438425064087 0.72218000888824463
vt 0.95326817035675049 0.69444948434829712
vt 0.97053438425064087 0.69444948434829712
vt 0.97053438425064087 0.77764111757278442
vt 0.95326817035675049 0.74991059303283691
vt 0.97053438425064087 0.74991059303283691
vt 0.95326817035675049 0.80537164211273193
vt 0.97053438425064087 0.80537164211273193
vt 0.97524333000183105 0.44487461447715759
vt 0.9801943302154541 0.4458918571472168
vt 0.98420989513397217 0.44864064455032349
vt 0.98686832189559937 0.45268374681472778
vt 0.97916746139526367 0.47260516881942749
vt 0.97053438425064087 0.45873987674713135
vt 0.97916746139526367 0.45873987674713135
vt 0.724098801612854 0.44487461447715759
vt 0.73275899887084961 0.44487461447715759
vt 0.74141913652420044 0.44487461447715759
vt 0.75007927417755127 0.44487461447715759
vt 0.75873947143554688 0.44487461447715759
vt 0.76739960908889771 0.44487461447715759
vt 0.77605974674224854 0.44487461447715759
vt 0.78471988439559937 0.44487461447715759
vt 0.79338008165359497 0.44487461447715759
vt 0.8020402193069458 0.44487461447715759
vt 0.81070035696029663 0.44487461447715759
vt 0.81936055421829224 0.44487461447715759
vt 0.82802069187164307 0.44487461447715759
vt 0.8366808295249939 0.44487461447715759
vt 0.8453410267829895 0.44487461447715759
vt 0.85400116443634033 0.44487461447715759
vt 0.86266130208969116 0.44487461447715759
vt 0.87132149934768677 0.44487461447715759
vt 0.8799816370010376 0.44487461447715759
vt 0.88864177465438843 0.44487461447715759
vt 0.89730191230773926 0.44487461447715759
vt 0.90596210956573486 0.44487461447715759
vt 0.91462224721908569 0.44487461447715759
vt 0.92328238487243652 0.44487461447715759
vt 0.93194258213043213 0.44487461447715759
vt 0.94060271978378296 0.44487461447715759
vt 0.94926285743713379 0.44487461447715759
vt 0.95792305469512939 0.44487461447715759
vt 0.96658319234848022 0.44487461447715759
vt 0.78060632944107056 0.500335693359375
vt 0.74607396125793457 0.55579680204391479
vt 0.74607396125793457 0.500335693359375
vt 0.74607396125793457 0.47260516881942749
vt 0.72880780696868896 0.500335693359375
vt 0.72880780696868896 0.47260516881942749
vt 0.78060632944107056 0.47260516881942749
vt 0.76334017515182495 0.500335693359375
vt 0.76334017515182495 0.47260516881942749
vt 0.84967106580734253 0.500335693359375
vt 0.81513869762420654 0.55579680204391479
vt 0.81513869762420654 0.500335693359375
vt 0.81513869762420654 0.47260516881942749
vt 0.79787254333496094 0.500335693359375
vt 0.79787254333496094 0.47260516881942749
vt 0.84967106580734253 0.47260516881942749
vt 0.83240491151809692 0.500335693359375
vt 0.83240491151809692 0.47260516881942749
vt 0.88420343399047852 0.55579680204391479
vt 0.88420343399047852 0.500335693359375
vt 0.88420343399047852 0.47260516881942749
vt 0.86693727970123291 0.500335693359375
vt 0.86693727970123291 0.47260516881942749
vt 0.9187358021736145 0.47260516881942749
vt 0.9014696478843689 0.500335693359375
vt 0.9014696478843689 0.47260516881942749
vt 0.93600201606750488 0.500335693359375
vt 0.93600201606750488 0.47260516881942749
vt 0.71154159307479858 0.4574318528175354
vt 0.7125588059425354 0.45248082280158997
vt 0.71530765295028687 0.44846528768539429
vt 0.71935069561004639 0.44580689072608948
vt 0.72880780696868896 0.45873987674713135
vt 0.72017467021942139 0.47260516881942749
vt 0.72017467021942139 0.45873987674713135
vt 0.71154159307479858 0.86690658330917358
vt 0.71154159307479858 0.85780715942382812
vt 0.71154159307479858 0.84870773553848267
vt 0.71154159307479858 0.83960825204849243
vt 0.71154159307479858 0.83050882816314697
vt 0.71154159307479858 0.82140940427780151
vt 0.71154159307479858 0.81230998039245605
vt 0.71154159307479858 0.8032105565071106
vt 0.71154159307479858 0.79411107301712036
vt 0.71154159307479858 0.7850116491317749
vt 0.71154159307479858 0.77591222524642944
vt 0.71154159307479858 0.76681280136108398
vt 0.71154159307479858 0.75771331787109375
vt 0.71154159307479858 0.74861389398574829
vt 0.71154159307479858 0.73951447010040283
vt 0.71154159307479858 0.7304149866104126
vt 0.71154159307479858 0.72131556272506714
vt 0.71154159307479858 0.71221613883972168
vt 0.71154159307479858 0.70311671495437622
vt 0.71154159307479858 0.69401723146438599
vt 0.71154159307479858 0.68491780757904053
vt 0.71154159307479858 0.67581838369369507
vt 0.71154159307479858 0.66671895980834961
vt 0.71154159307479858 0.65761947631835938
vt 0.71154159307479858 0.64852005243301392
vt 0.71154159307479858 0.63942062854766846
vt 0.71154159307479858 0.630321204662323
vt 0.71154159307479858 0.62122178077697754
vt 0.71154159307479858 0.6121222972869873
vt 0.71154159307479858 0.60302287340164185
vt 0.71154159307479858 0.59392344951629639
vt 0.71154159307479858 0.58482396602630615
vt 0.71154159307479858 0.57572454214096069
vt 0.71154159307479858 0.56662511825561523
vt 0.71154159307479858 0.55752569437026978
vt 0.71154159307479858 0.54842621088027954
vt 0.71154159307479858 0.53932678699493408
vt 0.71154159307479858 0.53022736310958862
vt 0.71154159307479858 0.52112793922424316
vt 0.71154159307479858 0.51202845573425293
vt 0.71154159307479858 0.50292903184890747
vt 0.71154159307479858 0.49382960796356201
vt 0.71154159307479858 0.48473015427589417
vt 0.71154159307479858 0.47563073039054871
vt 0.71154159307479858 0.46653127670288086
vt 0.74607396125793457 0.80537164211273193
vt 0.72880780696868896 0.77764111757278442
vt 0.72880780696868896 0.80537164211273193
vt 0.78060632944107056 0.72218000888824463
vt 0.74607396125793457 0.66671895980834961
vt 0.74607396125793457 0.72218000888824463
vt 0.74607396125793457 0.74991059303283691
vt 0.72880780696868896 0.72218000888824463
vt 0.72880780696868896 0.74991059303283691
vt 0.74607396125793457 0.69444948434829712
vt 0.72880780696868896 0.66671895980834961
vt 0.72880780696868896 0.69444948434829712
vt 0.78060632944107056 0.61125785112380981
vt 0.74607396125793457 0.61125785112380981
vt 0.74607396125793457 0.63898837566375732
vt 0.72880780696868896 0.61125785112380981
vt 0.72880780696868896 0.63898837566375732
vt 0.74607396125793457 0.5835273265838623
vt 0.72880780696868896 0.55579680204391479
vt 0.72880780696868896 0.5835273265838623
vt 0.74607396125793457 0.52806621789932251
vt 0.72880780696868896 0.52806621789932251
vt 0.84306079149246216 0
vt 0.84306079149246216 0.0048671416006982327
vt 0.84306079149246216 0.0097342832013964653
vt 0.84306079149246216 0.01460142619907856
vt 0.84306079149246216 0.019468566402792931
vt 0.84306079149246216 0.0243357103317976
vt 0.84306079149246216 0.02920285239815712
vt 0.84306079149246216 0.03406999260187149
vt 0.84306079149246216 0.038937132805585861
vt 0.84306079149246216 0.04380427673459053
vt 0.84306079149246216 0.0486714206635952
vt 0.84306079149246216 0.05353856086730957
vt 0.84306079149246216 0.05840570479631424
vt 0.84306079149246216 0.063272841274738312
vt 0.84306079149246216 0.068139985203742981
vt 0.84306079149246216 0.073007121682167053
vt 0.84306079149246216 0.077874265611171722
vt 0.84306079149246216 0.082741416990756989
vt 0.84306079149246216 0.087608553469181061
vt 0.84306079149246216 0.09247569739818573
vt 0.84306079149246216 0.097342841327190399
vt 0.84306079149246216 0.10220997780561447
vt 0.84306079149246216 0.10707712173461914
vt 0.84306079149246216 0.11194426566362381
vt 0.84306079149246216 0.11681140959262848
vt 0.84306079149246216 0.12167853862047195
vt 0.84306079149246216 0.12654568254947662
vt 0.84306079149246216 0.13141283392906189
vt 0.84306079149246216 0.13627997040748596
vt 0.84306079149246216 0.14114712178707123
vt 0.84306079149246216 0.14601424336433411
vt 0.84306079149246216 0.15088139474391937
vt 0.84306079149246216 0.15574853122234344
vt 0.84306079149246216 0.16061568260192871
vt 0.84306079149246216 0.16548283398151398
vt 0.84306079149246216 0.17034995555877686
vt 0.84306079149246216 0.17521710693836212
vt 0.84306079149246216 0.18008424341678619
vt 0.84306079149246216 0.18495139479637146
vt 0.84306079149246216 0.18981853127479553
vt 0.84306079149246216 0.1946856826543808
vt 0.84306079149246216 0.19955280423164368
vt 0.84306079149246216 0.20441995561122894
vt 0.84306079149246216 0.20928709208965302
vt 0.84306079149246216 0.21415424346923828
vt 0.84306079149246216 0.21902139484882355
vt 0.84306079149246216 0.22388853132724762
vt 0.84306079149246216 0.22875568270683289
vt 0.84306079149246216 0.23362281918525696
vt 0.84306079149246216 0.23848994076251984
vt 0.84306079149246216 0.24335707724094391
vt 0.84306079149246216 0.24822422862052917
vt 0.84306079149246216 0.25309136509895325
vt 0.84306079149246216 0.25795850157737732
vt 0.84306079149246216 0.26282566785812378
vt 0.84306079149246216 0.26769280433654785
vt 0.84306079149246216 0.27255994081497192
vt 0.84306079149246216 0.27742710709571838
vt 0.84306079149246216 0.28229424357414246
vt 0.84306079149246216 0.28716138005256653
vt 0.84306079149246216 0.29202848672866821
vt 0.84306079149246216 0.29689565300941467
vt 0.84306079149246216 0.30176278948783875
vt 0.84306079149246216 0.30662992596626282
vt 0.84306079149246216 0.31149706244468689
vt 0.84306079149246216 0.31636422872543335
vt 0.84306079149246216 0.32123136520385742
vt 0.84306079149246216 0.32609850168228149
vt 0.84306079149246216 0.33096566796302795
vt 0.84306079149246216 0.33583280444145203
vt 0.84306079149246216 0.34069991111755371
vt 0.84306079149246216 0.34556704759597778
vt 0.84306079149246216 0.35043421387672424
vt 0.84306079149246216 0.35530135035514832
vt 0.84306079149246216 0.36016848683357239
vt 0.84306079149246216 0.36503562331199646
vt 0.84306079149246216 0.36990278959274292
vt 0.84306079149246216 0.37476992607116699
vt 0.84306079149246216 0.37963706254959106
vt 0.84306079149246216 0.38450422883033752
vt 0.84306079149246216 0.3893713653087616
vt 0.84306079149246216 0.39423847198486328
vt 0.84306079149246216 0.39910560846328735
vt 0.84306079149246216 0.40397277474403381
vt 0.84306079149246216 0.40883991122245789
vt 0.84306079149246216 0.41370704770088196
vt 0.84306079149246216 0.41857418417930603
vt 0.84390902519226074 0.0048671416006982327
vt 0.84390902519226074 0.0097342832013964653
vt 0.84390902519226074 0.01460142619907856
vt 0.84390902519226074 0.019468566402792931
vt 0.84390902519226074 0.0243357103317976
vt 0.84390902519226074 0.02920285239815712
vt 0.84390902519226074 0.03406999260187149
vt 0.84390902519226074 0.038937132805585861
vt 0.84390902519226074 0.04380427673459053
vt 0.84390902519226074 0.0486714206635952
vt 0.84390902519226074 0.05353856086730957
vt 0.84390902519226074 0.05840570479631424
vt 0.84390902519226074 0.063272841274738312
vt 0.84390902519226074 0.068139985203742981
vt 0.84390902519226074 0.073007121682167053
vt 0.84390902519226074 0.077874265611171722
vt 0.84390902519226074 0.082741416990756989
vt 0.84390902519226074 0.087608553469181061
vt 0.84390902519226074 0.09247569739818573
vt 0.84390902519226074 0.097342841327190399
vt 0.84390902519226074 0.10220997780561447
vt 0.84390902519226074 0.10707712173461914
vt 0.84390902519226074 0.11194426566362381
vt 0.84390902519226074 0.11681140959262848
vt 0.84390902519226074 0.12167853862047195
vt 0.84390902519226074 0.12654568254947662
vt 0.84390902519226074 0.13141283392906189
vt 0.84390902519226074 0.13627997040748596
vt 0.84390902519226074 0.14114712178707123
vt 0.84390902519226074 0.14601424336433411
vt 0.84390902519226074 0.15088139474391937
vt 0.84390902519226074 0.15574853122234344
vt 0.84390902519226074 0.16061568260192871
vt 0.84390902519226074 0.16548283398151398
vt 0.84390902519226074 0.17034995555877686
vt 0.84390902519226074 0.17521710693836212
vt 0.84390902519226074 0.18008424341678619
vt 0.84390902519226074 0.18495139479637146
vt 0.84390902519226074 0.18981853127479553
vt 0.84390902519226074 0.1946856826543808
vt 0.84390902519226074 0.19955280423164368
vt 0.84390902519226074 0.20441995561122894
vt 0.84390902519226074 0.20928709208965302
vt 0.84390902519226074 0.21415424346923828
vt 0.84390902519226074 0.21902139484882355
vt 0.84390902519226074 0.22388853132724762
vt 0.84390902519226074 0.22875568270683289
vt 0.84390902519226074 0.23362281918525696
vt 0.84390902519226074 0.23848994076251984
vt 0.84390902519226074 0.24335707724094391
vt 0.84390902519226074 0.24822422862052917
vt 0.84390902519226074 0.25309136509895325
vt 0.84390902519226074 0.25795850157737732
vt 0.84390902519226074 0.26282566785812378
vt 0.84390902519226074 0.26769280433654785
vt 0.84390902519226074 0.27255994081497192
vt 0.84390902519226074 0.27742710709571838
vt 0.84390902519226074 0.28229424357414246
vt 0.84390902519226074 0.28716138005256653
vt 0.84390902519226074 0.29202848672866821
vt 0.84390902519226074 0.29689565300941467
vt 0.84390902519226074 0.30176278948783875
vt 0.84390902519226074 0.30662992596626282
vt 0.84390902519226074 0.31149706244468689
vt 0.84390902519226074 0.31636422872543335
vt 0.84390902519226074 0.32123136520385742
vt 0.84390902519226074 0.32609850168228149
vt 0.84390902519226074 0.33096566796302795
vt 0.84390902519226074 0.33583280444145203
vt 0.84390902519226074 0.34069991111755371
vt 0.84390902519226074 0.34556704759597778
vt 0.84390902519226074 0.35043421387672424
vt 0.84390902519226074 0.35530135035514832
vt 0.84390902519226074 0.36016848683357239
vt 0.84390902519226074 0.36503562331199646
vt 0.84390902519226074 0.36990278959274292
vt 0.84390902519226074 0.37476992607116699
vt 0.84390902519226074 0.37963706254959106
vt 0.84390902519226074 0.38450422883033752
vt 0.84390902519226074 0.3893713653087616
vt 0.84390902519226074 0.39423847198486328
vt 0.84390902519226074 0.39910560846328735
vt 0.84390902519226074 0.40397277474403381
vt 0.84390902519226074 0.40883991122245789
vt 0.84390902519226074 0.41370704770088196
vt 0.84472525119781494 0.0048671416006982327
vt 0.84472525119781494 0.0097342832013964653
vt 0.84472525119781494 0.01460142619907856
vt 0.84472525119781494 0.019468566402792931
vt 0.84472525119781494 0.0243357103317976
vt 0.84472525119781494 0.02920285239815712
vt 0.84472525119781494 0.03406999260187149
vt 0.84472525119781494 0.038937132805585861
vt 0.84472525119781494 0.04380427673459053
vt 0.84472525119781494 0.0486714206635952
vt 0.84472525119781494 0.05353856086730957
vt 0.84472525119781494 0.05840570479631424
vt 0.84472525119781494 0.063272841274738312
vt 0.84472525119781494 0.068139985203742981
vt 0.84472525119781494 0.073007121682167053
vt 0.84472525119781494 0.077874265611171722
vt 0.84472525119781494 0.082741416990756989
vt 0.84472525119781494 0.087608553469181061
vt 0.84472525119781494 0.09247569739818573
vt 0.84472525119781494 0.097342841327190399
vt 0.84472525119781494 0.10220997780561447
vt 0.84472525119781494 0.10707712173461914
vt 0.84472525119781494 0.11194426566362381
vt 0.84472525119781494 0.11681140959262848
vt 0.84472525119781494 0.12167853862047195
vt 0.84472525119781494 0.12654568254947662
vt 0.84472525119781494 0.13141283392906189
vt 0.84472525119781494 0.13627997040748596
vt 0.84472525119781494 0.14114712178707123
vt 0.84472525119781494 0.14601424336433411
vt 0.84472525119781494 0.15088139474391937
vt 0.84472525119781494 0.15574853122234344
vt 0.84472525119781494 0.16061568260192871
vt 0.84472525119781494 0.16548283398151398
vt 0.84472525119781494 0.17034995555877686
vt 0.84472525119781494 0.17521710693836212
vt 0.84472525119781494 0.18008424341678619
vt 0.84472525119781494 0.18495139479637146
vt 0.84472525119781494 0.18981853127479553
vt 0.84472525119781494 0.1946856826543808
vt 0.84472525119781494 0.19955280423164368
vt 0.84472525119781494 0.20441995561122894
vt 0.84472525119781494 0.20928709208965302
vt 0.84472525119781494 0.21415424346923828
vt 0.84472525119781494 0.21902139484882355
vt 0.84472525119781494 0.22388853132724762
vt 0.84472525119781494 0.22875568270683289
vt 0.84472525119781494 0.23362281918525696
vt 0.84472525119781494 0.23848994076251984
vt 0.84472525119781494 0.24335707724094391
vt 0.84472525119781494 0.24822422862052917
vt 0.84472525119781494 0.25309136509895325
vt 0.84472525119781494 0.25795850157737732
vt 0.84472525119781494 0.26282566785812378
vt 0.84472525119781494 0.26769280433654785
vt 0.84472525119781494 0.27255994081497192
vt 0.84472525119781494 0.27742710709571838
vt 0.84472525119781494 0.28229424357414246
vt 0.84472525119781494 0.28716138005256653
vt 0.84472525119781494 0.29202848672866821
vt 0.84472525119781494 0.29689565300941467
vt 0.84472525119781494 0.30176278948783875
vt 0.84472525119781494 0.30662992596626282
vt 0.84472525119781494 0.31149706244468689
vt 0.84472525119781494 0.31636422872543335
vt 0.84472525119781494 0.32123136520385742
vt 0.84472525119781494 0.32609850168228149
vt 0.84472525119781494 0.33096566796302795
vt 0.84472525119781494 0.33583280444145203
vt 0.84472525119781494 0.34069991111755371
vt 0.84472525119781494 0.34556704759597778
vt 0.84472525119781494 0.35043421387672424
vt 0.84472525119781494 0.35530135035514832
vt 0.84472525119781494 0.36016848683357239
vt 0.84472525119781494 0.36503562331199646
vt 0.84472525119781494 0.36990278959274292
vt 0.84472525119781494 0.37476992607116699
vt 0.84472525119781494 0.37963706254959106
vt 0.84472525119781494 0.38450422883033752
vt 0.84472525119781494 0.3893713653087616
vt 0.84472525119781494 0.39423847198486328
vt 0.84472525119781494 0.39910560846328735
vt 0.84472525119781494 0.40397277474403381
vt 0.84472525119781494 0.40883991122245789
vt 0.84472525119781494 0.41370704770088196
vt 0.84553682804107666 0.0048671416006982327
vt 0.84553682804107666 0.0097342832013964653
vt 0.84553682804107666 0.01460142619907856
vt 0.84553682804107666 0.019468566402792931
vt 0.84553682804107666 0.0243357103317976
vt 0.84553682804107666 0.02920285239815712
vt 0.84553682804107666 0.03406999260187149
vt 0.84553682804107666 0.038937132805585861
vt 0.84553682804107666 0.04380427673459053
vt 0.84553682804107666 0.0486714206635952
vt 0.84553682804107666 0.05353856086730957
vt 0.84553682804107666 0.05840570479631424
vt 0.84553682804107666 0.063272841274738312
vt 0.84553682804107666 0.068139985203742981
vt 0.84553682804107666 0.073007121682167053
vt 0.84553682804107666 0.077874265611171722
vt 0.84553682804107666 0.082741416990756989
vt 0.84553682804107666 0.087608553469181061
vt 0.84553682804107666 0.09247569739818573
vt 0.84553682804107666 0.097342841327190399
vt 0.84553682804107666 0.10220997780561447
vt 0.84553682804107666 0.10707712173461914
vt 0.84553682804107666 0.11194426566362381
vt 0.84553682804107666 0.11681140959262848
vt 0.84553682804107666 0.12167853862047195
vt 0.84553682804107666 0.12654568254947662
vt 0.84553682804107666 0.13141283392906189
vt 0.84553682804107666 0.13627997040748596
vt 0.84553682804107666 0.14114712178707123
vt 0.84553682804107666 0.14601424336433411
vt 0.84553682804107666 0.15088139474391937
vt 0.84553682804107666 0.15574853122234344
vt 0.84553682804107666 0.16061568260192871
vt 0.84553682804107666 0.16548283398151398
vt 0.84553682804107666 0.17034995555877686
vt 0.84553682804107666 0.17521710693836212
vt 0.84553682804107666 0.18008424341678619
vt 0.84553682804107666 0.18495139479637146
vt 0.84553682804107666 0.18981853127479553
vt 0.84553682804107666 0.1946856826543808
vt 0.84553682804107666 0.19955280423164368
vt 0.84553682804107666 0.20441995561122894
vt 0.84553682804107666 0.20928709208965302
vt 0.84553682804107666 0.21415424346923828
vt 0.84553682804107666 0.21902139484882355
vt 0.84553682804107666 0.22388853132724762
vt 0.84553682804107666 0.22875568270683289
vt 0.84553682804107666 0.23362281918525696
vt 0.84553682804107666 0.23848994076251984
vt 0.84553682804107666 0.24335707724094391
vt 0.84553682804107666 0.24822422862052917
vt 0.84553682804107666 0.25309136509895325
vt 0.84553682804107666 0.25795850157737732
vt 0.84553682804107666 0.26282566785812378
vt 0.84553682804107666 0.26769280433654785
vt 0.84553682804107666 0.27255994081497192
vt 0.84553682804107666 0.27742710709571838
vt 0.84553682804107666 0.28229424357414246
vt 0.84553682804107666 0.28716138005256653
vt 0.84553682804107666 0.29202848672866821
vt 0.84553682804107666 0.29689565300941467
vt 0.84553682804107666 0.30176278948783875
vt 0.84553682804107666 0.30662992596626282
vt 0.84553682804107666 0.31149706244468689
vt 0.84553682804107666 0.31636422872543335
vt 0.84553682804107666 0.32123136520385742
vt 0.84553682804107666 0.32609850168228149
vt 0.84553682804107666 0.33096566796302795
vt 0.84553682804107666 0.33583280444145203
vt 0.84553682804107666 0.34069991111755371
vt 0.84553682804107666 0.34556704759597778
vt 0.84553682804107666 0.35043421387672424
vt 0.84553682804107666 0.35530135035514832
vt 0.84553682804107666 0.36016848683357239
vt 0.84553682804107666 0.36503562331199646
vt 0.84553682804107666 0.36990278959274292
vt 0.84553682804107666 0.37476992607116699
vt 0.84553682804107666 0.37963706254959106
vt 0.84553682804107666 0.38450422883033752
vt 0.84553682804107666 0.3893713653087616
vt 0.84553682804107666 0.39423847198486328
vt 0.84553682804107666 0.39910560846328735
vt 0.84553682804107666 0.40397277474403381
vt 0.84553682804107666 0.40883991122245789
vt 0.84553682804107666 0.41370704770088196
vt 0.8463483452796936 0
vt 0.8463483452796936 0.0048671416006982327
vt 0.8463483452796936 0.0097342832013964653
vt 0.8463483452796936 0.01460142619907856
vt 0.8463483452796936 0.019468566402792931
vt 0.8463483452796936 0.0243357103317976
vt 0.8463483452796936 0.02920285239815712
vt 0.8463483452796936 0.03406999260187149
vt 0.8463483452796936 0.038937132805585861
vt 0.8463483452796936 0.04380427673459053
vt 0.8463483452796936 0.0486714206635952
vt 0.8463483452796936 0.05353856086730957
vt 0.8463483452796936 0.05840570479631424
vt 0.8463483452796936 0.063272841274738312
vt 0.8463483452796936 0.068139985203742981
vt 0.8463483452796936 0.073007121682167053
vt 0.8463483452796936 0.077874265611171722
vt 0.8463483452796936 0.082741416990756989
vt 0.8463483452796936 0.087608553469181061
vt 0.8463483452796936 0.09247569739818573
vt 0.8463483452796936 0.097342841327190399
vt 0.8463483452796936 0.10220997780561447
vt 0.8463483452796936 0.10707712173461914
vt 0.8463483452796936 0.11194426566362381
vt 0.8463483452796936 0.11681140959262848
vt 0.8463483452796936 0.12167853862047195
vt 0.8463483452796936 0.12654568254947662
vt 0.8463483452796936 0.13141283392906189
vt 0.8463483452796936 0.13627997040748596
vt 0.8463483452796936 0.14114712178707123
vt 0.8463483452796936 0.14601424336433411
vt 0.8463483452796936 0.15088139474391937
vt 0.8463483452796936 0.15574853122234344
vt 0.8463483452796936 0.16061568260192871
vt 0.8463483452796936 0.16548283398151398
vt 0.8463483452796936 0.17034995555877686
vt 0.8463483452796936 0.17521710693836212
vt 0.8463483452796936 0.18008424341678619
vt 0.8463483452796936 0.18495139479637146
vt 0.8463483452796936 0.18981853127479553
vt 0.8463483452796936 0.1946856826543808
vt 0.8463483452796936 0.19955280423164368
vt 0.8463483452796936 0.20441995561122894
vt 0.8463483452796936 0.20928709208965302
vt 0.8463483452796936 0.21415424346923828
vt 0.8463483452796936 0.21902139484882355
vt 0.8463483452796936 0.22388853132724762
vt 0.8463483452796936 0.22875568270683289
vt 0.8463483452796936 0.23362281918525696
vt 0.8463483452796936 0.23848994076251984
vt 0.8463483452796936 0.24335707724094391
vt 0.8463483452796936 0.24822422862052917
vt 0.8463483452796936 0.25309136509895325
vt 0.8463483452796936 0.25795850157737732
vt 0.8463483452796936 0.26282566785812378
vt 0.8463483452796936 0.26769280433654785
vt 0.8463483452796936 0.27255994081497192
vt 0.8463483452796936 0.27742710709571838
vt 0.8463483452796936 0.28229424357414246
vt 0.8463483452796936 0.28716138005256653
vt 0.8463483452796936 0.29202848672866821
vt 0.8463483452796936 0.29689565300941467
vt 0.8463483452796936 0.30176278948783875
vt 0.8463483452796936 0.30662992596626282
vt 0.8463483452796936 0.31149706244468689
vt 0.8463483452796936 0.31636422872543335
vt 0.8463483452796936 0.32123136520385742
vt 0.8463483452796936 0.32609850168228149
vt 0.8463483452796936 0.33096566796302795
vt 0.8463483452796936 0.33583280444145203
vt 0.8463483452796936 0.34069991111755371
vt 0.8463483452796936 0.34556704759597778
vt 0.8463483452796936 0.35043421387672424
vt 0.8463483452796936 0.35530135035514832
vt 0.8463483452796936 0.36016848683357239
vt 0.8463483452796936 0.36503562331199646
vt 0.8463483452796936 0.36990278959274292
vt 0.8463483452796936 0.37476992607116699
vt 0.8463483452796936 0.37963706254959106
vt 0.8463483452796936 0.38450422883033752
vt 0.8463483452796936 0.3893713653087616
vt 0.8463483452796936 0.39423847198486328
vt 0.8463483452796936 0.39910560846328735
vt 0.8463483452796936 0.40397277474403381
vt 0.8463483452796936 0.40883991122245789
vt 0.8463483452796936 0.41370704770088196
vt 0.8463483452796936 0.41857418417930603
vt 0.84552645683288574 0.41857418417930603
vt 0.84470456838607788 0.41857418417930603
vt 0.84388267993927002 0.41857418417930603
vt 0.84553682804107666 0.41614061594009399
vt 0.84594261646270752 0.41370704770088196
vt 0.84594261646270752 0.41614061594009399
vt 0.84472525119781494 0.41614061594009399
vt 0.8451310396194458 0.41370704770088196
vt 0.8451310396194458 0.41614061594009399
vt 0.84390902519226074 0.41614061594009399
vt 0.84431713819503784 0.41370704770088196
vt 0.84431713819503784 0.41614061594009399
vt 0.84348493814468384 0.41370704770088196
vt 0.84348493814468384 0.41614061594009399
vt 0.84388267993927002 0
vt 0.84470456838607788 0
vt 0.84552645683288574 0
vt 0.84390902519226074 0.0024335708003491163
vt 0.84348493814468384 0.0048671416006982327
vt 0.84348493814468384 0.0024335708003491163
vt 0.84472525119781494 0.0024335708003491163
vt 0.84431713819503784 0.0048671416006982327
vt 0.84431713819503784 0.0024335708003491163
vt 0.84553682804107666 0.0024335708003491163
vt 0.8451310396194458 0.0048671416006982327
vt 0.8451310396194458 0.0024335708003491163
vt 0.84594261646270752 0.0048671416006982327
vt 0.84594261646270752 0.0024335708003491163
vt 0.74682360887527466 0.022329717874526978
vt 0.74682360887527466 0.025617269799113274
vt 0.75159305334091187 0.023177934810519218
vt 0.75159305334091187 0.023994160816073418
vt 0.75159305334091187 0.024805715307593346
vt 0.7562023401260376 0.022329717874526978
vt 0.7562023401260376 0.023177934810519218
vt 0.7562023401260376 0.023994160816073418
vt 0.7562023401260376 0.024805715307593346
vt 0.76074707508087158 0.022329717874526978
vt 0.76074707508087158 0.023177934810519218
vt 0.76074707508087158 0.023994160816073418
vt 0.76074707508087158 0.024805715307593346
vt 0.76529175043106079 0.022329717874526978
vt 0.76529175043106079 0.023177934810519218
vt 0.76529175043106079 0.023994160816073418
vt 0.76529175043106079 0.024805715307593346
vt 0.76983648538589478 0.022329717874526978
vt 0.76983648538589478 0.025617269799113274
vt 0.76600098609924316 0.025617269799113274
vt 0.76216548681259155 0.025617269799113274
vt 0.75833004713058472 0.025617269799113274
vt 0.75449454784393311 0.025617269799113274
vt 0.75065910816192627 0.025617269799113274
vt 0.74682360887527466 0.024795381352305412
vt 0.74682360887527466 0.023973492905497551
vt 0.74682360887527466 0.023151606321334839
vt 0.75159305334091187 0.02521149255335331
vt 0.74920833110809326 0.024805715307593346
vt 0.74920833110809326 0.02521149255335331
vt 0.75159305334091187 0.024399938061833382
vt 0.74920833110809326 0.023994160816073418
vt 0.74920833110809326 0.024399938061833382
vt 0.75159305334091187 0.023586047813296318
vt 0.74920833110809326 0.023177934810519218
vt 0.74920833110809326 0.023586047813296318
vt 0.75159305334091187 0.022753827273845673
vt 0.74920833110809326 0.022753827273845673
vt 0.76983648538589478 0.023151606321334839
vt 0.76983648538589478 0.023973492905497551
vt 0.76983648538589478 0.024795381352305412
vt 0.76756411790847778 0.023177934810519218
vt 0.76529175043106079 0.022753827273845673
vt 0.76756411790847778 0.022753827273845673
vt 0.76756411790847778 0.023994160816073418
vt 0.76529175043106079 0.023586047813296318
vt 0.76756411790847778 0.023586047813296318
vt 0.76756411790847778 0.024805715307593346
vt 0.76529175043106079 0.024399938061833382
vt 0.76756411790847778 0.024399938061833382
vt 0.76529175043106079 0.02521149255335331
vt 0.76756411790847778 0.02521149255335331
vt 0.74682360887527466 0.012506724335253239
vt 0.74682360887527466 0.015794277191162109
vt 0.75159305334091187 0.012506724335253239
vt 0.75159305334091187 0.013354942202568054
vt 0.75159305334091187 0.014171168208122253
vt 0.75159305334091187 0.014982722699642181
vt 0.7562023401260376 0.012506724335253239
vt 0.7562023401260376 0.013354942202568054
vt 0.7562023401260376 0.014171168208122253
vt 0.7562023401260376 0.014982722699642181
vt 0.76074707508087158 0.012506724335253239
vt 0.76074707508087158 0.013354942202568054
vt 0.76074707508087158 0.014171168208122253
vt 0.76074707508087158 0.014982722699642181
vt 0.76529175043106079 0.012506724335253239
vt 0.76529175043106079 0.013354942202568054
vt 0.76529175043106079 0.014171168208122253
vt 0.76529175043106079 0.014982722699642181
vt 0.76983648538589478 0.012506724335253239
vt 0.76983648538589478 0.015794277191162109
vt 0.76600098609924316 0.015794277191162109
vt 0.76216548681259155 0.015794277191162109
vt 0.75833004713058472 0.015794277191162109
vt 0.75449454784393311 0.015794277191162109
vt 0.75065910816192627 0.015794277191162109
vt 0.76983648538589478 0.0133286127820611
vt 0.76983648538589478 0.014150501228868961
vt 0.76983648538589478 0.014972388744354248
vt 0.76756411790847778 0.013354942202568054
vt 0.76529175043106079 0.012930833734571934
vt 0.76756411790847778 0.012930833734571934
vt 0.76756411790847778 0.014171168208122253
vt 0.76529175043106079 0.013763055205345154
vt 0.76756411790847778 0.013763055205345154
vt 0.76756411790847778 0.014982722699642181
vt 0.76529175043106079 0.014576945453882217
vt 0.76756411790847778 0.014576945453882217
vt 0.76529175043106079 0.015388499945402145
vt 0.76756411790847778 0.015388499945402145
vt 0.74682360887527466 0.014972388744354248
vt 0.74682360887527466 0.014150501228868961
vt 0.74682360887527466 0.0133286127820611
vt 0.75159305334091187 0.015388499945402145
vt 0.74920833110809326 0.014982722699642181
vt 0.74920833110809326 0.015388499945402145
vt 0.75159305334091187 0.014576945453882217
vt 0.74920833110809326 0.014171168208122253
vt 0.74920833110809326 0.014576945453882217
vt 0.75159305334091187 0.013763055205345154
vt 0.74920833110809326 0.013354942202568054
vt 0.74920833110809326 0.013763055205345154
vt 0.75159305334091187 0.012930833734571934
vt 0.74920833110809326 0.012930833734571934
vt 0.68883359432220459 0
vt 0.68883359432220459 0.0048297024331986904
vt 0.68883359432220459 0.0096594048663973808
vt 0.68883359432220459 0.014489106833934784
vt 0.68883359432220459 0.019318809732794762
vt 0.68883359432220459 0.024148512631654739
vt 0.68883359432220459 0.028978213667869568
vt 0.68883359432220459 0.033807918429374695
vt 0.68883359432220459 0.038637619465589523
vt 0.68883359432220459 0.043467320501804352
vt 0.68883359432220459 0.048297025263309479
vt 0.68883359432220459 0.053126726299524307
vt 0.68883359432220459 0.057956427335739136
vt 0.68883359432220459 0.062786132097244263
vt 0.68883359432220459 0.06761583685874939
vt 0.68883359432220459 0.07244553416967392
vt 0.68883359432220459 0.077275238931179047
vt 0.68883359432220459 0.082104936242103577
vt 0.68883359432220459 0.086934641003608704
vt 0.68883359432220459 0.091764338314533234
vt 0.68883359432220459 0.096594050526618958
vt 0.68883359432220459 0.10142374783754349
vt 0.68883359432220459 0.10625345259904861
vt 0.68883359432220459 0.11108314990997314
vt 0.68883359432220459 0.11591285467147827
vt 0.68883359432220459 0.1207425519824028
vt 0.68883359432220459 0.12557226419448853
vt 0.68883359432220459 0.13040196895599365
vt 0.68883359432220459 0.13523167371749878
vt 0.68883359432220459 0.14006136357784271
vt 0.68883359432220459 0.14489106833934784
vt 0.68883359432220459 0.14972077310085297
vt 0.68883359432220459 0.15455047786235809
vt 0.68883359432220459 0.15938016772270203
vt 0.68883359432220459 0.16420987248420715
vt 0.68883359432220459 0.16903957724571228
vt 0.68883359432220459 0.17386928200721741
vt 0.68883359432220459 0.17869897186756134
vt 0.68883359432220459 0.18352867662906647
vt 0.68883359432220459 0.18835839629173279
vt 0.68883359432220459 0.19318810105323792
vt 0.68883359432220459 0.19801780581474304
vt 0.68883359432220459 0.20284749567508698
vt 0.68883359432220459 0.2076772004365921
vt 0.68883359432220459 0.21250690519809723
vt 0.68883359432220459 0.21733660995960236
vt 0.68883359432220459 0.22216629981994629
vt 0.68883359432220459 0.22699600458145142
vt 0.68883359432220459 0.23182570934295654
vt 0.68883359432220459 0.23665541410446167
vt 0.68883359432220459 0.2414851039648056
vt 0.68883359432220459 0.24631480872631073
vt 0.68883359432220459 0.25114452838897705
vt 0.68968182802200317 0.0048297024331986904
vt 0.68968182802200317 0.0096594048663973808
vt 0.68968182802200317 0.014489106833934784
vt 0.68968182802200317 0.019318809732794762
vt 0.68968182802200317 0.024148512631654739
vt 0.68968182802200317 0.028978213667869568
vt 0.68968182802200317 0.033807918429374695
vt 0.68968182802200317 0.038637619465589523
vt 0.68968182802200317 0.043467320501804352
vt 0.68968182802200317 0.048297025263309479
vt 0.68968182802200317 0.053126726299524307
vt 0.68968182802200317 0.057956427335739136
vt 0.68968182802200317 0.062786132097244263
vt 0.68968182802200317 0.06761583685874939
vt 0.68968182802200317 0.07244553416967392
vt 0.68968182802200317 0.077275238931179047
vt 0.68968182802200317 0.082104936242103577
vt 0.68968182802200317 0.086934641003608704
vt 0.68968182802200317 0.091764338314533234
vt 0.68968182802200317 0.096594050526618958
vt 0.68968182802200317 0.10142374783754349
vt 0.68968182802200317 0.10625345259904861
vt 0.68968182802200317 0.11108314990997314
vt 0.68968182802200317 0.11591285467147827
vt 0.68968182802200317 0.1207425519824028
vt 0.68968182802200317 0.12557226419448853
vt 0.68968182802200317 0.13040196895599365
vt 0.68968182802200317 0.13523167371749878
vt 0.68968182802200317 0.14006136357784271
vt 0.68968182802200317 0.14489106833934784
vt 0.68968182802200317 0.14972077310085297
vt 0.68968182802200317 0.15455047786235809
vt 0.68968182802200317 0.15938016772270203
vt 0.68968182802200317 0.16420987248420715
vt 0.68968182802200317 0.16903957724571228
vt 0.68968182802200317 0.17386928200721741
vt 0.68968182802200317 0.17869897186756134
vt 0.68968182802200317 0.18352867662906647
vt 0.68968182802200317 0.18835839629173279
vt 0.68968182802200317 0.19318810105323792
vt 0.68968182802200317 0.19801780581474304
vt 0.68968182802200317 0.20284749567508698
vt 0.68968182802200317 0.2076772004365921
vt 0.68968182802200317 0.21250690519809723
vt 0.68968182802200317 0.21733660995960236
vt 0.68968182802200317 0.22216629981994629
vt 0.68968182802200317 0.22699600458145142
vt 0.68968182802200317 0.23182570934295654
vt 0.68968182802200317 0.23665541410446167
vt 0.68968182802200317 0.2414851039648056
vt 0.68968182802200317 0.24631480872631073
vt 0.69049805402755737 0.0048297024331986904
vt 0.69049805402755737 0.0096594048663973808
vt 0.69049805402755737 0.014489106833934784
vt 0.69049805402755737 0.019318809732794762
vt 0.69049805402755737 0.024148512631654739
vt 0.69049805402755737 0.028978213667869568
vt 0.69049805402755737 0.033807918429374695
vt 0.69049805402755737 0.038637619465589523
vt 0.69049805402755737 0.043467320501804352
vt 0.69049805402755737 0.048297025263309479
vt 0.69049805402755737 0.053126726299524307
vt 0.69049805402755737 0.057956427335739136
vt 0.69049805402755737 0.062786132097244263
vt 0.69049805402755737 0.06761583685874939
vt 0.69049805402755737 0.07244553416967392
vt 0.69049805402755737 0.077275238931179047
vt 0.69049805402755737 0.082104936242103577
vt 0.69049805402755737 0.086934641003608704
vt 0.69049805402755737 0.091764338314533234
vt 0.69049805402755737 0.096594050526618958
vt 0.69049805402755737 0.10142374783754349
vt 0.69049805402755737 0.10625345259904861
vt 0.69049805402755737 0.11108314990997314
vt 0.69049805402755737 0.11591285467147827
vt 0.69049805402755737 0.1207425519824028
vt 0.69049805402755737 0.12557226419448853
vt 0.69049805402755737 0.13040196895599365
vt 0.69049805402755737 0.13523167371749878
vt 0.69049805402755737 0.14006136357784271
vt 0.69049805402755737 0.14489106833934784
vt 0.69049805402755737 0.14972077310085297
vt 0.69049805402755737 0.15455047786235809
vt 0.69049805402755737 0.15938016772270203
vt 0.69049805402755737 0.16420987248420715
vt 0.69049805402755737 0.16903957724571228
vt 0.69049805402755737 0.17386928200721741
vt 0.69049805402755737 0.17869897186756134
vt 0.69049805402755737 0.18352867662906647
vt 0.69049805402755737 0.18835839629173279
vt 0.69049805402755737 0.19318810105323792
vt 0.69049805402755737 0.19801780581474304
vt 0.69049805402755737 0.20284749567508698
vt 0.69049805402755737 0.2076772004365921
vt 0.69049805402755737 0.21250690519809723
vt 0.69049805402755737 0.21733660995960236
vt 0.69049805402755737 0.22216629981994629
vt 0.69049805402755737 0.22699600458145142
vt 0.69049805402755737 0.23182570934295654
vt 0.69049805402755737 0.23665541410446167
vt 0.69049805402755737 0.2414851039648056
vt 0.69049805402755737 0.24631480872631073
vt 0.69130963087081909 0.0048297024331986904
vt 0.69130963087081909 0.0096594048663973808
vt 0.69130963087081909 0.014489106833934784
vt 0.69130963087081909 0.019318809732794762
vt 0.69130963087081909 0.024148512631654739
vt 0.69130963087081909 0.028978213667869568
vt 0.69130963087081909 0.033807918429374695
vt 0.69130963087081909 0.038637619465589523
vt 0.69130963087081909 0.043467320501804352
vt 0.69130963087081909 0.048297025263309479
vt 0.69130963087081909 0.053126726299524307
vt 0.69130963087081909 0.057956427335739136
vt 0.69130963087081909 0.062786132097244263
vt 0.69130963087081909 0.06761583685874939
vt 0.69130963087081909 0.07244553416967392
vt 0.69130963087081909 0.077275238931179047
vt 0.69130963087081909 0.082104936242103577
vt 0.69130963087081909 0.086934641003608704
vt 0.69130963087081909 0.091764338314533234
vt 0.69130963087081909 0.096594050526618958
vt 0.69130963087081909 0.10142374783754349
vt 0.69130963087081909 0.10625345259904861
vt 0.69130963087081909 0.11108314990997314
vt 0.69130963087081909 0.11591285467147827
vt 0.69130963087081909 0.1207425519824028
vt 0.69130963087081909 0.12557226419448853
vt 0.69130963087081909 0.13040196895599365
vt 0.69130963087081909 0.13523167371749878
vt 0.69130963087081909 0.14006136357784271
vt 0.69130963087081909 0.14489106833934784
vt 0.69130963087081909 0.14972077310085297
vt 0.69130963087081909 0.15455047786235809
vt 0.69130963087081909 0.15938016772270203
vt 0.69130963087081909 0.16420987248420715
vt 0.69130963087081909 0.16903957724571228
vt 0.69130963087081909 0.17386928200721741
vt 0.69130963087081909 0.17869897186756134
vt 0.69130963087081909 0.18352867662906647
vt 0.69130963087081909 0.18835839629173279
vt 0.69130963087081909 0.19318810105323792
vt 0.69130963087081909 0.19801780581474304
vt 0.69130963087081909 0.20284749567508698
vt 0.69130963087081909 0.2076772004365921
vt 0.69130963087081909 0.21250690519809723
vt 0.69130963087081909 0.21733660995960236
vt 0.69130963087081909 0.22216629981994629
vt 0.69130963087081909 0.22699600458145142
vt 0.69130963087081909 0.23182570934295654
vt 0.69130963087081909 0.23665541410446167
vt 0.69130963087081909 0.2414851039648056
vt 0.69130963087081909 0.24631480872631073
vt 0.69212114810943604 0
vt 0.69212114810943604 0.0048297024331986904
vt 0.69212114810943604 0.0096594048663973808
vt 0.69212114810943604 0.014489106833934784
vt 0.69212114810943604 0.019318809732794762
vt 0.69212114810943604 0.024148512631654739
vt 0.69212114810943604 0.028978213667869568
vt 0.69212114810943604 0.033807918429374695
vt 0.69212114810943604 0.038637619465589523
vt 0.69212114810943604 0.043467320501804352
vt 0.69212114810943604 0.048297025263309479
vt 0.69212114810943604 0.053126726299524307
vt 0.69212114810943604 0.057956427335739136
vt 0.69212114810943604 0.062786132097244263
vt 0.69212114810943604 0.06761583685874939
vt 0.69212114810943604 0.07244553416967392
vt 0.69212114810943604 0.077275238931179047
vt 0.69212114810943604 0.082104936242103577
vt 0.69212114810943604 0.086934641003608704
vt 0.69212114810943604 0.091764338314533234
vt 0.69212114810943604 0.096594050526618958
vt 0.69212114810943604 0.10142374783754349
vt 0.69212114810943604 0.10625345259904861
vt 0.69212114810943604 0.11108314990997314
vt 0.69212114810943604 0.11591285467147827
vt 0.69212114810943604 0.1207425519824028
vt 0.69212114810943604 0.12557226419448853
vt 0.69212114810943604 0.13040196895599365
vt 0.69212114810943604 0.13523167371749878
vt 0.69212114810943604 0.14006136357784271
vt 0.69212114810943604 0.14489106833934784
vt 0.69212114810943604 0.14972077310085297
vt 0.69212114810943604 0.15455047786235809
vt 0.69212114810943604 0.15938016772270203
vt 0.69212114810943604 0.16420987248420715
vt 0.69212114810943604 0.16903957724571228
vt 0.69212114810943604 0.17386928200721741
vt 0.69212114810943604 0.17869897186756134
vt 0.69212114810943604 0.18352867662906647
vt 0.69212114810943604 0.18835839629173279
vt 0.69212114810943604 0.19318810105323792
vt 0.69212114810943604 0.19801780581474304
vt 0.69212114810943604 0.20284749567508698
vt 0.69212114810943604 0.2076772004365921
vt 0.69212114810943604 0.21250690519809723
vt 0.69212114810943604 0.21733660995960236
vt 0.69212114810943604 0.22216629981994629
vt 0.69212114810943604 0.22699600458145142
vt 0.69212114810943604 0.23182570934295654
vt 0.69212114810943604 0.23665541410446167
vt 0.69212114810943604 0.2414851039648056
vt 0.69212114810943604 0.24631480872631073
vt 0.69212114810943604 0.25114452838897705
vt 0.69129925966262817 0.25114452838897705
vt 0.69047737121582031 0.25114452838897705
vt 0.68965548276901245 0.25114452838897705
vt 0.69130963087081909 0.24872967600822449
vt 0.69171541929244995 0.24631480872631073
vt 0.69171541929244995 0.24872967600822449
vt 0.69049805402755737 0.24872967600822449
vt 0.69090384244918823 0.24631480872631073
vt 0.69090384244918823 0.24872967600822449
vt 0.68968182802200317 0.24872967600822449
vt 0.69008994102478027 0.24631480872631073
vt 0.69008994102478027 0.24872967600822449
vt 0.68925774097442627 0.24631480872631073
vt 0.68925774097442627 0.24872967600822449
vt 0.68965548276901245 0
vt 0.69047737121582031 0
vt 0.69129925966262817 0
vt 0.68968182802200317 0.0024148512165993452
vt 0.68925774097442627 0.0048297024331986904
vt 0.68925774097442627 0.0024148512165993452
vt 0.69049805402755737 0.0024148512165993452
vt 0.69008994102478027 0.0048297024331986904
vt 0.69008994102478027 0.0024148512165993452
vt 0.69130963087081909 0.0024148512165993452
vt 0.69090384244918823 0.0048297024331986904
vt 0.69090384244918823 0.0024148512165993452
vt 0.69171541929244995 0.0048297024331986904
vt 0.69171541929244995 0.0024148512165993452
vt 0.69212114810943604 0
vt 0.69212114810943604 0.0048297024331986904
vt 0.69212114810943604 0.0096594048663973808
vt 0.69212114810943604 0.014489106833934784
vt 0.69212114810943604 0.019318809732794762
vt 0.69212114810943604 0.024148512631654739
vt 0.69212114810943604 0.028978213667869568
vt 0.69212114810943604 0.033807918429374695
vt 0.69212114810943604 0.038637619465589523
vt 0.69212114810943604 0.043467320501804352
vt 0.69212114810943604 0.048297025263309479
vt 0.69212114810943604 0.053126726299524307
vt 0.69212114810943604 0.057956427335739136
vt 0.69212114810943604 0.062786132097244263
vt 0.69212114810943604 0.06761583685874939
vt 0.69212114810943604 0.07244553416967392
vt 0.69212114810943604 0.077275238931179047
vt 0.69212114810943604 0.082104936242103577
vt 0.69212114810943604 0.086934641003608704
vt 0.69212114810943604 0.091764338314533234
vt 0.69212114810943604 0.096594050526618958
vt 0.69212114810943604 0.10142374783754349
vt 0.69212114810943604 0.10625345259904861
vt 0.69212114810943604 0.11108314990997314
vt 0.69212114810943604 0.11591285467147827
vt 0.69212114810943604 0.1207425519824028
vt 0.69212114810943604 0.12557226419448853
vt 0.69212114810943604 0.13040196895599365
vt 0.69212114810943604 0.13523167371749878
vt 0.69212114810943604 0.14006136357784271
vt 0.69212114810943604 0.14489106833934784
vt 0.69212114810943604 0.14972077310085297
vt 0.69212114810943604 0.15455047786235809
vt 0.69212114810943604 0.15938016772270203
vt 0.69212114810943604 0.16420987248420715
vt 0.69212114810943604 0.16903957724571228
vt 0.69212114810943604 0.17386928200721741
vt 0.69212114810943604 0.17869897186756134
vt 0.69212114810943604 0.18352867662906647
vt 0.69212114810943604 0.18835839629173279
vt 0.69212114810943604 0.19318810105323792
vt 0.69212114810943604 0.19801780581474304
vt 0.69212114810943604 0.20284749567508698
vt 0.69212114810943604 0.2076772004365921
vt 0.69212114810943604 0.21250690519809723
vt 0.69212114810943604 0.21733660995960236
vt 0.69212114810943604 0.22216629981994629
vt 0.69212114810943604 0.22699600458145142
vt 0.69212114810943604 0.23182570934295654
vt 0.69212114810943604 0.23665541410446167
vt 0.69212114810943604 0.2414851039648056
vt 0.69212114810943604 0.24631480872631073
vt 0.69212114810943604 0.25114452838897705
vt 0.69296938180923462 0.0048297024331986904
vt 0.69296938180923462 0.0096594048663973808
vt 0.69296938180923462 0.014489106833934784
vt 0.69296938180923462 0.019318809732794762
vt 0.69296938180923462 0.024148512631654739
vt 0.69296938180923462 0.028978213667869568
vt 0.69296938180923462 0.033807918429374695
vt 0.69296938180923462 0.038637619465589523
vt 0.69296938180923462 0.043467320501804352
vt 0.69296938180923462 0.048297025263309479
vt 0.69296938180923462 0.053126726299524307
vt 0.69296938180923462 0.057956427335739136
vt 0.69296938180923462 0.062786132097244263
vt 0.69296938180923462 0.06761583685874939
vt 0.69296938180923462 0.07244553416967392
vt 0.69296938180923462 0.077275238931179047
vt 0.69296938180923462 0.082104936242103577
vt 0.69296938180923462 0.086934641003608704
vt 0.69296938180923462 0.091764338314533234
vt 0.69296938180923462 0.096594050526618958
vt 0.69296938180923462 0.10142374783754349
vt 0.69296938180923462 0.10625345259904861
vt 0.69296938180923462 0.11108314990997314
vt 0.69296938180923462 0.11591285467147827
vt 0.69296938180923462 0.1207425519824028
vt 0.69296938180923462 0.12557226419448853
vt 0.69296938180923462 0.13040196895599365
vt 0.69296938180923462 0.13523167371749878
vt 0.69296938180923462 0.14006136357784271
vt 0.69296938180923462 0.14489106833934784
vt 0.69296938180923462 0.14972077310085297
vt 0.69296938180923462 0.15455047786235809
vt 0.69296938180923462 0.15938016772270203
vt 0.69296938180923462 0.16420987248420715
vt 0.69296938180923462 0.16903957724571228
vt 0.69296938180923462 0.17386928200721741
vt 0.69296938180923462 0.17869897186756134
vt 0.69296938180923462 0.18352867662906647
vt 0.69296938180923462 0.18835839629173279
vt 0.69296938180923462 0.19318810105323792
vt 0.69296938180923462 0.19801780581474304
vt 0.69296938180923462 0.20284749567508698
vt 0.69296938180923462 0.2076772004365921
vt 0.69296938180923462 0.21250690519809723
vt 0.69296938180923462 0.21733660995960236
vt 0.69296938180923462 0.22216629981994629
vt 0.69296938180923462 0.22699600458145142
vt 0.69296938180923462 0.23182570934295654
vt 0.69296938180923462 0.23665541410446167
vt 0.69296938180923462 0.2414851039648056
vt 0.69296938180923462 0.24631480872631073
vt 0.69378560781478882 0.0048297024331986904
vt 0.69378560781478882 0.0096594048663973808
vt 0.69378560781478882 0.014489106833934784
vt 0.69378560781478882 0.019318809732794762
vt 0.69378560781478882 0.024148512631654739
vt 0.69378560781478882 0.028978213667869568
vt 0.69378560781478882 0.033807918429374695
vt 0.69378560781478882 0.038637619465589523
vt 0.69378560781478882 0.043467320501804352
vt 0.69378560781478882 0.048297025263309479
vt 0.69378560781478882 0.053126726299524307
vt 0.69378560781478882 0.057956427335739136
vt 0.69378560781478882 0.062786132097244263
vt 0.69378560781478882 0.06761583685874939
vt 0.69378560781478882 0.07244553416967392
vt 0.69378560781478882 0.077275238931179047
vt 0.69378560781478882 0.082104936242103577
vt 0.69378560781478882 0.086934641003608704
vt 0.69378560781478882 0.091764338314533234
vt 0.69378560781478882 0.096594050526618958
vt 0.69378560781478882 0.10142374783754349
vt 0.69378560781478882 0.10625345259904861
vt 0.69378560781478882 0.11108314990997314
vt 0.69378560781478882 0.11591285467147827
vt 0.69378560781478882 0.1207425519824028
vt 0.69378560781478882 0.12557226419448853
vt 0.69378560781478882 0.13040196895599365
vt 0.69378560781478882 0.13523167371749878
vt 0.69378560781478882 0.14006136357784271
vt 0.69378560781478882 0.14489106833934784
vt 0.69378560781478882 0.14972077310085297
vt 0.69378560781478882 0.15455047786235809
vt 0.69378560781478882 0.15938016772270203
vt 0.69378560781478882 0.16420987248420715
vt 0.69378560781478882 0.16903957724571228
vt 0.69378560781478882 0.17386928200721741
vt 0.69378560781478882 0.17869897186756134
vt 0.69378560781478882 0.18352867662906647
vt 0.69378560781478882 0.18835839629173279
vt 0.69378560781478882 0.19318810105323792
vt 0.69378560781478882 0.19801780581474304
vt 0.69378560781478882 0.20284749567508698
vt 0.69378560781478882 0.2076772004365921
vt 0.69378560781478882 0.21250690519809723
vt 0.69378560781478882 0.21733660995960236
vt 0.69378560781478882 0.22216629981994629
vt 0.69378560781478882 0.22699600458145142
vt 0.69378560781478882 0.23182570934295654
vt 0.69378560781478882 0.23665541410446167
vt 0.69378560781478882 0.2414851039648056
vt 0.69378560781478882 0.24631480872631073
vt 0.69459718465805054 0.0048297024331986904
vt 0.69459718465805054 0.0096594048663973808
vt 0.69459718465805054 0.014489106833934784
vt 0.69459718465805054 0.019318809732794762
vt 0.69459718465805054 0.024148512631654739
vt 0.69459718465805054 0.028978213667869568
vt 0.69459718465805054 0.033807918429374695
vt 0.69459718465805054 0.038637619465589523
vt 0.69459718465805054 0.043467320501804352
vt 0.69459718465805054 0.048297025263309479
vt 0.69459718465805054 0.053126726299524307
vt 0.69459718465805054 0.057956427335739136
vt 0.69459718465805054 0.062786132097244263
vt 0.69459718465805054 0.06761583685874939
vt 0.69459718465805054 0.07244553416967392
vt 0.69459718465805054 0.077275238931179047
vt 0.69459718465805054 0.082104936242103577
vt 0.69459718465805054 0.086934641003608704
vt 0.69459718465805054 0.091764338314533234
vt 0.69459718465805054 0.096594050526618958
vt 0.69459718465805054 0.10142374783754349
vt 0.69459718465805054 0.10625345259904861
vt 0.69459718465805054 0.11108314990997314
vt 0.69459718465805054 0.11591285467147827
vt 0.69459718465805054 0.1207425519824028
vt 0.69459718465805054 0.12557226419448853
vt 0.69459718465805054 0.13040196895599365
vt 0.69459718465805054 0.13523167371749878
vt 0.69459718465805054 0.14006136357784271
vt 0.69459718465805054 0.14489106833934784
vt 0.69459718465805054 0.14972077310085297
vt 0.69459718465805054 0.15455047786235809
vt 0.69459718465805054 0.15938016772270203
vt 0.69459718465805054 0.16420987248420715
vt 0.69459718465805054 0.16903957724571228
vt 0.69459718465805054 0.17386928200721741
vt 0.69459718465805054 0.17869897186756134
vt 0.69459718465805054 0.18352867662906647
vt 0.69459718465805054 0.18835839629173279
vt 0.69459718465805054 0.19318810105323792
vt 0.69459718465805054 0.19801780581474304
vt 0.69459718465805054 0.20284749567508698
vt 0.69459718465805054 0.2076772004365921
vt 0.69459718465805054 0.21250690519809723
vt 0.69459718465805054 0.21733660995960236
vt 0.69459718465805054 0.22216629981994629
vt 0.69459718465805054 0.22699600458145142
vt 0.69459718465805054 0.23182570934295654
vt 0.69459718465805054 0.23665541410446167
vt 0.69459718465805054 0.2414851039648056
vt 0.69459718465805054 0.24631480872631073
vt 0.69540870189666748 0
vt 0.69540870189666748 0.0048297024331986904
vt 0.69540870189666748 0.0096594048663973808
vt 0.69540870189666748 0.014489106833934784
vt 0.69540870189666748 0.019318809732794762
vt 0.69540870189666748 0.024148512631654739
vt 0.69540870189666748 0.028978213667869568
vt 0.69540870189666748 0.033807918429374695
vt 0.69540870189666748 0.038637619465589523
vt 0.69540870189666748 0.043467320501804352
vt 0.69540870189666748 0.048297025263309479
vt 0.69540870189666748 0.053126726299524307
vt 0.69540870189666748 0.057956427335739136
vt 0.69540870189666748 0.062786132097244263
vt 0.69540870189666748 0.06761583685874939
vt 0.69540870189666748 0.07244553416967392
vt 0.69540870189666748 0.077275238931179047
vt 0.69540870189666748 0.082104936242103577
vt 0.69540870189666748 0.086934641003608704
vt 0.69540870189666748 0.091764338314533234
vt 0.69540870189666748 0.096594050526618958
vt 0.69540870189666748 0.10142374783754349
vt 0.69540870189666748 0.10625345259904861
vt 0.69540870189666748 0.11108314990997314
vt 0.69540870189666748 0.11591285467147827
vt 0.69540870189666748 0.1207425519824028
vt 0.69540870189666748 0.12557226419448853
vt 0.69540870189666748 0.13040196895599365
vt 0.69540870189666748 0.13523167371749878
vt 0.69540870189666748 0.14006136357784271
vt 0.69540870189666748 0.14489106833934784
vt 0.69540870189666748 0.14972077310085297
vt 0.69540870189666748 0.15455047786235809
vt 0.69540870189666748 0.15938016772270203
vt 0.69540870189666748 0.16420987248420715
vt 0.69540870189666748 0.16903957724571228
vt 0.69540870189666748 0.17386928200721741
vt 0.69540870189666748 0.17869897186756134
vt 0.69540870189666748 0.18352867662906647
vt 0.69540870189666748 0.18835839629173279
vt 0.69540870189666748 0.19318810105323792
vt 0.69540870189666748 0.19801780581474304
vt 0.69540870189666748 0.20284749567508698
vt 0.69540870189666748 0.2076772004365921
vt 0.69540870189666748 0.21250690519809723
vt 0.69540870189666748 0.21733660995960236
vt 0.69540870189666748 0.22216629981994629
vt 0.69540870189666748 0.22699600458145142
vt 0.69540870189666748 0.23182570934295654
vt 0.69540870189666748 0.23665541410446167
vt 0.69540870189666748 0.2414851039648056
vt 0.69540870189666748 0.24631480872631073
vt 0.69540870189666748 0.25114452838897705
vt 0.6929430365562439 0
vt 0.69376492500305176 0
vt 0.69458681344985962 0
vt 0.69296938180923462 0.0024148512165993452
vt 0.69254529476165771 0.0048297024331986904
vt 0.69254529476165771 0.0024148512165993452
vt 0.69378560781478882 0.0024148512165993452
vt 0.69337749481201172 0.0048297024331986904
vt 0.69337749481201172 0.0024148512165993452
vt 0.69459718465805054 0.0024148512165993452
vt 0.69419139623641968 0.0048297024331986904
vt 0.69419139623641968 0.0024148512165993452
vt 0.6950029730796814 0.0048297024331986904
vt 0.6950029730796814 0.0024148512165993452
vt 0.69458681344985962 0.25114452838897705
vt 0.69376492500305176 0.25114452838897705
vt 0.6929430365562439 0.25114452838897705
vt 0.69459718465805054 0.24872967600822449
vt 0.6950029730796814 0.24631480872631073
vt 0.6950029730796814 0.24872967600822449
vt 0.69378560781478882 0.24872967600822449
vt 0.69419139623641968 0.24631480872631073
vt 0.69419139623641968 0.24872967600822449
vt 0.69296938180923462 0.24872967600822449
vt 0.69337749481201172 0.24631480872631073
vt 0.69337749481201172 0.24872967600822449
vt 0.69254529476165771 0.24631480872631073
vt 0.69254529476165771 0.24872967600822449
vt 0.74682360887527466 0.027241213247179985
vt 0.74682360887527466 0.03052876703441143
vt 0.75159305334091187 0.028089432045817375
vt 0.75159305334091187 0.028905658051371574
vt 0.75159305334091187 0.029717212542891502
vt 0.7562023401260376 0.027241213247179985
vt 0.7562023401260376 0.028089432045817375
vt 0.7562023401260376 0.028905658051371574
vt 0.7562023401260376 0.029717212542891502
vt 0.76074707508087158 0.027241213247179985
vt 0.76074707508087158 0.028089432045817375
vt 0.76074707508087158 0.028905658051371574
vt 0.76074707508087158 0.029717212542891502
vt 0.76529175043106079 0.027241213247179985
vt 0.76529175043106079 0.028089432045817375
vt 0.76529175043106079 0.028905658051371574
vt 0.76529175043106079 0.029717212542891502
vt 0.76983648538589478 0.027241213247179985
vt 0.76983648538589478 0.03052876703441143
vt 0.76600098609924316 0.03052876703441143
vt 0.76216548681259155 0.03052876703441143
vt 0.75833004713058472 0.03052876703441143
vt 0.75449454784393311 0.03052876703441143
vt 0.75065910816192627 0.03052876703441143
vt 0.74682360887527466 0.029706878587603569
vt 0.74682360887527466 0.028884990140795708
vt 0.74682360887527466 0.028063101693987846
vt 0.75159305334091187 0.030122989788651466
vt 0.74920833110809326 0.029717212542891502
vt 0.74920833110809326 0.030122989788651466
vt 0.75159305334091187 0.029311435297131538
vt 0.74920833110809326 0.028905658051371574
vt 0.74920833110809326 0.029311435297131538
vt 0.75159305334091187 0.028497545048594475
vt 0.74920833110809326 0.028089432045817375
vt 0.74920833110809326 0.028497545048594475
vt 0.75159305334091187 0.02766532264649868
vt 0.74920833110809326 0.02766532264649868
vt 0.76983648538589478 0.028063101693987846
vt 0.76983648538589478 0.028884990140795708
vt 0.76983648538589478 0.029706878587603569
vt 0.76756411790847778 0.028089432045817375
vt 0.76529175043106079 0.02766532264649868
vt 0.76756411790847778 0.02766532264649868
vt 0.76756411790847778 0.028905658051371574
vt 0.76529175043106079 0.028497545048594475
vt 0.76756411790847778 0.028497545048594475
vt 0.76756411790847778 0.029717212542891502
vt 0.76529175043106079 0.029311435297131538
vt 0.76756411790847778 0.029311435297131538
vt 0.76529175043106079 0.030122989788651466
vt 0.76756411790847778 0.030122989788651466
vt 0.74682360887527466 0.017418220639228821
vt 0.74682360887527466 0.020705774426460266
vt 0.75159305334091187 0.018266439437866211
vt 0.75159305334091187 0.019082663580775261
vt 0.75159305334091187 0.019894219934940338
vt 0.7562023401260376 0.017418220639228821
vt 0.7562023401260376 0.018266439437866211
vt 0.7562023401260376 0.019082663580775261
vt 0.7562023401260376 0.019894219934940338
vt 0.76074707508087158 0.017418220639228821
vt 0.76074707508087158 0.018266439437866211
vt 0.76074707508087158 0.019082663580775261
vt 0.76074707508087158 0.019894219934940338
vt 0.76529175043106079 0.017418220639228821
vt 0.76529175043106079 0.018266439437866211
vt 0.76529175043106079 0.019082663580775261
vt 0.76529175043106079 0.019894219934940338
vt 0.76983648538589478 0.017418220639228821
vt 0.76983648538589478 0.020705774426460266
vt 0.76600098609924316 0.020705774426460266
vt 0.76216548681259155 0.020705774426460266
vt 0.75833004713058472 0.020705774426460266
vt 0.75449454784393311 0.020705774426460266
vt 0.75065910816192627 0.020705774426460266
vt 0.76983648538589478 0.018240109086036682
vt 0.76983648538589478 0.019061997532844543
vt 0.76983648538589478 0.019883885979652405
vt 0.76756411790847778 0.018266439437866211
vt 0.76529175043106079 0.017842330038547516
vt 0.76756411790847778 0.017842330038547516
vt 0.76756411790847778 0.019082663580775261
vt 0.76529175043106079 0.018674552440643311
vt 0.76756411790847778 0.018674552440643311
vt 0.76756411790847778 0.019894219934940338
vt 0.76529175043106079 0.019488440826535225
vt 0.76756411790847778 0.019488440826535225
vt 0.76529175043106079 0.020299995318055153
vt 0.76756411790847778 0.020299995318055153
vt 0.74682360887527466 0.019883885979652405
vt 0.74682360887527466 0.019061997532844543
vt 0.74682360887527466 0.018240109086036682
vt 0.75159305334091187 0.020299995318055153
vt 0.74920833110809326 0.019894219934940338
vt 0.74920833110809326 0.020299995318055153
vt 0.75159305334091187 0.019488440826535225
vt 0.74920833110809326 0.019082663580775261
vt 0.74920833110809326 0.019488440826535225
vt 0.75159305334091187 0.018674552440643311
vt 0.74920833110809326 0.018266439437866211
vt 0.74920833110809326 0.018674552440643311
vt 0.75159305334091187 0.017842330038547516
vt 0.74920833110809326 0.017842330038547516
vt 0.54962527751922607 0.49747547507286072
vt 0.54962527751922607 0.50232559442520142
vt 0.54962527751922607 0.50717568397521973
vt 0.54962527751922607 0.51202577352523804
vt 0.54962527751922607 0.51687592267990112
vt 0.54962527751922607 0.52172601222991943
vt 0.54962527751922607 0.52657610177993774
vt 0.54962527751922607 0.53142625093460083
vt 0.54962527751922607 0.53627634048461914
vt 0.54962527751922607 0.54112643003463745
vt 0.54962527751922607 0.54597657918930054
vt 0.54962527751922607 0.55082666873931885
vt 0.54962527751922607 0.55567675828933716
vt 0.54962527751922607 0.56052684783935547
vt 0.54962527751922607 0.56537699699401855
vt 0.54962527751922607 0.57022708654403687
vt 0.54962527751922607 0.57507717609405518
vt 0.54962527751922607 0.57992732524871826
vt 0.54962527751922607 0.58477741479873657
vt 0.54962527751922607 0.58962750434875488
vt 0.54962527751922607 0.59447765350341797
vt 0.54962527751922607 0.59932774305343628
vt 0.54962527751922607 0.60417783260345459
vt 0.54962527751922607 0.60902798175811768
vt 0.54962527751922607 0.61387807130813599
vt 0.54962527751922607 0.6187281608581543
vt 0.54962527751922607 0.62357831001281738
vt 0.54962527751922607 0.62842839956283569
vt 0.54962527751922607 0.633278489112854
vt 0.54962527751922607 0.63812863826751709
vt 0.54962527751922607 0.6429787278175354
vt 0.54962527751922607 0.64782881736755371
vt 0.54962527751922607 0.6526789665222168
vt 0.54962527751922607 0.65752905607223511
vt 0.54962527751922607 0.66237914562225342
vt 0.54962527751922607 0.66722923517227173
vt 0.54962527751922607 0.67207938432693481
vt 0.54962527751922607 0.67692947387695312
vt 0.54962527751922607 0.68177962303161621
vt 0.54962527751922607 0.68662971258163452
vt 0.54962527751922607 0.69147980213165283
vt 0.54962527751922607 0.69632989168167114
vt 0.54962527751922607 0.70118004083633423
vt 0.54962527751922607 0.70603013038635254
vt 0.54962527751922607 0.71088021993637085
vt 0.54962527751922607 0.71573036909103394
vt 0.54962527751922607 0.72058045864105225
vt 0.54962527751922607 0.72543060779571533
vt 0.54962527751922607 0.73028069734573364
vt 0.54962527751922607 0.73513078689575195
vt 0.54962527751922607 0.73998087644577026
vt 0.54962527751922607 0.74483102560043335
vt 0.54962527751922607 0.74968111515045166
vt 0.54962527751922607 0.75453120470046997
vt 0.54962527751922607 0.75938135385513306
vt 0.54962527751922607 0.76423144340515137
vt 0.54962527751922607 0.76908153295516968
vt 0.54962527751922607 0.77393168210983276
vt 0.54962527751922607 0.77878177165985107
vt 0.54962527751922607 0.78363186120986938
vt 0.54962527751922607 0.7884819507598877
vt 0.54962527751922607 0.79333209991455078
vt 0.54962527751922607 0.79818218946456909
vt 0.54962527751922607 0.80303233861923218
vt 0.54962527751922607 0.80788242816925049
vt 0.54962527751922607 0.8127325177192688
vt 0.54962527751922607 0.81758266687393188
vt 0.54962527751922607 0.8224327564239502
vt 0.54962527751922607 0.82728284597396851
vt 0.54962527751922607 0.83213299512863159
vt 0.54962527751922607 0.8369830846786499
vt 0.54962527751922607 0.84183317422866821
vt 0.54962527751922607 0.84668326377868652
vt 0.54962527751922607 0.85153341293334961
vt 0.54962527751922607 0.85638350248336792
vt 0.54962527751922607 0.86123359203338623
vt 0.54962527751922607 0.86608374118804932
vt 0.54962527751922607 0.87093383073806763
vt 0.54962527751922607 0.87578397989273071
vt 0.54962527751922607 0.88063406944274902
vt 0.54962527751922607 0.88548415899276733
vt 0.54962527751922607 0.89033424854278564
vt 0.54962527751922607 0.89518439769744873
vt 0.54962527751922607 0.90003448724746704
vt 0.54962527751922607 0.90488457679748535
vt 0.54962527751922607 0.90973472595214844
vt 0.54962527751922607 0.91458481550216675
vt 0.55047351121902466 0.50232559442520142
vt 0.55047351121902466 0.50717568397521973
vt 0.55047351121902466 0.51202577352523804
vt 0.55047351121902466 0.51687592267990112
vt 0.55047351121902466 0.52172601222991943
vt 0.55047351121902466 0.52657610177993774
vt 0.55047351121902466 0.53142625093460083
vt 0.55047351121902466 0.53627634048461914
vt 0.55047351121902466 0.54112643003463745
vt 0.55047351121902466 0.54597657918930054
vt 0.55047351121902466 0.55082666873931885
vt 0.55047351121902466 0.55567675828933716
vt 0.55047351121902466 0.56052684783935547
vt 0.55047351121902466 0.56537699699401855
vt 0.55047351121902466 0.57022708654403687
vt 0.55047351121902466 0.57507717609405518
vt 0.55047351121902466 0.57992732524871826
vt 0.55047351121902466 0.58477741479873657
vt 0.55047351121902466 0.58962750434875488
vt 0.55047351121902466 0.59447765350341797
vt 0.55047351121902466 0.59932774305343628
vt 0.55047351121902466 0.60417783260345459
vt 0.55047351121902466 0.60902798175811768
vt 0.55047351121902466 0.61387807130813599
vt 0.55047351121902466 0.6187281608581543
vt 0.55047351121902466 0.62357831001281738
vt 0.55047351121902466 0.62842839956283569
vt 0.55047351121902466 0.633278489112854
vt 0.55047351121902466 0.63812863826751709
vt 0.55047351121902466 0.6429787278175354
vt 0.55047351121902466 0.64782881736755371
vt 0.55047351121902466 0.6526789665222168
vt 0.55047351121902466 0.65752905607223511
vt 0.55047351121902466 0.66237914562225342
vt 0.55047351121902466 0.66722923517227173
vt 0.55047351121902466 0.67207938432693481
vt 0.55047351121902466 0.67692947387695312
vt 0.55047351121902466 0.68177962303161621
vt 0.55047351121902466 0.68662971258163452
vt 0.55047351121902466 0.69147980213165283
vt 0.55047351121902466 0.69632989168167114
vt 0.55047351121902466 0.70118004083633423
vt 0.55047351121902466 0.70603013038635254
vt 0.55047351121902466 0.71088021993637085
vt 0.55047351121902466 0.71573036909103394
vt 0.55047351121902466 0.72058045864105225
vt 0.55047351121902466 0.72543060779571533
vt 0.55047351121902466 0.73028069734573364
vt 0.55047351121902466 0.73513078689575195
vt 0.55047351121902466 0.73998087644577026
vt 0.55047351121902466 0.74483102560043335
vt 0.55047351121902466 0.74968111515045166
vt 0.55047351121902466 0.75453120470046997
vt 0.55047351121902466 0.75938135385513306
vt 0.55047351121902466 0.76423144340515137
vt 0.55047351121902466 0.76908153295516968
vt 0.55047351121902466 0.77393168210983276
vt 0.55047351121902466 0.77878177165985107
vt 0.55047351121902466 0.78363186120986938
vt 0.55047351121902466 0.7884819507598877
vt 0.55047351121902466 0.79333209991455078
vt 0.55047351121902466 0.79818218946456909
vt 0.55047351121902466 0.80303233861923218
vt 0.55047351121902466 0.80788242816925049
vt 0.55047351121902466 0.8127325177192688
vt 0.55047351121902466 0.81758266687393188
vt 0.55047351121902466 0.8224327564239502
vt 0.55047351121902466 0.82728284597396851
vt 0.55047351121902466 0.83213299512863159
vt 0.55047351121902466 0.8369830846786499
vt 0.55047351121902466 0.84183317422866821
vt 0.55047351121902466 0.84668326377868652
vt 0.55047351121902466 0.85153341293334961
vt 0.55047351121902466 0.85638350248336792
vt 0.55047351121902466 0.86123359203338623
vt 0.55047351121902466 0.86608374118804932
vt 0.55047351121902466 0.87093383073806763
vt 0.55047351121902466 0.87578397989273071
vt 0.55047351121902466 0.88063406944274902
vt 0.55047351121902466 0.88548415899276733
vt 0.55047351121902466 0.89033424854278564
vt 0.55047351121902466 0.89518439769744873
vt 0.55047351121902466 0.90003448724746704
vt 0.55047351121902466 0.90488457679748535
vt 0.55047351121902466 0.90973472595214844
vt 0.55128973722457886 0.50232559442520142
vt 0.55128973722457886 0.50717568397521973
vt 0.55128973722457886 0.51202577352523804
vt 0.55128973722457886 0.51687592267990112
vt 0.55128973722457886 0.52172601222991943
vt 0.55128973722457886 0.52657610177993774
vt 0.55128973722457886 0.53142625093460083
vt 0.55128973722457886 0.53627634048461914
vt 0.55128973722457886 0.54112643003463745
vt 0.55128973722457886 0.54597657918930054
vt 0.55128973722457886 0.55082666873931885
vt 0.55128973722457886 0.55567675828933716
vt 0.55128973722457886 0.56052684783935547
vt 0.55128973722457886 0.56537699699401855
vt 0.55128973722457886 0.57022708654403687
vt 0.55128973722457886 0.57507717609405518
vt 0.55128973722457886 0.57992732524871826
vt 0.55128973722457886 0.58477741479873657
vt 0.55128973722457886 0.58962750434875488
vt 0.55128973722457886 0.59447765350341797
vt 0.55128973722457886 0.59932774305343628
vt 0.55128973722457886 0.60417783260345459
vt 0.55128973722457886 0.60902798175811768
vt 0.55128973722457886 0.61387807130813599
vt 0.55128973722457886 0.6187281608581543
vt 0.55128973722457886 0.62357831001281738
vt 0.55128973722457886 0.62842839956283569
vt 0.55128973722457886 0.633278489112854
vt 0.55128973722457886 0.63812863826751709
vt 0.55128973722457886 0.6429787278175354
vt 0.55128973722457886 0.64782881736755371
vt 0.55128973722457886 0.6526789665222168
vt 0.55128973722457886 0.65752905607223511
vt 0.55128973722457886 0.66237914562225342
vt 0.55128973722457886 0.66722923517227173
vt 0.55128973722457886 0.67207938432693481
vt 0.55128973722457886 0.67692947387695312
vt 0.55128973722457886 0.68177962303161621
vt 0.55128973722457886 0.68662971258163452
vt 0.55128973722457886 0.69147980213165283
vt 0.55128973722457886 0.69632989168167114
vt 0.55128973722457886 0.70118004083633423
vt 0.55128973722457886 0.70603013038635254
vt 0.55128973722457886 0.71088021993637085
vt 0.55128973722457886 0.71573036909103394
vt 0.55128973722457886 0.72058045864105225
vt 0.55128973722457886 0.72543060779571533
vt 0.55128973722457886 0.73028069734573364
vt 0.55128973722457886 0.73513078689575195
vt 0.55128973722457886 0.73998087644577026
vt 0.55128973722457886 0.74483102560043335
vt 0.55128973722457886 0.74968111515045166
vt 0.55128973722457886 0.75453120470046997
vt 0.55128973722457886 0.75938135385513306
vt 0.55128973722457886 0.76423144340515137
vt 0.55128973722457886 0.76908153295516968
vt 0.55128973722457886 0.77393168210983276
vt 0.55128973722457886 0.77878177165985107
vt 0.55128973722457886 0.78363186120986938
vt 0.55128973722457886 0.7884819507598877
vt 0.55128973722457886 0.79333209991455078
vt 0.55128973722457886 0.79818218946456909
vt 0.55128973722457886 0.80303233861923218
vt 0.55128973722457886 0.80788242816925049
vt 0.55128973722457886 0.8127325177192688
vt 0.55128973722457886 0.81758266687393188
vt 0.55128973722457886 0.8224327564239502
vt 0.55128973722457886 0.82728284597396851
vt 0.55128973722457886 0.83213299512863159
vt 0.55128973722457886 0.8369830846786499
vt 0.55128973722457886 0.84183317422866821
vt 0.55128973722457886 0.84668326377868652
vt 0.55128973722457886 0.85153341293334961
vt 0.55128973722457886 0.85638350248336792
vt 0.55128973722457886 0.86123359203338623
vt 0.55128973722457886 0.86608374118804932
vt 0.55128973722457886 0.87093383073806763
vt 0.55128973722457886 0.87578397989273071
vt 0.55128973722457886 0.88063406944274902
vt 0.55128973722457886 0.88548415899276733
vt 0.55128973722457886 0.89033424854278564
vt 0.55128973722457886 0.89518439769744873
vt 0.55128973722457886 0.90003448724746704
vt 0.55128973722457886 0.90488457679748535
vt 0.55128973722457886 0.90973472595214844
vt 0.55210131406784058 0.50232559442520142
vt 0.55210131406784058 0.50717568397521973
vt 0.55210131406784058 0.51202577352523804
vt 0.55210131406784058 0.51687592267990112
vt 0.55210131406784058 0.52172601222991943
vt 0.55210131406784058 0.52657610177993774
vt 0.55210131406784058 0.53142625093460083
vt 0.55210131406784058 0.53627634048461914
vt 0.55210131406784058 0.54112643003463745
vt 0.55210131406784058 0.54597657918930054
vt 0.55210131406784058 0.55082666873931885
vt 0.55210131406784058 0.55567675828933716
vt 0.55210131406784058 0.56052684783935547
vt 0.55210131406784058 0.56537699699401855
vt 0.55210131406784058 0.57022708654403687
vt 0.55210131406784058 0.57507717609405518
vt 0.55210131406784058 0.57992732524871826
vt 0.55210131406784058 0.58477741479873657
vt 0.55210131406784058 0.58962750434875488
vt 0.55210131406784058 0.59447765350341797
vt 0.55210131406784058 0.59932774305343628
vt 0.55210131406784058 0.60417783260345459
vt 0.55210131406784058 0.60902798175811768
vt 0.55210131406784058 0.61387807130813599
vt 0.55210131406784058 0.6187281608581543
vt 0.55210131406784058 0.62357831001281738
vt 0.55210131406784058 0.62842839956283569
vt 0.55210131406784058 0.633278489112854
vt 0.55210131406784058 0.63812863826751709
vt 0.55210131406784058 0.6429787278175354
vt 0.55210131406784058 0.64782881736755371
vt 0.55210131406784058 0.6526789665222168
vt 0.55210131406784058 0.65752905607223511
vt 0.55210131406784058 0.66237914562225342
vt 0.55210131406784058 0.66722923517227173
vt 0.55210131406784058 0.67207938432693481
vt 0.55210131406784058 0.67692947387695312
vt 0.55210131406784058 0.68177962303161621
vt 0.55210131406784058 0.68662971258163452
vt 0.55210131406784058 0.69147980213165283
vt 0.55210131406784058 0.69632989168167114
vt 0.55210131406784058 0.70118004083633423
vt 0.55210131406784058 0.70603013038635254
vt 0.55210131406784058 0.71088021993637085
vt 0.55210131406784058 0.71573036909103394
vt 0.55210131406784058 0.72058045864105225
vt 0.55210131406784058 0.72543060779571533
vt 0.55210131406784058 0.73028069734573364
vt 0.55210131406784058 0.73513078689575195
vt 0.55210131406784058 0.73998087644577026
vt 0.55210131406784058 0.74483102560043335
vt 0.55210131406784058 0.74968111515045166
vt 0.55210131406784058 0.75453120470046997
vt 0.55210131406784058 0.75938135385513306
vt 0.55210131406784058 0.76423144340515137
vt 0.55210131406784058 0.76908153295516968
vt 0.55210131406784058 0.77393168210983276
vt 0.55210131406784058 0.77878177165985107
vt 0.55210131406784058 0.78363186120986938
vt 0.55210131406784058 0.7884819507598877
vt 0.55210131406784058 0.79333209991455078
vt 0.55210131406784058 0.79818218946456909
vt 0.55210131406784058 0.80303233861923218
vt 0.55210131406784058 0.80788242816925049
vt 0.55210131406784058 0.8127325177192688
vt 0.55210131406784058 0.81758266687393188
vt 0.55210131406784058 0.8224327564239502
vt 0.55210131406784058 0.82728284597396851
vt 0.55210131406784058 0.83213299512863159
vt 0.55210131406784058 0.8369830846786499
vt 0.55210131406784058 0.84183317422866821
vt 0.55210131406784058 0.84668326377868652
vt 0.55210131406784058 0.85153341293334961
vt 0.55210131406784058 0.85638350248336792
vt 0.55210131406784058 0.86123359203338623
vt 0.55210131406784058 0.86608374118804932
vt 0.55210131406784058 0.87093383073806763
vt 0.55210131406784058 0.87578397989273071
vt 0.55210131406784058 0.88063406944274902
vt 0.55210131406784058 0.88548415899276733
vt 0.55210131406784058 0.89033424854278564
vt 0.55210131406784058 0.89518439769744873
vt 0.55210131406784058 0.90003448724746704
vt 0.55210131406784058 0.90488457679748535
vt 0.55210131406784058 0.90973472595214844
vt 0.55291283130645752 0.49747547507286072
vt 0.55291283130645752 0.50232559442520142
vt 0.55291283130645752 0.50717568397521973
vt 0.55291283130645752 0.51202577352523804
vt 0.55291283130645752 0.51687592267990112
vt 0.55291283130645752 0.52172601222991943
vt 0.55291283130645752 0.52657610177993774
vt 0.55291283130645752 0.53142625093460083
vt 0.55291283130645752 0.53627634048461914
vt 0.55291283130645752 0.54112643003463745
vt 0.55291283130645752 0.54597657918930054
vt 0.55291283130645752 0.55082666873931885
vt 0.55291283130645752 0.55567675828933716
vt 0.55291283130645752 0.56052684783935547
vt 0.55291283130645752 0.56537699699401855
vt 0.55291283130645752 0.57022708654403687
vt 0.55291283130645752 0.57507717609405518
vt 0.55291283130645752 0.57992732524871826
vt 0.55291283130645752 0.58477741479873657
vt 0.55291283130645752 0.58962750434875488
vt 0.55291283130645752 0.59447765350341797
vt 0.55291283130645752 0.59932774305343628
vt 0.55291283130645752 0.60417783260345459
vt 0.55291283130645752 0.60902798175811768
vt 0.55291283130645752 0.61387807130813599
vt 0.55291283130645752 0.6187281608581543
vt 0.55291283130645752 0.62357831001281738
vt 0.55291283130645752 0.62842839956283569
vt 0.55291283130645752 0.633278489112854
vt 0.55291283130645752 0.63812863826751709
vt 0.55291283130645752 0.6429787278175354
vt 0.55291283130645752 0.64782881736755371
vt 0.55291283130645752 0.6526789665222168
vt 0.55291283130645752 0.65752905607223511
vt 0.55291283130645752 0.66237914562225342
vt 0.55291283130645752 0.66722923517227173
vt 0.55291283130645752 0.67207938432693481
vt 0.55291283130645752 0.67692947387695312
vt 0.55291283130645752 0.68177962303161621
vt 0.55291283130645752 0.68662971258163452
vt 0.55291283130645752 0.69147980213165283
vt 0.55291283130645752 0.69632989168167114
vt 0.55291283130645752 0.70118004083633423
vt 0.55291283130645752 0.70603013038635254
vt 0.55291283130645752 0.71088021993637085
vt 0.55291283130645752 0.71573036909103394
vt 0.55291283130645752 0.72058045864105225
vt 0.55291283130645752 0.72543060779571533
vt 0.55291283130645752 0.73028069734573364
vt 0.55291283130645752 0.73513078689575195
vt 0.55291283130645752 0.73998087644577026
vt 0.55291283130645752 0.74483102560043335
vt 0.55291283130645752 0.74968111515045166
vt 0.55291283130645752 0.75453120470046997
vt 0.55291283130645752 0.75938135385513306
vt 0.55291283130645752 0.76423144340515137
vt 0.55291283130645752 0.76908153295516968
vt 0.55291283130645752 0.77393168210983276
vt 0.55291283130645752 0.77878177165985107
vt 0.55291283130645752 0.78363186120986938
vt 0.55291283130645752 0.7884819507598877
vt 0.55291283130645752 0.79333209991455078
vt 0.55291283130645752 0.79818218946456909
vt 0.55291283130645752 0.80303233861923218
vt 0.55291283130645752 0.80788242816925049
vt 0.55291283130645752 0.8127325177192688
vt 0.55291283130645752 0.81758266687393188
vt 0.55291283130645752 0.8224327564239502
vt 0.55291283130645752 0.82728284597396851
vt 0.55291283130645752 0.83213299512863159
vt 0.55291283130645752 0.8369830846786499
vt 0.55291283130645752 0.84183317422866821
vt 0.55291283130645752 0.84668326377868652
vt 0.55291283130645752 0.85153341293334961
vt 0.55291283130645752 0.85638350248336792
vt 0.55291283130645752 0.86123359203338623
vt 0.55291283130645752 0.86608374118804932
vt 0.55291283130645752 0.87093383073806763
vt 0.55291283130645752 0.87578397989273071
vt 0.55291283130645752 0.88063406944274902
vt 0.55291283130645752 0.88548415899276733
vt 0.55291283130645752 0.89033424854278564
vt 0.55291283130645752 0.89518439769744873
vt 0.55291283130645752 0.90003448724746704
vt 0.55291283130645752 0.90488457679748535
vt 0.55291283130645752 0.90973472595214844
vt 0.55291283130645752 0.91458481550216675
vt 0.55209094285964966 0.91458481550216675
vt 0.5512690544128418 0.91458481550216675
vt 0.55044716596603394 0.91458481550216675
vt 0.55210131406784058 0.91215974092483521
vt 0.55250704288482666 0.90973472595214844
vt 0.55250704288482666 0.91215974092483521
vt 0.55128973722457886 0.91215974092483521
vt 0.55169552564620972 0.90973472595214844
vt 0.55169552564620972 0.91215974092483521
vt 0.55047351121902466 0.91215974092483521
vt 0.55088162422180176 0.90973472595214844
vt 0.55088162422180176 0.91215974092483521
vt 0.55004942417144775 0.90973472595214844
vt 0.55004942417144775 0.91215974092483521
vt 0.55044716596603394 0.49747547507286072
vt 0.5512690544128418 0.49747547507286072
vt 0.55209094285964966 0.49747547507286072
vt 0.55047351121902466 0.49990051984786987
vt 0.55004942417144775 0.50232559442520142
vt 0.55004942417144775 0.49990051984786987
vt 0.55128973722457886 0.49990051984786987
vt 0.55088162422180176 0.50232559442520142
vt 0.55088162422180176 0.49990051984786987
vt 0.55210131406784058 0.49990051984786987
vt 0.55169552564620972 0.50232559442520142
vt 0.55169552564620972 0.49990051984786987
vt 0.55250704288482666 0.50232559442520142
vt 0.55250704288482666 0.49990051984786987
vn 0 -1 0
vn 0 -1 0
vn 0 -1 0
vn 0 -1 0
vn 0 -1 0
vn 0 -1 0
vn 0 -1 0
vn 0 -1 0
vn 0 -1 0
vn 0 -1 0
vn 0 -1 0
vn 0 -1 0
vn 0 -1 0
vn 0 -1 0
vn 0 -1 0
vn 0 -1 0
vn 0 -1 0
vn 0 -1 0
vn 0 -1 0
vn 0 -1 0
vn 0 -1 0
vn 0 -1 0
vn 0 -1 0
vn 0 -1 0
vn 0 -1 0
vn 0 -1 0
vn 0 -1 0
vn 0 -1 0
vn 0 -1 0
vn 0 -1 0
vn 0 -1 0
vn 0 -1 0
vn 0 -1 0
vn 0 -1 0
vn 0 -1 0
vn 0 -1 0
vn 0 -1 0
vn 0 -1 0
vn 0 -1 0
vn 0 -1 0
vn 0 -1 0
vn 0 -1 0
vn 0 -1 0
vn 0 -1 0
vn 0 -1 0
vn 0 -1 0
vn 0 -1 0
vn 0 -1 0
vn 0 -1 0
vn 0 -1 0
vn 0 -1 0
vn 0 -1 0
vn 0 -1 0
vn 0 -1 0
vn 0 -1 0
vn 0 -1 0
vn 0 -1 0
vn 0 -1 0
vn 0 -1 0
vn 0 -1 0
vn 0 -1 0
vn 0 -1 0
vn 0 -1 0
vn 0 -1 0
vn 0 -1 0
vn 0 -1 0
vn 0 -1 0
vn 0 -1 0
vn 0 -1 0
vn 0 -1 0
vn 0 -1 0
vn 0 -1 0
vn 0 -1 0
vn 0 -1 0
vn 0 -1 0
vn 0 -1 0
vn 0 -1 0
vn 0 -1 0
vn 0 -1 0
vn 0 -1 0
vn 0 -1 0
vn 0 -1 0
vn 0 -1 0
vn 0 -1 0
vn 0 -1 0
vn 0 -1 0
vn 0 -1 0
vn 0 -1 0
vn 0 -1 0
vn 0 -1 0
vn 0 -1 0
vn 0 -1 0
vn 0 -1 0
vn 0 -1 0
vn 0 -1 0
vn 0 -1 0
vn 0 -1 0
vn 0 -1 0
vn 0 -1 0
vn 0 -1 0
vn 0 -1 0
vn 0 -1 0
vn 0 -1 0
vn 0 -1 0
vn 0 0 1
vn 0 0 1
vn 0 0 1
vn 0 0 1
vn 0 0 1
vn 0 0 1
vn 0 0 1
vn 0 0 1
vn 0 0 1
vn 0 0 1
vn 0 0 1
vn 0 0 1
vn 0 0 1
vn 0 0 1
vn 0 0 1
vn 0 0 1
vn 0 0 1
vn 0 0 1
vn 0 0 1
vn 0 0 1
vn 0 0 1
vn 0 0 1
vn 0 0 1
vn 0 0 1
vn 0 0 1
vn 0 0 1
vn 0 0 1
vn 0 0 1
vn 0 0 1
vn 0 0 1
vn 0 0 1
vn 0 0 1
vn 0 0 1
vn 0 0 1
vn 0 0 1
vn 0 0 1
vn 0 0 1
vn 0 0 1
vn 0 0 1
vn 0 0 1
vn 0 0 1
vn 0 0 1
vn 0 0 1
vn 0 0 1
vn 0 0 1
vn 0 0 1
vn 0 0 -1
vn 0 0 -1
vn 0 0 -1
vn 0 0 -1
vn 0 0 -1
vn 0 0 -1
vn 0 0 -1
vn 0 0 -1
vn 0 0 -1
vn 0 0 -1
vn 0 0 -1
vn 0 0 -1
vn 0 0 -1
vn 0 0 -1
vn 0 0 -1
vn 0 0 -1
vn 0 0 -1
vn 0 0 -1
vn 0 0 -1
vn 0 0 -1
vn 0 0 -1
vn 0 0 -1
vn 0 0 -1
vn 0 0 -1
vn 0 0 -1
vn 0 0 -1
vn 0 0 -1
vn 0 0 -1
vn 0 0 -1
vn 0 0 -1
vn 0 0 -1
vn 0 0 -1
vn 0 0 -1
vn 0 0 -1
vn 0 0 -1
vn 0 0 -1
vn 0 0 -1
vn 0 0 -1
vn 0 0 -1
vn 0 0 -1
vn 0 0 -1
vn 0 0 -1
vn 0 0 -1
vn 0 0 -1
vn 0 0 -1
vn 0 0 -1
vn 0 1 0
vn 0 1 0
vn 0 1 0
vn 0 1 0
vn 0 1 0
vn 0 1 0
vn 0 1 0
vn 0 1 0
vn 0 1 0
vn 0 1 0
vn 0 1 0
vn 0 1 0
vn 0 1 0
vn 0 1 0
vn 0 1 0
vn 0 1 0
vn 0 1 0
vn 0 1 0
vn 0 1 0
vn 0 1 0
vn 0 1 0
vn 0 1 0
vn 0 1 0
vn 0 1 0
vn 0 1 0
vn 0 1 0
vn 0 1 0
vn 1 0 0
vn 1 0 0
vn 1 0 0
vn 1 0 0
vn 1 0 0
vn 1 0 0
vn 1 0 0
vn 1 0 0
vn 1 0 0
vn 1 0 0
vn 1 0 0
vn 1 0 0
vn 1 0 0
vn 1 0 0
vn 1 0 0
vn 1 0 0
vn 1 0 0
vn 1 0 0
vn 1 0 0
vn 1 0 0
vn 1 0 0
vn 1 0 0
vn 1 0 0
vn 1 0 0
vn 1 0 0
vn 1 0 0
vn 1 0 0
vn 1 0 0
vn 1 0 0
vn 1 0 0
vn 1 0 0
vn 1 0 0
vn 1 0 0
vn 1 0 0
vn 1 0 0
vn 1 0 0
vn 1 0 0
vn 1 0 0
vn 1 0 0
vn 1 0 0
vn 1 0 0
vn 1 0 0
vn 1 0 0
vn 1 0 0
vn 1 0 0
vn 1 0 0
vn 1 0 0
vn 1 0 0
vn 1 0 0
vn 1 0 0
vn 1 0 0
vn 1 0 0
vn 1 0 0
vn 1 0 0
vn 1 0 0
vn 1 0 0
vn 1 0 0
vn 1 0 0
vn 1 0 0
vn 1 0 0
vn 1 0 0
vn 1 0 0
vn 1 0 0
vn 1 0 0
vn 1 0 0
vn 1 0 0
vn 1 0 0
vn 1 0 0
vn 1 0 0
vn 1 0 0
vn 1 0 0
vn 1 0 0
vn 1 0 0
vn 1 0 0
vn 1 0 0
vn 1 0 0
vn 1 0 0
vn 1 0 0
vn 1 0 0
vn 1 0 0
vn 1 0 0
vn 1 0 0
vn 1 0 0
vn 1 0 0
vn 1 0 0
vn 1 0 0
vn 1 0 0
vn 1 0 0
vn 1 0 0
vn 1 0 0
vn 1 0 0
vn 1 0 0
vn 1 0 0
vn 1 0 0
vn 1 0 0
vn 1 0 0
vn 1 0 0
vn 1 0 0
vn 1 0 0
vn 1 0 0
vn 1 0 0
vn 1 0 0
vn 1 0 0
vn 1 0 0
vn 1 0 0
vn 1 0 0
vn 1 0 0
vn 1 0 0
vn 1 0 0
vn 1 0 0
vn 1 0 0
vn 1 0 0
vn 1 0 0
vn 1 0 0
vn 1 0 0
vn 1 0 0
vn 1 0 0
vn 1 0 0
vn 1 0 0
vn 1 0 0
vn 1 0 0
vn 1 0 0
vn 1 0 0
vn 1 0 0
vn 1 0 0
vn 1 0 0
vn 1 0 0
vn 1 0 0
vn 1 0 0
vn 1 0 0
vn 1 0 0
vn 1 0 0
vn 1 0 0
vn 1 0 0
vn 1 0 0
vn 1 0 0
vn 1 0 0
vn 1 0 0
vn 1 0 0
vn 1 0 0
vn 1 0 0
vn 1 0 0
vn 1 0 0
vn 1 0 0
vn 1 0 0
vn 1 0 0
vn 1 0 0
vn 1 0 0
vn 1 0 0
vn 1 0 0
vn 1 0 0
vn 1 0 0
vn 1 0 0
vn 1 0 0
vn 1 0 0
vn 1 0 0
vn 1 0 0
vn 1 0 0
vn 1 0 0
vn 1 0 0
vn 1 0 0
vn 1 0 0
vn 1 0 0
vn 1 0 0
vn 1 0 0
vn 1 0 0
vn 1 0 0
vn 1 0 0
vn 1 0 0
vn 1 0 0
vn 1 0 0
vn 1 0 0
vn 1 0 0
vn 1 0 0
vn 1 0 0
vn 1 0 0
vn 1 0 0
vn 1 0 0
vn 1 0 0
vn 1 0 0
vn 1 0 0
vn 1 0 0
vn 1 0 0
vn 1 0 0
vn 1 0 0
vn 1 0 0
vn 1 0 0
vn 1 0 0
vn 1 0 0
vn 1 0 0
vn 1 0 0
vn 1 0 0
vn 1 0 0
vn 1 0 0
vn 1 0 0
vn 1 0 0
vn 1 0 0
vn 1 0 0
vn 1 0 0
vn 1 0 0
vn 1 0 0
vn 1 0 0
vn 1 0 0
vn 1 0 0
vn 1 0 0
vn 1 0 0
vn 1 0 0
vn 1 0 0
vn 1 0 0
vn 1 0 0
vn 1 0 0
vn 1 0 0
vn 1 0 0
vn 1 0 0
vn 1 0 0
vn 1 0 0
vn 1 0 0
vn 1 0 0
vn 1 0 0
vn 1 0 0
vn 1 0 0
vn 1 0 0
vn 1 0 0
vn 1 0 0
vn 1 0 0
vn 1 0 0
vn 1 0 0
vn 1 0 0
vn 1 0 0
vn 1 0 0
vn 1 0 0
vn 1 0 0
vn 1 0 0
vn 1 0 0
vn 1 0 0
vn 1 0 0
vn 1 0 0
vn 1 0 0
vn 1 0 0
vn 1 0 0
vn 1 0 0
vn 1 0 0
vn 1 0 0
vn 1 0 0
vn 1 0 0
vn 1 0 0
vn 1 0 0
vn 1 0 0
vn 1 0 0
vn 1 0 0
vn 1 0 0
vn 1 0 0
vn 1 0 0
vn 1 0 0
vn 1 0 0
vn 1 0 0
vn 1 0 0
vn 1 0 0
vn 1 0 0
vn 1 0 0
vn 1 0 0
vn 1 0 0
vn 1 0 0
vn 1 0 0
vn 1 0 0
vn 1 0 0
vn 1 0 0
vn 1 0 0
vn 1 0 0
vn 1 0 0
vn 1 0 0
vn 1 0 0
vn 1 0 0
vn 1 0 0
vn 1 0 0
vn 1 0 0
vn 1 0 0
vn 1 0 0
vn 1 0 0
vn 1 0 0
vn 1 0 0
vn 1 0 0
vn 1 0 0
vn 1 0 0
vn 1 0 0
vn 1 0 0
vn 1 0 0
vn 1 0 0
vn 1 0 0
vn 1 0 0
vn 1 0 0
vn 1 0 0
vn 1 0 0
vn 1 0 0
vn 1 0 0
vn 1 0 0
vn 1 0 0
vn 1 0 0
vn 1 0 0
vn 1 0 0
vn 1 0 0
vn 1 0 0
vn 1 0 0
vn 1 0 0
vn 1 0 0
vn 1 0 0
vn 1 0 0
vn 1 0 0
vn 1 0 0
vn 1 0 0
vn 1 0 0
vn 1 0 0
vn 1 0 0
vn 1 0 0
vn 1 0 0
vn 1 0 0
vn 1 0 0
vn 1 0 0
vn 1 0 0
vn 1 0 0
vn 1 0 0
vn 1 0 0
vn 1 0 0
vn 1 0 0
vn 1 0 0
vn 1 0 0
vn 1 0 0
vn 1 0 0
vn 1 0 0
vn 1 0 0
vn 1 0 0
vn 1 0 0
vn 1 0 0
vn 1 0 0
vn 1 0 0
vn 1 0 0
vn 1 0 0
vn 1 0 0
vn 1 0 0
vn 1 0 0
vn 1 0 0
vn 1 0 0
vn 1 0 0
vn 1 0 0
vn 1 0 0
vn 1 0 0
vn 1 0 0
vn 1 0 0
vn 1 0 0
vn 1 0 0
vn 1 0 0
vn 1 0 0
vn 1 0 0
vn 1 0 0
vn 1 0 0
vn 1 0 0
vn 1 0 0
vn 1 0 0
vn 1 0 0
vn 1 0 0
vn 1 0 0
vn 1 0 0
vn 1 0 0
vn 1 0 0
vn 1 0 0
vn 1 0 0
vn 1 0 0
vn 1 0 0
vn 1 0 0
vn 1 0 0
vn 1 0 0
vn 1 0 0
vn 1 0 0
vn 1 0 0
vn 1 0 0
vn 1 0 0
vn 1 0 0
vn 1 0 0
vn 1 0 0
vn 1 0 0
vn 1 0 0
vn 1 0 0
vn 1 0 0
vn 1 0 0
vn 1 0 0
vn 1 0 0
vn 1 0 0
vn 1 0 0
vn 1 0 0
vn 1 0 0
vn 1 0 0
vn 1 0 0
vn 1 0 0
vn 1 0 0
vn 1 0 0
vn 1 0 0
vn 1 0 0
vn 1 0 0
vn 1 0 0
vn 1 0 0
vn 1 0 0
vn 1 0 0
vn 1 0 0
vn 1 0 0
vn 1 0 0
vn 1 0 0
vn 1 0 0
vn 1 0 0
vn 1 0 0
vn 1 0 0
vn 1 0 0
vn 1 0 0
vn 1 0 0
vn 1 0 0
vn 1 0 0
vn 1 0 0
vn 1 0 0
vn 1 0 0
vn 1 0 0
vn 1 0 0
vn 1 0 0
vn 1 0 0
vn 1 0 0
vn 1 0 0
vn 1 0 0
vn 1 0 0
vn 1 0 0
vn 1 0 0
vn 1 0 0
vn 1 0 0
vn 1 0 0
vn 1 0 0
vn 1 0 0
vn 1 0 0
vn 1 0 0
vn 1 0 0
vn 1 0 0
vn 1 0 0
vn 1 0 0
vn 1 0 0
vn 1 0 0
vn 1 0 0
vn 1 0 0
vn 1 0 0
vn 1 0 0
vn 1 0 0
vn 1 0 0
vn 1 0 0
vn 1 0 0
vn 1 0 0
vn 1 0 0
vn 1 0 0
vn 1 0 0
vn 1 0 0
vn 1 0 0
vn 1 0 0
vn 1 0 0
vn 1 0 0
vn 1 0 0
vn 1 0 0
vn 1 0 0
vn 1 0 0
vn 1 0 0
vn 1 0 0
vn 1 0 0
vn 1 0 0
vn 1 0 0
vn 1 0 0
vn 1 0 0
vn 1 0 0
vn 1 0 0
vn 1 0 0
vn 1 0 0
vn 1 0 0
vn 1 0 0
vn 1 0 0
vn 1 0 0
vn 1 0 0
vn 1 0 0
vn 1 0 0
vn 1 0 0
vn 1 0 0
vn 1 0 0
vn 1 0 0
vn 1 0 0
vn 1 0 0
vn 1 0 0
vn 1 0 0
vn 1 0 0
vn 1 0 0
vn 1 0 0
vn 1 0 0
vn 1 0 0
vn 1 0 0
vn 1 0 0
vn 1 0 0
vn 1 0 0
vn 1 0 0
vn 1 0 0
vn 1 0 0
vn 1 0 0
vn 1 0 0
vn 1 0 0
vn 1 0 0
vn 1 0 0
vn 1 0 0
vn 1 0 0
vn 1 0 0
vn 1 0 0
vn 1 0 0
vn 1 0 0
vn 1 0 0
vn 1 0 0
vn 1 0 0
vn 1 0 0
vn 1 0 0
vn 1 0 0
vn 1 0 0
vn 1 0 0
vn 1 0 0
vn 1 0 0
vn 1 0 0
vn 1 0 0
vn 1 0 0
vn 1 0 0
vn 1 0 0
vn 1 0 0
vn 1 0 0
vn 1 0 0
vn 1 0 0
vn 1 0 0
vn 1 0 0
vn 1 0 0
vn 1 0 0
vn 1 0 0
vn 1 0 0
vn 1 0 0
vn 1 0 0
vn 1 0 0
vn 1 0 0
vn 1 0 0
vn 1 0 0
vn 1 0 0
vn 1 0 0
vn 1 0 0
vn 1 0 0
vn 1 0 0
vn 1 0 0
vn 1 0 0
vn 1 0 0
vn 1 0 0
vn 1 0 0
vn 1 0 0
vn 1 0 0
vn 1 0 0
vn 1 0 0
vn 1 0 0
vn 1 0 0
vn 1 0 0
vn 1 0 0
vn 1 0 0
vn 1 0 0
vn 1 0 0
vn 1 0 0
vn 1 0 0
vn 1 0 0
vn 1 0 0
vn 1 0 0
vn 1 0 0
vn 1 0 0
vn 1 0 0
vn 1 0 0
vn 1 0 0
vn 1 0 0
vn 1 0 0
vn 1 0 0
vn 1 0 0
vn 1 0 0
vn 1 0 0
vn 1 0 0
vn 1 0 0
vn 1 0 0
vn 1 0 0
vn 1 0 0
vn 1 0 0
vn 1 0 0
vn 1 0 0
vn 1 0 0
vn 1 0 0
vn 1 0 0
vn 1 0 0
vn 1 0 0
vn 1 0 0
vn 1 0 0
vn 1 0 0
vn 1 0 0
vn 1 0 0
vn 1 0 0
vn 1 0 0
vn 1 0 0
vn 1 0 0
vn 1 0 0
vn -1 0 0
vn -1 0 0
vn -1 0 0
vn -1 0 0
vn -1 0 0
vn -1 0 0
vn -1 0 0
vn -1 0 0
vn -1 0 0
vn -1 0 0
vn -1 0 0
vn -1 0 0
vn -1 0 0
vn -1 0 0
vn -1 0 0
vn -1 0 0
vn -1 0 0
vn -1 0 0
vn -1 0 0
vn -1 0 0
vn -1 0 0
vn -1 0 0
vn -1 0 0
vn -1 0 0
vn -1 0 0
vn -1 0 0
vn -1 0 0
vn -1 0 0
vn -1 0 0
vn -1 0 0
vn -1 0 0
vn -1 0 0
vn -1 0 0
vn -1 0 0
vn -1 0 0
vn -1 0 0
vn -1 0 0
vn -1 0 0
vn -1 0 0
vn -1 0 0
vn -1 0 0
vn -1 0 0
vn -1 0 0
vn -1 0 0
vn -1 0 0
vn -1 0 0
vn -1 0 0
vn -1 0 0
vn -1 0 0
vn -1 0 0
vn -1 0 0
vn -1 0 0
vn -1 0 0
vn -1 0 0
vn -1 0 0
vn -1 0 0
vn -1 0 0
vn -1 0 0
vn -1 0 0
vn -1 0 0
vn -1 0 0
vn -1 0 0
vn -1 0 0
vn -1 0 0
vn -1 0 0
vn -1 0 0
vn -1 0 0
vn -1 0 0
vn -1 0 0
vn -1 0 0
vn -1 0 0
vn -1 0 0
vn -1 0 0
vn -1 0 0
vn -1 0 0
vn -1 0 0
vn -1 0 0
vn -1 0 0
vn -1 0 0
vn -1 0 0
vn -1 0 0
vn -1 0 0
vn -1 0 0
vn -1 0 0
vn -1 0 0
vn -1 0 0
vn -1 0 0
vn -1 0 0
vn -1 0 0
vn -1 0 0
vn -1 0 0
vn -1 0 0
vn -1 0 0
vn -1 0 0
vn -1 0 0
vn -1 0 0
vn -1 0 0
vn -1 0 0
vn -1 0 0
vn -1 0 0
vn -1 0 0
vn -1 0 0
vn -1 0 0
vn -1 0 0
vn -1 0 0
vn -1 0 0
vn -1 0 0
vn -1 0 0
vn -1 0 0
vn -1 0 0
vn -1 0 0
vn -1 0 0
vn -1 0 0
vn -1 0 0
vn -1 0 0
vn -1 0 0
vn -1 0 0
vn -1 0 0
vn -1 0 0
vn -1 0 0
vn -1 0 0
vn -1 0 0
vn -1 0 0
vn -1 0 0
vn -1 0 0
vn -1 0 0
vn -1 0 0
vn -1 0 0
vn -1 0 0
vn -1 0 0
vn -1 0 0
vn -1 0 0
vn -1 0 0
vn -1 0 0
vn -1 0 0
vn -1 0 0
vn -1 0 0
vn -1 0 0
vn -1 0 0
vn -1 0 0
vn -1 0 0
vn -1 0 0
vn -1 0 0
vn -1 0 0
vn -1 0 0
vn -1 0 0
vn -1 0 0
vn -1 0 0
vn -1 0 0
vn -1 0 0
vn -1 0 0
vn -1 0 0
vn -1 0 0
vn -1 0 0
vn -1 0 0
vn -1 0 0
vn -1 0 0
vn -1 0 0
vn -1 0 0
vn -1 0 0
vn -1 0 0
vn -1 0 0
vn -1 0 0
vn -1 0 0
vn -1 0 0
vn -1 0 0
vn -1 0 0
vn -1 0 0
vn -1 0 0
vn -1 0 0
vn -1 0 0
vn -1 0 0
vn -1 0 0
vn -1 0 0
vn -1 0 0
vn -1 0 0
vn -1 0 0
vn -1 0 0
vn -1 0 0
vn -1 0 0
vn -1 0 0
vn -1 0 0
vn -1 0 0
vn -1 0 0
vn -1 0 0
vn -1 0 0
vn -1 0 0
vn -1 0 0
vn -1 0 0
vn -1 0 0
vn -1 0 0
vn -1 0 0
vn -1 0 0
vn -1 0 0
vn -1 0 0
vn -1 0 0
vn -1 0 0
vn -1 0 0
vn 0 0 -1
vn 0 0 -1
vn 0 -1 0
vn 0 -1 0
vn 0 -0.98982143402099609 -0.14231483638286591
vn 0 -0.95949298143386841 -0.28173255920410156
vn 0 -0.90963196754455566 -0.41541501879692078
vn 0 -0.84125351905822754 -0.54064083099365234
vn 0 -0.75574958324432373 -0.6548607349395752
vn 0 -0.6548607349395752 -0.75574958324432373
vn 0 -0.54064083099365234 -0.84125351905822754
vn 0 -0.41541501879692078 -0.90963196754455566
vn 0 -0.28173255920410156 -0.95949298143386841
vn 0 -0.14231483638286591 -0.98982143402099609
vn 0 -0.14231483638286591 -0.98982143402099609
vn 0 -0.28173255920410156 -0.95949298143386841
vn 0 -0.41541501879692078 -0.90963196754455566
vn 0 -0.54064083099365234 -0.84125351905822754
vn 0 -0.6548607349395752 -0.75574958324432373
vn 0 -0.75574958324432373 -0.6548607349395752
vn 0 -0.84125351905822754 -0.54064083099365234
vn 0 -0.90963196754455566 -0.41541501879692078
vn 0 -0.95949298143386841 -0.28173255920410156
vn 0 -0.98982143402099609 -0.14231483638286591
vn 0 -1 0
vn 0 -1 0
vn 0 0 1
vn 0 0 1
vn 0 -0.14231483638286591 0.98982143402099609
vn 0 -0.28173255920410156 0.95949298143386841
vn 0 -0.41541501879692078 0.90963196754455566
vn 0 -0.54064083099365234 0.84125351905822754
vn 0 -0.6548607349395752 0.75574958324432373
vn 0 -0.75574958324432373 0.6548607349395752
vn 0 -0.84125351905822754 0.54064083099365234
vn 0 -0.90963196754455566 0.41541501879692078
vn 0 -0.95949298143386841 0.28173255920410156
vn 0 -0.98982143402099609 0.14231483638286591
vn 0 -0.98982143402099609 0.14231483638286591
vn 0 -0.95949298143386841 0.28173255920410156
vn 0 -0.90963196754455566 0.41541501879692078
vn 0 -0.84125351905822754 0.54064083099365234
vn 0 -0.75574958324432373 0.6548607349395752
vn 0 -0.6548607349395752 0.75574958324432373
vn 0 -0.54064083099365234 0.84125351905822754
vn 0 -0.41541501879692078 0.90963196754455566
vn 0 -0.28173255920410156 0.95949298143386841
vn 0 -0.14231483638286591 0.98982143402099609
vn 0 1 0
vn 0 1 0
vn 0 0 -1
vn 0 0 -1
vn 0 0.14231483638286591 -0.98982143402099609
vn 0 0.28173255920410156 -0.95949298143386841
vn 0 0.41541501879692078 -0.90963196754455566
vn 0 0.54064083099365234 -0.84125351905822754
vn 0 0.6548607349395752 -0.75574958324432373
vn 0 0.75574958324432373 -0.6548607349395752
vn 0 0.84125351905822754 -0.54064083099365234
vn 0 0.90963196754455566 -0.41541501879692078
vn 0 0.95949298143386841 -0.28173255920410156
vn 0 0.98982143402099609 -0.14231483638286591
vn 0 0.98982143402099609 -0.14231483638286591
vn 0 0.95949298143386841 -0.28173255920410156
vn 0 0.90963196754455566 -0.41541501879692078
vn 0 0.84125351905822754 -0.54064083099365234
vn 0 0.75574958324432373 -0.6548607349395752
vn 0 0.6548607349395752 -0.75574958324432373
vn 0 0.54064083099365234 -0.84125351905822754
vn 0 0.41541501879692078 -0.90963196754455566
vn 0 0.28173255920410156 -0.95949298143386841
vn 0 0.14231483638286591 -0.98982143402099609
vn 0 0 1
vn 0 0 1
vn 0 1 0
vn 0 1 0
vn 0 0.98982143402099609 0.14231483638286591
vn 0 0.95949298143386841 0.28173255920410156
vn 0 0.90963196754455566 0.41541501879692078
vn 0 0.84125351905822754 0.54064083099365234
vn 0 0.75574958324432373 0.6548607349395752
vn 0 0.6548607349395752 0.75574958324432373
vn 0 0.54064083099365234 0.84125351905822754
vn 0 0.41541501879692078 0.90963196754455566
vn 0 0.28173255920410156 0.95949298143386841
vn 0 0.14231483638286591 0.98982143402099609
vn 0 0.14231483638286591 0.98982143402099609
vn 0 0.28173255920410156 0.95949298143386841
vn 0 0.41541501879692078 0.90963196754455566
vn 0 0.54064083099365234 0.84125351905822754
vn 0 0.6548607349395752 0.75574958324432373
vn 0 0.75574958324432373 0.6548607349395752
vn 0 0.84125351905822754 0.54064083099365234
vn 0 0.90963196754455566 0.41541501879692078
vn 0 0.95949298143386841 0.28173255920410156
vn 0 0.98982143402099609 0.14231483638286591
vn -1 0 0
vn 0 0 1
vn -0.91899228096008301 -0.080628812313079834 0.38594329357147217
vn -0.70008993148803711 -0.14602319896221161 0.69896447658538818
vn -0.37811726331710815 -0.18931616842746735 0.90619355440139771
vn -1 0 0
vn -0.91899228096008301 -0.15545323491096497 0.36233618855476379
vn -0.70008993148803711 -0.28153431415557861 0.65621072053909302
vn -0.37811726331710815 -0.36500364542007446 0.85076415538787842
vn -1 0 0
vn -0.91899228096008301 -0.22307750582695007 0.32509946823120117
vn -0.70008993148803711 -0.40400558710098267 0.58877295255661011
vn -0.37811726331710815 -0.52378523349761963 0.76333242654800415
vn -1 0 0
vn -0.91899228096008301 -0.28153431415557861 0.27602836489677429
vn -0.70008993148803711 -0.50987410545349121 0.49990248680114746
vn -0.37811726331710815 -0.66104161739349365 0.6481136679649353
vn -1 0 0
vn -0.91899228096008301 -0.32944142818450928 0.21661387383937836
vn -0.70008993148803711 -0.59663647413253784 0.3922995924949646
vn -0.37811726331710815 -0.77352738380432129 0.50860863924026489
vn -1 0 0
vn -0.91899228096008301 -0.36500364542007446 0.14908239245414734
vn -0.70008993148803711 -0.66104161739349365 0.26999640464782715
vn -0.37811726331710815 -0.85702735185623169 0.35004496574401855
vn -1 0 0
vn -0.91899228096008301 -0.38688838481903076 0.075964473187923431
vn -0.70008993148803711 -0.7006760835647583 0.13757583498954773
vn -0.37811726331710815 -0.9084126353263855 0.1783643364906311
vn -1 0 0
vn 0 -1 0
vn 0 -0.98982143402099609 0.14231483638286591
vn 0 -0.95949298143386841 0.28173255920410156
vn 0 -0.90963196754455566 0.41541501879692078
vn 0 -0.84125351905822754 0.54064083099365234
vn 0 -0.75574958324432373 0.6548607349395752
vn 0 -0.6548607349395752 0.75574958324432373
vn 0 -0.54064083099365234 0.84125351905822754
vn 0 -0.41541501879692078 0.90963196754455566
vn 0 -0.28173255920410156 0.95949298143386841
vn 0 -0.14231483638286591 0.98982143402099609
vn -0.92387950420379639 -0.38268342614173889 0
vn -0.70710676908493042 -0.70710676908493042 0
vn -0.38268342614173889 -0.92387950420379639 0
vn -0.38268342614173889 0 0.92387950420379639
vn -0.70710676908493042 0 0.70710676908493042
vn -0.92387950420379639 0 0.38268342614173889
vn 0 0 1
vn 0 0 1
vn 0 0 1
vn 0 0 1
vn 0 0 1
vn 0 0 1
vn 0 0 1
vn 0 0 1
vn 0 0 1
vn 0 0 1
vn 0 0 1
vn 0 0 1
vn 0 0 1
vn 0 0 1
vn 0 0 1
vn 0 0 1
vn 0 0 1
vn 0 0 1
vn 0 0 1
vn 0 0 1
vn 0 0 1
vn 0 0 1
vn 0 0 1
vn -0.39427557587623596 0 0.91899228096008301
vn -0.39427557587623596 0 0.91899228096008301
vn -0.39427557587623596 0 0.91899228096008301
vn -0.39427557587623596 0 0.91899228096008301
vn -0.39427557587623596 0 0.91899228096008301
vn -0.39427557587623596 0 0.91899228096008301
vn -0.39427557587623596 0 0.91899228096008301
vn -0.39427557587623596 0 0.91899228096008301
vn -0.39427557587623596 0 0.91899228096008301
vn -0.39427557587623596 0 0.91899228096008301
vn -0.39427557587623596 0 0.91899228096008301
vn -0.39427557587623596 0 0.91899228096008301
vn -0.39427557587623596 0 0.91899228096008301
vn -0.39427557587623596 0 0.91899228096008301
vn -0.39427557587623596 0 0.91899228096008301
vn -0.39427557587623596 0 0.91899228096008301
vn -0.39427557587623596 0 0.91899228096008301
vn -0.39427557587623596 0 0.91899228096008301
vn -0.39427557587623596 0 0.91899228096008301
vn -0.39427557587623596 0 0.91899228096008301
vn -0.39427557587623596 0 0.91899228096008301
vn -0.71405470371246338 0 0.70008993148803711
vn -0.71405470371246338 0 0.70008993148803711
vn -0.71405470371246338 0 0.70008993148803711
vn -0.71405470371246338 0 0.70008993148803711
vn -0.71405470371246338 0 0.70008993148803711
vn -0.71405470371246338 0 0.70008993148803711
vn -0.71405470371246338 0 0.70008993148803711
vn -0.71405470371246338 0 0.70008993148803711
vn -0.71405470371246338 0 0.70008993148803711
vn -0.71405470371246338 0 0.70008993148803711
vn -0.71405470371246338 0 0.70008993148803711
vn -0.71405470371246338 0 0.70008993148803711
vn -0.71405470371246338 0 0.70008993148803711
vn -0.71405470371246338 0 0.70008993148803711
vn -0.71405470371246338 0 0.70008993148803711
vn -0.71405470371246338 0 0.70008993148803711
vn -0.71405470371246338 0 0.70008993148803711
vn -0.71405470371246338 0 0.70008993148803711
vn -0.71405470371246338 0 0.70008993148803711
vn -0.71405470371246338 0 0.70008993148803711
vn -0.71405470371246338 0 0.70008993148803711
vn -0.92575770616531372 0 0.37811726331710815
vn -0.92575770616531372 0 0.37811726331710815
vn -0.92575770616531372 0 0.37811726331710815
vn -0.92575770616531372 0 0.37811726331710815
vn -0.92575770616531372 0 0.37811726331710815
vn -0.92575770616531372 0 0.37811726331710815
vn -0.92575770616531372 0 0.37811726331710815
vn -0.92575770616531372 0 0.37811726331710815
vn -0.92575770616531372 0 0.37811726331710815
vn -0.92575770616531372 0 0.37811726331710815
vn -0.92575770616531372 0 0.37811726331710815
vn -0.92575770616531372 0 0.37811726331710815
vn -0.92575770616531372 0 0.37811726331710815
vn -0.92575770616531372 0 0.37811726331710815
vn -0.92575770616531372 0 0.37811726331710815
vn -0.92575770616531372 0 0.37811726331710815
vn -0.92575770616531372 0 0.37811726331710815
vn -0.92575770616531372 0 0.37811726331710815
vn -0.92575770616531372 0 0.37811726331710815
vn -0.92575770616531372 0 0.37811726331710815
vn -0.92575770616531372 0 0.37811726331710815
vn -1 0 0
vn -1 0 0
vn -1 0 0
vn -1 0 0
vn -1 0 0
vn -1 0 0
vn -1 0 0
vn -1 0 0
vn -1 0 0
vn -1 0 0
vn -1 0 0
vn -1 0 0
vn -1 0 0
vn -1 0 0
vn -1 0 0
vn -1 0 0
vn -1 0 0
vn -1 0 0
vn -1 0 0
vn -1 0 0
vn -1 0 0
vn -1 0 0
vn -0.92387950420379639 0 0.38268342614173889
vn -0.70710676908493042 0 0.70710676908493042
vn -0.38268342614173889 0 0.92387950420379639
vn -0.92575770616531372 0 0.37811726331710815
vn -0.98126393556594849 0 0.19266848266124725
vn -0.98126393556594849 0 0.19266848266124725
vn -0.71405470371246338 0 0.70008993148803711
vn -0.83556133508682251 0 0.54939717054367065
vn -0.83556133508682251 0 0.54939717054367065
vn -0.39427557587623596 0 0.91899228096008301
vn -0.56487035751342773 0 0.82517963647842407
vn -0.56487035751342773 0 0.82517963647842407
vn -0.20125573873519897 0 0.97953873872756958
vn -0.20125573873519897 0 0.97953873872756958
vn -0.38268342614173889 0 0.92387950420379639
vn -0.70710676908493042 0 0.70710676908493042
vn -0.92387950420379639 0 0.38268342614173889
vn -0.39427557587623596 0 0.91899228096008301
vn -0.20125573873519897 0 0.97953873872756958
vn -0.20125573873519897 0 0.97953873872756958
vn -0.71405470371246338 0 0.70008993148803711
vn -0.56487035751342773 0 0.82517963647842407
vn -0.56487035751342773 0 0.82517963647842407
vn -0.92575770616531372 0 0.37811726331710815
vn -0.83556133508682251 0 0.54939717054367065
vn -0.83556133508682251 0 0.54939717054367065
vn -0.98126393556594849 0 0.19266848266124725
vn -0.98126393556594849 0 0.19266848266124725
vn 0 -1 0
vn 0 -1 0
vn 0 -1 0
vn 0 -1 0
vn 0 -1 0
vn 0 -1 0
vn 0 -1 0
vn 0 -1 0
vn 0 -1 0
vn 0 -1 0
vn 0 -1 0
vn 0 -1 0
vn 0 -1 0
vn 0 -1 0
vn -0.39427557587623596 -0.91899228096008301 0
vn -0.39427557587623596 -0.91899228096008301 0
vn -0.39427557587623596 -0.91899228096008301 0
vn -0.39427557587623596 -0.91899228096008301 0
vn -0.39427557587623596 -0.91899228096008301 0
vn -0.39427557587623596 -0.91899228096008301 0
vn -0.39427557587623596 -0.91899228096008301 0
vn -0.39427557587623596 -0.91899228096008301 0
vn -0.39427557587623596 -0.91899228096008301 0
vn -0.39427557587623596 -0.91899228096008301 0
vn -0.39427557587623596 -0.91899228096008301 0
vn -0.39427557587623596 -0.91899228096008301 0
vn -0.71405470371246338 -0.70008993148803711 0
vn -0.71405470371246338 -0.70008993148803711 0
vn -0.71405470371246338 -0.70008993148803711 0
vn -0.71405470371246338 -0.70008993148803711 0
vn -0.71405470371246338 -0.70008993148803711 0
vn -0.71405470371246338 -0.70008993148803711 0
vn -0.71405470371246338 -0.70008993148803711 0
vn -0.71405470371246338 -0.70008993148803711 0
vn -0.71405470371246338 -0.70008993148803711 0
vn -0.71405470371246338 -0.70008993148803711 0
vn -0.71405470371246338 -0.70008993148803711 0
vn -0.71405470371246338 -0.70008993148803711 0
vn -0.92575770616531372 -0.37811726331710815 0
vn -0.92575770616531372 -0.37811726331710815 0
vn -0.92575770616531372 -0.37811726331710815 0
vn -0.92575770616531372 -0.37811726331710815 0
vn -0.92575770616531372 -0.37811726331710815 0
vn -0.92575770616531372 -0.37811726331710815 0
vn -0.92575770616531372 -0.37811726331710815 0
vn -0.92575770616531372 -0.37811726331710815 0
vn -0.92575770616531372 -0.37811726331710815 0
vn -0.92575770616531372 -0.37811726331710815 0
vn -0.92575770616531372 -0.37811726331710815 0
vn -0.92575770616531372 -0.37811726331710815 0
vn -1 0 0
vn -1 0 0
vn -1 0 0
vn -1 0 0
vn -1 0 0
vn -1 0 0
vn -1 0 0
vn -1 0 0
vn -1 0 0
vn -1 0 0
vn -1 0 0
vn -1 0 0
vn -1 0 0
vn -1 0 0
vn -0.38268342614173889 -0.92387950420379639 0
vn -0.70710676908493042 -0.70710676908493042 0
vn -0.92387950420379639 -0.38268342614173889 0
vn -0.39427557587623596 -0.91899228096008301 0
vn -0.20125573873519897 -0.97953873872756958 0
vn -0.20125573873519897 -0.97953873872756958 0
vn -0.71405470371246338 -0.70008993148803711 0
vn -0.56487035751342773 -0.82517963647842407 0
vn -0.56487035751342773 -0.82517963647842407 0
vn -0.92575770616531372 -0.37811726331710815 0
vn -0.83556133508682251 -0.54939717054367065 0
vn -0.83556133508682251 -0.54939717054367065 0
vn -0.98126393556594849 -0.19266848266124725 0
vn -0.98126393556594849 -0.19266848266124725 0
vn -0.92387950420379639 -0.38268342614173889 0
vn -0.70710676908493042 -0.70710676908493042 0
vn -0.38268342614173889 -0.92387950420379639 0
vn -0.92575770616531372 -0.37811726331710815 0
vn -0.98126393556594849 -0.19266848266124725 0
vn -0.98126393556594849 -0.19266848266124725 0
vn -0.71405470371246338 -0.70008993148803711 0
vn -0.83556133508682251 -0.54939717054367065 0
vn -0.83556133508682251 -0.54939717054367065 0
vn -0.39427557587623596 -0.91899228096008301 0
vn -0.56487035751342773 -0.82517963647842407 0
vn -0.56487035751342773 -0.82517963647842407 0
vn -0.20125573873519897 -0.97953873872756958 0
vn -0.20125573873519897 -0.97953873872756958 0
vn -1 0 0
vn 0 1 0
vn -0.91899228096008301 0.38594329357147217 0.080628812313079834
vn -0.70008993148803711 0.69896447658538818 0.14602319896221161
vn -0.37811726331710815 0.90619355440139771 0.18931616842746735
vn -1 0 0
vn -0.91899228096008301 0.36233618855476379 0.15545323491096497
vn -0.70008993148803711 0.65621072053909302 0.28153431415557861
vn -0.37811726331710815 0.85076415538787842 0.36500364542007446
vn -1 0 0
vn -0.91899228096008301 0.32509946823120117 0.22307750582695007
vn -0.70008993148803711 0.58877295255661011 0.40400558710098267
vn -0.37811726331710815 0.76333242654800415 0.52378523349761963
vn -1 0 0
vn -0.91899228096008301 0.27602836489677429 0.28153431415557861
vn -0.70008993148803711 0.49990248680114746 0.50987410545349121
vn -0.37811726331710815 0.6481136679649353 0.66104161739349365
vn -1 0 0
vn -0.91899228096008301 0.21661387383937836 0.32944142818450928
vn -0.70008993148803711 0.3922995924949646 0.59663647413253784
vn -0.37811726331710815 0.50860863924026489 0.77352738380432129
vn -1 0 0
vn -0.91899228096008301 0.14908239245414734 0.36500364542007446
vn -0.70008993148803711 0.26999640464782715 0.66104161739349365
vn -0.37811726331710815 0.35004496574401855 0.85702735185623169
vn -1 0 0
vn -0.91899228096008301 0.075964473187923431 0.38688838481903076
vn -0.70008993148803711 0.13757583498954773 0.7006760835647583
vn -0.37811726331710815 0.1783643364906311 0.9084126353263855
vn -1 0 0
vn 0 0 1
vn 0 0.14231483638286591 0.98982143402099609
vn 0 0.28173255920410156 0.95949298143386841
vn 0 0.41541501879692078 0.90963196754455566
vn 0 0.54064083099365234 0.84125351905822754
vn 0 0.6548607349395752 0.75574958324432373
vn 0 0.75574958324432373 0.6548607349395752
vn 0 0.84125351905822754 0.54064083099365234
vn 0 0.90963196754455566 0.41541501879692078
vn 0 0.95949298143386841 0.28173255920410156
vn 0 0.98982143402099609 0.14231483638286591
vn -0.92387950420379639 0 0.38268342614173889
vn -0.70710676908493042 0 0.70710676908493042
vn -0.38268342614173889 0 0.92387950420379639
vn -0.38268342614173889 0.92387950420379639 0
vn -0.70710676908493042 0.70710676908493042 0
vn -0.92387950420379639 0.38268342614173889 0
vn -1 0 0
vn 0 -1 0
vn -0.91899228096008301 -0.38594329357147217 -0.080628812313079834
vn -0.70008993148803711 -0.69896447658538818 -0.14602319896221161
vn -0.37811726331710815 -0.90619355440139771 -0.18931616842746735
vn -1 0 0
vn -0.91899228096008301 -0.36233618855476379 -0.15545323491096497
vn -0.70008993148803711 -0.65621072053909302 -0.28153431415557861
vn -0.37811726331710815 -0.85076415538787842 -0.36500364542007446
vn -1 0 0
vn -0.91899228096008301 -0.32509946823120117 -0.22307750582695007
vn -0.70008993148803711 -0.58877295255661011 -0.40400558710098267
vn -0.37811726331710815 -0.76333242654800415 -0.52378523349761963
vn -1 0 0
vn -0.91899228096008301 -0.27602836489677429 -0.28153431415557861
vn -0.70008993148803711 -0.49990248680114746 -0.50987410545349121
vn -0.37811726331710815 -0.6481136679649353 -0.66104161739349365
vn -1 0 0
vn -0.91899228096008301 -0.21661387383937836 -0.32944142818450928
vn -0.70008993148803711 -0.3922995924949646 -0.59663647413253784
vn -0.37811726331710815 -0.50860863924026489 -0.77352738380432129
vn -1 0 0
vn -0.91899228096008301 -0.14908239245414734 -0.36500364542007446
vn -0.70008993148803711 -0.26999640464782715 -0.66104161739349365
vn -0.37811726331710815 -0.35004496574401855 -0.85702735185623169
vn -1 0 0
vn -0.91899228096008301 -0.075964473187923431 -0.38688838481903076
vn -0.70008993148803711 -0.13757583498954773 -0.7006760835647583
vn -0.37811726331710815 -0.1783643364906311 -0.9084126353263855
vn -1 0 0
vn 0 0 -1
vn 0 -0.14231483638286591 -0.98982143402099609
vn 0 -0.28173255920410156 -0.95949298143386841
vn 0 -0.41541501879692078 -0.90963196754455566
vn 0 -0.54064083099365234 -0.84125351905822754
vn 0 -0.6548607349395752 -0.75574958324432373
vn 0 -0.75574958324432373 -0.6548607349395752
vn 0 -0.84125351905822754 -0.54064083099365234
vn 0 -0.90963196754455566 -0.41541501879692078
vn 0 -0.95949298143386841 -0.28173255920410156
vn 0 -0.98982143402099609 -0.14231483638286591
vn -0.38268342614173889 -0.92387950420379639 0
vn -0.70710676908493042 -0.70710676908493042 0
vn -0.92387950420379639 -0.38268342614173889 0
vn -0.92387950420379639 0 -0.38268342614173889
vn -0.70710676908493042 0 -0.70710676908493042
vn -0.38268342614173889 0 -0.92387950420379639
vn 0 1 0
vn 0 1 0
vn 0 1 0
vn 0 1 0
vn 0 1 0
vn 0 1 0
vn 0 1 0
vn 0 1 0
vn 0 1 0
vn 0 1 0
vn 0 1 0
vn 0 1 0
vn 0 1 0
vn 0 1 0
vn -0.39427557587623596 0.91899228096008301 0
vn -0.39427557587623596 0.91899228096008301 0
vn -0.39427557587623596 0.91899228096008301 0
vn -0.39427557587623596 0.91899228096008301 0
vn -0.39427557587623596 0.91899228096008301 0
vn -0.39427557587623596 0.91899228096008301 0
vn -0.39427557587623596 0.91899228096008301 0
vn -0.39427557587623596 0.91899228096008301 0
vn -0.39427557587623596 0.91899228096008301 0
vn -0.39427557587623596 0.91899228096008301 0
vn -0.39427557587623596 0.91899228096008301 0
vn -0.39427557587623596 0.91899228096008301 0
vn -0.71405470371246338 0.70008993148803711 0
vn -0.71405470371246338 0.70008993148803711 0
vn -0.71405470371246338 0.70008993148803711 0
vn -0.71405470371246338 0.70008993148803711 0
vn -0.71405470371246338 0.70008993148803711 0
vn -0.71405470371246338 0.70008993148803711 0
vn -0.71405470371246338 0.70008993148803711 0
vn -0.71405470371246338 0.70008993148803711 0
vn -0.71405470371246338 0.70008993148803711 0
vn -0.71405470371246338 0.70008993148803711 0
vn -0.71405470371246338 0.70008993148803711 0
vn -0.71405470371246338 0.70008993148803711 0
vn -0.92575770616531372 0.37811726331710815 0
vn -0.92575770616531372 0.37811726331710815 0
vn -0.92575770616531372 0.37811726331710815 0
vn -0.92575770616531372 0.37811726331710815 0
vn -0.92575770616531372 0.37811726331710815 0
vn -0.92575770616531372 0.37811726331710815 0
vn -0.92575770616531372 0.37811726331710815 0
vn -0.92575770616531372 0.37811726331710815 0
vn -0.92575770616531372 0.37811726331710815 0
vn -0.92575770616531372 0.37811726331710815 0
vn -0.92575770616531372 0.37811726331710815 0
vn -0.92575770616531372 0.37811726331710815 0
vn -1 0 0
vn -1 0 0
vn -1 0 0
vn -1 0 0
vn -1 0 0
vn -1 0 0
vn -1 0 0
vn -1 0 0
vn -1 0 0
vn -1 0 0
vn -1 0 0
vn -1 0 0
vn -1 0 0
vn -1 0 0
vn -0.92387950420379639 0.38268342614173889 0
vn -0.70710676908493042 0.70710676908493042 0
vn -0.38268342614173889 0.92387950420379639 0
vn -0.92575770616531372 0.37811726331710815 0
vn -0.98126393556594849 0.19266848266124725 0
vn -0.98126393556594849 0.19266848266124725 0
vn -0.71405470371246338 0.70008993148803711 0
vn -0.83556133508682251 0.54939717054367065 0
vn -0.83556133508682251 0.54939717054367065 0
vn -0.39427557587623596 0.91899228096008301 0
vn -0.56487035751342773 0.82517963647842407 0
vn -0.56487035751342773 0.82517963647842407 0
vn -0.20125573873519897 0.97953873872756958 0
vn -0.20125573873519897 0.97953873872756958 0
vn -0.38268342614173889 0.92387950420379639 0
vn -0.70710676908493042 0.70710676908493042 0
vn -0.92387950420379639 0.38268342614173889 0
vn -0.39427557587623596 0.91899228096008301 0
vn -0.20125573873519897 0.97953873872756958 0
vn -0.20125573873519897 0.97953873872756958 0
vn -0.71405470371246338 0.70008993148803711 0
vn -0.56487035751342773 0.82517963647842407 0
vn -0.56487035751342773 0.82517963647842407 0
vn -0.92575770616531372 0.37811726331710815 0
vn -0.83556133508682251 0.54939717054367065 0
vn -0.83556133508682251 0.54939717054367065 0
vn -0.98126393556594849 0.19266848266124725 0
vn -0.98126393556594849 0.19266848266124725 0
vn 0 0 -1
vn 0 0 -1
vn 0 0 -1
vn 0 0 -1
vn 0 0 -1
vn 0 0 -1
vn 0 0 -1
vn 0 0 -1
vn 0 0 -1
vn 0 0 -1
vn 0 0 -1
vn 0 0 -1
vn 0 0 -1
vn 0 0 -1
vn 0 0 -1
vn 0 0 -1
vn 0 0 -1
vn 0 0 -1
vn 0 0 -1
vn 0 0 -1
vn 0 0 -1
vn 0 0 -1
vn 0 0 -1
vn -0.39427557587623596 0 -0.91899228096008301
vn -0.39427557587623596 0 -0.91899228096008301
vn -0.39427557587623596 0 -0.91899228096008301
vn -0.39427557587623596 0 -0.91899228096008301
vn -0.39427557587623596 0 -0.91899228096008301
vn -0.39427557587623596 0 -0.91899228096008301
vn -0.39427557587623596 0 -0.91899228096008301
vn -0.39427557587623596 0 -0.91899228096008301
vn -0.39427557587623596 0 -0.91899228096008301
vn -0.39427557587623596 0 -0.91899228096008301
vn -0.39427557587623596 0 -0.91899228096008301
vn -0.39427557587623596 0 -0.91899228096008301
vn -0.39427557587623596 0 -0.91899228096008301
vn -0.39427557587623596 0 -0.91899228096008301
vn -0.39427557587623596 0 -0.91899228096008301
vn -0.39427557587623596 0 -0.91899228096008301
vn -0.39427557587623596 0 -0.91899228096008301
vn -0.39427557587623596 0 -0.91899228096008301
vn -0.39427557587623596 0 -0.91899228096008301
vn -0.39427557587623596 0 -0.91899228096008301
vn -0.39427557587623596 0 -0.91899228096008301
vn -0.71405470371246338 0 -0.70008993148803711
vn -0.71405470371246338 0 -0.70008993148803711
vn -0.71405470371246338 0 -0.70008993148803711
vn -0.71405470371246338 0 -0.70008993148803711
vn -0.71405470371246338 0 -0.70008993148803711
vn -0.71405470371246338 0 -0.70008993148803711
vn -0.71405470371246338 0 -0.70008993148803711
vn -0.71405470371246338 0 -0.70008993148803711
vn -0.71405470371246338 0 -0.70008993148803711
vn -0.71405470371246338 0 -0.70008993148803711
vn -0.71405470371246338 0 -0.70008993148803711
vn -0.71405470371246338 0 -0.70008993148803711
vn -0.71405470371246338 0 -0.70008993148803711
vn -0.71405470371246338 0 -0.70008993148803711
vn -0.71405470371246338 0 -0.70008993148803711
vn -0.71405470371246338 0 -0.70008993148803711
vn -0.71405470371246338 0 -0.70008993148803711
vn -0.71405470371246338 0 -0.70008993148803711
vn -0.71405470371246338 0 -0.70008993148803711
vn -0.71405470371246338 0 -0.70008993148803711
vn -0.71405470371246338 0 -0.70008993148803711
vn -0.92575770616531372 0 -0.37811726331710815
vn -0.92575770616531372 0 -0.37811726331710815
vn -0.92575770616531372 0 -0.37811726331710815
vn -0.92575770616531372 0 -0.37811726331710815
vn -0.92575770616531372 0 -0.37811726331710815
vn -0.92575770616531372 0 -0.37811726331710815
vn -0.92575770616531372 0 -0.37811726331710815
vn -0.92575770616531372 0 -0.37811726331710815
vn -0.92575770616531372 0 -0.37811726331710815
vn -0.92575770616531372 0 -0.37811726331710815
vn -0.92575770616531372 0 -0.37811726331710815
vn -0.92575770616531372 0 -0.37811726331710815
vn -0.92575770616531372 0 -0.37811726331710815
vn -0.92575770616531372 0 -0.37811726331710815
vn -0.92575770616531372 0 -0.37811726331710815
vn -0.92575770616531372 0 -0.37811726331710815
vn -0.92575770616531372 0 -0.37811726331710815
vn -0.92575770616531372 0 -0.37811726331710815
vn -0.92575770616531372 0 -0.37811726331710815
vn -0.92575770616531372 0 -0.37811726331710815
vn -0.92575770616531372 0 -0.37811726331710815
vn -1 0 0
vn -1 0 0
vn -1 0 0
vn -1 0 0
vn -1 0 0
vn -1 0 0
vn -1 0 0
vn -1 0 0
vn -1 0 0
vn -1 0 0
vn -1 0 0
vn -1 0 0
vn -1 0 0
vn -1 0 0
vn -1 0 0
vn -1 0 0
vn -1 0 0
vn -1 0 0
vn -1 0 0
vn -1 0 0
vn -1 0 0
vn -1 0 0
vn -1 0 0
vn -0.38268342614173889 0 -0.92387950420379639
vn -0.70710676908493042 0 -0.70710676908493042
vn -0.92387950420379639 0 -0.38268342614173889
vn -0.39427557587623596 0 -0.91899228096008301
vn -0.20125573873519897 0 -0.97953873872756958
vn -0.20125573873519897 0 -0.97953873872756958
vn -0.71405470371246338 0 -0.70008993148803711
vn -0.56487035751342773 0 -0.82517963647842407
vn -0.56487035751342773 0 -0.82517963647842407
vn -0.92575770616531372 0 -0.37811726331710815
vn -0.83556133508682251 0 -0.54939717054367065
vn -0.83556133508682251 0 -0.54939717054367065
vn -0.98126393556594849 0 -0.19266848266124725
vn -0.98126393556594849 0 -0.19266848266124725
vn -0.92387950420379639 0 -0.38268342614173889
vn -0.70710676908493042 0 -0.70710676908493042
vn -0.38268342614173889 0 -0.92387950420379639
vn -0.92575770616531372 0 -0.37811726331710815
vn -0.98126393556594849 0 -0.19266848266124725
vn -0.98126393556594849 0 -0.19266848266124725
vn -0.71405470371246338 0 -0.70008993148803711
vn -0.83556133508682251 0 -0.54939717054367065
vn -0.83556133508682251 0 -0.54939717054367065
vn -0.39427557587623596 0 -0.91899228096008301
vn -0.56487035751342773 0 -0.82517963647842407
vn -0.56487035751342773 0 -0.82517963647842407
vn -0.20125573873519897 0 -0.97953873872756958
vn -0.20125573873519897 0 -0.97953873872756958
vn -1 0 0
vn 0 0 -1
vn -0.91899228096008301 0.080628812313079834 -0.38594329357147217
vn -0.70008993148803711 0.14602319896221161 -0.69896447658538818
vn -0.37811726331710815 0.18931616842746735 -0.90619355440139771
vn -1 0 0
vn -0.91899228096008301 0.15545323491096497 -0.36233618855476379
vn -0.70008993148803711 0.28153431415557861 -0.65621072053909302
vn -0.37811726331710815 0.36500364542007446 -0.85076415538787842
vn -1 0 0
vn -0.91899228096008301 0.22307750582695007 -0.32509946823120117
vn -0.70008993148803711 0.40400558710098267 -0.58877295255661011
vn -0.37811726331710815 0.52378523349761963 -0.76333242654800415
vn -1 0 0
vn -0.91899228096008301 0.28153431415557861 -0.27602836489677429
vn -0.70008993148803711 0.50987410545349121 -0.49990248680114746
vn -0.37811726331710815 0.66104161739349365 -0.6481136679649353
vn -1 0 0
vn -0.91899228096008301 0.32944142818450928 -0.21661387383937836
vn -0.70008993148803711 0.59663647413253784 -0.3922995924949646
vn -0.37811726331710815 0.77352738380432129 -0.50860863924026489
vn -1 0 0
vn -0.91899228096008301 0.36500364542007446 -0.14908239245414734
vn -0.70008993148803711 0.66104161739349365 -0.26999640464782715
vn -0.37811726331710815 0.85702735185623169 -0.35004496574401855
vn -1 0 0
vn -0.91899228096008301 0.38688838481903076 -0.075964473187923431
vn -0.70008993148803711 0.7006760835647583 -0.13757583498954773
vn -0.37811726331710815 0.9084126353263855 -0.1783643364906311
vn -1 0 0
vn 0 1 0
vn 0 0.98982143402099609 -0.14231483638286591
vn 0 0.95949298143386841 -0.28173255920410156
vn 0 0.90963196754455566 -0.41541501879692078
vn 0 0.84125351905822754 -0.54064083099365234
vn 0 0.75574958324432373 -0.6548607349395752
vn 0 0.6548607349395752 -0.75574958324432373
vn 0 0.54064083099365234 -0.84125351905822754
vn 0 0.41541501879692078 -0.90963196754455566
vn 0 0.28173255920410156 -0.95949298143386841
vn 0 0.14231483638286591 -0.98982143402099609
vn -0.92387950420379639 0.38268342614173889 0
vn -0.70710676908493042 0.70710676908493042 0
vn -0.38268342614173889 0.92387950420379639 0
vn -0.38268342614173889 0 -0.92387950420379639
vn -0.70710676908493042 0 -0.70710676908493042
vn -0.92387950420379639 0 -0.38268342614173889
vn 0 0 -1
vn 1 0 0
vn 0.39427557587623596 0.18793264031410217 -0.89957106113433838
vn 0.71405470371246338 0.14316742122173309 -0.68529480695724487
vn 0.92575770616531372 0.077324457466602325 -0.37012645602226257
vn 1 0 0
vn 0.39427557587623596 0.36233618855476379 -0.84454679489135742
vn 0.71405470371246338 0.27602836489677429 -0.64337724447250366
vn 0.92575770616531372 0.14908239245414734 -0.34748682379722595
vn 1 0 0
vn 0.39427557587623596 0.51995742321014404 -0.75775396823883057
vn 0.71405470371246338 0.39610445499420166 -0.57725828886032104
vn 0.92575770616531372 0.21393527090549469 -0.31177613139152527
vn 1 0 0
vn 0.39427557587623596 0.65621072053909302 -0.64337724447250366
vn 0.71405470371246338 0.49990248680114746 -0.49012589454650879
vn 0.92575770616531372 0.26999640464782715 -0.26471608877182007
vn 1 0 0
vn 0.39427557587623596 0.76787441968917847 -0.50489169359207153
vn 0.71405470371246338 0.58496809005737305 -0.38462740182876587
vn 0.92575770616531372 0.31594017148017883 -0.207736536860466
vn 1 0 0
vn 0.39427557587623596 0.85076415538787842 -0.34748682379722595
vn 0.71405470371246338 0.6481136679649353 -0.26471608877182007
vn 0.92575770616531372 0.35004496574401855 -0.1429726630449295
vn 1 0 0
vn 0.39427557587623596 0.90177392959594727 -0.17706084251403809
vn 0.71405470371246338 0.686972975730896 -0.1348852664232254
vn 0.92575770616531372 0.37103280425071716 -0.072851277887821198
vn 0 1 0
vn 1 0 0
vn 0 0.14231483638286591 -0.98982143402099609
vn 0 0.28173255920410156 -0.95949298143386841
vn 0 0.41541501879692078 -0.90963196754455566
vn 0 0.54064083099365234 -0.84125351905822754
vn 0 0.6548607349395752 -0.75574958324432373
vn 0 0.75574958324432373 -0.6548607349395752
vn 0 0.84125351905822754 -0.54064083099365234
vn 0 0.90963196754455566 -0.41541501879692078
vn 0 0.95949298143386841 -0.28173255920410156
vn 0 0.98982143402099609 -0.14231483638286591
vn 0.92387950420379639 0 -0.38268342614173889
vn 0.70710676908493042 0 -0.70710676908493042
vn 0.38268342614173889 0 -0.92387950420379639
vn 0.38268342614173889 0.92387950420379639 0
vn 0.70710676908493042 0.70710676908493042 0
vn 0.92387950420379639 0.38268342614173889 0
vn 0 1 0
vn 0 1 0
vn 0 1 0
vn 0 1 0
vn 0 1 0
vn 0 1 0
vn 0 1 0
vn 0 1 0
vn 0 1 0
vn 0 1 0
vn 0 1 0
vn 0 1 0
vn 0 1 0
vn 0.39427557587623596 0.91899228096008301 0
vn 0.39427557587623596 0.91899228096008301 0
vn 0.39427557587623596 0.91899228096008301 0
vn 0.39427557587623596 0.91899228096008301 0
vn 0.39427557587623596 0.91899228096008301 0
vn 0.39427557587623596 0.91899228096008301 0
vn 0.39427557587623596 0.91899228096008301 0
vn 0.39427557587623596 0.91899228096008301 0
vn 0.39427557587623596 0.91899228096008301 0
vn 0.39427557587623596 0.91899228096008301 0
vn 0.39427557587623596 0.91899228096008301 0
vn 0.39427557587623596 0.91899228096008301 0
vn 0.71405470371246338 0.70008993148803711 0
vn 0.71405470371246338 0.70008993148803711 0
vn 0.71405470371246338 0.70008993148803711 0
vn 0.71405470371246338 0.70008993148803711 0
vn 0.71405470371246338 0.70008993148803711 0
vn 0.71405470371246338 0.70008993148803711 0
vn 0.71405470371246338 0.70008993148803711 0
vn 0.71405470371246338 0.70008993148803711 0
vn 0.71405470371246338 0.70008993148803711 0
vn 0.71405470371246338 0.70008993148803711 0
vn 0.71405470371246338 0.70008993148803711 0
vn 0.71405470371246338 0.70008993148803711 0
vn 0.92575770616531372 0.37811726331710815 0
vn 0.92575770616531372 0.37811726331710815 0
vn 0.92575770616531372 0.37811726331710815 0
vn 0.92575770616531372 0.37811726331710815 0
vn 0.92575770616531372 0.37811726331710815 0
vn 0.92575770616531372 0.37811726331710815 0
vn 0.92575770616531372 0.37811726331710815 0
vn 0.92575770616531372 0.37811726331710815 0
vn 0.92575770616531372 0.37811726331710815 0
vn 0.92575770616531372 0.37811726331710815 0
vn 0.92575770616531372 0.37811726331710815 0
vn 0.92575770616531372 0.37811726331710815 0
vn 1 0 0
vn 1 0 0
vn 1 0 0
vn 1 0 0
vn 1 0 0
vn 1 0 0
vn 1 0 0
vn 1 0 0
vn 1 0 0
vn 1 0 0
vn 1 0 0
vn 1 0 0
vn 1 0 0
vn 1 0 0
vn 0.92387950420379639 0.38268342614173889 0
vn 0.70710676908493042 0.70710676908493042 0
vn 0.38268342614173889 0.92387950420379639 0
vn 0.92575770616531372 0.37811726331710815 0
vn 0.98126393556594849 0.19266848266124725 0
vn 0.98126393556594849 0.19266848266124725 0
vn 0.71405470371246338 0.70008993148803711 0
vn 0.83556133508682251 0.54939717054367065 0
vn 0.83556133508682251 0.54939717054367065 0
vn 0.39427557587623596 0.91899228096008301 0
vn 0.56487035751342773 0.82517963647842407 0
vn 0.56487035751342773 0.82517963647842407 0
vn 0.20125573873519897 0.97953873872756958 0
vn 0.20125573873519897 0.97953873872756958 0
vn 0.38268342614173889 0.92387950420379639 0
vn 0.70710676908493042 0.70710676908493042 0
vn 0.92387950420379639 0.38268342614173889 0
vn 0.39427557587623596 0.91899228096008301 0
vn 0.20125573873519897 0.97953873872756958 0
vn 0.20125573873519897 0.97953873872756958 0
vn 0.71405470371246338 0.70008993148803711 0
vn 0.56487035751342773 0.82517963647842407 0
vn 0.56487035751342773 0.82517963647842407 0
vn 0.92575770616531372 0.37811726331710815 0
vn 0.83556133508682251 0.54939717054367065 0
vn 0.83556133508682251 0.54939717054367065 0
vn 0.98126393556594849 0.19266848266124725 0
vn 0.98126393556594849 0.19266848266124725 0
vn 0 0 -1
vn 0 0 -1
vn 0 0 -1
vn 0 0 -1
vn 0 0 -1
vn 0 0 -1
vn 0 0 -1
vn 0 0 -1
vn 0 0 -1
vn 0 0 -1
vn 0 0 -1
vn 0 0 -1
vn 0 0 -1
vn 0 0 -1
vn 0 0 -1
vn 0 0 -1
vn 0 0 -1
vn 0 0 -1
vn 0 0 -1
vn 0 0 -1
vn 0 0 -1
vn 0 0 -1
vn 0 0 -1
vn 0.39427557587623596 0 -0.91899228096008301
vn 0.39427557587623596 0 -0.91899228096008301
vn 0.39427557587623596 0 -0.91899228096008301
vn 0.39427557587623596 0 -0.91899228096008301
vn 0.39427557587623596 0 -0.91899228096008301
vn 0.39427557587623596 0 -0.91899228096008301
vn 0.39427557587623596 0 -0.91899228096008301
vn 0.39427557587623596 0 -0.91899228096008301
vn 0.39427557587623596 0 -0.91899228096008301
vn 0.39427557587623596 0 -0.91899228096008301
vn 0.39427557587623596 0 -0.91899228096008301
vn 0.39427557587623596 0 -0.91899228096008301
vn 0.39427557587623596 0 -0.91899228096008301
vn 0.39427557587623596 0 -0.91899228096008301
vn 0.39427557587623596 0 -0.91899228096008301
vn 0.39427557587623596 0 -0.91899228096008301
vn 0.39427557587623596 0 -0.91899228096008301
vn 0.39427557587623596 0 -0.91899228096008301
vn 0.39427557587623596 0 -0.91899228096008301
vn 0.39427557587623596 0 -0.91899228096008301
vn 0.39427557587623596 0 -0.91899228096008301
vn 0.71405470371246338 0 -0.70008993148803711
vn 0.71405470371246338 0 -0.70008993148803711
vn 0.71405470371246338 0 -0.70008993148803711
vn 0.71405470371246338 0 -0.70008993148803711
vn 0.71405470371246338 0 -0.70008993148803711
vn 0.71405470371246338 0 -0.70008993148803711
vn 0.71405470371246338 0 -0.70008993148803711
vn 0.71405470371246338 0 -0.70008993148803711
vn 0.71405470371246338 0 -0.70008993148803711
vn 0.71405470371246338 0 -0.70008993148803711
vn 0.71405470371246338 0 -0.70008993148803711
vn 0.71405470371246338 0 -0.70008993148803711
vn 0.71405470371246338 0 -0.70008993148803711
vn 0.71405470371246338 0 -0.70008993148803711
vn 0.71405470371246338 0 -0.70008993148803711
vn 0.71405470371246338 0 -0.70008993148803711
vn 0.71405470371246338 0 -0.70008993148803711
vn 0.71405470371246338 0 -0.70008993148803711
vn 0.71405470371246338 0 -0.70008993148803711
vn 0.71405470371246338 0 -0.70008993148803711
vn 0.71405470371246338 0 -0.70008993148803711
vn 0.92575770616531372 0 -0.37811726331710815
vn 0.92575770616531372 0 -0.37811726331710815
vn 0.92575770616531372 0 -0.37811726331710815
vn 0.92575770616531372 0 -0.37811726331710815
vn 0.92575770616531372 0 -0.37811726331710815
vn 0.92575770616531372 0 -0.37811726331710815
vn 0.92575770616531372 0 -0.37811726331710815
vn 0.92575770616531372 0 -0.37811726331710815
vn 0.92575770616531372 0 -0.37811726331710815
vn 0.92575770616531372 0 -0.37811726331710815
vn 0.92575770616531372 0 -0.37811726331710815
vn 0.92575770616531372 0 -0.37811726331710815
vn 0.92575770616531372 0 -0.37811726331710815
vn 0.92575770616531372 0 -0.37811726331710815
vn 0.92575770616531372 0 -0.37811726331710815
vn 0.92575770616531372 0 -0.37811726331710815
vn 0.92575770616531372 0 -0.37811726331710815
vn 0.92575770616531372 0 -0.37811726331710815
vn 0.92575770616531372 0 -0.37811726331710815
vn 0.92575770616531372 0 -0.37811726331710815
vn 0.92575770616531372 0 -0.37811726331710815
vn 1 0 0
vn 1 0 0
vn 1 0 0
vn 1 0 0
vn 1 0 0
vn 1 0 0
vn 1 0 0
vn 1 0 0
vn 1 0 0
vn 1 0 0
vn 1 0 0
vn 1 0 0
vn 1 0 0
vn 1 0 0
vn 1 0 0
vn 1 0 0
vn 1 0 0
vn 1 0 0
vn 1 0 0
vn 1 0 0
vn 1 0 0
vn 1 0 0
vn 1 0 0
vn 0.38268342614173889 0 -0.92387950420379639
vn 0.70710676908493042 0 -0.70710676908493042
vn 0.92387950420379639 0 -0.38268342614173889
vn 0.39427557587623596 0 -0.91899228096008301
vn 0.20125573873519897 0 -0.97953873872756958
vn 0.20125573873519897 0 -0.97953873872756958
vn 0.71405470371246338 0 -0.70008993148803711
vn 0.56487035751342773 0 -0.82517963647842407
vn 0.56487035751342773 0 -0.82517963647842407
vn 0.92575770616531372 0 -0.37811726331710815
vn 0.83556133508682251 0 -0.54939717054367065
vn 0.83556133508682251 0 -0.54939717054367065
vn 0.98126393556594849 0 -0.19266848266124725
vn 0.98126393556594849 0 -0.19266848266124725
vn 0.92387950420379639 0 -0.38268342614173889
vn 0.70710676908493042 0 -0.70710676908493042
vn 0.38268342614173889 0 -0.92387950420379639
vn 0.92575770616531372 0 -0.37811726331710815
vn 0.98126393556594849 0 -0.19266848266124725
vn 0.98126393556594849 0 -0.19266848266124725
vn 0.71405470371246338 0 -0.70008993148803711
vn 0.83556133508682251 0 -0.54939717054367065
vn 0.83556133508682251 0 -0.54939717054367065
vn 0.39427557587623596 0 -0.91899228096008301
vn 0.56487035751342773 0 -0.82517963647842407
vn 0.56487035751342773 0 -0.82517963647842407
vn 0.20125573873519897 0 -0.97953873872756958
vn 0.20125573873519897 0 -0.97953873872756958
vn 0 1 0
vn 1 0 0
vn 0.39427557587623596 0.89957106113433838 0.18793264031410217
vn 0.71405470371246338 0.68529480695724487 0.14316742122173309
vn 0.92575770616531372 0.37012645602226257 0.077324457466602325
vn 1 0 0
vn 0.39427557587623596 0.84454679489135742 0.36233618855476379
vn 0.71405470371246338 0.64337724447250366 0.27602836489677429
vn 0.92575770616531372 0.34748682379722595 0.14908239245414734
vn 1 0 0
vn 0.39427557587623596 0.75775396823883057 0.51995742321014404
vn 0.71405470371246338 0.57725828886032104 0.39610445499420166
vn 0.92575770616531372 0.31177613139152527 0.21393527090549469
vn 1 0 0
vn 0.39427557587623596 0.64337724447250366 0.65621072053909302
vn 0.71405470371246338 0.49012589454650879 0.49990248680114746
vn 0.92575770616531372 0.26471608877182007 0.26999640464782715
vn 1 0 0
vn 0.39427557587623596 0.50489169359207153 0.76787441968917847
vn 0.71405470371246338 0.38462740182876587 0.58496809005737305
vn 0.92575770616531372 0.207736536860466 0.31594017148017883
vn 1 0 0
vn 0.39427557587623596 0.34748682379722595 0.85076415538787842
vn 0.71405470371246338 0.26471608877182007 0.6481136679649353
vn 0.92575770616531372 0.1429726630449295 0.35004496574401855
vn 1 0 0
vn 0.39427557587623596 0.17706084251403809 0.90177392959594727
vn 0.71405470371246338 0.1348852664232254 0.686972975730896
vn 0.92575770616531372 0.072851277887821198 0.37103280425071716
vn 0 0 1
vn 1 0 0
vn 0 0.98982143402099609 0.14231483638286591
vn 0 0.95949298143386841 0.28173255920410156
vn 0 0.90963196754455566 0.41541501879692078
vn 0 0.84125351905822754 0.54064083099365234
vn 0 0.75574958324432373 0.6548607349395752
vn 0 0.6548607349395752 0.75574958324432373
vn 0 0.54064083099365234 0.84125351905822754
vn 0 0.41541501879692078 0.90963196754455566
vn 0 0.28173255920410156 0.95949298143386841
vn 0 0.14231483638286591 0.98982143402099609
vn 0.92387950420379639 0.38268342614173889 0
vn 0.70710676908493042 0.70710676908493042 0
vn 0.38268342614173889 0.92387950420379639 0
vn 0.38268342614173889 0 0.92387950420379639
vn 0.70710676908493042 0 0.70710676908493042
vn 0.92387950420379639 0 0.38268342614173889
vn 0 -1 0
vn 1 0 0
vn 0.39427557587623596 -0.89957106113433838 -0.18793264031410217
vn 0.71405470371246338 -0.68529480695724487 -0.14316742122173309
vn 0.92575770616531372 -0.37012645602226257 -0.077324457466602325
vn 1 0 0
vn 0.39427557587623596 -0.84454679489135742 -0.36233618855476379
vn 0.71405470371246338 -0.64337724447250366 -0.27602836489677429
vn 0.92575770616531372 -0.34748682379722595 -0.14908239245414734
vn 1 0 0
vn 0.39427557587623596 -0.75775396823883057 -0.51995742321014404
vn 0.71405470371246338 -0.57725828886032104 -0.39610445499420166
vn 0.92575770616531372 -0.31177613139152527 -0.21393527090549469
vn 1 0 0
vn 0.39427557587623596 -0.64337724447250366 -0.65621072053909302
vn 0.71405470371246338 -0.49012589454650879 -0.49990248680114746
vn 0.92575770616531372 -0.26471608877182007 -0.26999640464782715
vn 1 0 0
vn 0.39427557587623596 -0.50489169359207153 -0.76787441968917847
vn 0.71405470371246338 -0.38462740182876587 -0.58496809005737305
vn 0.92575770616531372 -0.207736536860466 -0.31594017148017883
vn 1 0 0
vn 0.39427557587623596 -0.34748682379722595 -0.85076415538787842
vn 0.71405470371246338 -0.26471608877182007 -0.6481136679649353
vn 0.92575770616531372 -0.1429726630449295 -0.35004496574401855
vn 1 0 0
vn 0.39427557587623596 -0.17706084251403809 -0.90177392959594727
vn 0.71405470371246338 -0.1348852664232254 -0.686972975730896
vn 0.92575770616531372 -0.072851277887821198 -0.37103280425071716
vn 0 0 -1
vn 1 0 0
vn 0 -0.98982143402099609 -0.14231483638286591
vn 0 -0.95949298143386841 -0.28173255920410156
vn 0 -0.90963196754455566 -0.41541501879692078
vn 0 -0.84125351905822754 -0.54064083099365234
vn 0 -0.75574958324432373 -0.6548607349395752
vn 0 -0.6548607349395752 -0.75574958324432373
vn 0 -0.54064083099365234 -0.84125351905822754
vn 0 -0.41541501879692078 -0.90963196754455566
vn 0 -0.28173255920410156 -0.95949298143386841
vn 0 -0.14231483638286591 -0.98982143402099609
vn 0.38268342614173889 0 -0.92387950420379639
vn 0.70710676908493042 0 -0.70710676908493042
vn 0.92387950420379639 0 -0.38268342614173889
vn 0.92387950420379639 -0.38268342614173889 0
vn 0.70710676908493042 -0.70710676908493042 0
vn 0.38268342614173889 -0.92387950420379639 0
vn 0 0 1
vn 0 0 1
vn 0 0 1
vn 0 0 1
vn 0 0 1
vn 0 0 1
vn 0 0 1
vn 0 0 1
vn 0 0 1
vn 0 0 1
vn 0 0 1
vn 0 0 1
vn 0 0 1
vn 0 0 1
vn 0 0 1
vn 0 0 1
vn 0 0 1
vn 0 0 1
vn 0 0 1
vn 0 0 1
vn 0 0 1
vn 0 0 1
vn 0 0 1
vn 0.39427557587623596 0 0.91899228096008301
vn 0.39427557587623596 0 0.91899228096008301
vn 0.39427557587623596 0 0.91899228096008301
vn 0.39427557587623596 0 0.91899228096008301
vn 0.39427557587623596 0 0.91899228096008301
vn 0.39427557587623596 0 0.91899228096008301
vn 0.39427557587623596 0 0.91899228096008301
vn 0.39427557587623596 0 0.91899228096008301
vn 0.39427557587623596 0 0.91899228096008301
vn 0.39427557587623596 0 0.91899228096008301
vn 0.39427557587623596 0 0.91899228096008301
vn 0.39427557587623596 0 0.91899228096008301
vn 0.39427557587623596 0 0.91899228096008301
vn 0.39427557587623596 0 0.91899228096008301
vn 0.39427557587623596 0 0.91899228096008301
vn 0.39427557587623596 0 0.91899228096008301
vn 0.39427557587623596 0 0.91899228096008301
vn 0.39427557587623596 0 0.91899228096008301
vn 0.39427557587623596 0 0.91899228096008301
vn 0.39427557587623596 0 0.91899228096008301
vn 0.39427557587623596 0 0.91899228096008301
vn 0.71405470371246338 0 0.70008993148803711
vn 0.71405470371246338 0 0.70008993148803711
vn 0.71405470371246338 0 0.70008993148803711
vn 0.71405470371246338 0 0.70008993148803711
vn 0.71405470371246338 0 0.70008993148803711
vn 0.71405470371246338 0 0.70008993148803711
vn 0.71405470371246338 0 0.70008993148803711
vn 0.71405470371246338 0 0.70008993148803711
vn 0.71405470371246338 0 0.70008993148803711
vn 0.71405470371246338 0 0.70008993148803711
vn 0.71405470371246338 0 0.70008993148803711
vn 0.71405470371246338 0 0.70008993148803711
vn 0.71405470371246338 0 0.70008993148803711
vn 0.71405470371246338 0 0.70008993148803711
vn 0.71405470371246338 0 0.70008993148803711
vn 0.71405470371246338 0 0.70008993148803711
vn 0.71405470371246338 0 0.70008993148803711
vn 0.71405470371246338 0 0.70008993148803711
vn 0.71405470371246338 0 0.70008993148803711
vn 0.71405470371246338 0 0.70008993148803711
vn 0.71405470371246338 0 0.70008993148803711
vn 0.92575770616531372 0 0.37811726331710815
vn 0.92575770616531372 0 0.37811726331710815
vn 0.92575770616531372 0 0.37811726331710815
vn 0.92575770616531372 0 0.37811726331710815
vn 0.92575770616531372 0 0.37811726331710815
vn 0.92575770616531372 0 0.37811726331710815
vn 0.92575770616531372 0 0.37811726331710815
vn 0.92575770616531372 0 0.37811726331710815
vn 0.92575770616531372 0 0.37811726331710815
vn 0.92575770616531372 0 0.37811726331710815
vn 0.92575770616531372 0 0.37811726331710815
vn 0.92575770616531372 0 0.37811726331710815
vn 0.92575770616531372 0 0.37811726331710815
vn 0.92575770616531372 0 0.37811726331710815
vn 0.92575770616531372 0 0.37811726331710815
vn 0.92575770616531372 0 0.37811726331710815
vn 0.92575770616531372 0 0.37811726331710815
vn 0.92575770616531372 0 0.37811726331710815
vn 0.92575770616531372 0 0.37811726331710815
vn 0.92575770616531372 0 0.37811726331710815
vn 0.92575770616531372 0 0.37811726331710815
vn 1 0 0
vn 1 0 0
vn 1 0 0
vn 1 0 0
vn 1 0 0
vn 1 0 0
vn 1 0 0
vn 1 0 0
vn 1 0 0
vn 1 0 0
vn 1 0 0
vn 1 0 0
vn 1 0 0
vn 1 0 0
vn 1 0 0
vn 1 0 0
vn 1 0 0
vn 1 0 0
vn 1 0 0
vn 1 0 0
vn 1 0 0
vn 1 0 0
vn 1 0 0
vn 0.92387950420379639 0 0.38268342614173889
vn 0.70710676908493042 0 0.70710676908493042
vn 0.38268342614173889 0 0.92387950420379639
vn 0.92575770616531372 0 0.37811726331710815
vn 0.98126393556594849 0 0.19266848266124725
vn 0.98126393556594849 0 0.19266848266124725
vn 0.71405470371246338 0 0.70008993148803711
vn 0.83556133508682251 0 0.54939717054367065
vn 0.83556133508682251 0 0.54939717054367065
vn 0.39427557587623596 0 0.91899228096008301
vn 0.56487035751342773 0 0.82517963647842407
vn 0.56487035751342773 0 0.82517963647842407
vn 0.20125573873519897 0 0.97953873872756958
vn 0.20125573873519897 0 0.97953873872756958
vn 0.38268342614173889 0 0.92387950420379639
vn 0.70710676908493042 0 0.70710676908493042
vn 0.92387950420379639 0 0.38268342614173889
vn 0.39427557587623596 0 0.91899228096008301
vn 0.20125573873519897 0 0.97953873872756958
vn 0.20125573873519897 0 0.97953873872756958
vn 0.71405470371246338 0 0.70008993148803711
vn 0.56487035751342773 0 0.82517963647842407
vn 0.56487035751342773 0 0.82517963647842407
vn 0.92575770616531372 0 0.37811726331710815
vn 0.83556133508682251 0 0.54939717054367065
vn 0.83556133508682251 0 0.54939717054367065
vn 0.98126393556594849 0 0.19266848266124725
vn 0.98126393556594849 0 0.19266848266124725
vn 0 -1 0
vn 0 -1 0
vn 0 -1 0
vn 0 -1 0
vn 0 -1 0
vn 0 -1 0
vn 0 -1 0
vn 0 -1 0
vn 0 -1 0
vn 0 -1 0
vn 0 -1 0
vn 0 -1 0
vn 0 -1 0
vn 0 -1 0
vn 0.39427557587623596 -0.91899228096008301 0
vn 0.39427557587623596 -0.91899228096008301 0
vn 0.39427557587623596 -0.91899228096008301 0
vn 0.39427557587623596 -0.91899228096008301 0
vn 0.39427557587623596 -0.91899228096008301 0
vn 0.39427557587623596 -0.91899228096008301 0
vn 0.39427557587623596 -0.91899228096008301 0
vn 0.39427557587623596 -0.91899228096008301 0
vn 0.39427557587623596 -0.91899228096008301 0
vn 0.39427557587623596 -0.91899228096008301 0
vn 0.39427557587623596 -0.91899228096008301 0
vn 0.39427557587623596 -0.91899228096008301 0
vn 0.71405470371246338 -0.70008993148803711 0
vn 0.71405470371246338 -0.70008993148803711 0
vn 0.71405470371246338 -0.70008993148803711 0
vn 0.71405470371246338 -0.70008993148803711 0
vn 0.71405470371246338 -0.70008993148803711 0
vn 0.71405470371246338 -0.70008993148803711 0
vn 0.71405470371246338 -0.70008993148803711 0
vn 0.71405470371246338 -0.70008993148803711 0
vn 0.71405470371246338 -0.70008993148803711 0
vn 0.71405470371246338 -0.70008993148803711 0
vn 0.71405470371246338 -0.70008993148803711 0
vn 0.71405470371246338 -0.70008993148803711 0
vn 0.92575770616531372 -0.37811726331710815 0
vn 0.92575770616531372 -0.37811726331710815 0
vn 0.92575770616531372 -0.37811726331710815 0
vn 0.92575770616531372 -0.37811726331710815 0
vn 0.92575770616531372 -0.37811726331710815 0
vn 0.92575770616531372 -0.37811726331710815 0
vn 0.92575770616531372 -0.37811726331710815 0
vn 0.92575770616531372 -0.37811726331710815 0
vn 0.92575770616531372 -0.37811726331710815 0
vn 0.92575770616531372 -0.37811726331710815 0
vn 0.92575770616531372 -0.37811726331710815 0
vn 0.92575770616531372 -0.37811726331710815 0
vn 1 0 0
vn 1 0 0
vn 1 0 0
vn 1 0 0
vn 1 0 0
vn 1 0 0
vn 1 0 0
vn 1 0 0
vn 1 0 0
vn 1 0 0
vn 1 0 0
vn 1 0 0
vn 1 0 0
vn 0.38268342614173889 -0.92387950420379639 0
vn 0.70710676908493042 -0.70710676908493042 0
vn 0.92387950420379639 -0.38268342614173889 0
vn 0.39427557587623596 -0.91899228096008301 0
vn 0.20125573873519897 -0.97953873872756958 0
vn 0.20125573873519897 -0.97953873872756958 0
vn 0.71405470371246338 -0.70008993148803711 0
vn 0.56487035751342773 -0.82517963647842407 0
vn 0.56487035751342773 -0.82517963647842407 0
vn 0.92575770616531372 -0.37811726331710815 0
vn 0.83556133508682251 -0.54939717054367065 0
vn 0.83556133508682251 -0.54939717054367065 0
vn 0.98126393556594849 -0.19266848266124725 0
vn 0.98126393556594849 -0.19266848266124725 0
vn 0.92387950420379639 -0.38268342614173889 0
vn 0.70710676908493042 -0.70710676908493042 0
vn 0.38268342614173889 -0.92387950420379639 0
vn 0.92575770616531372 -0.37811726331710815 0
vn 0.98126393556594849 -0.19266848266124725 0
vn 0.98126393556594849 -0.19266848266124725 0
vn 0.71405470371246338 -0.70008993148803711 0
vn 0.83556133508682251 -0.54939717054367065 0
vn 0.83556133508682251 -0.54939717054367065 0
vn 0.39427557587623596 -0.91899228096008301 0
vn 0.56487035751342773 -0.82517963647842407 0
vn 0.56487035751342773 -0.82517963647842407 0
vn 0.20125573873519897 -0.97953873872756958 0
vn 0.20125573873519897 -0.97953873872756958 0
vn 0 0 1
vn 1 0 0
vn 0.39427557587623596 -0.18793264031410217 0.89957106113433838
vn 0.71405470371246338 -0.14316742122173309 0.68529480695724487
vn 0.92575770616531372 -0.077324457466602325 0.37012645602226257
vn 1 0 0
vn 0.39427557587623596 -0.36233618855476379 0.84454679489135742
vn 0.71405470371246338 -0.27602836489677429 0.64337724447250366
vn 0.92575770616531372 -0.14908239245414734 0.34748682379722595
vn 1 0 0
vn 0.39427557587623596 -0.51995742321014404 0.75775396823883057
vn 0.71405470371246338 -0.39610445499420166 0.57725828886032104
vn 0.92575770616531372 -0.21393527090549469 0.31177613139152527
vn 1 0 0
vn 0.39427557587623596 -0.65621072053909302 0.64337724447250366
vn 0.71405470371246338 -0.49990248680114746 0.49012589454650879
vn 0.92575770616531372 -0.26999640464782715 0.26471608877182007
vn 1 0 0
vn 0.39427557587623596 -0.76787441968917847 0.50489169359207153
vn 0.71405470371246338 -0.58496809005737305 0.38462740182876587
vn 0.92575770616531372 -0.31594017148017883 0.207736536860466
vn 1 0 0
vn 0.39427557587623596 -0.85076415538787842 0.34748682379722595
vn 0.71405470371246338 -0.6481136679649353 0.26471608877182007
vn 0.92575770616531372 -0.35004496574401855 0.1429726630449295
vn 1 0 0
vn 0.39427557587623596 -0.90177392959594727 0.17706084251403809
vn 0.71405470371246338 -0.686972975730896 0.1348852664232254
vn 0.92575770616531372 -0.37103280425071716 0.072851277887821198
vn 0 -1 0
vn 1 0 0
vn 0 -0.14231483638286591 0.98982143402099609
vn 0 -0.28173255920410156 0.95949298143386841
vn 0 -0.41541501879692078 0.90963196754455566
vn 0 -0.54064083099365234 0.84125351905822754
vn 0 -0.6548607349395752 0.75574958324432373
vn 0 -0.75574958324432373 0.6548607349395752
vn 0 -0.84125351905822754 0.54064083099365234
vn 0 -0.90963196754455566 0.41541501879692078
vn 0 -0.95949298143386841 0.28173255920410156
vn 0 -0.98982143402099609 0.14231483638286591
vn 0.92387950420379639 0 0.38268342614173889
vn 0.70710676908493042 0 0.70710676908493042
vn 0.38268342614173889 0 0.92387950420379639
vn 0.38268342614173889 -0.92387950420379639 0
vn 0.70710676908493042 -0.70710676908493042 0
vn 0.92387950420379639 -0.38268342614173889 0
vn -1 0 0
vn -1 0 0
vn -1 0 0
vn -1 0 0
vn -1 0 0
vn -1 0 0
vn -1 0 0
vn -1 0 0
vn -1 0 0
vn -1 0 0
vn -1 0 0
vn -1 0 0
vn -1 0 0
vn -1 0 0
vn -1 0 0
vn -1 0 0
vn -1 0 0
vn -1 0 0
vn -1 0 0
vn -1 0 0
vn -1 0 0
vn -1 0 0
vn -1 0 0
vn -1 0 0
vn -1 0 0
vn -1 0 0
vn -1 0 0
vn -1 0 0
vn -1 0 0
vn -1 0 0
vn -1 0 0
vn -1 0 0
vn -1 0 0
vn -1 0 0
vn -1 0 0
vn -1 0 0
vn -1 0 0
vn -1 0 0
vn -1 0 0
vn -1 0 0
vn -1 0 0
vn -1 0 0
vn -1 0 0
vn -1 0 0
vn 0 0 -1
vn 0 0 -1
vn 0 0 -1
vn 0 0 -1
vn 0 0 -1
vn 0 0 -1
vn 0 0 -1
vn 0 0 -1
vn 0 0 -1
vn 0 0 -1
vn 0 0 -1
vn 0 0 -1
vn 0 0 -1
vn 0 0 -1
vn 0 0 -1
vn 0 0 -1
vn 0 0 -1
vn 0 0 -1
vn 0 0 -1
vn 0 0 -1
vn 0 0 -1
vn 0 0 -1
vn 0 0 -1
vn 0 0 -1
vn 1 0 0
vn 1 0 0
vn 1 0 0
vn 1 0 0
vn 1 0 0
vn 1 0 0
vn 1 0 0
vn 1 0 0
vn 1 0 0
vn 1 0 0
vn 1 0 0
vn 1 0 0
vn 1 0 0
vn 1 0 0
vn 1 0 0
vn 1 0 0
vn 1 0 0
vn 1 0 0
vn 1 0 0
vn 1 0 0
vn 1 0 0
vn 1 0 0
vn 1 0 0
vn 1 0 0
vn 1 0 0
vn 1 0 0
vn 1 0 0
vn 1 0 0
vn 1 0 0
vn 1 0 0
vn 1 0 0
vn 1 0 0
vn 1 0 0
vn 1 0 0
vn 1 0 0
vn 1 0 0
vn 1 0 0
vn 1 0 0
vn 1 0 0
vn 1 0 0
vn 1 0 0
vn 1 0 0
vn 1 0 0
vn 1 0 0
vn 0 0 1
vn 0 0 1
vn 0 0 1
vn 0 0 1
vn 0 0 1
vn 0 0 1
vn 0 0 1
vn 0 0 1
vn 0 0 1
vn 0 0 1
vn 0 0 1
vn 0 0 1
vn 0 0 1
vn 0 0 1
vn 0 0 1
vn 0 0 1
vn 0 0 1
vn 0 0 1
vn 0 0 1
vn 0 0 1
vn 0 0 1
vn 0 0 1
vn 0 0 1
vn 0 0 1
vn 0 -1 0
vn 0 -1 0
vn 0 -1 0
vn 0 -1 0
vn 0 -1 0
vn 0 -1 0
vn 0 -1 0
vn 0 -1 0
vn 0 -1 0
vn 0 -1 0
vn 0 -1 0
vn 0 -1 0
vn 0 -1 0
vn 0 -1 0
vn 0 -1 0
vn 0 -1 0
vn 0 -1 0
vn 0 -1 0
vn 0 -1 0
vn 0 -1 0
vn 0 -1 0
vn 0 -1 0
vn 0 -1 0
vn 0 -1 0
vn 0 -1 0
vn 0 -1 0
vn 0 -1 0
vn 0 -1 0
vn 0 -1 0
vn 0 -1 0
vn 0 -1 0
vn 0 -1 0
vn 0 -1 0
vn 0 -1 0
vn 0 -1 0
vn 0 -1 0
vn 0 -1 0
vn 0 -1 0
vn 0 -1 0
vn 0 -1 0
vn 0 -1 0
vn 0 -1 0
vn 0 -1 0
vn 0 -1 0
vn 0 -1 0
vn 0 -1 0
vn 0 -1 0
vn 0 -1 0
vn 0 -1 0
vn 0 -1 0
vn 0 -1 0
vn 0 -1 0
vn 0 -1 0
vn 0 -1 0
vn 0 -1 0
vn 0 -1 0
vn 0 -1 0
vn 0 -1 0
vn 0 -1 0
vn 0 -1 0
vn 0 -1 0
vn 0 -1 0
vn 0 -1 0
vn 0 -1 0
vn 0 -1 0
vn 0 -1 0
vn 0 -1 0
vn 0 -1 0
vn 0 -1 0
vn 0 -1 0
vn 0 -1 0
vn 0 -1 0
vn 0 -1 0
vn 0 -1 0
vn 0 -1 0
vn 0 -1 0
vn 0 -1 0
vn 0 -1 0
vn 0 -1 0
vn 0 -1 0
vn 0 -1 0
vn 0 -1 0
vn 0 -1 0
vn 0 -1 0
vn 0 -1 0
vn 0 -1 0
vn 0 -1 0
vn 0 -1 0
vn 0 -1 0
vn 0 -1 0
vn 0 -1 0
vn 0 -1 0
vn 0 -1 0
vn 0 -1 0
vn 0 -1 0
vn 0 -1 0
vn 0 -1 0
vn -1 0 0
vn -1 0 0
vn -1 0 0
vn -1 0 0
vn -1 0 0
vn -1 0 0
vn -1 0 0
vn -1 0 0
vn -1 0 0
vn -1 0 0
vn -1 0 0
vn -1 0 0
vn -0.91899228096008301 0 0.39427557587623596
vn -0.91899228096008301 0 0.39427557587623596
vn -0.91899228096008301 0 0.39427557587623596
vn -0.91899228096008301 0 0.39427557587623596
vn -0.91899228096008301 0 0.39427557587623596
vn -0.91899228096008301 0 0.39427557587623596
vn -0.91899228096008301 0 0.39427557587623596
vn -0.91899228096008301 0 0.39427557587623596
vn -0.91899228096008301 0 0.39427557587623596
vn -0.91899228096008301 0 0.39427557587623596
vn -0.91899228096008301 0 0.39427557587623596
vn -0.91899228096008301 0 0.39427557587623596
vn -0.70008993148803711 0 0.71405470371246338
vn -0.70008993148803711 0 0.71405470371246338
vn -0.70008993148803711 0 0.71405470371246338
vn -0.70008993148803711 0 0.71405470371246338
vn -0.70008993148803711 0 0.71405470371246338
vn -0.70008993148803711 0 0.71405470371246338
vn -0.70008993148803711 0 0.71405470371246338
vn -0.70008993148803711 0 0.71405470371246338
vn -0.70008993148803711 0 0.71405470371246338
vn -0.70008993148803711 0 0.71405470371246338
vn -0.70008993148803711 0 0.71405470371246338
vn -0.70008993148803711 0 0.71405470371246338
vn -0.37811726331710815 0 0.92575770616531372
vn -0.37811726331710815 0 0.92575770616531372
vn -0.37811726331710815 0 0.92575770616531372
vn -0.37811726331710815 0 0.92575770616531372
vn -0.37811726331710815 0 0.92575770616531372
vn -0.37811726331710815 0 0.92575770616531372
vn -0.37811726331710815 0 0.92575770616531372
vn -0.37811726331710815 0 0.92575770616531372
vn -0.37811726331710815 0 0.92575770616531372
vn -0.37811726331710815 0 0.92575770616531372
vn -0.37811726331710815 0 0.92575770616531372
vn -0.37811726331710815 0 0.92575770616531372
vn 0 0 1
vn 0 0 1
vn 0 0 1
vn 0 0 1
vn 0 0 1
vn 0 0 1
vn 0 0 1
vn 0 0 1
vn 0 0 1
vn 0 0 1
vn 0 0 1
vn 0 0 1
vn -0.37811726331710815 0 0.92575770616531372
vn -0.19266848266124725 0 0.98126393556594849
vn -0.19266848266124725 0 0.98126393556594849
vn -0.70008993148803711 0 0.71405470371246338
vn -0.54939717054367065 0 0.83556133508682251
vn -0.54939717054367065 0 0.83556133508682251
vn -0.91899228096008301 0 0.39427557587623596
vn -0.82517963647842407 0 0.56487035751342773
vn -0.82517963647842407 0 0.56487035751342773
vn -0.97953873872756958 0 0.20125573873519897
vn -0.97953873872756958 0 0.20125573873519897
vn -0.91899228096008301 0 0.39427557587623596
vn -0.97953873872756958 0 0.20125573873519897
vn -0.97953873872756958 0 0.20125573873519897
vn -0.70008993148803711 0 0.71405470371246338
vn -0.82517963647842407 0 0.56487035751342773
vn -0.82517963647842407 0 0.56487035751342773
vn -0.37811726331710815 0 0.92575770616531372
vn -0.54939717054367065 0 0.83556133508682251
vn -0.54939717054367065 0 0.83556133508682251
vn -0.19266848266124725 0 0.98126393556594849
vn -0.19266848266124725 0 0.98126393556594849
vn 0 0 1
vn 0 0 1
vn 0 0 1
vn 0 0 1
vn 0 0 1
vn 0 0 1
vn 0 0 1
vn 0 0 1
vn 0 0 1
vn 0 0 1
vn 0 0 1
vn 0 0 1
vn 0.39427557587623596 0 0.91899228096008301
vn 0.39427557587623596 0 0.91899228096008301
vn 0.39427557587623596 0 0.91899228096008301
vn 0.39427557587623596 0 0.91899228096008301
vn 0.39427557587623596 0 0.91899228096008301
vn 0.39427557587623596 0 0.91899228096008301
vn 0.39427557587623596 0 0.91899228096008301
vn 0.39427557587623596 0 0.91899228096008301
vn 0.39427557587623596 0 0.91899228096008301
vn 0.39427557587623596 0 0.91899228096008301
vn 0.39427557587623596 0 0.91899228096008301
vn 0.39427557587623596 0 0.91899228096008301
vn 0.71405470371246338 0 0.70008993148803711
vn 0.71405470371246338 0 0.70008993148803711
vn 0.71405470371246338 0 0.70008993148803711
vn 0.71405470371246338 0 0.70008993148803711
vn 0.71405470371246338 0 0.70008993148803711
vn 0.71405470371246338 0 0.70008993148803711
vn 0.71405470371246338 0 0.70008993148803711
vn 0.71405470371246338 0 0.70008993148803711
vn 0.71405470371246338 0 0.70008993148803711
vn 0.71405470371246338 0 0.70008993148803711
vn 0.71405470371246338 0 0.70008993148803711
vn 0.71405470371246338 0 0.70008993148803711
vn 0.92575770616531372 0 0.37811726331710815
vn 0.92575770616531372 0 0.37811726331710815
vn 0.92575770616531372 0 0.37811726331710815
vn 0.92575770616531372 0 0.37811726331710815
vn 0.92575770616531372 0 0.37811726331710815
vn 0.92575770616531372 0 0.37811726331710815
vn 0.92575770616531372 0 0.37811726331710815
vn 0.92575770616531372 0 0.37811726331710815
vn 0.92575770616531372 0 0.37811726331710815
vn 0.92575770616531372 0 0.37811726331710815
vn 0.92575770616531372 0 0.37811726331710815
vn 0.92575770616531372 0 0.37811726331710815
vn 1 0 0
vn 1 0 0
vn 1 0 0
vn 1 0 0
vn 1 0 0
vn 1 0 0
vn 1 0 0
vn 1 0 0
vn 1 0 0
vn 1 0 0
vn 1 0 0
vn 1 0 0
vn 0.92575770616531372 0 0.37811726331710815
vn 0.98126393556594849 0 0.19266848266124725
vn 0.98126393556594849 0 0.19266848266124725
vn 0.71405470371246338 0 0.70008993148803711
vn 0.83556133508682251 0 0.54939717054367065
vn 0.83556133508682251 0 0.54939717054367065
vn 0.39427557587623596 0 0.91899228096008301
vn 0.56487035751342773 0 0.82517963647842407
vn 0.56487035751342773 0 0.82517963647842407
vn 0.20125573873519897 0 0.97953873872756958
vn 0.20125573873519897 0 0.97953873872756958
vn 0.39427557587623596 0 0.91899228096008301
vn 0.20125573873519897 0 0.97953873872756958
vn 0.20125573873519897 0 0.97953873872756958
vn 0.71405470371246338 0 0.70008993148803711
vn 0.56487035751342773 0 0.82517963647842407
vn 0.56487035751342773 0 0.82517963647842407
vn 0.92575770616531372 0 0.37811726331710815
vn 0.83556133508682251 0 0.54939717054367065
vn 0.83556133508682251 0 0.54939717054367065
vn 0.98126393556594849 0 0.19266848266124725
vn 0.98126393556594849 0 0.19266848266124725
vn 0 0 -1
vn 0 0 -1
vn 0 0 -1
vn 0 0 -1
vn 0 0 -1
vn 0 0 -1
vn 0 0 -1
vn 0 0 -1
vn 0 0 -1
vn 0 0 -1
vn 0 0 -1
vn 0 0 -1
vn -0.39427557587623596 0 -0.91899228096008301
vn -0.39427557587623596 0 -0.91899228096008301
vn -0.39427557587623596 0 -0.91899228096008301
vn -0.39427557587623596 0 -0.91899228096008301
vn -0.39427557587623596 0 -0.91899228096008301
vn -0.39427557587623596 0 -0.91899228096008301
vn -0.39427557587623596 0 -0.91899228096008301
vn -0.39427557587623596 0 -0.91899228096008301
vn -0.39427557587623596 0 -0.91899228096008301
vn -0.39427557587623596 0 -0.91899228096008301
vn -0.39427557587623596 0 -0.91899228096008301
vn -0.39427557587623596 0 -0.91899228096008301
vn -0.71405470371246338 0 -0.70008993148803711
vn -0.71405470371246338 0 -0.70008993148803711
vn -0.71405470371246338 0 -0.70008993148803711
vn -0.71405470371246338 0 -0.70008993148803711
vn -0.71405470371246338 0 -0.70008993148803711
vn -0.71405470371246338 0 -0.70008993148803711
vn -0.71405470371246338 0 -0.70008993148803711
vn -0.71405470371246338 0 -0.70008993148803711
vn -0.71405470371246338 0 -0.70008993148803711
vn -0.71405470371246338 0 -0.70008993148803711
vn -0.71405470371246338 0 -0.70008993148803711
vn -0.71405470371246338 0 -0.70008993148803711
vn -0.92575770616531372 0 -0.37811726331710815
vn -0.92575770616531372 0 -0.37811726331710815
vn -0.92575770616531372 0 -0.37811726331710815
vn -0.92575770616531372 0 -0.37811726331710815
vn -0.92575770616531372 0 -0.37811726331710815
vn -0.92575770616531372 0 -0.37811726331710815
vn -0.92575770616531372 0 -0.37811726331710815
vn -0.92575770616531372 0 -0.37811726331710815
vn -0.92575770616531372 0 -0.37811726331710815
vn -0.92575770616531372 0 -0.37811726331710815
vn -0.92575770616531372 0 -0.37811726331710815
vn -0.92575770616531372 0 -0.37811726331710815
vn -1 0 0
vn -1 0 0
vn -1 0 0
vn -1 0 0
vn -1 0 0
vn -1 0 0
vn -1 0 0
vn -1 0 0
vn -1 0 0
vn -1 0 0
vn -1 0 0
vn -1 0 0
vn -0.92575770616531372 0 -0.37811726331710815
vn -0.98126393556594849 0 -0.19266848266124725
vn -0.98126393556594849 0 -0.19266848266124725
vn -0.71405470371246338 0 -0.70008993148803711
vn -0.83556133508682251 0 -0.54939717054367065
vn -0.83556133508682251 0 -0.54939717054367065
vn -0.39427557587623596 0 -0.91899228096008301
vn -0.56487035751342773 0 -0.82517963647842407
vn -0.56487035751342773 0 -0.82517963647842407
vn -0.20125573873519897 0 -0.97953873872756958
vn -0.20125573873519897 0 -0.97953873872756958
vn -0.39427557587623596 0 -0.91899228096008301
vn -0.20125573873519897 0 -0.97953873872756958
vn -0.20125573873519897 0 -0.97953873872756958
vn -0.71405470371246338 0 -0.70008993148803711
vn -0.56487035751342773 0 -0.82517963647842407
vn -0.56487035751342773 0 -0.82517963647842407
vn -0.92575770616531372 0 -0.37811726331710815
vn -0.83556133508682251 0 -0.54939717054367065
vn -0.83556133508682251 0 -0.54939717054367065
vn -0.98126393556594849 0 -0.19266848266124725
vn -0.98126393556594849 0 -0.19266848266124725
vn 1 0 0
vn 1 0 0
vn 1 0 0
vn 1 0 0
vn 1 0 0
vn 1 0 0
vn 1 0 0
vn 1 0 0
vn 1 0 0
vn 1 0 0
vn 1 0 0
vn 1 0 0
vn 0.91899228096008301 0 -0.39427557587623596
vn 0.91899228096008301 0 -0.39427557587623596
vn 0.91899228096008301 0 -0.39427557587623596
vn 0.91899228096008301 0 -0.39427557587623596
vn 0.91899228096008301 0 -0.39427557587623596
vn 0.91899228096008301 0 -0.39427557587623596
vn 0.91899228096008301 0 -0.39427557587623596
vn 0.91899228096008301 0 -0.39427557587623596
vn 0.91899228096008301 0 -0.39427557587623596
vn 0.91899228096008301 0 -0.39427557587623596
vn 0.91899228096008301 0 -0.39427557587623596
vn 0.91899228096008301 0 -0.39427557587623596
vn 0.70008993148803711 0 -0.71405470371246338
vn 0.70008993148803711 0 -0.71405470371246338
vn 0.70008993148803711 0 -0.71405470371246338
vn 0.70008993148803711 0 -0.71405470371246338
vn 0.70008993148803711 0 -0.71405470371246338
vn 0.70008993148803711 0 -0.71405470371246338
vn 0.70008993148803711 0 -0.71405470371246338
vn 0.70008993148803711 0 -0.71405470371246338
vn 0.70008993148803711 0 -0.71405470371246338
vn 0.70008993148803711 0 -0.71405470371246338
vn 0.70008993148803711 0 -0.71405470371246338
vn 0.70008993148803711 0 -0.71405470371246338
vn 0.37811726331710815 0 -0.92575770616531372
vn 0.37811726331710815 0 -0.92575770616531372
vn 0.37811726331710815 0 -0.92575770616531372
vn 0.37811726331710815 0 -0.92575770616531372
vn 0.37811726331710815 0 -0.92575770616531372
vn 0.37811726331710815 0 -0.92575770616531372
vn 0.37811726331710815 0 -0.92575770616531372
vn 0.37811726331710815 0 -0.92575770616531372
vn 0.37811726331710815 0 -0.92575770616531372
vn 0.37811726331710815 0 -0.92575770616531372
vn 0.37811726331710815 0 -0.92575770616531372
vn 0.37811726331710815 0 -0.92575770616531372
vn 0 0 -1
vn 0 0 -1
vn 0 0 -1
vn 0 0 -1
vn 0 0 -1
vn 0 0 -1
vn 0 0 -1
vn 0 0 -1
vn 0 0 -1
vn 0 0 -1
vn 0 0 -1
vn 0 0 -1
vn 0.37811726331710815 0 -0.92575770616531372
vn 0.19266848266124725 0 -0.98126393556594849
vn 0.19266848266124725 0 -0.98126393556594849
vn 0.70008993148803711 0 -0.71405470371246338
vn 0.54939717054367065 0 -0.83556133508682251
vn 0.54939717054367065 0 -0.83556133508682251
vn 0.91899228096008301 0 -0.39427557587623596
vn 0.82517963647842407 0 -0.56487035751342773
vn 0.82517963647842407 0 -0.56487035751342773
vn 0.97953873872756958 0 -0.20125573873519897
vn 0.97953873872756958 0 -0.20125573873519897
vn 0.91899228096008301 0 -0.39427557587623596
vn 0.97953873872756958 0 -0.20125573873519897
vn 0.97953873872756958 0 -0.20125573873519897
vn 0.70008993148803711 0 -0.71405470371246338
vn 0.82517963647842407 0 -0.56487035751342773
vn 0.82517963647842407 0 -0.56487035751342773
vn 0.37811726331710815 0 -0.92575770616531372
vn 0.54939717054367065 0 -0.83556133508682251
vn 0.54939717054367065 0 -0.83556133508682251
vn 0.19266848266124725 0 -0.98126393556594849
vn 0.19266848266124725 0 -0.98126393556594849
vn 0 -1 0
vn 0 -1 0
vn 0 -0.91899228096008301 -0.39427557587623596
vn 0 -0.70008993148803711 -0.71405470371246338
vn 0 -0.37811726331710815 -0.92575770616531372
vn 0 0 -1
vn 0 0 -1
vn 0 -0.25881904363632202 -0.96592581272125244
vn 0 -0.5 -0.86602538824081421
vn 0 -0.70710676908493042 -0.70710676908493042
vn 0 -0.86602538824081421 -0.5
vn 0 -0.96592581272125244 -0.25881904363632202
vn 0 -1 0
vn 0 -1 0
vn 0 -1 0
vn 0 -1 0
vn 0 -1 0
vn 0 -1 0
vn 0 -1 0
vn 0 -1 0
vn 0 -1 0
vn 0 -1 0
vn 0 -1 0
vn 0 -1 0
vn 0 -1 0
vn 0 -1 0
vn 0 -1 0
vn 0 -1 0
vn 0 -1 0
vn 0 -1 0
vn 0 -1 0
vn 0 -1 0
vn 0 -1 0
vn 0 -1 0
vn 0 -1 0
vn 0 -1 0
vn 0 -1 0
vn 0 -1 0
vn 0 -1 0
vn 0 -1 0
vn 0 -1 0
vn 0 -1 0
vn 0 -1 0
vn 0 -1 0
vn 0 -1 0
vn 0 -1 0
vn 0 -1 0
vn 0 -1 0
vn 0 -1 0
vn 0 -1 0
vn 0 -1 0
vn 0 -1 0
vn 0 -1 0
vn 0 -1 0
vn 0 -1 0
vn 0 -1 0
vn 0 -1 0
vn 0 -1 0
vn 0 -1 0
vn 0 -1 0
vn 0 -1 0
vn 0 -1 0
vn 0 -1 0
vn 0 -1 0
vn 0 -1 0
vn 0 -1 0
vn 0 -1 0
vn 0 -1 0
vn 0 -1 0
vn 0 -1 0
vn 0 -1 0
vn 0 -1 0
vn 0 -1 0
vn 0 -1 0
vn 0 -1 0
vn 0 -1 0
vn 0 -1 0
vn 0 -1 0
vn 0 -1 0
vn 0 -1 0
vn 0 -1 0
vn 0 -1 0
vn 0 -1 0
vn 0 -1 0
vn 0 -1 0
vn 0 -1 0
vn 0 -1 0
vn 0 -1 0
vn 0 -1 0
vn 0 -1 0
vn 0 -1 0
vn 0 -1 0
vn 0 -1 0
vn 0 -1 0
vn 0 -1 0
vn 0 0 1
vn 0 0 1
vn 0 -0.39427557587623596 0.91899228096008301
vn 0 -0.71405470371246338 0.70008993148803711
vn 0 -0.92575770616531372 0.37811726331710815
vn 0 -1 0
vn 0 -1 0
vn 0 -0.96592581272125244 0.25881904363632202
vn 0 -0.86602538824081421 0.5
vn 0 -0.70710676908493042 0.70710676908493042
vn 0 -0.5 0.86602538824081421
vn 0 -0.25881904363632202 0.96592581272125244
vn 0 0 1
vn 0 0 1
vn 0 0 1
vn 0 0 1
vn 0 0 1
vn 0 0 1
vn 0 0 1
vn 0 0 1
vn 0 0 1
vn 0 0 1
vn 0 0 1
vn 0 0 1
vn 0 0 1
vn 0 0 1
vn 0 0 1
vn 0 0 1
vn 0 0 1
vn 0 0 1
vn 0 0 1
vn 0 0 1
vn 0 0 1
vn 0 0 1
vn 0 0 1
vn 0 0 1
vn 0 0 1
vn 0 0 1
vn 0 0 1
vn 0 0 1
vn 0 0 1
vn 0 0 1
vn 0 0 1
vn 0 0 1
vn 0 0 1
vn 0 0 1
vn 0 0 1
vn 0 0 1
vn 0 0 1
vn 0 0 1
vn 0 0 1
vn 0 0 1
vn 0 0 1
vn 0 0 1
vn 0 0 1
vn 0 0 1
vn 0 0 1
vn 0 0 1
vn 0 0 1
vn 0 0 1
vn 0 0 1
vn 0 0 1
vn 0 0 1
vn 0 0 1
vn 0 0 1
vn 0 0 1
vn 0 0 1
vn 0 0 1
vn 0 0 1
vn 0 0 1
vn 0 0 1
vn 0 0 1
vn 0 0 1
vn 0 0 1
vn 0 0 1
vn 0 0 1
vn 0 0 1
vn 0 0 1
vn 0 0 1
vn 0 0 1
vn 0 0 1
vn 0 0 1
vn 0 0 1
vn 0 0 1
vn 0 0 1
vn 0 0 1
vn 0 0 1
vn 0 0 1
vn 0 0 1
vn 0 0 1
vn 0 0 1
vn 0 0 1
vn 0 0 1
vn 0 0 1
vn 0 0 1
vn 0 0 1
vn 0 0 1
vn 0 0 1
vn 0 0 1
vn 0 0 1
vn 0 0 1
vn 0 0 1
vn 0 0 1
vn 0 0 1
vn 0 0 1
vn 0 0 1
vn 0 0 1
vn 0 0 1
vn 0 0 1
vn 0 0 1
vn 0 0 1
vn 0 0 1
vn 0 0 1
vn 0 0 1
vn 0 0 1
vn 0 0 1
vn 0 0 1
vn 0 0 1
vn 0 0 1
vn 0 0 1
vn 0 0 1
vn 0 0 1
vn 0 0 1
vn 0 0 1
vn 0 0 1
vn 0 0 1
vn 0 0 1
vn 0 0 1
vn 0 0 1
vn 0 0 1
vn 0 0 1
vn 0 0 1
vn 0 0 1
vn 0 0 1
vn 0 0 1
vn 0 0 1
vn 0 0 1
vn 0 0 1
vn 0 0 1
vn 0 0 1
vn 0 0 1
vn 0 0 1
vn 0 0 1
vn 0 0 1
vn 0 0 1
vn 0 0 1
vn 0 1 0
vn 0 1 0
vn 0 0.91899228096008301 0.39427557587623596
vn 0 0.70008993148803711 0.71405470371246338
vn 0 0.37811726331710815 0.92575770616531372
vn 0 0 1
vn 0 0 1
vn 0 0.25881904363632202 0.96592581272125244
vn 0 0.5 0.86602538824081421
vn 0 0.70710676908493042 0.70710676908493042
vn 0 0.86602538824081421 0.5
vn 0 0.96592581272125244 0.25881904363632202
vn 0 1 0
vn 0 1 0
vn 0 1 0
vn 0 1 0
vn 0 1 0
vn 0 1 0
vn 0 1 0
vn 0 1 0
vn 0 1 0
vn 0 1 0
vn 0 1 0
vn 0 1 0
vn 0 1 0
vn 0 1 0
vn 0 1 0
vn 0 1 0
vn 0 1 0
vn 0 1 0
vn 0 1 0
vn 0 1 0
vn 0 1 0
vn 0 1 0
vn 0 1 0
vn 0 1 0
vn 0 1 0
vn 0 1 0
vn 0 1 0
vn 0 1 0
vn 0 1 0
vn 0 1 0
vn 0 1 0
vn 0 1 0
vn 0 1 0
vn 0 1 0
vn 0 1 0
vn 0 1 0
vn 0 1 0
vn 0 1 0
vn 0 1 0
vn 0 1 0
vn 0 1 0
vn 0 1 0
vn 0 1 0
vn 0 1 0
vn 0 1 0
vn 0 1 0
vn 0 1 0
vn 0 1 0
vn 0 1 0
vn 0 1 0
vn 0 1 0
vn 0 1 0
vn 0 1 0
vn 0 1 0
vn 0 1 0
vn 0 1 0
vn 0 1 0
vn 0 1 0
vn 0 1 0
vn 0 1 0
vn 0 1 0
vn 0 1 0
vn 0 1 0
vn 0 1 0
vn 0 1 0
vn 0 1 0
vn 0 1 0
vn 0 1 0
vn 0 1 0
vn 0 1 0
vn 0 1 0
vn 0 1 0
vn 0 1 0
vn 0 1 0
vn 0 1 0
vn 0 1 0
vn 0 1 0
vn 0 1 0
vn 0 1 0
vn 0 1 0
vn 0 1 0
vn 0 1 0
vn 0 1 0
vn 0 0 -1
vn 0 0 -1
vn 0 0.39427557587623596 -0.91899228096008301
vn 0 0.71405470371246338 -0.70008993148803711
vn 0 0.92575770616531372 -0.37811726331710815
vn 0 1 0
vn 0 1 0
vn 0 0.96592581272125244 -0.25881904363632202
vn 0 0.86602538824081421 -0.5
vn 0 0.70710676908493042 -0.70710676908493042
vn 0 0.5 -0.86602538824081421
vn 0 0.25881904363632202 -0.96592581272125244
vn 0 0 -1
vn 0 0 -1
vn 0 0 -1
vn 0 0 -1
vn 0 0 -1
vn 0 0 -1
vn 0 0 -1
vn 0 0 -1
vn 0 0 -1
vn 0 0 -1
vn 0 0 -1
vn 0 0 -1
vn 0 0 -1
vn 0 0 -1
vn 0 0 -1
vn 0 0 -1
vn 0 0 -1
vn 0 0 -1
vn 0 0 -1
vn 0 0 -1
vn 0 0 -1
vn 0 0 -1
vn 0 0 -1
vn 0 0 -1
vn 0 0 -1
vn 0 0 -1
vn 0 0 -1
vn 0 0 -1
vn 0 0 -1
vn 0 0 -1
vn 0 0 -1
vn 0 0 -1
vn 0 0 -1
vn 0 0 -1
vn 0 0 -1
vn 0 0 -1
vn 0 0 -1
vn 0 0 -1
vn 0 0 -1
vn 0 0 -1
vn 0 0 -1
vn 0 0 -1
vn 0 0 -1
vn 0 0 -1
vn 0 0 -1
vn 0 0 -1
vn 0 0 -1
vn 0 0 -1
vn 0 0 -1
vn 0 0 -1
vn 0 0 -1
vn 0 0 -1
vn 0 0 -1
vn 0 0 -1
vn 0 0 -1
vn 0 0 -1
vn 0 0 -1
vn 0 0 -1
vn 0 0 -1
vn 0 0 -1
vn 0 0 -1
vn 0 0 -1
vn 0 0 -1
vn 0 0 -1
vn 0 0 -1
vn 0 0 -1
vn 0 0 -1
vn 0 0 -1
vn 0 0 -1
vn 0 0 -1
vn 0 0 -1
vn 0 0 -1
vn 0 0 -1
vn 0 0 -1
vn 0 0 -1
vn 0 0 -1
vn 0 0 -1
vn 0 0 -1
vn 0 0 -1
vn 0 0 -1
vn 0 0 -1
vn 0 0 -1
vn 0 0 -1
vn 0 0 -1
vn 0 0 -1
vn 0 0 -1
vn 0 0 -1
vn 0 0 -1
vn 0 0 -1
vn 0 0 -1
vn 0 0 -1
vn 0 0 -1
vn 0 0 -1
vn 0 0 -1
vn 0 0 -1
vn 0 0 -1
vn 0 0 -1
vn 0 0 -1
vn 0 0 -1
vn 0 0 -1
vn 0 0 -1
vn 0 0 -1
vn 0 0 -1
vn 0 0 -1
vn 0 0 -1
vn 0 0 -1
vn 0 0 -1
vn 0 0 -1
vn 0 0 -1
vn 0 0 -1
vn 0 0 -1
vn 0 0 -1
vn 0 0 -1
vn 0 0 -1
vn 0 0 -1
vn 0 0 -1
vn 0 0 -1
vn 0 0 -1
vn 0 0 -1
vn 0 0 -1
vn 0 0 -1
vn 0 0 -1
vn 0 0 -1
vn 0 0 -1
vn 0 0 -1
vn 0 0 -1
vn 0 0 -1
vn 0 0 -1
vn 0 0 -1
vn 0 0 -1
vn 0 0 -1
vn 0 0 -1
vn 0 0 -1
vn 0 0 -1
vn 1 0 0
vn 1 0 0
vn 1 0 0
vn 1 0 0
vn 1 0 0
vn 1 0 0
vn 1 0 0
vn 1 0 0
vn 1 0 0
vn 1 0 0
vn 1 0 0
vn 1 0 0
vn 1 0 0
vn 1 0 0
vn 1 0 0
vn 1 0 0
vn 1 0 0
vn 1 0 0
vn 1 0 0
vn 1 0 0
vn 1 0 0
vn 1 0 0
vn 1 0 0
vn 1 0 0
vn 1 0 0
vn 1 0 0
vn 1 0 0
vn 1 0 0
vn 1 0 0
vn 1 0 0
vn 1 0 0
vn 1 0 0
vn 1 0 0
vn 1 0 0
vn 1 0 0
vn 1 0 0
vn 1 0 0
vn 1 0 0
vn 1 0 0
vn 1 0 0
vn 1 0 0
vn 1 0 0
vn 1 0 0
vn 1 0 0
vn 1 0 0
vn 1 0 0
vn 1 0 0
vn 1 0 0
vn 1 0 0
vn 1 0 0
vn 1 0 0
vn 1 0 0
vn 1 0 0
vn 1 0 0
vn 1 0 0
vn 1 0 0
vn 1 0 0
vn 1 0 0
vn 1 0 0
vn 1 0 0
vn 1 0 0
vn 1 0 0
vn 1 0 0
vn 1 0 0
vn 1 0 0
vn 1 0 0
vn 1 0 0
vn 1 0 0
vn 1 0 0
vn 1 0 0
vn 1 0 0
vn 1 0 0
vn 1 0 0
vn 1 0 0
vn 1 0 0
vn 1 0 0
vn 1 0 0
vn 1 0 0
vn 1 0 0
vn 1 0 0
vn 1 0 0
vn 1 0 0
vn 1 0 0
vn 1 0 0
vn 1 0 0
vn 1 0 0
vn 1 0 0
vn 1 0 0
vn 1 0 0
vn 1 0 0
vn 1 0 0
vn 1 0 0
vn 1 0 0
vn 1 0 0
vn 1 0 0
vn 1 0 0
vn 1 0 0
vn 1 0 0
vn 1 0 0
vn 1 0 0
vn 1 0 0
vn 1 0 0
vn 1 0 0
vn 1 0 0
vn 1 0 0
vn 1 0 0
vn 1 0 0
vn 1 0 0
vn 1 0 0
vn 1 0 0
vn 1 0 0
vn 1 0 0
vn 1 0 0
vn 1 0 0
vn 1 0 0
vn 1 0 0
vn 1 0 0
vn 1 0 0
vn 1 0 0
vn 1 0 0
vn 1 0 0
vn 1 0 0
vn 1 0 0
vn 1 0 0
vn 1 0 0
vn 1 0 0
vn 1 0 0
vn 1 0 0
vn 1 0 0
vn 1 0 0
vn 1 0 0
vn 1 0 0
vn 1 0 0
vn 1 0 0
vn 1 0 0
vn 1 0 0
vn 1 0 0
vn 1 0 0
vn 1 0 0
vn 1 0 0
vn 1 0 0
vn 1 0 0
vn 1 0 0
vn 1 0 0
vn 1 0 0
vn 1 0 0
vn 1 0 0
vn 1 0 0
vn 1 0 0
vn 1 0 0
vn 1 0 0
vn 1 0 0
vn 1 0 0
vn 1 0 0
vn 1 0 0
vn 1 0 0
vn 1 0 0
vn 1 0 0
vn 1 0 0
vn 1 0 0
vn 1 0 0
vn 1 0 0
vn 1 0 0
vn 1 0 0
vn 1 0 0
vn 1 0 0
vn 1 0 0
vn 1 0 0
vn 1 0 0
vn 1 0 0
vn 1 0 0
vn 1 0 0
vn 1 0 0
vn 1 0 0
vn 1 0 0
vn 1 0 0
vn 1 0 0
vn 1 0 0
vn 1 0 0
vn 1 0 0
vn 1 0 0
vn 1 0 0
vn 1 0 0
vn 1 0 0
vn 1 0 0
vn 1 0 0
vn 1 0 0
vn 1 0 0
vn 1 0 0
vn 1 0 0
vn 1 0 0
vn 1 0 0
vn 1 0 0
vn 1 0 0
vn 1 0 0
vn 1 0 0
vn 1 0 0
vn 1 0 0
vn 1 0 0
vn 1 0 0
vn 1 0 0
vn 1 0 0
vn 1 0 0
vn 1 0 0
vn 1 0 0
vn 1 0 0
vn 1 0 0
vn 1 0 0
vn 1 0 0
vn 1 0 0
vn 1 0 0
vn 1 0 0
vn 1 0 0
vn 1 0 0
vn 1 0 0
vn 1 0 0
vn 1 0 0
vn 1 0 0
vn 1 0 0
vn 1 0 0
vn 1 0 0
vn 1 0 0
vn 1 0 0
vn 1 0 0
vn 1 0 0
vn 1 0 0
vn 1 0 0
vn 1 0 0
vn 1 0 0
vn 1 0 0
vn 1 0 0
vn 1 0 0
vn 1 0 0
vn 1 0 0
vn 1 0 0
vn 1 0 0
vn 1 0 0
vn 1 0 0
vn 1 0 0
vn 1 0 0
vn 1 0 0
vn 1 0 0
vn 1 0 0
vn 1 0 0
vn 1 0 0
vn 1 0 0
vn 1 0 0
vn 1 0 0
vn 1 0 0
vn 1 0 0
vn 1 0 0
vn 1 0 0
vn 1 0 0
vn 1 0 0
vn 1 0 0
vn 1 0 0
vn 1 0 0
vn 1 0 0
vn 1 0 0
vn 1 0 0
vn 1 0 0
vn 1 0 0
vn 1 0 0
vn 1 0 0
vn 1 0 0
vn 1 0 0
vn 1 0 0
vn 1 0 0
vn 1 0 0
vn 1 0 0
vn 1 0 0
vn 1 0 0
vn 1 0 0
vn 1 0 0
vn 1 0 0
vn 1 0 0
vn 1 0 0
vn 1 0 0
vn 1 0 0
vn 1 0 0
vn 1 0 0
vn 1 0 0
vn 1 0 0
vn 1 0 0
vn 1 0 0
vn 1 0 0
vn 1 0 0
vn 1 0 0
vn 1 0 0
vn 1 0 0
vn 1 0 0
vn 1 0 0
vn 1 0 0
vn 1 0 0
vn 1 0 0
vn 1 0 0
vn 1 0 0
vn 1 0 0
vn 1 0 0
vn 1 0 0
vn 1 0 0
vn 1 0 0
vn 1 0 0
vn 1 0 0
vn 1 0 0
vn 1 0 0
vn 1 0 0
vn 1 0 0
vn 1 0 0
vn 1 0 0
vn 1 0 0
vn 1 0 0
vn 1 0 0
vn 1 0 0
vn 1 0 0
vn 1 0 0
vn 1 0 0
vn 1 0 0
vn 1 0 0
vn 1 0 0
vn 1 0 0
vn 1 0 0
vn 1 0 0
vn 1 0 0
vn 1 0 0
vn 1 0 0
vn 1 0 0
vn 1 0 0
vn 1 0 0
vn 1 0 0
vn 1 0 0
vn 1 0 0
vn 1 0 0
vn 1 0 0
vn 1 0 0
vn 1 0 0
vn 1 0 0
vn 1 0 0
vn 1 0 0
vn 1 0 0
vn 1 0 0
vn 1 0 0
vn 1 0 0
vn 1 0 0
vn 1 0 0
vn 1 0 0
vn 1 0 0
vn 1 0 0
vn 1 0 0
vn 1 0 0
vn 1 0 0
vn 1 0 0
vn 1 0 0
vn 1 0 0
vn 1 0 0
vn 1 0 0
vn 1 0 0
vn 1 0 0
vn 1 0 0
vn 1 0 0
vn 1 0 0
vn 1 0 0
vn 1 0 0
vn 1 0 0
vn 1 0 0
vn 1 0 0
vn 1 0 0
vn 1 0 0
vn 1 0 0
vn 1 0 0
vn 1 0 0
vn 1 0 0
vn 1 0 0
vn 1 0 0
vn 1 0 0
vn 1 0 0
vn 1 0 0
vn 1 0 0
vn 1 0 0
vn 1 0 0
vn 1 0 0
vn 1 0 0
vn 1 0 0
vn 1 0 0
vn 1 0 0
vn 1 0 0
vn 0.91899228096008301 0 0.39427557587623596
vn 0.91899228096008301 0 0.39427557587623596
vn 0.91899228096008301 0 0.39427557587623596
vn 0.91899228096008301 0 0.39427557587623596
vn 0.91899228096008301 0 0.39427557587623596
vn 0.91899228096008301 0 0.39427557587623596
vn 0.91899228096008301 0 0.39427557587623596
vn 0.91899228096008301 0 0.39427557587623596
vn 0.91899228096008301 0 0.39427557587623596
vn 0.91899228096008301 0 0.39427557587623596
vn 0.91899228096008301 0 0.39427557587623596
vn 0.91899228096008301 0 0.39427557587623596
vn 0.91899228096008301 0 0.39427557587623596
vn 0.91899228096008301 0 0.39427557587623596
vn 0.91899228096008301 0 0.39427557587623596
vn 0.91899228096008301 0 0.39427557587623596
vn 0.91899228096008301 0 0.39427557587623596
vn 0.91899228096008301 0 0.39427557587623596
vn 0.91899228096008301 0 0.39427557587623596
vn 0.91899228096008301 0 0.39427557587623596
vn 0.91899228096008301 0 0.39427557587623596
vn 0.91899228096008301 0 0.39427557587623596
vn 0.91899228096008301 0 0.39427557587623596
vn 0.91899228096008301 0 0.39427557587623596
vn 0.91899228096008301 0 0.39427557587623596
vn 0.91899228096008301 0 0.39427557587623596
vn 0.91899228096008301 0 0.39427557587623596
vn 0.91899228096008301 0 0.39427557587623596
vn 0.91899228096008301 0 0.39427557587623596
vn 0.91899228096008301 0 0.39427557587623596
vn 0.91899228096008301 0 0.39427557587623596
vn 0.91899228096008301 0 0.39427557587623596
vn 0.91899228096008301 0 0.39427557587623596
vn 0.91899228096008301 0 0.39427557587623596
vn 0.91899228096008301 0 0.39427557587623596
vn 0.91899228096008301 0 0.39427557587623596
vn 0.91899228096008301 0 0.39427557587623596
vn 0.91899228096008301 0 0.39427557587623596
vn 0.91899228096008301 0 0.39427557587623596
vn 0.91899228096008301 0 0.39427557587623596
vn 0.91899228096008301 0 0.39427557587623596
vn 0.91899228096008301 0 0.39427557587623596
vn 0.91899228096008301 0 0.39427557587623596
vn 0.91899228096008301 0 0.39427557587623596
vn 0.91899228096008301 0 0.39427557587623596
vn 0.91899228096008301 0 0.39427557587623596
vn 0.91899228096008301 0 0.39427557587623596
vn 0.91899228096008301 0 0.39427557587623596
vn 0.91899228096008301 0 0.39427557587623596
vn 0.91899228096008301 0 0.39427557587623596
vn 0.91899228096008301 0 0.39427557587623596
vn 0.91899228096008301 0 0.39427557587623596
vn 0.91899228096008301 0 0.39427557587623596
vn 0.91899228096008301 0 0.39427557587623596
vn 0.91899228096008301 0 0.39427557587623596
vn 0.91899228096008301 0 0.39427557587623596
vn 0.91899228096008301 0 0.39427557587623596
vn 0.91899228096008301 0 0.39427557587623596
vn 0.91899228096008301 0 0.39427557587623596
vn 0.91899228096008301 0 0.39427557587623596
vn 0.91899228096008301 0 0.39427557587623596
vn 0.91899228096008301 0 0.39427557587623596
vn 0.91899228096008301 0 0.39427557587623596
vn 0.91899228096008301 0 0.39427557587623596
vn 0.91899228096008301 0 0.39427557587623596
vn 0.91899228096008301 0 0.39427557587623596
vn 0.91899228096008301 0 0.39427557587623596
vn 0.91899228096008301 0 0.39427557587623596
vn 0.91899228096008301 0 0.39427557587623596
vn 0.91899228096008301 0 0.39427557587623596
vn 0.91899228096008301 0 0.39427557587623596
vn 0.91899228096008301 0 0.39427557587623596
vn 0.91899228096008301 0 0.39427557587623596
vn 0.91899228096008301 0 0.39427557587623596
vn 0.91899228096008301 0 0.39427557587623596
vn 0.91899228096008301 0 0.39427557587623596
vn 0.91899228096008301 0 0.39427557587623596
vn 0.91899228096008301 0 0.39427557587623596
vn 0.91899228096008301 0 0.39427557587623596
vn 0.91899228096008301 0 0.39427557587623596
vn 0.91899228096008301 0 0.39427557587623596
vn 0.91899228096008301 0 0.39427557587623596
vn 0.91899228096008301 0 0.39427557587623596
vn 0.91899228096008301 0 0.39427557587623596
vn 0.91899228096008301 0 0.39427557587623596
vn 0.70008993148803711 0 0.71405470371246338
vn 0.70008993148803711 0 0.71405470371246338
vn 0.70008993148803711 0 0.71405470371246338
vn 0.70008993148803711 0 0.71405470371246338
vn 0.70008993148803711 0 0.71405470371246338
vn 0.70008993148803711 0 0.71405470371246338
vn 0.70008993148803711 0 0.71405470371246338
vn 0.70008993148803711 0 0.71405470371246338
vn 0.70008993148803711 0 0.71405470371246338
vn 0.70008993148803711 0 0.71405470371246338
vn 0.70008993148803711 0 0.71405470371246338
vn 0.70008993148803711 0 0.71405470371246338
vn 0.70008993148803711 0 0.71405470371246338
vn 0.70008993148803711 0 0.71405470371246338
vn 0.70008993148803711 0 0.71405470371246338
vn 0.70008993148803711 0 0.71405470371246338
vn 0.70008993148803711 0 0.71405470371246338
vn 0.70008993148803711 0 0.71405470371246338
vn 0.70008993148803711 0 0.71405470371246338
vn 0.70008993148803711 0 0.71405470371246338
vn 0.70008993148803711 0 0.71405470371246338
vn 0.70008993148803711 0 0.71405470371246338
vn 0.70008993148803711 0 0.71405470371246338
vn 0.70008993148803711 0 0.71405470371246338
vn 0.70008993148803711 0 0.71405470371246338
vn 0.70008993148803711 0 0.71405470371246338
vn 0.70008993148803711 0 0.71405470371246338
vn 0.70008993148803711 0 0.71405470371246338
vn 0.70008993148803711 0 0.71405470371246338
vn 0.70008993148803711 0 0.71405470371246338
vn 0.70008993148803711 0 0.71405470371246338
vn 0.70008993148803711 0 0.71405470371246338
vn 0.70008993148803711 0 0.71405470371246338
vn 0.70008993148803711 0 0.71405470371246338
vn 0.70008993148803711 0 0.71405470371246338
vn 0.70008993148803711 0 0.71405470371246338
vn 0.70008993148803711 0 0.71405470371246338
vn 0.70008993148803711 0 0.71405470371246338
vn 0.70008993148803711 0 0.71405470371246338
vn 0.70008993148803711 0 0.71405470371246338
vn 0.70008993148803711 0 0.71405470371246338
vn 0.70008993148803711 0 0.71405470371246338
vn 0.70008993148803711 0 0.71405470371246338
vn 0.70008993148803711 0 0.71405470371246338
vn 0.70008993148803711 0 0.71405470371246338
vn 0.70008993148803711 0 0.71405470371246338
vn 0.70008993148803711 0 0.71405470371246338
vn 0.70008993148803711 0 0.71405470371246338
vn 0.70008993148803711 0 0.71405470371246338
vn 0.70008993148803711 0 0.71405470371246338
vn 0.70008993148803711 0 0.71405470371246338
vn 0.70008993148803711 0 0.71405470371246338
vn 0.70008993148803711 0 0.71405470371246338
vn 0.70008993148803711 0 0.71405470371246338
vn 0.70008993148803711 0 0.71405470371246338
vn 0.70008993148803711 0 0.71405470371246338
vn 0.70008993148803711 0 0.71405470371246338
vn 0.70008993148803711 0 0.71405470371246338
vn 0.70008993148803711 0 0.71405470371246338
vn 0.70008993148803711 0 0.71405470371246338
vn 0.70008993148803711 0 0.71405470371246338
vn 0.70008993148803711 0 0.71405470371246338
vn 0.70008993148803711 0 0.71405470371246338
vn 0.70008993148803711 0 0.71405470371246338
vn 0.70008993148803711 0 0.71405470371246338
vn 0.70008993148803711 0 0.71405470371246338
vn 0.70008993148803711 0 0.71405470371246338
vn 0.70008993148803711 0 0.71405470371246338
vn 0.70008993148803711 0 0.71405470371246338
vn 0.70008993148803711 0 0.71405470371246338
vn 0.70008993148803711 0 0.71405470371246338
vn 0.70008993148803711 0 0.71405470371246338
vn 0.70008993148803711 0 0.71405470371246338
vn 0.70008993148803711 0 0.71405470371246338
vn 0.70008993148803711 0 0.71405470371246338
vn 0.70008993148803711 0 0.71405470371246338
vn 0.70008993148803711 0 0.71405470371246338
vn 0.70008993148803711 0 0.71405470371246338
vn 0.70008993148803711 0 0.71405470371246338
vn 0.70008993148803711 0 0.71405470371246338
vn 0.70008993148803711 0 0.71405470371246338
vn 0.70008993148803711 0 0.71405470371246338
vn 0.70008993148803711 0 0.71405470371246338
vn 0.70008993148803711 0 0.71405470371246338
vn 0.70008993148803711 0 0.71405470371246338
vn 0.37811726331710815 0 0.92575770616531372
vn 0.37811726331710815 0 0.92575770616531372
vn 0.37811726331710815 0 0.92575770616531372
vn 0.37811726331710815 0 0.92575770616531372
vn 0.37811726331710815 0 0.92575770616531372
vn 0.37811726331710815 0 0.92575770616531372
vn 0.37811726331710815 0 0.92575770616531372
vn 0.37811726331710815 0 0.92575770616531372
vn 0.37811726331710815 0 0.92575770616531372
vn 0.37811726331710815 0 0.92575770616531372
vn 0.37811726331710815 0 0.92575770616531372
vn 0.37811726331710815 0 0.92575770616531372
vn 0.37811726331710815 0 0.92575770616531372
vn 0.37811726331710815 0 0.92575770616531372
vn 0.37811726331710815 0 0.92575770616531372
vn 0.37811726331710815 0 0.92575770616531372
vn 0.37811726331710815 0 0.92575770616531372
vn 0.37811726331710815 0 0.92575770616531372
vn 0.37811726331710815 0 0.92575770616531372
vn 0.37811726331710815 0 0.92575770616531372
vn 0.37811726331710815 0 0.92575770616531372
vn 0.37811726331710815 0 0.92575770616531372
vn 0.37811726331710815 0 0.92575770616531372
vn 0.37811726331710815 0 0.92575770616531372
vn 0.37811726331710815 0 0.92575770616531372
vn 0.37811726331710815 0 0.92575770616531372
vn 0.37811726331710815 0 0.92575770616531372
vn 0.37811726331710815 0 0.92575770616531372
vn 0.37811726331710815 0 0.92575770616531372
vn 0.37811726331710815 0 0.92575770616531372
vn 0.37811726331710815 0 0.92575770616531372
vn 0.37811726331710815 0 0.92575770616531372
vn 0.37811726331710815 0 0.92575770616531372
vn 0.37811726331710815 0 0.92575770616531372
vn 0.37811726331710815 0 0.92575770616531372
vn 0.37811726331710815 0 0.92575770616531372
vn 0.37811726331710815 0 0.92575770616531372
vn 0.37811726331710815 0 0.92575770616531372
vn 0.37811726331710815 0 0.92575770616531372
vn 0.37811726331710815 0 0.92575770616531372
vn 0.37811726331710815 0 0.92575770616531372
vn 0.37811726331710815 0 0.92575770616531372
vn 0.37811726331710815 0 0.92575770616531372
vn 0.37811726331710815 0 0.92575770616531372
vn 0.37811726331710815 0 0.92575770616531372
vn 0.37811726331710815 0 0.92575770616531372
vn 0.37811726331710815 0 0.92575770616531372
vn 0.37811726331710815 0 0.92575770616531372
vn 0.37811726331710815 0 0.92575770616531372
vn 0.37811726331710815 0 0.92575770616531372
vn 0.37811726331710815 0 0.92575770616531372
vn 0.37811726331710815 0 0.92575770616531372
vn 0.37811726331710815 0 0.92575770616531372
vn 0.37811726331710815 0 0.92575770616531372
vn 0.37811726331710815 0 0.92575770616531372
vn 0.37811726331710815 0 0.92575770616531372
vn 0.37811726331710815 0 0.92575770616531372
vn 0.37811726331710815 0 0.92575770616531372
vn 0.37811726331710815 0 0.92575770616531372
vn 0.37811726331710815 0 0.92575770616531372
vn 0.37811726331710815 0 0.92575770616531372
vn 0.37811726331710815 0 0.92575770616531372
vn 0.37811726331710815 0 0.92575770616531372
vn 0.37811726331710815 0 0.92575770616531372
vn 0.37811726331710815 0 0.92575770616531372
vn 0.37811726331710815 0 0.92575770616531372
vn 0.37811726331710815 0 0.92575770616531372
vn 0.37811726331710815 0 0.92575770616531372
vn 0.37811726331710815 0 0.92575770616531372
vn 0.37811726331710815 0 0.92575770616531372
vn 0.37811726331710815 0 0.92575770616531372
vn 0.37811726331710815 0 0.92575770616531372
vn 0.37811726331710815 0 0.92575770616531372
vn 0.37811726331710815 0 0.92575770616531372
vn 0.37811726331710815 0 0.92575770616531372
vn 0.37811726331710815 0 0.92575770616531372
vn 0.37811726331710815 0 0.92575770616531372
vn 0.37811726331710815 0 0.92575770616531372
vn 0.37811726331710815 0 0.92575770616531372
vn 0.37811726331710815 0 0.92575770616531372
vn 0.37811726331710815 0 0.92575770616531372
vn 0.37811726331710815 0 0.92575770616531372
vn 0.37811726331710815 0 0.92575770616531372
vn 0.37811726331710815 0 0.92575770616531372
vn 0.37811726331710815 0 0.92575770616531372
vn 0 0 1
vn 0 0 1
vn 0 0 1
vn 0 0 1
vn 0 0 1
vn 0 0 1
vn 0 0 1
vn 0 0 1
vn 0 0 1
vn 0 0 1
vn 0 0 1
vn 0 0 1
vn 0 0 1
vn 0 0 1
vn 0 0 1
vn 0 0 1
vn 0 0 1
vn 0 0 1
vn 0 0 1
vn 0 0 1
vn 0 0 1
vn 0 0 1
vn 0 0 1
vn 0 0 1
vn 0 0 1
vn 0 0 1
vn 0 0 1
vn 0 0 1
vn 0 0 1
vn 0 0 1
vn 0 0 1
vn 0 0 1
vn 0 0 1
vn 0 0 1
vn 0 0 1
vn 0 0 1
vn 0 0 1
vn 0 0 1
vn 0 0 1
vn 0 0 1
vn 0 0 1
vn 0 0 1
vn 0 0 1
vn 0 0 1
vn 0 0 1
vn 0 0 1
vn 0 0 1
vn 0 0 1
vn 0 0 1
vn 0 0 1
vn 0 0 1
vn 0 0 1
vn 0 0 1
vn 0 0 1
vn 0 0 1
vn 0 0 1
vn 0 0 1
vn 0 0 1
vn 0 0 1
vn 0 0 1
vn 0 0 1
vn 0 0 1
vn 0 0 1
vn 0 0 1
vn 0 0 1
vn 0 0 1
vn 0 0 1
vn 0 0 1
vn 0 0 1
vn 0 0 1
vn 0 0 1
vn 0 0 1
vn 0 0 1
vn 0 0 1
vn 0 0 1
vn 0 0 1
vn 0 0 1
vn 0 0 1
vn 0 0 1
vn 0 0 1
vn 0 0 1
vn 0 0 1
vn 0 0 1
vn 0 0 1
vn 0 0 1
vn 0 0 1
vn 0 0 1
vn 0.38268342614173889 0 0.92387950420379639
vn 0.70710676908493042 0 0.70710676908493042
vn 0.92387950420379639 0 0.38268342614173889
vn 0.37811726331710815 0 0.92575770616531372
vn 0.19266848266124725 0 0.98126393556594849
vn 0.19266848266124725 0 0.98126393556594849
vn 0.70008993148803711 0 0.71405470371246338
vn 0.54939717054367065 0 0.83556133508682251
vn 0.54939717054367065 0 0.83556133508682251
vn 0.91899228096008301 0 0.39427557587623596
vn 0.82517963647842407 0 0.56487035751342773
vn 0.82517963647842407 0 0.56487035751342773
vn 0.97953873872756958 0 0.20125573873519897
vn 0.97953873872756958 0 0.20125573873519897
vn 0.92387950420379639 0 0.38268342614173889
vn 0.70710676908493042 0 0.70710676908493042
vn 0.38268342614173889 0 0.92387950420379639
vn 0.91899228096008301 0 0.39427557587623596
vn 0.97953873872756958 0 0.20125573873519897
vn 0.97953873872756958 0 0.20125573873519897
vn 0.70008993148803711 0 0.71405470371246338
vn 0.82517963647842407 0 0.56487035751342773
vn 0.82517963647842407 0 0.56487035751342773
vn 0.37811726331710815 0 0.92575770616531372
vn 0.54939717054367065 0 0.83556133508682251
vn 0.54939717054367065 0 0.83556133508682251
vn 0.19266848266124725 0 0.98126393556594849
vn 0.19266848266124725 0 0.98126393556594849
vn 1 0 0
vn 0 0 1
vn 0.91899228096008301 -0.12610048055648804 0.37356644868850708
vn 0.70008993148803711 -0.22837488353252411 0.67654931545257568
vn 0.37811726331710815 -0.29608350992202759 0.87713277339935303
vn 1 0 0
vn 0.91899228096008301 -0.23551276326179504 0.31620714068412781
vn 0.70008993148803711 -0.42652654647827148 0.57266849279403687
vn 0.37811726331710815 -0.55298316478729248 0.74245333671569824
vn 1 0 0
vn 0.91899228096008301 -0.3207964301109314 0.22922232747077942
vn 0.70008993148803711 -0.58097994327545166 0.41513419151306152
vn 0.37811726331710815 -0.75322896242141724 0.53821325302124023
vn 1 0 0
vn 0.91899228096008301 -0.37545666098594666 0.12035577744245529
vn 0.70008993148803711 -0.67997264862060547 0.21797092258930206
vn 0.37811726331710815 -0.88157099485397339 0.28259497880935669
vn 1 0 0
vn 0 -1 0
vn 0 -0.96592581272125244 0.25881904363632202
vn 0 -0.86602538824081421 0.5
vn 0 -0.70710676908493042 0.70710676908493042
vn 0 -0.5 0.86602538824081421
vn 0 -0.25881904363632202 0.96592581272125244
vn 0.38268342614173889 0 0.92387950420379639
vn 0.70710676908493042 0 0.70710676908493042
vn 0.92387950420379639 0 0.38268342614173889
vn 0.19266848266124725 -0.31383594870567322 0.92972356081008911
vn 0.37811726331710815 -0.15002484619617462 0.91352057456970215
vn 0.19266848266124725 -0.15901997685432434 0.96829307079315186
vn 0.54939717054367065 -0.2672361433506012 0.79167395830154419
vn 0.70008993148803711 -0.11571704596281052 0.70461595058441162
vn 0.54939717054367065 -0.13540796935558319 0.82451647520065308
vn 0.82517963647842407 -0.18066152930259705 0.53520083427429199
vn 0.91899228096008301 -0.063894830644130707 0.38906383514404297
vn 0.82517963647842407 -0.091540791094303131 0.55740362405776978
vn 0.97953873872756958 -0.064367279410362244 0.19068488478660583
vn 0.97953873872756958 -0.032614756375551224 0.19859543442726135
vn 0.92387950420379639 -0.38268342614173889 0
vn 0.70710676908493042 -0.70710676908493042 0
vn 0.38268342614173889 -0.92387950420379639 0
vn 0.91899228096008301 -0.38954243063926697 0.060909081250429153
vn 0.97953873872756958 -0.19164973497390747 0.061434928327798843
vn 0.97953873872756958 -0.19883973896503448 0.031090695410966873
vn 0.70008993148803711 -0.70548272132873535 0.11030969023704529
vn 0.82517963647842407 -0.53790891170501709 0.17243121564388275
vn 0.82517963647842407 -0.55808931589126587 0.087263166904449463
vn 0.37811726331710815 -0.91464430093765259 0.14301431179046631
vn 0.54939717054367065 -0.79567974805831909 0.2550618052482605
vn 0.54939717054367065 -0.8255307674407959 0.12908045947551727
vn 0.19266848266124725 -0.93442785739898682 0.29953867197036743
vn 0.19266848266124725 -0.96948421001434326 0.15158911049365997
vn 1 0 0
vn 0 1 0
vn 1 0 0
vn 0.91899228096008301 0.37356644868850708 0.12610048055648804
vn 0.70008993148803711 0.67654931545257568 0.22837488353252411
vn 0.37811726331710815 0.87713277339935303 0.29608350992202759
vn 1 0 0
vn 0.91899228096008301 0.31620714068412781 0.23551276326179504
vn 0.70008993148803711 0.57266849279403687 0.42652654647827148
vn 0.37811726331710815 0.74245333671569824 0.55298316478729248
vn 1 0 0
vn 0.91899228096008301 0.22922232747077942 0.3207964301109314
vn 0.70008993148803711 0.41513419151306152 0.58097994327545166
vn 0.37811726331710815 0.53821325302124023 0.75322896242141724
vn 1 0 0
vn 0.91899228096008301 0.12035577744245529 0.37545666098594666
vn 0.70008993148803711 0.21797092258930206 0.67997264862060547
vn 0.37811726331710815 0.28259497880935669 0.88157099485397339
vn 1 0 0
vn 0 0 1
vn 0 0.25881904363632202 0.96592581272125244
vn 0 0.5 0.86602538824081421
vn 0 0.70710676908493042 0.70710676908493042
vn 0 0.86602538824081421 0.5
vn 0 0.96592581272125244 0.25881904363632202
vn 0.92387950420379639 0 0.38268342614173889
vn 0.70710676908493042 0 0.70710676908493042
vn 0.38268342614173889 0 0.92387950420379639
vn 0.91899228096008301 0.060909081250429153 0.38954243063926697
vn 0.97953873872756958 0.061434928327798843 0.19164973497390747
vn 0.97953873872756958 0.031090695410966873 0.19883973896503448
vn 0.70008993148803711 0.11030969023704529 0.70548272132873535
vn 0.82517963647842407 0.17243121564388275 0.53790891170501709
vn 0.82517963647842407 0.087263166904449463 0.55808931589126587
vn 0.37811726331710815 0.14301431179046631 0.91464430093765259
vn 0.54939717054367065 0.2550618052482605 0.79567974805831909
vn 0.54939717054367065 0.12908045947551727 0.8255307674407959
vn 0.19266848266124725 0.29953867197036743 0.93442785739898682
vn 0.19266848266124725 0.15158911049365997 0.96948421001434326
vn 0.38268342614173889 0.92387950420379639 0
vn 0.70710676908493042 0.70710676908493042 0
vn 0.92387950420379639 0.38268342614173889 0
vn 0.19266848266124725 0.92972356081008911 0.31383594870567322
vn 0.37811726331710815 0.91352057456970215 0.15002484619617462
vn 0.19266848266124725 0.96829307079315186 0.15901997685432434
vn 0.54939717054367065 0.79167395830154419 0.2672361433506012
vn 0.70008993148803711 0.70461595058441162 0.11571704596281052
vn 0.54939717054367065 0.82451647520065308 0.13540796935558319
vn 0.82517963647842407 0.53520083427429199 0.18066152930259705
vn 0.91899228096008301 0.38906383514404297 0.063894830644130707
vn 0.82517963647842407 0.55740362405776978 0.091540791094303131
vn 0.97953873872756958 0.19068488478660583 0.064367279410362244
vn 0.97953873872756958 0.19859543442726135 0.032614756375551224
vn 1 0 0
vn 1 0 0
vn 1 0 0
vn 1 0 0
vn 1 0 0
vn 1 0 0
vn 1 0 0
vn 1 0 0
vn 1 0 0
vn 1 0 0
vn 1 0 0
vn 1 0 0
vn 1 0 0
vn 1 0 0
vn 1 0 0
vn 1 0 0
vn 1 0 0
vn 1 0 0
vn 1 0 0
vn 1 0 0
vn 1 0 0
vn 1 0 0
vn 1 0 0
vn 1 0 0
vn 1 0 0
vn 1 0 0
vn 1 0 0
vn 1 0 0
vn 1 0 0
vn 1 0 0
vn 1 0 0
vn 1 0 0
vn 1 0 0
vn 1 0 0
vn 1 0 0
vn 1 0 0
vn 1 0 0
vn 1 0 0
vn 1 0 0
vn 1 0 0
vn 1 0 0
vn 1 0 0
vn 1 0 0
vn 1 0 0
vn 1 0 0
vn 1 0 0
vn 1 0 0
vn 1 0 0
vn 1 0 0
vn 1 0 0
vn 1 0 0
vn 1 0 0
vn 1 0 0
vn 0.91899228096008301 -0.39427557587623596 0
vn 0.91899228096008301 -0.39427557587623596 0
vn 0.91899228096008301 -0.39427557587623596 0
vn 0.91899228096008301 -0.39427557587623596 0
vn 0.91899228096008301 -0.39427557587623596 0
vn 0.91899228096008301 -0.39427557587623596 0
vn 0.91899228096008301 -0.39427557587623596 0
vn 0.91899228096008301 -0.39427557587623596 0
vn 0.91899228096008301 -0.39427557587623596 0
vn 0.91899228096008301 -0.39427557587623596 0
vn 0.91899228096008301 -0.39427557587623596 0
vn 0.91899228096008301 -0.39427557587623596 0
vn 0.91899228096008301 -0.39427557587623596 0
vn 0.91899228096008301 -0.39427557587623596 0
vn 0.91899228096008301 -0.39427557587623596 0
vn 0.91899228096008301 -0.39427557587623596 0
vn 0.91899228096008301 -0.39427557587623596 0
vn 0.91899228096008301 -0.39427557587623596 0
vn 0.91899228096008301 -0.39427557587623596 0
vn 0.91899228096008301 -0.39427557587623596 0
vn 0.91899228096008301 -0.39427557587623596 0
vn 0.91899228096008301 -0.39427557587623596 0
vn 0.91899228096008301 -0.39427557587623596 0
vn 0.91899228096008301 -0.39427557587623596 0
vn 0.91899228096008301 -0.39427557587623596 0
vn 0.91899228096008301 -0.39427557587623596 0
vn 0.91899228096008301 -0.39427557587623596 0
vn 0.91899228096008301 -0.39427557587623596 0
vn 0.91899228096008301 -0.39427557587623596 0
vn 0.91899228096008301 -0.39427557587623596 0
vn 0.91899228096008301 -0.39427557587623596 0
vn 0.91899228096008301 -0.39427557587623596 0
vn 0.91899228096008301 -0.39427557587623596 0
vn 0.91899228096008301 -0.39427557587623596 0
vn 0.91899228096008301 -0.39427557587623596 0
vn 0.91899228096008301 -0.39427557587623596 0
vn 0.91899228096008301 -0.39427557587623596 0
vn 0.91899228096008301 -0.39427557587623596 0
vn 0.91899228096008301 -0.39427557587623596 0
vn 0.91899228096008301 -0.39427557587623596 0
vn 0.91899228096008301 -0.39427557587623596 0
vn 0.91899228096008301 -0.39427557587623596 0
vn 0.91899228096008301 -0.39427557587623596 0
vn 0.91899228096008301 -0.39427557587623596 0
vn 0.91899228096008301 -0.39427557587623596 0
vn 0.91899228096008301 -0.39427557587623596 0
vn 0.91899228096008301 -0.39427557587623596 0
vn 0.91899228096008301 -0.39427557587623596 0
vn 0.91899228096008301 -0.39427557587623596 0
vn 0.91899228096008301 -0.39427557587623596 0
vn 0.91899228096008301 -0.39427557587623596 0
vn 0.70008993148803711 -0.71405470371246338 0
vn 0.70008993148803711 -0.71405470371246338 0
vn 0.70008993148803711 -0.71405470371246338 0
vn 0.70008993148803711 -0.71405470371246338 0
vn 0.70008993148803711 -0.71405470371246338 0
vn 0.70008993148803711 -0.71405470371246338 0
vn 0.70008993148803711 -0.71405470371246338 0
vn 0.70008993148803711 -0.71405470371246338 0
vn 0.70008993148803711 -0.71405470371246338 0
vn 0.70008993148803711 -0.71405470371246338 0
vn 0.70008993148803711 -0.71405470371246338 0
vn 0.70008993148803711 -0.71405470371246338 0
vn 0.70008993148803711 -0.71405470371246338 0
vn 0.70008993148803711 -0.71405470371246338 0
vn 0.70008993148803711 -0.71405470371246338 0
vn 0.70008993148803711 -0.71405470371246338 0
vn 0.70008993148803711 -0.71405470371246338 0
vn 0.70008993148803711 -0.71405470371246338 0
vn 0.70008993148803711 -0.71405470371246338 0
vn 0.70008993148803711 -0.71405470371246338 0
vn 0.70008993148803711 -0.71405470371246338 0
vn 0.70008993148803711 -0.71405470371246338 0
vn 0.70008993148803711 -0.71405470371246338 0
vn 0.70008993148803711 -0.71405470371246338 0
vn 0.70008993148803711 -0.71405470371246338 0
vn 0.70008993148803711 -0.71405470371246338 0
vn 0.70008993148803711 -0.71405470371246338 0
vn 0.70008993148803711 -0.71405470371246338 0
vn 0.70008993148803711 -0.71405470371246338 0
vn 0.70008993148803711 -0.71405470371246338 0
vn 0.70008993148803711 -0.71405470371246338 0
vn 0.70008993148803711 -0.71405470371246338 0
vn 0.70008993148803711 -0.71405470371246338 0
vn 0.70008993148803711 -0.71405470371246338 0
vn 0.70008993148803711 -0.71405470371246338 0
vn 0.70008993148803711 -0.71405470371246338 0
vn 0.70008993148803711 -0.71405470371246338 0
vn 0.70008993148803711 -0.71405470371246338 0
vn 0.70008993148803711 -0.71405470371246338 0
vn 0.70008993148803711 -0.71405470371246338 0
vn 0.70008993148803711 -0.71405470371246338 0
vn 0.70008993148803711 -0.71405470371246338 0
vn 0.70008993148803711 -0.71405470371246338 0
vn 0.70008993148803711 -0.71405470371246338 0
vn 0.70008993148803711 -0.71405470371246338 0
vn 0.70008993148803711 -0.71405470371246338 0
vn 0.70008993148803711 -0.71405470371246338 0
vn 0.70008993148803711 -0.71405470371246338 0
vn 0.70008993148803711 -0.71405470371246338 0
vn 0.70008993148803711 -0.71405470371246338 0
vn 0.70008993148803711 -0.71405470371246338 0
vn 0.37811726331710815 -0.92575770616531372 0
vn 0.37811726331710815 -0.92575770616531372 0
vn 0.37811726331710815 -0.92575770616531372 0
vn 0.37811726331710815 -0.92575770616531372 0
vn 0.37811726331710815 -0.92575770616531372 0
vn 0.37811726331710815 -0.92575770616531372 0
vn 0.37811726331710815 -0.92575770616531372 0
vn 0.37811726331710815 -0.92575770616531372 0
vn 0.37811726331710815 -0.92575770616531372 0
vn 0.37811726331710815 -0.92575770616531372 0
vn 0.37811726331710815 -0.92575770616531372 0
vn 0.37811726331710815 -0.92575770616531372 0
vn 0.37811726331710815 -0.92575770616531372 0
vn 0.37811726331710815 -0.92575770616531372 0
vn 0.37811726331710815 -0.92575770616531372 0
vn 0.37811726331710815 -0.92575770616531372 0
vn 0.37811726331710815 -0.92575770616531372 0
vn 0.37811726331710815 -0.92575770616531372 0
vn 0.37811726331710815 -0.92575770616531372 0
vn 0.37811726331710815 -0.92575770616531372 0
vn 0.37811726331710815 -0.92575770616531372 0
vn 0.37811726331710815 -0.92575770616531372 0
vn 0.37811726331710815 -0.92575770616531372 0
vn 0.37811726331710815 -0.92575770616531372 0
vn 0.37811726331710815 -0.92575770616531372 0
vn 0.37811726331710815 -0.92575770616531372 0
vn 0.37811726331710815 -0.92575770616531372 0
vn 0.37811726331710815 -0.92575770616531372 0
vn 0.37811726331710815 -0.92575770616531372 0
vn 0.37811726331710815 -0.92575770616531372 0
vn 0.37811726331710815 -0.92575770616531372 0
vn 0.37811726331710815 -0.92575770616531372 0
vn 0.37811726331710815 -0.92575770616531372 0
vn 0.37811726331710815 -0.92575770616531372 0
vn 0.37811726331710815 -0.92575770616531372 0
vn 0.37811726331710815 -0.92575770616531372 0
vn 0.37811726331710815 -0.92575770616531372 0
vn 0.37811726331710815 -0.92575770616531372 0
vn 0.37811726331710815 -0.92575770616531372 0
vn 0.37811726331710815 -0.92575770616531372 0
vn 0.37811726331710815 -0.92575770616531372 0
vn 0.37811726331710815 -0.92575770616531372 0
vn 0.37811726331710815 -0.92575770616531372 0
vn 0.37811726331710815 -0.92575770616531372 0
vn 0.37811726331710815 -0.92575770616531372 0
vn 0.37811726331710815 -0.92575770616531372 0
vn 0.37811726331710815 -0.92575770616531372 0
vn 0.37811726331710815 -0.92575770616531372 0
vn 0.37811726331710815 -0.92575770616531372 0
vn 0.37811726331710815 -0.92575770616531372 0
vn 0.37811726331710815 -0.92575770616531372 0
vn 0 -1 0
vn 0 -1 0
vn 0 -1 0
vn 0 -1 0
vn 0 -1 0
vn 0 -1 0
vn 0 -1 0
vn 0 -1 0
vn 0 -1 0
vn 0 -1 0
vn 0 -1 0
vn 0 -1 0
vn 0 -1 0
vn 0 -1 0
vn 0 -1 0
vn 0 -1 0
vn 0 -1 0
vn 0 -1 0
vn 0 -1 0
vn 0 -1 0
vn 0 -1 0
vn 0 -1 0
vn 0 -1 0
vn 0 -1 0
vn 0 -1 0
vn 0 -1 0
vn 0 -1 0
vn 0 -1 0
vn 0 -1 0
vn 0 -1 0
vn 0 -1 0
vn 0 -1 0
vn 0 -1 0
vn 0 -1 0
vn 0 -1 0
vn 0 -1 0
vn 0 -1 0
vn 0 -1 0
vn 0 -1 0
vn 0 -1 0
vn 0 -1 0
vn 0 -1 0
vn 0 -1 0
vn 0 -1 0
vn 0 -1 0
vn 0 -1 0
vn 0 -1 0
vn 0 -1 0
vn 0 -1 0
vn 0 -1 0
vn 0 -1 0
vn 0 -1 0
vn 0 -1 0
vn 0.38268342614173889 -0.92387950420379639 0
vn 0.70710676908493042 -0.70710676908493042 0
vn 0.92387950420379639 -0.38268342614173889 0
vn 0.37811726331710815 -0.92575770616531372 0
vn 0.19266848266124725 -0.98126393556594849 0
vn 0.19266848266124725 -0.98126393556594849 0
vn 0.70008993148803711 -0.71405470371246338 0
vn 0.54939717054367065 -0.83556133508682251 0
vn 0.54939717054367065 -0.83556133508682251 0
vn 0.91899228096008301 -0.39427557587623596 0
vn 0.82517963647842407 -0.56487035751342773 0
vn 0.82517963647842407 -0.56487035751342773 0
vn 0.97953873872756958 -0.20125573873519897 0
vn 0.97953873872756958 -0.20125573873519897 0
vn 0.92387950420379639 -0.38268342614173889 0
vn 0.70710676908493042 -0.70710676908493042 0
vn 0.38268342614173889 -0.92387950420379639 0
vn 0.91899228096008301 -0.39427557587623596 0
vn 0.97953873872756958 -0.20125573873519897 0
vn 0.97953873872756958 -0.20125573873519897 0
vn 0.70008993148803711 -0.71405470371246338 0
vn 0.82517963647842407 -0.56487035751342773 0
vn 0.82517963647842407 -0.56487035751342773 0
vn 0.37811726331710815 -0.92575770616531372 0
vn 0.54939717054367065 -0.83556133508682251 0
vn 0.54939717054367065 -0.83556133508682251 0
vn 0.19266848266124725 -0.98126393556594849 0
vn 0.19266848266124725 -0.98126393556594849 0
vn 1 0 0
vn 1 0 0
vn 1 0 0
vn 1 0 0
vn 1 0 0
vn 1 0 0
vn 1 0 0
vn 1 0 0
vn 1 0 0
vn 1 0 0
vn 1 0 0
vn 1 0 0
vn 1 0 0
vn 1 0 0
vn 1 0 0
vn 1 0 0
vn 1 0 0
vn 1 0 0
vn 1 0 0
vn 1 0 0
vn 1 0 0
vn 1 0 0
vn 1 0 0
vn 1 0 0
vn 1 0 0
vn 1 0 0
vn 1 0 0
vn 1 0 0
vn 1 0 0
vn 1 0 0
vn 1 0 0
vn 1 0 0
vn 1 0 0
vn 1 0 0
vn 1 0 0
vn 1 0 0
vn 1 0 0
vn 1 0 0
vn 1 0 0
vn 1 0 0
vn 1 0 0
vn 1 0 0
vn 1 0 0
vn 1 0 0
vn 1 0 0
vn 1 0 0
vn 1 0 0
vn 1 0 0
vn 1 0 0
vn 1 0 0
vn 1 0 0
vn 1 0 0
vn 1 0 0
vn 0.91899228096008301 0.39427557587623596 0
vn 0.91899228096008301 0.39427557587623596 0
vn 0.91899228096008301 0.39427557587623596 0
vn 0.91899228096008301 0.39427557587623596 0
vn 0.91899228096008301 0.39427557587623596 0
vn 0.91899228096008301 0.39427557587623596 0
vn 0.91899228096008301 0.39427557587623596 0
vn 0.91899228096008301 0.39427557587623596 0
vn 0.91899228096008301 0.39427557587623596 0
vn 0.91899228096008301 0.39427557587623596 0
vn 0.91899228096008301 0.39427557587623596 0
vn 0.91899228096008301 0.39427557587623596 0
vn 0.91899228096008301 0.39427557587623596 0
vn 0.91899228096008301 0.39427557587623596 0
vn 0.91899228096008301 0.39427557587623596 0
vn 0.91899228096008301 0.39427557587623596 0
vn 0.91899228096008301 0.39427557587623596 0
vn 0.91899228096008301 0.39427557587623596 0
vn 0.91899228096008301 0.39427557587623596 0
vn 0.91899228096008301 0.39427557587623596 0
vn 0.91899228096008301 0.39427557587623596 0
vn 0.91899228096008301 0.39427557587623596 0
vn 0.91899228096008301 0.39427557587623596 0
vn 0.91899228096008301 0.39427557587623596 0
vn 0.91899228096008301 0.39427557587623596 0
vn 0.91899228096008301 0.39427557587623596 0
vn 0.91899228096008301 0.39427557587623596 0
vn 0.91899228096008301 0.39427557587623596 0
vn 0.91899228096008301 0.39427557587623596 0
vn 0.91899228096008301 0.39427557587623596 0
vn 0.91899228096008301 0.39427557587623596 0
vn 0.91899228096008301 0.39427557587623596 0
vn 0.91899228096008301 0.39427557587623596 0
vn 0.91899228096008301 0.39427557587623596 0
vn 0.91899228096008301 0.39427557587623596 0
vn 0.91899228096008301 0.39427557587623596 0
vn 0.91899228096008301 0.39427557587623596 0
vn 0.91899228096008301 0.39427557587623596 0
vn 0.91899228096008301 0.39427557587623596 0
vn 0.91899228096008301 0.39427557587623596 0
vn 0.91899228096008301 0.39427557587623596 0
vn 0.91899228096008301 0.39427557587623596 0
vn 0.91899228096008301 0.39427557587623596 0
vn 0.91899228096008301 0.39427557587623596 0
vn 0.91899228096008301 0.39427557587623596 0
vn 0.91899228096008301 0.39427557587623596 0
vn 0.91899228096008301 0.39427557587623596 0
vn 0.91899228096008301 0.39427557587623596 0
vn 0.91899228096008301 0.39427557587623596 0
vn 0.91899228096008301 0.39427557587623596 0
vn 0.91899228096008301 0.39427557587623596 0
vn 0.70008993148803711 0.71405470371246338 0
vn 0.70008993148803711 0.71405470371246338 0
vn 0.70008993148803711 0.71405470371246338 0
vn 0.70008993148803711 0.71405470371246338 0
vn 0.70008993148803711 0.71405470371246338 0
vn 0.70008993148803711 0.71405470371246338 0
vn 0.70008993148803711 0.71405470371246338 0
vn 0.70008993148803711 0.71405470371246338 0
vn 0.70008993148803711 0.71405470371246338 0
vn 0.70008993148803711 0.71405470371246338 0
vn 0.70008993148803711 0.71405470371246338 0
vn 0.70008993148803711 0.71405470371246338 0
vn 0.70008993148803711 0.71405470371246338 0
vn 0.70008993148803711 0.71405470371246338 0
vn 0.70008993148803711 0.71405470371246338 0
vn 0.70008993148803711 0.71405470371246338 0
vn 0.70008993148803711 0.71405470371246338 0
vn 0.70008993148803711 0.71405470371246338 0
vn 0.70008993148803711 0.71405470371246338 0
vn 0.70008993148803711 0.71405470371246338 0
vn 0.70008993148803711 0.71405470371246338 0
vn 0.70008993148803711 0.71405470371246338 0
vn 0.70008993148803711 0.71405470371246338 0
vn 0.70008993148803711 0.71405470371246338 0
vn 0.70008993148803711 0.71405470371246338 0
vn 0.70008993148803711 0.71405470371246338 0
vn 0.70008993148803711 0.71405470371246338 0
vn 0.70008993148803711 0.71405470371246338 0
vn 0.70008993148803711 0.71405470371246338 0
vn 0.70008993148803711 0.71405470371246338 0
vn 0.70008993148803711 0.71405470371246338 0
vn 0.70008993148803711 0.71405470371246338 0
vn 0.70008993148803711 0.71405470371246338 0
vn 0.70008993148803711 0.71405470371246338 0
vn 0.70008993148803711 0.71405470371246338 0
vn 0.70008993148803711 0.71405470371246338 0
vn 0.70008993148803711 0.71405470371246338 0
vn 0.70008993148803711 0.71405470371246338 0
vn 0.70008993148803711 0.71405470371246338 0
vn 0.70008993148803711 0.71405470371246338 0
vn 0.70008993148803711 0.71405470371246338 0
vn 0.70008993148803711 0.71405470371246338 0
vn 0.70008993148803711 0.71405470371246338 0
vn 0.70008993148803711 0.71405470371246338 0
vn 0.70008993148803711 0.71405470371246338 0
vn 0.70008993148803711 0.71405470371246338 0
vn 0.70008993148803711 0.71405470371246338 0
vn 0.70008993148803711 0.71405470371246338 0
vn 0.70008993148803711 0.71405470371246338 0
vn 0.70008993148803711 0.71405470371246338 0
vn 0.70008993148803711 0.71405470371246338 0
vn 0.37811726331710815 0.92575770616531372 0
vn 0.37811726331710815 0.92575770616531372 0
vn 0.37811726331710815 0.92575770616531372 0
vn 0.37811726331710815 0.92575770616531372 0
vn 0.37811726331710815 0.92575770616531372 0
vn 0.37811726331710815 0.92575770616531372 0
vn 0.37811726331710815 0.92575770616531372 0
vn 0.37811726331710815 0.92575770616531372 0
vn 0.37811726331710815 0.92575770616531372 0
vn 0.37811726331710815 0.92575770616531372 0
vn 0.37811726331710815 0.92575770616531372 0
vn 0.37811726331710815 0.92575770616531372 0
vn 0.37811726331710815 0.92575770616531372 0
vn 0.37811726331710815 0.92575770616531372 0
vn 0.37811726331710815 0.92575770616531372 0
vn 0.37811726331710815 0.92575770616531372 0
vn 0.37811726331710815 0.92575770616531372 0
vn 0.37811726331710815 0.92575770616531372 0
vn 0.37811726331710815 0.92575770616531372 0
vn 0.37811726331710815 0.92575770616531372 0
vn 0.37811726331710815 0.92575770616531372 0
vn 0.37811726331710815 0.92575770616531372 0
vn 0.37811726331710815 0.92575770616531372 0
vn 0.37811726331710815 0.92575770616531372 0
vn 0.37811726331710815 0.92575770616531372 0
vn 0.37811726331710815 0.92575770616531372 0
vn 0.37811726331710815 0.92575770616531372 0
vn 0.37811726331710815 0.92575770616531372 0
vn 0.37811726331710815 0.92575770616531372 0
vn 0.37811726331710815 0.92575770616531372 0
vn 0.37811726331710815 0.92575770616531372 0
vn 0.37811726331710815 0.92575770616531372 0
vn 0.37811726331710815 0.92575770616531372 0
vn 0.37811726331710815 0.92575770616531372 0
vn 0.37811726331710815 0.92575770616531372 0
vn 0.37811726331710815 0.92575770616531372 0
vn 0.37811726331710815 0.92575770616531372 0
vn 0.37811726331710815 0.92575770616531372 0
vn 0.37811726331710815 0.92575770616531372 0
vn 0.37811726331710815 0.92575770616531372 0
vn 0.37811726331710815 0.92575770616531372 0
vn 0.37811726331710815 0.92575770616531372 0
vn 0.37811726331710815 0.92575770616531372 0
vn 0.37811726331710815 0.92575770616531372 0
vn 0.37811726331710815 0.92575770616531372 0
vn 0.37811726331710815 0.92575770616531372 0
vn 0.37811726331710815 0.92575770616531372 0
vn 0.37811726331710815 0.92575770616531372 0
vn 0.37811726331710815 0.92575770616531372 0
vn 0.37811726331710815 0.92575770616531372 0
vn 0.37811726331710815 0.92575770616531372 0
vn 0 1 0
vn 0 1 0
vn 0 1 0
vn 0 1 0
vn 0 1 0
vn 0 1 0
vn 0 1 0
vn 0 1 0
vn 0 1 0
vn 0 1 0
vn 0 1 0
vn 0 1 0
vn 0 1 0
vn 0 1 0
vn 0 1 0
vn 0 1 0
vn 0 1 0
vn 0 1 0
vn 0 1 0
vn 0 1 0
vn 0 1 0
vn 0 1 0
vn 0 1 0
vn 0 1 0
vn 0 1 0
vn 0 1 0
vn 0 1 0
vn 0 1 0
vn 0 1 0
vn 0 1 0
vn 0 1 0
vn 0 1 0
vn 0 1 0
vn 0 1 0
vn 0 1 0
vn 0 1 0
vn 0 1 0
vn 0 1 0
vn 0 1 0
vn 0 1 0
vn 0 1 0
vn 0 1 0
vn 0 1 0
vn 0 1 0
vn 0 1 0
vn 0 1 0
vn 0 1 0
vn 0 1 0
vn 0 1 0
vn 0 1 0
vn 0 1 0
vn 0 1 0
vn 0 1 0
vn 0.92387950420379639 0.38268342614173889 0
vn 0.70710676908493042 0.70710676908493042 0
vn 0.38268342614173889 0.92387950420379639 0
vn 0.91899228096008301 0.39427557587623596 0
vn 0.97953873872756958 0.20125573873519897 0
vn 0.97953873872756958 0.20125573873519897 0
vn 0.70008993148803711 0.71405470371246338 0
vn 0.82517963647842407 0.56487035751342773 0
vn 0.82517963647842407 0.56487035751342773 0
vn 0.37811726331710815 0.92575770616531372 0
vn 0.54939717054367065 0.83556133508682251 0
vn 0.54939717054367065 0.83556133508682251 0
vn 0.19266848266124725 0.98126393556594849 0
vn 0.19266848266124725 0.98126393556594849 0
vn 0.38268342614173889 0.92387950420379639 0
vn 0.70710676908493042 0.70710676908493042 0
vn 0.92387950420379639 0.38268342614173889 0
vn 0.37811726331710815 0.92575770616531372 0
vn 0.19266848266124725 0.98126393556594849 0
vn 0.19266848266124725 0.98126393556594849 0
vn 0.70008993148803711 0.71405470371246338 0
vn 0.54939717054367065 0.83556133508682251 0
vn 0.54939717054367065 0.83556133508682251 0
vn 0.91899228096008301 0.39427557587623596 0
vn 0.82517963647842407 0.56487035751342773 0
vn 0.82517963647842407 0.56487035751342773 0
vn 0.97953873872756958 0.20125573873519897 0
vn 0.97953873872756958 0.20125573873519897 0
vn 1 0 0
vn 0 -1 0
vn 0.91899228096008301 -0.37356644868850708 -0.12610048055648804
vn 0.70008993148803711 -0.67654931545257568 -0.22837488353252411
vn 0.37811726331710815 -0.87713277339935303 -0.29608350992202759
vn 1 0 0
vn 0.91899228096008301 -0.31620714068412781 -0.23551276326179504
vn 0.70008993148803711 -0.57266849279403687 -0.42652654647827148
vn 0.37811726331710815 -0.74245333671569824 -0.55298316478729248
vn 1 0 0
vn 0.91899228096008301 -0.22922232747077942 -0.3207964301109314
vn 0.70008993148803711 -0.41513419151306152 -0.58097994327545166
vn 0.37811726331710815 -0.53821325302124023 -0.75322896242141724
vn 1 0 0
vn 0.91899228096008301 -0.12035577744245529 -0.37545666098594666
vn 0.70008993148803711 -0.21797092258930206 -0.67997264862060547
vn 0.37811726331710815 -0.28259497880935669 -0.88157099485397339
vn 1 0 0
vn 0 0 -1
vn 0 -0.25881904363632202 -0.96592581272125244
vn 0 -0.5 -0.86602538824081421
vn 0 -0.70710676908493042 -0.70710676908493042
vn 0 -0.86602538824081421 -0.5
vn 0 -0.96592581272125244 -0.25881904363632202
vn 0.38268342614173889 -0.92387950420379639 0
vn 0.70710676908493042 -0.70710676908493042 0
vn 0.92387950420379639 -0.38268342614173889 0
vn 0.19266848266124725 -0.92972356081008911 -0.31383594870567322
vn 0.37811726331710815 -0.91352057456970215 -0.15002484619617462
vn 0.19266848266124725 -0.96829307079315186 -0.15901997685432434
vn 0.54939717054367065 -0.79167395830154419 -0.2672361433506012
vn 0.70008993148803711 -0.70461595058441162 -0.11571704596281052
vn 0.54939717054367065 -0.82451647520065308 -0.13540796935558319
vn 0.82517963647842407 -0.53520083427429199 -0.18066152930259705
vn 0.91899228096008301 -0.38906383514404297 -0.063894830644130707
vn 0.82517963647842407 -0.55740362405776978 -0.091540791094303131
vn 0.97953873872756958 -0.19068488478660583 -0.064367279410362244
vn 0.97953873872756958 -0.19859543442726135 -0.032614756375551224
vn 0.92387950420379639 0 -0.38268342614173889
vn 0.70710676908493042 0 -0.70710676908493042
vn 0.38268342614173889 0 -0.92387950420379639
vn 0.91899228096008301 -0.060909081250429153 -0.38954243063926697
vn 0.97953873872756958 -0.061434928327798843 -0.19164973497390747
vn 0.97953873872756958 -0.031090695410966873 -0.19883973896503448
vn 0.70008993148803711 -0.11030969023704529 -0.70548272132873535
vn 0.82517963647842407 -0.17243121564388275 -0.53790891170501709
vn 0.82517963647842407 -0.087263166904449463 -0.55808931589126587
vn 0.37811726331710815 -0.14301431179046631 -0.91464430093765259
vn 0.54939717054367065 -0.2550618052482605 -0.79567974805831909
vn 0.54939717054367065 -0.12908045947551727 -0.8255307674407959
vn 0.19266848266124725 -0.29953867197036743 -0.93442785739898682
vn 0.19266848266124725 -0.15158911049365997 -0.96948421001434326
vn 1 0 0
vn 0 0 -1
vn 0.91899228096008301 0.12610048055648804 -0.37356644868850708
vn 0.70008993148803711 0.22837488353252411 -0.67654931545257568
vn 0.37811726331710815 0.29608350992202759 -0.87713277339935303
vn 1 0 0
vn 0.91899228096008301 0.23551276326179504 -0.31620714068412781
vn 0.70008993148803711 0.42652654647827148 -0.57266849279403687
vn 0.37811726331710815 0.55298316478729248 -0.74245333671569824
vn 1 0 0
vn 0.91899228096008301 0.3207964301109314 -0.22922232747077942
vn 0.70008993148803711 0.58097994327545166 -0.41513419151306152
vn 0.37811726331710815 0.75322896242141724 -0.53821325302124023
vn 1 0 0
vn 0.91899228096008301 0.37545666098594666 -0.12035577744245529
vn 0.70008993148803711 0.67997264862060547 -0.21797092258930206
vn 0.37811726331710815 0.88157099485397339 -0.28259497880935669
vn 1 0 0
vn 0 1 0
vn 0 0.96592581272125244 -0.25881904363632202
vn 0 0.86602538824081421 -0.5
vn 0 0.70710676908493042 -0.70710676908493042
vn 0 0.5 -0.86602538824081421
vn 0 0.25881904363632202 -0.96592581272125244
vn 0.92387950420379639 0.38268342614173889 0
vn 0.70710676908493042 0.70710676908493042 0
vn 0.38268342614173889 0.92387950420379639 0
vn 0.91899228096008301 0.38954243063926697 -0.060909081250429153
vn 0.97953873872756958 0.19164973497390747 -0.061434928327798843
vn 0.97953873872756958 0.19883973896503448 -0.031090695410966873
vn 0.70008993148803711 0.70548272132873535 -0.11030969023704529
vn 0.82517963647842407 0.53790891170501709 -0.17243121564388275
vn 0.82517963647842407 0.55808931589126587 -0.087263166904449463
vn 0.37811726331710815 0.91464430093765259 -0.14301431179046631
vn 0.54939717054367065 0.79567974805831909 -0.2550618052482605
vn 0.54939717054367065 0.8255307674407959 -0.12908045947551727
vn 0.19266848266124725 0.93442785739898682 -0.29953867197036743
vn 0.19266848266124725 0.96948421001434326 -0.15158911049365997
vn 0.38268342614173889 0 -0.92387950420379639
vn 0.70710676908493042 0 -0.70710676908493042
vn 0.92387950420379639 0 -0.38268342614173889
vn 0.19266848266124725 0.31383594870567322 -0.92972356081008911
vn 0.37811726331710815 0.15002484619617462 -0.91352057456970215
vn 0.19266848266124725 0.15901997685432434 -0.96829307079315186
vn 0.54939717054367065 0.2672361433506012 -0.79167395830154419
vn 0.70008993148803711 0.11571704596281052 -0.70461595058441162
vn 0.54939717054367065 0.13540796935558319 -0.82451647520065308
vn 0.82517963647842407 0.18066152930259705 -0.53520083427429199
vn 0.91899228096008301 0.063894830644130707 -0.38906383514404297
vn 0.82517963647842407 0.091540791094303131 -0.55740362405776978
vn 0.97953873872756958 0.064367279410362244 -0.19068488478660583
vn 0.97953873872756958 0.032614756375551224 -0.19859543442726135
vn 1 0 0
vn 1 0 0
vn 1 0 0
vn 1 0 0
vn 1 0 0
vn 1 0 0
vn 1 0 0
vn 1 0 0
vn 1 0 0
vn 1 0 0
vn 1 0 0
vn 1 0 0
vn 1 0 0
vn 1 0 0
vn 1 0 0
vn 1 0 0
vn 1 0 0
vn 1 0 0
vn 1 0 0
vn 1 0 0
vn 1 0 0
vn 1 0 0
vn 1 0 0
vn 1 0 0
vn 1 0 0
vn 1 0 0
vn 1 0 0
vn 1 0 0
vn 1 0 0
vn 1 0 0
vn 1 0 0
vn 1 0 0
vn 1 0 0
vn 1 0 0
vn 1 0 0
vn 1 0 0
vn 1 0 0
vn 1 0 0
vn 1 0 0
vn 1 0 0
vn 1 0 0
vn 1 0 0
vn 1 0 0
vn 1 0 0
vn 1 0 0
vn 1 0 0
vn 1 0 0
vn 1 0 0
vn 1 0 0
vn 1 0 0
vn 1 0 0
vn 1 0 0
vn 1 0 0
vn 1 0 0
vn 1 0 0
vn 1 0 0
vn 1 0 0
vn 1 0 0
vn 1 0 0
vn 1 0 0
vn 1 0 0
vn 1 0 0
vn 1 0 0
vn 1 0 0
vn 1 0 0
vn 1 0 0
vn 1 0 0
vn 1 0 0
vn 1 0 0
vn 1 0 0
vn 1 0 0
vn 1 0 0
vn 1 0 0
vn 1 0 0
vn 1 0 0
vn 1 0 0
vn 1 0 0
vn 1 0 0
vn 1 0 0
vn 1 0 0
vn 1 0 0
vn 1 0 0
vn 1 0 0
vn 1 0 0
vn 1 0 0
vn 1 0 0
vn 1 0 0
vn 0.91899228096008301 0 -0.39427557587623596
vn 0.91899228096008301 0 -0.39427557587623596
vn 0.91899228096008301 0 -0.39427557587623596
vn 0.91899228096008301 0 -0.39427557587623596
vn 0.91899228096008301 0 -0.39427557587623596
vn 0.91899228096008301 0 -0.39427557587623596
vn 0.91899228096008301 0 -0.39427557587623596
vn 0.91899228096008301 0 -0.39427557587623596
vn 0.91899228096008301 0 -0.39427557587623596
vn 0.91899228096008301 0 -0.39427557587623596
vn 0.91899228096008301 0 -0.39427557587623596
vn 0.91899228096008301 0 -0.39427557587623596
vn 0.91899228096008301 0 -0.39427557587623596
vn 0.91899228096008301 0 -0.39427557587623596
vn 0.91899228096008301 0 -0.39427557587623596
vn 0.91899228096008301 0 -0.39427557587623596
vn 0.91899228096008301 0 -0.39427557587623596
vn 0.91899228096008301 0 -0.39427557587623596
vn 0.91899228096008301 0 -0.39427557587623596
vn 0.91899228096008301 0 -0.39427557587623596
vn 0.91899228096008301 0 -0.39427557587623596
vn 0.91899228096008301 0 -0.39427557587623596
vn 0.91899228096008301 0 -0.39427557587623596
vn 0.91899228096008301 0 -0.39427557587623596
vn 0.91899228096008301 0 -0.39427557587623596
vn 0.91899228096008301 0 -0.39427557587623596
vn 0.91899228096008301 0 -0.39427557587623596
vn 0.91899228096008301 0 -0.39427557587623596
vn 0.91899228096008301 0 -0.39427557587623596
vn 0.91899228096008301 0 -0.39427557587623596
vn 0.91899228096008301 0 -0.39427557587623596
vn 0.91899228096008301 0 -0.39427557587623596
vn 0.91899228096008301 0 -0.39427557587623596
vn 0.91899228096008301 0 -0.39427557587623596
vn 0.91899228096008301 0 -0.39427557587623596
vn 0.91899228096008301 0 -0.39427557587623596
vn 0.91899228096008301 0 -0.39427557587623596
vn 0.91899228096008301 0 -0.39427557587623596
vn 0.91899228096008301 0 -0.39427557587623596
vn 0.91899228096008301 0 -0.39427557587623596
vn 0.91899228096008301 0 -0.39427557587623596
vn 0.91899228096008301 0 -0.39427557587623596
vn 0.91899228096008301 0 -0.39427557587623596
vn 0.91899228096008301 0 -0.39427557587623596
vn 0.91899228096008301 0 -0.39427557587623596
vn 0.91899228096008301 0 -0.39427557587623596
vn 0.91899228096008301 0 -0.39427557587623596
vn 0.91899228096008301 0 -0.39427557587623596
vn 0.91899228096008301 0 -0.39427557587623596
vn 0.91899228096008301 0 -0.39427557587623596
vn 0.91899228096008301 0 -0.39427557587623596
vn 0.91899228096008301 0 -0.39427557587623596
vn 0.91899228096008301 0 -0.39427557587623596
vn 0.91899228096008301 0 -0.39427557587623596
vn 0.91899228096008301 0 -0.39427557587623596
vn 0.91899228096008301 0 -0.39427557587623596
vn 0.91899228096008301 0 -0.39427557587623596
vn 0.91899228096008301 0 -0.39427557587623596
vn 0.91899228096008301 0 -0.39427557587623596
vn 0.91899228096008301 0 -0.39427557587623596
vn 0.91899228096008301 0 -0.39427557587623596
vn 0.91899228096008301 0 -0.39427557587623596
vn 0.91899228096008301 0 -0.39427557587623596
vn 0.91899228096008301 0 -0.39427557587623596
vn 0.91899228096008301 0 -0.39427557587623596
vn 0.91899228096008301 0 -0.39427557587623596
vn 0.91899228096008301 0 -0.39427557587623596
vn 0.91899228096008301 0 -0.39427557587623596
vn 0.91899228096008301 0 -0.39427557587623596
vn 0.91899228096008301 0 -0.39427557587623596
vn 0.91899228096008301 0 -0.39427557587623596
vn 0.91899228096008301 0 -0.39427557587623596
vn 0.91899228096008301 0 -0.39427557587623596
vn 0.91899228096008301 0 -0.39427557587623596
vn 0.91899228096008301 0 -0.39427557587623596
vn 0.91899228096008301 0 -0.39427557587623596
vn 0.91899228096008301 0 -0.39427557587623596
vn 0.91899228096008301 0 -0.39427557587623596
vn 0.91899228096008301 0 -0.39427557587623596
vn 0.91899228096008301 0 -0.39427557587623596
vn 0.91899228096008301 0 -0.39427557587623596
vn 0.91899228096008301 0 -0.39427557587623596
vn 0.91899228096008301 0 -0.39427557587623596
vn 0.91899228096008301 0 -0.39427557587623596
vn 0.91899228096008301 0 -0.39427557587623596
vn 0.70008993148803711 0 -0.71405470371246338
vn 0.70008993148803711 0 -0.71405470371246338
vn 0.70008993148803711 0 -0.71405470371246338
vn 0.70008993148803711 0 -0.71405470371246338
vn 0.70008993148803711 0 -0.71405470371246338
vn 0.70008993148803711 0 -0.71405470371246338
vn 0.70008993148803711 0 -0.71405470371246338
vn 0.70008993148803711 0 -0.71405470371246338
vn 0.70008993148803711 0 -0.71405470371246338
vn 0.70008993148803711 0 -0.71405470371246338
vn 0.70008993148803711 0 -0.71405470371246338
vn 0.70008993148803711 0 -0.71405470371246338
vn 0.70008993148803711 0 -0.71405470371246338
vn 0.70008993148803711 0 -0.71405470371246338
vn 0.70008993148803711 0 -0.71405470371246338
vn 0.70008993148803711 0 -0.71405470371246338
vn 0.70008993148803711 0 -0.71405470371246338
vn 0.70008993148803711 0 -0.71405470371246338
vn 0.70008993148803711 0 -0.71405470371246338
vn 0.70008993148803711 0 -0.71405470371246338
vn 0.70008993148803711 0 -0.71405470371246338
vn 0.70008993148803711 0 -0.71405470371246338
vn 0.70008993148803711 0 -0.71405470371246338
vn 0.70008993148803711 0 -0.71405470371246338
vn 0.70008993148803711 0 -0.71405470371246338
vn 0.70008993148803711 0 -0.71405470371246338
vn 0.70008993148803711 0 -0.71405470371246338
vn 0.70008993148803711 0 -0.71405470371246338
vn 0.70008993148803711 0 -0.71405470371246338
vn 0.70008993148803711 0 -0.71405470371246338
vn 0.70008993148803711 0 -0.71405470371246338
vn 0.70008993148803711 0 -0.71405470371246338
vn 0.70008993148803711 0 -0.71405470371246338
vn 0.70008993148803711 0 -0.71405470371246338
vn 0.70008993148803711 0 -0.71405470371246338
vn 0.70008993148803711 0 -0.71405470371246338
vn 0.70008993148803711 0 -0.71405470371246338
vn 0.70008993148803711 0 -0.71405470371246338
vn 0.70008993148803711 0 -0.71405470371246338
vn 0.70008993148803711 0 -0.71405470371246338
vn 0.70008993148803711 0 -0.71405470371246338
vn 0.70008993148803711 0 -0.71405470371246338
vn 0.70008993148803711 0 -0.71405470371246338
vn 0.70008993148803711 0 -0.71405470371246338
vn 0.70008993148803711 0 -0.71405470371246338
vn 0.70008993148803711 0 -0.71405470371246338
vn 0.70008993148803711 0 -0.71405470371246338
vn 0.70008993148803711 0 -0.71405470371246338
vn 0.70008993148803711 0 -0.71405470371246338
vn 0.70008993148803711 0 -0.71405470371246338
vn 0.70008993148803711 0 -0.71405470371246338
vn 0.70008993148803711 0 -0.71405470371246338
vn 0.70008993148803711 0 -0.71405470371246338
vn 0.70008993148803711 0 -0.71405470371246338
vn 0.70008993148803711 0 -0.71405470371246338
vn 0.70008993148803711 0 -0.71405470371246338
vn 0.70008993148803711 0 -0.71405470371246338
vn 0.70008993148803711 0 -0.71405470371246338
vn 0.70008993148803711 0 -0.71405470371246338
vn 0.70008993148803711 0 -0.71405470371246338
vn 0.70008993148803711 0 -0.71405470371246338
vn 0.70008993148803711 0 -0.71405470371246338
vn 0.70008993148803711 0 -0.71405470371246338
vn 0.70008993148803711 0 -0.71405470371246338
vn 0.70008993148803711 0 -0.71405470371246338
vn 0.70008993148803711 0 -0.71405470371246338
vn 0.70008993148803711 0 -0.71405470371246338
vn 0.70008993148803711 0 -0.71405470371246338
vn 0.70008993148803711 0 -0.71405470371246338
vn 0.70008993148803711 0 -0.71405470371246338
vn 0.70008993148803711 0 -0.71405470371246338
vn 0.70008993148803711 0 -0.71405470371246338
vn 0.70008993148803711 0 -0.71405470371246338
vn 0.70008993148803711 0 -0.71405470371246338
vn 0.70008993148803711 0 -0.71405470371246338
vn 0.70008993148803711 0 -0.71405470371246338
vn 0.70008993148803711 0 -0.71405470371246338
vn 0.70008993148803711 0 -0.71405470371246338
vn 0.70008993148803711 0 -0.71405470371246338
vn 0.70008993148803711 0 -0.71405470371246338
vn 0.70008993148803711 0 -0.71405470371246338
vn 0.70008993148803711 0 -0.71405470371246338
vn 0.70008993148803711 0 -0.71405470371246338
vn 0.70008993148803711 0 -0.71405470371246338
vn 0.70008993148803711 0 -0.71405470371246338
vn 0.37811726331710815 0 -0.92575770616531372
vn 0.37811726331710815 0 -0.92575770616531372
vn 0.37811726331710815 0 -0.92575770616531372
vn 0.37811726331710815 0 -0.92575770616531372
vn 0.37811726331710815 0 -0.92575770616531372
vn 0.37811726331710815 0 -0.92575770616531372
vn 0.37811726331710815 0 -0.92575770616531372
vn 0.37811726331710815 0 -0.92575770616531372
vn 0.37811726331710815 0 -0.92575770616531372
vn 0.37811726331710815 0 -0.92575770616531372
vn 0.37811726331710815 0 -0.92575770616531372
vn 0.37811726331710815 0 -0.92575770616531372
vn 0.37811726331710815 0 -0.92575770616531372
vn 0.37811726331710815 0 -0.92575770616531372
vn 0.37811726331710815 0 -0.92575770616531372
vn 0.37811726331710815 0 -0.92575770616531372
vn 0.37811726331710815 0 -0.92575770616531372
vn 0.37811726331710815 0 -0.92575770616531372
vn 0.37811726331710815 0 -0.92575770616531372
vn 0.37811726331710815 0 -0.92575770616531372
vn 0.37811726331710815 0 -0.92575770616531372
vn 0.37811726331710815 0 -0.92575770616531372
vn 0.37811726331710815 0 -0.92575770616531372
vn 0.37811726331710815 0 -0.92575770616531372
vn 0.37811726331710815 0 -0.92575770616531372
vn 0.37811726331710815 0 -0.92575770616531372
vn 0.37811726331710815 0 -0.92575770616531372
vn 0.37811726331710815 0 -0.92575770616531372
vn 0.37811726331710815 0 -0.92575770616531372
vn 0.37811726331710815 0 -0.92575770616531372
vn 0.37811726331710815 0 -0.92575770616531372
vn 0.37811726331710815 0 -0.92575770616531372
vn 0.37811726331710815 0 -0.92575770616531372
vn 0.37811726331710815 0 -0.92575770616531372
vn 0.37811726331710815 0 -0.92575770616531372
vn 0.37811726331710815 0 -0.92575770616531372
vn 0.37811726331710815 0 -0.92575770616531372
vn 0.37811726331710815 0 -0.92575770616531372
vn 0.37811726331710815 0 -0.92575770616531372
vn 0.37811726331710815 0 -0.92575770616531372
vn 0.37811726331710815 0 -0.92575770616531372
vn 0.37811726331710815 0 -0.92575770616531372
vn 0.37811726331710815 0 -0.92575770616531372
vn 0.37811726331710815 0 -0.92575770616531372
vn 0.37811726331710815 0 -0.92575770616531372
vn 0.37811726331710815 0 -0.92575770616531372
vn 0.37811726331710815 0 -0.92575770616531372
vn 0.37811726331710815 0 -0.92575770616531372
vn 0.37811726331710815 0 -0.92575770616531372
vn 0.37811726331710815 0 -0.92575770616531372
vn 0.37811726331710815 0 -0.92575770616531372
vn 0.37811726331710815 0 -0.92575770616531372
vn 0.37811726331710815 0 -0.92575770616531372
vn 0.37811726331710815 0 -0.92575770616531372
vn 0.37811726331710815 0 -0.92575770616531372
vn 0.37811726331710815 0 -0.92575770616531372
vn 0.37811726331710815 0 -0.92575770616531372
vn 0.37811726331710815 0 -0.92575770616531372
vn 0.37811726331710815 0 -0.92575770616531372
vn 0.37811726331710815 0 -0.92575770616531372
vn 0.37811726331710815 0 -0.92575770616531372
vn 0.37811726331710815 0 -0.92575770616531372
vn 0.37811726331710815 0 -0.92575770616531372
vn 0.37811726331710815 0 -0.92575770616531372
vn 0.37811726331710815 0 -0.92575770616531372
vn 0.37811726331710815 0 -0.92575770616531372
vn 0.37811726331710815 0 -0.92575770616531372
vn 0.37811726331710815 0 -0.92575770616531372
vn 0.37811726331710815 0 -0.92575770616531372
vn 0.37811726331710815 0 -0.92575770616531372
vn 0.37811726331710815 0 -0.92575770616531372
vn 0.37811726331710815 0 -0.92575770616531372
vn 0.37811726331710815 0 -0.92575770616531372
vn 0.37811726331710815 0 -0.92575770616531372
vn 0.37811726331710815 0 -0.92575770616531372
vn 0.37811726331710815 0 -0.92575770616531372
vn 0.37811726331710815 0 -0.92575770616531372
vn 0.37811726331710815 0 -0.92575770616531372
vn 0.37811726331710815 0 -0.92575770616531372
vn 0.37811726331710815 0 -0.92575770616531372
vn 0.37811726331710815 0 -0.92575770616531372
vn 0.37811726331710815 0 -0.92575770616531372
vn 0.37811726331710815 0 -0.92575770616531372
vn 0.37811726331710815 0 -0.92575770616531372
vn 0.37811726331710815 0 -0.92575770616531372
vn 0 0 -1
vn 0 0 -1
vn 0 0 -1
vn 0 0 -1
vn 0 0 -1
vn 0 0 -1
vn 0 0 -1
vn 0 0 -1
vn 0 0 -1
vn 0 0 -1
vn 0 0 -1
vn 0 0 -1
vn 0 0 -1
vn 0 0 -1
vn 0 0 -1
vn 0 0 -1
vn 0 0 -1
vn 0 0 -1
vn 0 0 -1
vn 0 0 -1
vn 0 0 -1
vn 0 0 -1
vn 0 0 -1
vn 0 0 -1
vn 0 0 -1
vn 0 0 -1
vn 0 0 -1
vn 0 0 -1
vn 0 0 -1
vn 0 0 -1
vn 0 0 -1
vn 0 0 -1
vn 0 0 -1
vn 0 0 -1
vn 0 0 -1
vn 0 0 -1
vn 0 0 -1
vn 0 0 -1
vn 0 0 -1
vn 0 0 -1
vn 0 0 -1
vn 0 0 -1
vn 0 0 -1
vn 0 0 -1
vn 0 0 -1
vn 0 0 -1
vn 0 0 -1
vn 0 0 -1
vn 0 0 -1
vn 0 0 -1
vn 0 0 -1
vn 0 0 -1
vn 0 0 -1
vn 0 0 -1
vn 0 0 -1
vn 0 0 -1
vn 0 0 -1
vn 0 0 -1
vn 0 0 -1
vn 0 0 -1
vn 0 0 -1
vn 0 0 -1
vn 0 0 -1
vn 0 0 -1
vn 0 0 -1
vn 0 0 -1
vn 0 0 -1
vn 0 0 -1
vn 0 0 -1
vn 0 0 -1
vn 0 0 -1
vn 0 0 -1
vn 0 0 -1
vn 0 0 -1
vn 0 0 -1
vn 0 0 -1
vn 0 0 -1
vn 0 0 -1
vn 0 0 -1
vn 0 0 -1
vn 0 0 -1
vn 0 0 -1
vn 0 0 -1
vn 0 0 -1
vn 0 0 -1
vn 0 0 -1
vn 0 0 -1
vn 0.38268342614173889 0 -0.92387950420379639
vn 0.70710676908493042 0 -0.70710676908493042
vn 0.92387950420379639 0 -0.38268342614173889
vn 0.37811726331710815 0 -0.92575770616531372
vn 0.19266848266124725 0 -0.98126393556594849
vn 0.19266848266124725 0 -0.98126393556594849
vn 0.70008993148803711 0 -0.71405470371246338
vn 0.54939717054367065 0 -0.83556133508682251
vn 0.54939717054367065 0 -0.83556133508682251
vn 0.91899228096008301 0 -0.39427557587623596
vn 0.82517963647842407 0 -0.56487035751342773
vn 0.82517963647842407 0 -0.56487035751342773
vn 0.97953873872756958 0 -0.20125573873519897
vn 0.97953873872756958 0 -0.20125573873519897
vn 0.92387950420379639 0 -0.38268342614173889
vn 0.70710676908493042 0 -0.70710676908493042
vn 0.38268342614173889 0 -0.92387950420379639
vn 0.91899228096008301 0 -0.39427557587623596
vn 0.97953873872756958 0 -0.20125573873519897
vn 0.97953873872756958 0 -0.20125573873519897
vn 0.70008993148803711 0 -0.71405470371246338
vn 0.82517963647842407 0 -0.56487035751342773
vn 0.82517963647842407 0 -0.56487035751342773
vn 0.37811726331710815 0 -0.92575770616531372
vn 0.54939717054367065 0 -0.83556133508682251
vn 0.54939717054367065 0 -0.83556133508682251
vn 0.19266848266124725 0 -0.98126393556594849
vn 0.19266848266124725 0 -0.98126393556594849
f 5/5/5 49/49/49 60/60/60 58/58/58
f 55/55/55 60/60/60 49/49/49
f 59/59/59 55/55/55 4/4/4
f 60/60/60 55/55/55 59/59/59
f 47/47/47 3/3/3 42/42/42
f 43/43/43 47/47/47 44/44/44
f 3/3/3 47/47/47 43/43/43
f 44/44/44 46/46/46 45/45/45
f 54/54/54 57/57/57 55/55/55 49/49/49
f 57/57/57 56/56/56 4/4/4 55/55/55
f 64/64/64 62/62/62 63/63/63
f 6/6/6 64/64/64 61/61/61
f 62/62/62 64/64/64 6/6/6
f 97/97/97 95/95/95 96/96/96
f 7/7/7 97/97/97 91/91/91
f 95/95/95 97/97/97 7/7/7
f 82/82/82 87/87/87 90/90/90 88/88/88
f 87/87/87 8/8/8 89/89/89 90/90/90
f 80/80/80 10/10/10 78/78/78
f 77/77/77 80/80/80 79/79/79
f 10/10/10 80/80/80 77/77/77
f 92/92/92 94/94/94 82/82/82 9/9/9
f 87/87/87 93/93/93 8/8/8
f 94/94/94 87/87/87 82/82/82
f 93/93/93 87/87/87 94/94/94
f 43/43/43 25/25/25 1/1/1
f 26/26/26 25/25/25 43/43/43
f 3/3/3 43/43/43 1/1/1
f 43/43/43 44/44/44 45/45/45
f 46/46/46 26/26/26 45/45/45
f 26/26/26 43/43/43 45/45/45
f 4/4/4 3/3/3 59/59/59
f 1/1/1 59/59/59 3/3/3
f 41/41/41 4/4/4 56/56/56
f 40/40/40 4/4/4 41/41/41
f 39/39/39 47/47/47 42/42/42
f 42/42/42 3/3/3 40/40/40
f 47/47/47 38/38/38 44/44/44
f 2/2/2 59/59/59 1/1/1
f 46/46/46 37/37/37 27/27/27
f 26/26/26 46/46/46 27/27/27
f 27/27/27 104/104/104 28/28/28
f 102/102/102 30/30/30 29/29/29 103/103/103
f 28/28/28 103/103/103 29/29/29
f 28/28/28 104/104/104 103/103/103
f 4/4/4 40/40/40 3/3/3
f 42/42/42 40/40/40 39/39/39
f 37/37/37 44/44/44 38/38/38
f 27/27/27 37/37/37 104/104/104
f 39/39/39 38/38/38 47/47/47
f 48/48/48 41/41/41 56/56/56
f 37/37/37 46/46/46 44/44/44
f 2/2/2 58/58/58 60/60/60
f 54/54/54 48/48/48 57/57/57
f 48/48/48 56/56/56 57/57/57
f 54/54/54 49/49/49 5/5/5
f 48/48/48 54/54/54 5/5/5
f 62/62/62 2/2/2 24/24/24
f 5/5/5 58/58/58 6/6/6
f 6/6/6 58/58/58 2/2/2
f 6/6/6 61/61/61 51/51/51
f 23/23/23 63/63/63 62/62/62 24/24/24
f 2/2/2 62/62/62 6/6/6
f 5/5/5 6/6/6 50/50/50
f 50/50/50 48/48/48 5/5/5
f 59/59/59 2/2/2 60/60/60
f 61/61/61 52/52/52 51/51/51
f 50/50/50 6/6/6 51/51/51
f 64/64/64 52/52/52 61/61/61
f 20/20/20 67/67/67 66/66/66
f 63/63/63 52/52/52 64/64/64
f 23/23/23 22/22/22 53/53/53
f 52/52/52 63/63/63 53/53/53
f 65/65/65 53/53/53 22/22/22
f 63/63/63 23/23/23 53/53/53
f 22/22/22 21/21/21 65/65/65
f 21/21/21 66/66/66 65/65/65
f 20/20/20 66/66/66 21/21/21
f 20/20/20 19/19/19 67/67/67
f 68/68/68 67/67/67 19/19/19
f 30/30/30 102/102/102 101/101/101
f 31/31/31 101/101/101 100/100/100
f 30/30/30 101/101/101 31/31/31
f 31/31/31 100/100/100 99/99/99 32/32/32
f 34/34/34 33/33/33 98/98/98
f 96/96/96 86/86/86 85/85/85
f 32/32/32 99/99/99 98/98/98 33/33/33
f 98/98/98 86/86/86 34/34/34
f 91/91/91 85/85/85 84/84/84
f 7/7/7 84/84/84 83/83/83
f 35/35/35 34/34/34 86/86/86
f 86/86/86 96/96/96 35/35/35
f 35/35/35 96/96/96 95/95/95
f 85/85/85 97/97/97 96/96/96
f 11/11/11 36/36/36 95/95/95
f 35/35/35 95/95/95 36/36/36
f 7/7/7 11/11/11 95/95/95
f 89/89/89 83/83/83 90/90/90
f 83/83/83 8/8/8 7/7/7
f 81/81/81 90/90/90 83/83/83
f 7/7/7 91/91/91 84/84/84
f 93/93/93 7/7/7 8/8/8
f 88/88/88 90/90/90 81/81/81
f 93/93/93 11/11/11 7/7/7
f 8/8/8 83/83/83 89/89/89
f 93/93/93 94/94/94 11/11/11
f 85/85/85 91/91/91 97/97/97
f 14/14/14 72/72/72 15/15/15
f 78/78/78 75/75/75 74/74/74
f 10/10/10 75/75/75 78/78/78
f 80/80/80 74/74/74 73/73/73
f 78/78/78 74/74/74 80/80/80
f 18/18/18 69/69/69 68/68/68
f 17/17/17 69/69/69 18/18/18
f 19/19/19 18/18/18 68/68/68
f 16/16/16 71/71/71 70/70/70 17/17/17
f 70/70/70 69/69/69 17/17/17
f 71/71/71 16/16/16 15/15/15
f 15/15/15 72/72/72 71/71/71
f 79/79/79 73/73/73 72/72/72
f 9/9/9 81/81/81 76/76/76
f 82/82/82 88/88/88 9/9/9
f 92/92/92 11/11/11 94/94/94
f 92/92/92 9/9/9 10/10/10
f 9/9/9 75/75/75 10/10/10
f 14/14/14 77/77/77 79/79/79
f 72/72/72 14/14/14 79/79/79
f 73/73/73 79/79/79 80/80/80
f 12/12/12 10/10/10 77/77/77
f 77/77/77 13/13/13 12/12/12
f 12/12/12 92/92/92 10/10/10
f 14/14/14 13/13/13 77/77/77
f 92/92/92 12/12/12 11/11/11
f 75/75/75 9/9/9 76/76/76
f 81/81/81 9/9/9 88/88/88
f 130/130/130 105/105/105 106/106/106 129/129/129
f 132/132/132 131/131/131 128/128/128 127/127/127
f 132/132/132 127/127/127 126/126/126 133/133/133
f 131/131/131 130/130/130 129/129/129 128/128/128
f 135/135/135 134/134/134 125/125/125 124/124/124
f 135/135/135 124/124/124 123/123/123 136/136/136
f 137/137/137 122/122/122 121/121/121 138/138/138
f 138/138/138 121/121/121 120/120/120 139/139/139
f 136/136/136 123/123/123 122/122/122 137/137/137
f 133/133/133 126/126/126 125/125/125 134/134/134
f 119/119/119 140/140/140 139/139/139 120/120/120
f 141/141/141 118/118/118 117/117/117 142/142/142
f 143/143/143 116/116/116 115/115/115 144/144/144
f 145/145/145 144/144/144 115/115/115 114/114/114
f 142/142/142 117/117/117 116/116/116 143/143/143
f 146/146/146 113/113/113 112/112/112 147/147/147
f 147/147/147 112/112/112 111/111/111 148/148/148
f 149/149/149 110/110/110 109/109/109 150/150/150
f 150/150/150 109/109/109 108/108/108 107/107/107
f 148/148/148 111/111/111 110/110/110 149/149/149
f 145/145/145 114/114/114 113/113/113 146/146/146
f 118/118/118 141/141/141 140/140/140 119/119/119
f 151/151/151 152/152/152 175/175/175 176/176/176
f 177/177/177 174/174/174 173/173/173 178/178/178
f 178/178/178 173/173/173 172/172/172 179/179/179
f 176/176/176 175/175/175 174/174/174 177/177/177
f 180/180/180 171/171/171 170/170/170 181/181/181
f 181/181/181 170/170/170 169/169/169 182/182/182
f 183/183/183 168/168/168 167/167/167 184/184/184
f 184/184/184 167/167/167 166/166/166 185/185/185
f 182/182/182 169/169/169 168/168/168 183/183/183
f 179/179/179 172/172/172 171/171/171 180/180/180
f 186/186/186 185/185/185 166/166/166 165/165/165
f 187/187/187 164/164/164 163/163/163 188/188/188
f 190/190/190 189/189/189 162/162/162 161/161/161
f 191/191/191 190/190/190 161/161/161 160/160/160
f 188/188/188 163/163/163 162/162/162 189/189/189
f 192/192/192 159/159/159 158/158/158 193/193/193
f 193/193/193 158/158/158 157/157/157 194/194/194
f 195/195/195 156/156/156 155/155/155 196/196/196
f 153/153/153 196/196/196 155/155/155 154/154/154
f 194/194/194 157/157/157 156/156/156 195/195/195
f 192/192/192 191/191/191 160/160/160 159/159/159
f 187/187/187 186/186/186 165/165/165 164/164/164
f 212/212/212 197/197/197 198/198/198 211/211/211
f 212/212/212 211/211/211 210/210/210 213/213/213
f 214/214/214 209/209/209 208/208/208 215/215/215
f 215/215/215 208/208/208 207/207/207 216/216/216
f 213/213/213 210/210/210 209/209/209 214/214/214
f 206/206/206 217/217/217 216/216/216 207/207/207
f 219/219/219 218/218/218 205/205/205 204/204/204
f 220/220/220 219/219/219 204/204/204 203/203/203
f 221/221/221 202/202/202 201/201/201 222/222/222
f 200/200/200 199/199/199 223/223/223
f 201/201/201 223/223/223 222/222/222
f 220/220/220 203/203/203 202/202/202 221/221/221
f 205/205/205 218/218/218 217/217/217 206/206/206
f 223/223/223 201/201/201 200/200/200
f 429/429/429 338/338/338 430/430/430 431/431/431
f 431/431/431 430/430/430 339/339/339 426/426/426
f 426/426/426 339/339/339 427/427/427 428/428/428
f 428/428/428 427/427/427 254/254/254 334/334/334
f 334/334/334 254/254/254 335/335/335 337/337/337
f 337/337/337 335/335/335 255/255/255 336/336/336
f 445/445/445 440/440/440 446/446/446 447/447/447
f 447/447/447 446/446/446 441/441/441 442/442/442
f 442/442/442 441/441/441 443/443/443 444/444/444
f 444/444/444 443/443/443 432/432/432 437/437/437
f 437/437/437 432/432/432 438/438/438 439/439/439
f 439/439/439 438/438/438 433/433/433 434/434/434
f 434/434/434 433/433/433 435/435/435 436/436/436
f 436/436/436 435/435/435 338/338/338 429/429/429
f 461/461/461 456/456/456 462/462/462 463/463/463
f 463/463/463 462/462/462 457/457/457 458/458/458
f 458/458/458 457/457/457 459/459/459 460/460/460
f 460/460/460 459/459/459 448/448/448 453/453/453
f 453/453/453 448/448/448 454/454/454 455/455/455
f 455/455/455 454/454/454 449/449/449 450/450/450
f 450/450/450 449/449/449 451/451/451 452/452/452
f 452/452/452 451/451/451 440/440/440 445/445/445
f 477/477/477 472/472/472 478/478/478 479/479/479
f 479/479/479 478/478/478 473/473/473 474/474/474
f 474/474/474 473/473/473 475/475/475 476/476/476
f 476/476/476 475/475/475 464/464/464 469/469/469
f 469/469/469 464/464/464 470/470/470 471/471/471
f 471/471/471 470/470/470 465/465/465 466/466/466
f 466/466/466 465/465/465 467/467/467 468/468/468
f 468/468/468 467/467/467 456/456/456 461/461/461
f 493/493/493 488/488/488 494/494/494 495/495/495
f 495/495/495 494/494/494 489/489/489 490/490/490
f 490/490/490 489/489/489 491/491/491 492/492/492
f 492/492/492 491/491/491 480/480/480 485/485/485
f 485/485/485 480/480/480 486/486/486 487/487/487
f 487/487/487 486/486/486 481/481/481 482/482/482
f 482/482/482 481/481/481 483/483/483 484/484/484
f 484/484/484 483/483/483 472/472/472 477/477/477
f 509/509/509 504/504/504 510/510/510 511/511/511
f 511/511/511 510/510/510 505/505/505 506/506/506
f 506/506/506 505/505/505 507/507/507 508/508/508
f 508/508/508 507/507/507 496/496/496 501/501/501
f 501/501/501 496/496/496 502/502/502 503/503/503
f 503/503/503 502/502/502 497/497/497 498/498/498
f 498/498/498 497/497/497 499/499/499 500/500/500
f 500/500/500 499/499/499 488/488/488 493/493/493
f 519/519/519 328/328/328 520/520/520 521/521/521
f 521/521/521 520/520/520 327/327/327 516/516/516
f 516/516/516 327/327/327 517/517/517 518/518/518
f 518/518/518 517/517/517 512/512/512 513/513/513
f 513/513/513 512/512/512 514/514/514 515/515/515
f 515/515/515 514/514/514 504/504/504 509/509/509
f 752/752/752 758/758/758 763/763/763 761/761/761
f 761/761/761 763/763/763 762/762/762 760/760/760
f 760/760/760 762/762/762 766/766/766 764/764/764
f 764/764/764 766/766/766 765/765/765 275/275/275
f 275/275/275 765/765/765 769/769/769 767/767/767
f 767/767/767 769/769/769 768/768/768 276/276/276
f 736/736/736 742/742/742 748/748/748 746/746/746
f 746/746/746 748/748/748 747/747/747 745/745/745
f 745/745/745 747/747/747 751/751/751 749/749/749
f 749/749/749 751/751/751 750/750/750 744/744/744
f 744/744/744 750/750/750 756/756/756 754/754/754
f 754/754/754 756/756/756 755/755/755 753/753/753
f 753/753/753 755/755/755 759/759/759 757/757/757
f 757/757/757 759/759/759 758/758/758 752/752/752
f 720/720/720 726/726/726 732/732/732 730/730/730
f 730/730/730 732/732/732 731/731/731 729/729/729
f 729/729/729 731/731/731 735/735/735 733/733/733
f 733/733/733 735/735/735 734/734/734 728/728/728
f 728/728/728 734/734/734 740/740/740 738/738/738
f 738/738/738 740/740/740 739/739/739 737/737/737
f 737/737/737 739/739/739 743/743/743 741/741/741
f 741/741/741 743/743/743 742/742/742 736/736/736
f 704/704/704 710/710/710 716/716/716 714/714/714
f 714/714/714 716/716/716 715/715/715 713/713/713
f 713/713/713 715/715/715 719/719/719 717/717/717
f 717/717/717 719/719/719 718/718/718 712/712/712
f 712/712/712 718/718/718 724/724/724 722/722/722
f 722/722/722 724/724/724 723/723/723 721/721/721
f 721/721/721 723/723/723 727/727/727 725/725/725
f 725/725/725 727/727/727 726/726/726 720/720/720
f 688/688/688 694/694/694 700/700/700 698/698/698
f 698/698/698 700/700/700 699/699/699 697/697/697
f 697/697/697 699/699/699 703/703/703 701/701/701
f 701/701/701 703/703/703 702/702/702 696/696/696
f 696/696/696 702/702/702 708/708/708 706/706/706
f 706/706/706 708/708/708 707/707/707 705/705/705
f 705/705/705 707/707/707 711/711/711 709/709/709
f 709/709/709 711/711/711 710/710/710 704/704/704
f 586/586/586 678/678/678 684/684/684 682/682/682
f 682/682/682 684/684/684 683/683/683 681/681/681
f 681/681/681 683/683/683 687/687/687 685/685/685
f 685/685/685 687/687/687 686/686/686 680/680/680
f 680/680/680 686/686/686 692/692/692 690/690/690
f 690/690/690 692/692/692 691/691/691 689/689/689
f 689/689/689 691/691/691 695/695/695 693/693/693
f 693/693/693 695/695/695 694/694/694 688/688/688
f 307/307/307 583/583/583 585/585/585 582/582/582
f 582/582/582 585/585/585 584/584/584 306/306/306
f 306/306/306 584/584/584 676/676/676 674/674/674
f 674/674/674 676/676/676 675/675/675 587/587/587
f 587/587/587 675/675/675 679/679/679 677/677/677
f 677/677/677 679/679/679 678/678/678 586/586/586
f 248/248/248 335/335/335 247/247/247
f 247/247/247 254/254/254 246/246/246
f 255/255/255 248/248/248 249/249/249
f 248/248/248 255/255/255 335/335/335
f 251/251/251 255/255/255 250/250/250
f 335/335/335 254/254/254 247/247/247
f 254/254/254 427/427/427 246/246/246
f 249/249/249 250/250/250 255/255/255
f 245/245/245 246/246/246 427/427/427
f 244/244/244 245/245/245 430/430/430 338/338/338
f 242/242/242 243/243/243 438/438/438 432/432/432
f 243/243/243 244/244/244 435/435/435 433/433/433
f 245/245/245 339/339/339 430/430/430
f 244/244/244 338/338/338 435/435/435
f 339/339/339 245/245/245 427/427/427
f 433/433/433 438/438/438 243/243/243
f 252/252/252 336/336/336 251/251/251
f 333/333/333 340/340/340 334/334/334
f 333/333/333 334/334/334 337/337/337
f 428/428/428 340/340/340 341/341/341
f 426/426/426 428/428/428 341/341/341 342/342/342
f 343/343/343 426/426/426 342/342/342
f 334/334/334 340/340/340 428/428/428
f 332/332/332 337/337/337 336/336/336
f 429/429/429 431/431/431 345/345/345 346/346/346
f 436/436/436 429/429/429 347/347/347 348/348/348
f 434/434/434 436/436/436 349/349/349 350/350/350
f 439/439/439 434/434/434 350/350/350 351/351/351
f 437/437/437 439/439/439 352/352/352 353/353/353
f 444/444/444 437/437/437 354/354/354 355/355/355
f 431/431/431 426/426/426 343/343/343 344/344/344
f 443/443/443 242/242/242 432/432/432
f 255/255/255 251/251/251 336/336/336
f 241/241/241 242/242/242 443/443/443 441/441/441
f 240/240/240 241/241/241 446/446/446 440/440/440
f 446/446/446 241/241/241 441/441/441
f 240/240/240 451/451/451 449/449/449
f 239/239/239 240/240/240 449/449/449 454/454/454
f 240/240/240 440/440/440 451/451/451
f 238/238/238 239/239/239 448/448/448 459/459/459
f 454/454/454 448/448/448 239/239/239
f 237/237/237 238/238/238 457/457/457 462/462/462
f 236/236/236 237/237/237 456/456/456 467/467/467
f 238/238/238 459/459/459 457/457/457
f 237/237/237 462/462/462 456/456/456
f 465/465/465 236/236/236 467/467/467
f 442/442/442 444/444/444 356/356/356 357/357/357
f 445/445/445 447/447/447 359/359/359 360/360/360
f 447/447/447 442/442/442 357/357/357 358/358/358
f 450/450/450 452/452/452 363/363/363 364/364/364
f 453/453/453 455/455/455 366/366/366 367/367/367
f 460/460/460 453/453/453 368/368/368 369/369/369
f 455/455/455 450/450/450 365/365/365 366/366/366
f 452/452/452 445/445/445 361/361/361 362/362/362
f 463/463/463 458/458/458 372/372/372 373/373/373
f 236/236/236 465/465/465 470/470/470
f 235/235/235 236/236/236 470/470/470
f 468/468/468 461/461/461 375/375/375 376/376/376
f 471/471/471 466/466/466 379/379/379 380/380/380
f 469/469/469 471/471/471 381/381/381 382/382/382
f 466/466/466 468/468/468 377/377/377 378/378/378
f 461/461/461 463/463/463 373/373/373 374/374/374
f 458/458/458 460/460/460 370/370/370 371/371/371
f 464/464/464 235/235/235 470/470/470
f 431/431/431 344/344/344 345/345/345
f 253/253/253 330/330/330 252/252/252
f 253/253/253 825/825/825 329/329/329
f 825/825/825 253/253/253 824/824/824
f 329/329/329 330/330/330 253/253/253
f 821/821/821 822/822/822 256/256/256
f 256/256/256 823/823/823 824/824/824
f 256/256/256 822/822/822 823/823/823
f 256/256/256 257/257/257 820/820/820 821/821/821
f 253/253/253 256/256/256 824/824/824
f 331/331/331 332/332/332 336/336/336
f 252/252/252 330/330/330 331/331/331
f 257/257/257 819/819/819 820/820/820
f 257/257/257 817/817/817 818/818/818
f 257/257/257 816/816/816 817/817/817
f 818/818/818 819/819/819 257/257/257
f 816/816/816 257/257/257 258/258/258
f 337/337/337 332/332/332 333/333/333
f 814/814/814 815/815/815 258/258/258
f 816/816/816 258/258/258 815/815/815
f 258/258/258 813/813/813 814/814/814
f 813/813/813 258/258/258 812/812/812
f 810/810/810 811/811/811 259/259/259
f 812/812/812 259/259/259 811/811/811
f 259/259/259 260/260/260 808/808/808 809/809/809
f 260/260/260 261/261/261 804/804/804 805/805/805
f 258/258/258 259/259/259 812/812/812
f 259/259/259 809/809/809 810/810/810
f 260/260/260 807/807/807 808/808/808
f 260/260/260 806/806/806 807/807/807
f 261/261/261 802/802/802 803/803/803
f 261/261/261 801/801/801 802/802/802
f 803/803/803 804/804/804 261/261/261
f 805/805/805 806/806/806 260/260/260
f 801/801/801 261/261/261 800/800/800
f 429/429/429 346/346/346 347/347/347
f 439/439/439 351/351/351 352/352/352
f 436/436/436 348/348/348 349/349/349
f 444/444/444 355/355/355 356/356/356
f 362/362/362 363/363/363 452/452/452
f 447/447/447 358/358/358 359/359/359
f 437/437/437 353/353/353 354/354/354
f 364/364/364 365/365/365 450/450/450
f 369/369/369 370/370/370 460/460/460
f 367/367/367 368/368/368 453/453/453
f 374/374/374 375/375/375 461/461/461
f 380/380/380 381/381/381 471/471/471
f 378/378/378 379/379/379 466/466/466
f 376/376/376 377/377/377 468/468/468
f 371/371/371 372/372/372 458/458/458
f 361/361/361 445/445/445 360/360/360
f 331/331/331 336/336/336 252/252/252
f 234/234/234 235/235/235 475/475/475 473/473/473
f 475/475/475 235/235/235 464/464/464
f 233/233/233 234/234/234 478/478/478 472/472/472
f 234/234/234 473/473/473 478/478/478
f 233/233/233 472/472/472 483/483/483
f 232/232/232 233/233/233 483/483/483 481/481/481
f 231/231/231 232/232/232 486/486/486 480/480/480
f 481/481/481 486/486/486 232/232/232
f 230/230/230 231/231/231 491/491/491 489/489/489
f 231/231/231 480/480/480 491/491/491
f 230/230/230 489/489/489 494/494/494
f 230/230/230 494/494/494 488/488/488
f 229/229/229 230/230/230 488/488/488 499/499/499
f 474/474/474 476/476/476 384/384/384 385/385/385
f 476/476/476 469/469/469 382/382/382 383/383/383
f 479/479/479 474/474/474 386/386/386 387/387/387
f 476/476/476 383/383/383 384/384/384
f 474/474/474 385/385/385 386/386/386
f 388/388/388 479/479/479 387/387/387
f 484/484/484 477/477/477 390/390/390 391/391/391
f 487/487/487 482/482/482 393/393/393 394/394/394
f 485/485/485 487/487/487 395/395/395 396/396/396
f 482/482/482 484/484/484 391/391/391 392/392/392
f 490/490/490 492/492/492 398/398/398 399/399/399
f 492/492/492 485/485/485 397/397/397 398/398/398
f 495/495/495 490/490/490 400/400/400 401/401/401
f 493/493/493 495/495/495 402/402/402 403/403/403
f 500/500/500 493/493/493 404/404/404 405/405/405
f 477/477/477 479/479/479 388/388/388 389/389/389
f 228/228/228 229/229/229 497/497/497 502/502/502
f 227/227/227 228/228/228 496/496/496 507/507/507
f 499/499/499 497/497/497 229/229/229
f 227/227/227 507/507/507 505/505/505
f 228/228/228 502/502/502 496/496/496
f 510/510/510 227/227/227 505/505/505
f 224/224/224 225/225/225 517/517/517 327/327/327
f 520/520/520 325/325/325 326/326/326
f 520/520/520 326/326/326 224/224/224
f 225/225/225 226/226/226 504/504/504 514/514/514
f 328/328/328 324/324/324 325/325/325
f 512/512/512 225/225/225 514/514/514
f 512/512/512 517/517/517 225/225/225
f 510/510/510 504/504/504 226/226/226
f 510/510/510 226/226/226 227/227/227
f 498/498/498 500/500/500 406/406/406 407/407/407
f 501/501/501 503/503/503 409/409/409 410/410/410
f 503/503/503 498/498/498 407/407/407 408/408/408
f 506/506/506 508/508/508 413/413/413 414/414/414
f 509/509/509 511/511/511 416/416/416 417/417/417
f 515/515/515 509/509/509 418/418/418 419/419/419
f 511/511/511 506/506/506 414/414/414 415/415/415
f 508/508/508 501/501/501 411/411/411 412/412/412
f 323/323/323 328/328/328 519/519/519
f 324/324/324 328/328/328 323/323/323
f 325/325/325 520/520/520 328/328/328
f 224/224/224 327/327/327 520/520/520
f 518/518/518 513/513/513 422/422/422 423/423/423
f 516/516/516 522/522/522 521/521/521
f 521/521/521 523/523/523 519/519/519
f 516/516/516 518/518/518 423/423/423 424/424/424
f 322/322/322 323/323/323 519/519/519
f 513/513/513 515/515/515 420/420/420 421/421/421
f 477/477/477 389/389/389 390/390/390
f 485/485/485 396/396/396 397/397/397
f 487/487/487 394/394/394 395/395/395
f 482/482/482 392/392/392 393/393/393
f 495/495/495 401/401/401 402/402/402
f 490/490/490 399/399/399 400/400/400
f 493/493/493 403/403/403 404/404/404
f 500/500/500 405/405/405 406/406/406
f 503/503/503 408/408/408 409/409/409
f 501/501/501 410/410/410 411/411/411
f 508/508/508 412/412/412 413/413/413
f 511/511/511 415/415/415 416/416/416
f 509/509/509 417/417/417 418/418/418
f 515/515/515 419/419/419 420/420/420
f 522/522/522 523/523/523 521/521/521
f 516/516/516 424/424/424 425/425/425
f 513/513/513 421/421/421 422/422/422
f 519/519/519 524/524/524 322/322/322
f 320/320/320 525/525/525 526/526/526
f 321/321/321 524/524/524 525/525/525
f 319/319/319 527/527/527 528/528/528
f 319/319/319 529/529/529 530/530/530
f 319/319/319 530/530/530 531/531/531
f 319/319/319 528/528/528 529/529/529
f 320/320/320 526/526/526 527/527/527
f 525/525/525 320/320/320 321/321/321
f 531/531/531 532/532/532 318/318/318
f 322/322/322 524/524/524 321/321/321
f 320/320/320 527/527/527 319/319/319
f 531/531/531 318/318/318 319/319/319
f 318/318/318 533/533/533 534/534/534
f 535/535/535 317/317/317 318/318/318
f 534/534/534 535/535/535 318/318/318
f 536/536/536 317/317/317 535/535/535
f 532/532/532 533/533/533 318/318/318
f 524/524/524 519/519/519 523/523/523
f 317/317/317 537/537/537 538/538/538
f 316/316/316 539/539/539 540/540/540
f 317/317/317 538/538/538 539/539/539
f 316/316/316 541/541/541 542/542/542
f 315/315/315 543/543/543 544/544/544
f 315/315/315 544/544/544 545/545/545
f 316/316/316 542/542/542 543/543/543
f 316/316/316 540/540/540 541/541/541
f 315/315/315 546/546/546 547/547/547
f 316/316/316 317/317/317 539/539/539
f 315/315/315 316/316/316 543/543/543
f 315/315/315 547/547/547 314/314/314
f 315/315/315 545/545/545 546/546/546
f 314/314/314 548/548/548 549/549/549
f 551/551/551 314/314/314 550/550/550
f 549/549/549 550/550/550 314/314/314
f 313/313/313 314/314/314 551/551/551 552/552/552
f 547/547/547 548/548/548 314/314/314
f 536/536/536 537/537/537 317/317/317
f 425/425/425 522/522/522 516/516/516
f 799/799/799 800/800/800 262/262/262
f 261/261/261 262/262/262 800/800/800
f 262/262/262 798/798/798 799/799/799
f 798/798/798 262/262/262 797/797/797
f 794/794/794 795/795/795 263/263/263
f 796/796/796 797/797/797 262/262/262
f 263/263/263 795/795/795 796/796/796
f 263/263/263 264/264/264 792/792/792 793/793/793
f 263/263/263 796/796/796 262/262/262
f 263/263/263 793/793/793 794/794/794
f 264/264/264 791/791/791 792/792/792
f 264/264/264 789/789/789 790/790/790
f 788/788/788 265/265/265 787/787/787
f 787/787/787 265/265/265 786/786/786
f 788/788/788 789/789/789 264/264/264
f 790/790/790 791/791/791 264/264/264
f 264/264/264 265/265/265 788/788/788
f 786/786/786 265/265/265 785/785/785
f 784/784/784 785/785/785 265/265/265
f 784/784/784 266/266/266 783/783/783
f 266/266/266 784/784/784 265/265/265
f 781/781/781 782/782/782 266/266/266
f 266/266/266 267/267/267 777/777/777 778/778/778
f 267/267/267 268/268/268 774/774/774
f 268/268/268 269/269/269 773/773/773
f 783/783/783 266/266/266 782/782/782
f 266/266/266 780/780/780 781/781/781
f 266/266/266 778/778/778 779/779/779
f 779/779/779 780/780/780 266/266/266
f 267/267/267 775/775/775 776/776/776
f 268/268/268 773/773/773 774/774/774
f 269/269/269 772/772/772 773/773/773
f 774/774/774 775/775/775 267/267/267
f 776/776/776 777/777/777 267/267/267
f 771/771/771 772/772/772 768/768/768
f 771/771/771 769/769/769 770/770/770
f 765/765/765 672/672/672 673/673/673
f 765/765/765 673/673/673 770/770/770
f 766/766/766 670/670/670 671/671/671
f 762/762/762 668/668/668 669/669/669
f 763/763/763 667/667/667 668/668/668
f 669/669/669 670/670/670 762/762/762
f 671/671/671 672/672/672 766/766/766
f 758/758/758 665/665/665 666/666/666
f 759/759/759 663/663/663 664/664/664
f 755/755/755 662/662/662 663/663/663
f 664/664/664 665/665/665 759/759/759
f 756/756/756 660/660/660 661/661/661
f 750/750/750 658/658/658 659/659/659
f 751/751/751 657/657/657 658/658/658
f 659/659/659 660/660/660 756/756/756 750/750/750
f 661/661/661 662/662/662 755/755/755
f 666/666/666 667/667/667 763/763/763 758/758/758
f 747/747/747 655/655/655 656/656/656
f 748/748/748 653/653/653 654/654/654
f 654/654/654 655/655/655 747/747/747
f 742/742/742 651/651/651 652/652/652
f 743/743/743 649/649/649 650/650/650
f 739/739/739 648/648/648 649/649/649
f 650/650/650 651/651/651 742/742/742 743/743/743
f 652/652/652 653/653/653 748/748/748
f 740/740/740 646/646/646 647/647/647
f 734/734/734 644/644/644 645/645/645
f 734/734/734 643/643/643 644/644/644
f 645/645/645 646/646/646 740/740/740
f 641/641/641 642/642/642 735/735/735 731/731/731
f 732/732/732 639/639/639 640/640/640
f 732/732/732 638/638/638 639/639/639
f 640/640/640 641/641/641 731/731/731
f 642/642/642 643/643/643 735/735/735
f 647/647/647 648/648/648 739/739/739
f 656/656/656 657/657/657 751/751/751
f 772/772/772 269/269/269 768/768/768
f 769/769/769 765/765/765 770/770/770
f 766/766/766 762/762/762 670/670/670
f 765/765/765 766/766/766 672/672/672
f 271/271/271 276/276/276 270/270/270
f 274/274/274 275/275/275 767/767/767
f 767/767/767 276/276/276 272/272/272
f 276/276/276 768/768/768 270/270/270
f 270/270/270 768/768/768 269/269/269
f 762/762/762 763/763/763 668/668/668
f 758/758/758 759/759/759 665/665/665
f 755/755/755 756/756/756 661/661/661
f 759/759/759 755/755/755 663/663/663
f 750/750/750 751/751/751 658/658/658
f 747/747/747 748/748/748 654/654/654
f 748/748/748 742/742/742 652/652/652
f 751/751/751 747/747/747 656/656/656
f 277/277/277 760/760/760 764/764/764
f 761/761/761 278/278/278 752/752/752
f 761/761/761 760/760/760 277/277/277
f 274/274/274 767/767/767 273/273/273
f 274/274/274 277/277/277 764/764/764 275/275/275
f 767/767/767 272/272/272 273/273/273
f 272/272/272 276/276/276 271/271/271
f 277/277/277 278/278/278 761/761/761
f 279/279/279 753/753/753 757/757/757
f 279/279/279 744/744/744 754/754/754
f 280/280/280 749/749/749 744/744/744
f 754/754/754 753/753/753 279/279/279
f 279/279/279 280/280/280 744/744/744
f 280/280/280 281/281/281 745/745/745 749/749/749
f 278/278/278 279/279/279 757/757/757
f 278/278/278 757/757/757 752/752/752
f 281/281/281 746/746/746 745/745/745
f 743/743/743 739/739/739 649/649/649
f 740/740/740 734/734/734 645/645/645
f 739/739/739 740/740/740 647/647/647
f 732/732/732 726/726/726 638/638/638
f 638/638/638 726/726/726 637/637/637
f 731/731/731 732/732/732 640/640/640
f 734/734/734 735/735/735 643/643/643
f 636/636/636 637/637/637 726/726/726
f 634/634/634 635/635/635 727/727/727 723/723/723
f 723/723/723 633/633/633 634/634/634
f 635/635/635 636/636/636 727/727/727
f 632/632/632 633/633/633 724/724/724
f 632/632/632 724/724/724 631/631/631
f 630/630/630 631/631/631 718/718/718
f 633/633/633 723/723/723 724/724/724
f 636/636/636 726/726/726 727/727/727
f 736/736/736 746/746/746 281/281/281
f 282/282/282 737/737/737 741/741/741
f 741/741/741 736/736/736 282/282/282
f 738/738/738 737/737/737 283/283/283
f 282/282/282 283/283/283 737/737/737
f 284/284/284 733/733/733 728/728/728
f 738/738/738 283/283/283 728/728/728
f 283/283/283 284/284/284 728/728/728
f 736/736/736 281/281/281 282/282/282
f 284/284/284 730/730/730 729/729/729
f 285/285/285 725/725/725 720/720/720
f 720/720/720 730/730/730 285/285/285
f 285/285/285 286/286/286 725/725/725
f 722/722/722 721/721/721 286/286/286
f 286/286/286 721/721/721 725/725/725
f 284/284/284 285/285/285 730/730/730
f 284/284/284 729/729/729 733/733/733
f 718/718/718 631/631/631 724/724/724
f 286/286/286 287/287/287 722/722/722
f 768/768/768 769/769/769 771/771/771
f 628/628/628 719/719/719 627/627/627
f 625/625/625 626/626/626 715/715/715 716/716/716
f 715/715/715 626/626/626 627/627/627
f 624/624/624 710/710/710 623/623/623
f 622/622/622 711/711/711 621/621/621
f 621/621/621 711/711/711 620/620/620
f 710/710/710 622/622/622 623/623/623
f 716/716/716 624/624/624 625/625/625
f 618/618/618 619/619/619 707/707/707 708/708/708
f 617/617/617 702/702/702 616/616/616
f 708/708/708 617/617/617 618/618/618
f 615/615/615 703/703/703 614/614/614
f 613/613/613 699/699/699 612/612/612
f 612/612/612 699/699/699 611/611/611
f 703/703/703 613/613/613 614/614/614
f 702/702/702 615/615/615 616/616/616
f 707/707/707 619/619/619 620/620/620
f 609/609/609 610/610/610 700/700/700 694/694/694
f 608/608/608 695/695/695 607/607/607
f 694/694/694 608/608/608 609/609/609
f 606/606/606 691/691/691 605/605/605
f 604/604/604 692/692/692 603/603/603
f 603/603/603 692/692/692 602/602/602
f 691/691/691 604/604/604 605/605/605
f 695/695/695 606/606/606 607/607/607
f 602/602/602 686/686/686 601/601/601
f 687/687/687 599/599/599 600/600/600
f 683/683/683 598/598/598 599/599/599
f 600/600/600 601/601/601 686/686/686 687/687/687
f 684/684/684 596/596/596 597/597/597
f 678/678/678 594/594/594 595/595/595
f 593/593/593 594/594/594 678/678/678 679/679/679
f 595/595/595 596/596/596 684/684/684
f 597/597/597 598/598/598 683/683/683
f 611/611/611 700/700/700 610/610/610
f 719/719/719 628/628/628 629/629/629
f 313/313/313 552/552/552 553/553/553
f 313/313/313 554/554/554 555/555/555
f 313/313/313 553/553/553 554/554/554
f 312/312/312 556/556/556 557/557/557
f 312/312/312 558/558/558 559/559/559
f 311/311/311 559/559/559 560/560/560
f 312/312/312 557/557/557 558/558/558
f 312/312/312 555/555/555 556/556/556
f 311/311/311 561/561/561 562/562/562
f 312/312/312 313/313/313 555/555/555
f 311/311/311 312/312/312 559/559/559
f 311/311/311 562/562/562 563/563/563
f 311/311/311 560/560/560 561/561/561
f 310/310/310 563/563/563 564/564/564
f 310/310/310 565/565/565 566/566/566
f 567/567/567 310/310/310 566/566/566
f 564/564/564 565/565/565 310/310/310
f 311/311/311 563/563/563 310/310/310
f 309/309/309 567/567/567 568/568/568
f 309/309/309 569/569/569 570/570/570
f 309/309/309 568/568/568 569/569/569
f 580/580/580 583/583/583 579/579/579
f 304/304/304 578/578/578 579/579/579
f 304/304/304 579/579/579 583/583/583
f 309/309/309 570/570/570 571/571/571
f 308/308/308 572/572/572 573/573/573
f 308/308/308 309/309/309 571/571/571 572/572/572
f 574/574/574 308/308/308 573/573/573
f 575/575/575 308/308/308 574/574/574
f 305/305/305 575/575/575 576/576/576
f 305/305/305 577/577/577 578/578/578
f 576/576/576 577/577/577 305/305/305
f 304/304/304 305/305/305 578/578/578
f 308/308/308 575/575/575 305/305/305
f 585/585/585 580/580/580 581/581/581
f 310/310/310 567/567/567 309/309/309
f 719/719/719 715/715/715 627/627/627
f 716/716/716 710/710/710 624/624/624
f 287/287/287 717/717/717 712/712/712
f 711/711/711 707/707/707 620/620/620
f 713/713/713 717/717/717 288/288/288
f 710/710/710 711/711/711 622/622/622
f 708/708/708 702/702/702 617/617/617
f 703/703/703 699/699/699 613/613/613
f 699/699/699 700/700/700 611/611/611
f 702/702/702 703/703/703 615/615/615
f 694/694/694 695/695/695 608/608/608
f 691/691/691 692/692/692 604/604/604
f 692/692/692 686/686/686 602/602/602
f 695/695/695 691/691/691 606/606/606
f 289/289/289 704/704/704 714/714/714
f 290/290/290 705/705/705 709/709/709
f 709/709/709 704/704/704 289/289/289
f 288/288/288 289/289/289 714/714/714
f 706/706/706 705/705/705 290/290/290
f 290/290/290 709/709/709 289/289/289
f 696/696/696 706/706/706 290/290/290
f 288/288/288 714/714/714 713/713/713
f 288/288/288 717/717/717 287/287/287
f 291/291/291 701/701/701 696/696/696
f 292/292/292 698/698/698 697/697/697
f 292/292/292 688/688/688 698/698/698
f 697/697/697 701/701/701 291/291/291
f 292/292/292 293/293/293 693/693/693 688/688/688
f 689/689/689 693/693/693 293/293/293
f 291/291/291 292/292/292 697/697/697
f 291/291/291 696/696/696 290/290/290
f 287/287/287 712/712/712 722/722/722
f 293/293/293 294/294/294 690/690/690 689/689/689
f 687/687/687 683/683/683 599/599/599
f 595/595/595 684/684/684 678/678/678
f 684/684/684 597/597/597 683/683/683
f 294/294/294 680/680/680 690/690/690
f 593/593/593 679/679/679 592/592/592
f 679/679/679 675/675/675 591/591/591 592/592/592
f 590/590/590 591/591/591 675/675/675
f 590/590/590 676/676/676 589/589/589
f 589/589/589 676/676/676 588/588/588
f 675/675/675 676/676/676 590/590/590
f 588/588/588 676/676/676 584/584/584
f 303/303/303 583/583/583 307/307/307
f 304/304/304 583/583/583 303/303/303
f 585/585/585 583/583/583 580/580/580
f 584/584/584 585/585/585 581/581/581
f 584/584/584 581/581/581 588/588/588
f 295/295/295 681/681/681 685/685/685
f 296/296/296 586/586/586 682/682/682
f 682/682/682 681/681/681 295/295/295
f 295/295/295 296/296/296 682/682/682
f 296/296/296 297/297/297 677/677/677 586/586/586
f 587/587/587 677/677/677 297/297/297
f 295/295/295 685/685/685 680/680/680
f 295/295/295 680/680/680 294/294/294
f 674/674/674 587/587/587 297/297/297
f 299/299/299 582/582/582 306/306/306
f 300/300/300 307/307/307 582/582/582
f 306/306/306 674/674/674 298/298/298
f 582/582/582 299/299/299 300/300/300
f 307/307/307 301/301/301 302/302/302
f 301/301/301 307/307/307 300/300/300
f 306/306/306 298/298/298 299/299/299
f 674/674/674 297/297/297 298/298/298
f 303/303/303 307/307/307 302/302/302
f 718/718/718 719/719/719 629/629/629 630/630/630
f 913/913/913 826/826/826 894/894/894
f 892/892/892 913/913/913 895/895/895
f 826/826/826 913/913/913 892/892/892
f 910/910/910 895/895/895 903/903/903
f 904/904/904 910/910/910 905/905/905
f 895/895/895 910/910/910 904/904/904
f 905/905/905 906/906/906 908/908/908 907/907/907
f 903/903/903 909/909/909 911/911/911 910/910/910
f 910/910/910 911/911/911 906/906/906 905/905/905
f 894/894/894 912/912/912 914/914/914 913/913/913
f 913/913/913 914/914/914 903/903/903 895/895/895
f 827/827/827 891/891/891 893/893/893 868/868/868
f 891/891/891 826/826/826 892/892/892 893/893/893
f 828/828/828 867/867/867 869/869/869 844/844/844
f 867/867/867 827/827/827 868/868/868 869/869/869
f 855/855/855 854/854/854 845/845/845 846/846/846
f 853/853/853 843/843/843 854/854/854 855/855/855
f 852/852/852 851/851/851 848/848/848 850/850/850
f 849/849/849 846/846/846 851/851/851 852/852/852
f 850/850/850 848/848/848 859/859/859 860/860/860
f 848/848/848 861/861/861 863/863/863 859/859/859
f 861/861/861 847/847/847 862/862/862 863/863/863
f 851/851/851 861/861/861 848/848/848
f 861/861/861 845/845/845 847/847/847
f 845/845/845 851/851/851 846/846/846
f 851/851/851 845/845/845 861/861/861
f 845/845/845 864/864/864 866/866/866 847/847/847
f 864/864/864 844/844/844 865/865/865 866/866/866
f 854/854/854 864/864/864 845/845/845
f 864/864/864 828/828/828 844/844/844
f 828/828/828 854/854/854 843/843/843
f 854/854/854 828/828/828 864/864/864
f 829/829/829 915/915/915 917/917/917 916/916/916
f 916/916/916 917/917/917 894/894/894 826/826/826
f 891/891/891 916/916/916 826/826/826
f 916/916/916 830/830/830 829/829/829
f 830/830/830 891/891/891 827/827/827
f 891/891/891 830/830/830 916/916/916
f 857/857/857 867/867/867 828/828/828
f 867/867/867 830/830/830 827/827/827
f 830/830/830 857/857/857 831/831/831
f 857/857/857 830/830/830 867/867/867
f 858/858/858 857/857/857 828/828/828 843/843/843
f 856/856/856 831/831/831 857/857/857 858/858/858
f 832/832/832 931/931/931 933/933/933 932/932/932
f 932/932/932 933/933/933 915/915/915 829/829/829
f 932/932/932 962/962/962 832/832/832
f 962/962/962 830/830/830 833/833/833
f 830/830/830 932/932/932 829/829/829
f 932/932/932 830/830/830 962/962/962
f 987/987/987 1010/1010/1010 834/834/834
f 1010/1010/1010 830/830/830 831/831/831
f 830/830/830 987/987/987 833/833/833
f 987/987/987 830/830/830 1010/1010/1010
f 1011/1011/1011 1010/1010/1010 831/831/831 856/856/856
f 989/989/989 834/834/834 1010/1010/1010 1011/1011/1011
f 958/958/958 960/960/960 959/959/959 934/934/934
f 960/960/960 943/943/943 935/935/935 959/959/959
f 950/950/950 959/959/959 935/935/935
f 959/959/959 832/832/832 934/934/934
f 832/832/832 950/950/950 931/931/931
f 950/950/950 832/832/832 959/959/959
f 935/935/935 944/944/944 952/952/952 950/950/950
f 950/950/950 952/952/952 951/951/951 931/931/931
f 955/955/955 957/957/957 956/956/956 943/943/943
f 957/957/957 953/953/953 945/945/945 956/956/956
f 947/947/947 956/956/956 945/945/945
f 956/956/956 935/935/935 943/943/943
f 935/935/935 947/947/947 944/944/944
f 947/947/947 935/935/935 956/956/956
f 945/945/945 946/946/946 949/949/949 947/947/947
f 947/947/947 949/949/949 948/948/948 944/944/944
f 953/953/953 954/954/954 946/946/946 945/945/945
f 961/961/961 963/963/963 962/962/962 833/833/833
f 963/963/963 934/934/934 832/832/832 962/962/962
f 986/986/986 988/988/988 987/987/987 834/834/834
f 988/988/988 961/961/961 833/833/833 987/987/987
f 1003/1003/1003 1002/1002/1002 1000/1000/1000 1001/1001/1001
f 1006/1006/1006 1005/1005/1005 998/998/998 1004/1004/1004
f 1001/1001/1001 1000/1000/1000 1005/1005/1005 1006/1006/1006
f 1005/1005/1005 990/990/990 998/998/998
f 999/999/999 1005/1005/1005 1000/1000/1000
f 990/990/990 1005/1005/1005 999/999/999
f 1009/1009/1009 1008/1008/1008 989/989/989 1007/1007/1007
f 998/998/998 990/990/990 1008/1008/1008 1009/1009/1009
f 1008/1008/1008 834/834/834 989/989/989
f 986/986/986 1008/1008/1008 990/990/990
f 834/834/834 1008/1008/1008 986/986/986
f 896/896/896 908/908/908 897/897/897
f 898/898/898 897/897/897 908/908/908
f 907/907/907 896/896/896 890/890/890
f 907/907/907 890/890/890 889/889/889
f 908/908/908 896/896/896 907/907/907
f 908/908/908 906/906/906 899/899/899
f 904/904/904 907/907/907 889/889/889
f 906/906/906 900/900/900 899/899/899
f 899/899/899 898/898/898 908/908/908
f 904/904/904 889/889/889 888/888/888
f 888/888/888 887/887/887 904/904/904
f 886/886/886 885/885/885 892/892/892
f 885/885/885 884/884/884 892/892/892
f 892/892/892 887/887/887 886/886/886
f 883/883/883 882/882/882 893/893/893
f 880/880/880 868/868/868 881/881/881
f 879/879/879 868/868/868 880/880/880
f 893/893/893 882/882/882 881/881/881
f 893/893/893 884/884/884 883/883/883
f 905/905/905 907/907/907 904/904/904
f 909/909/909 902/902/902 911/911/911
f 911/911/911 901/901/901 900/900/900
f 902/902/902 901/901/901 911/911/911
f 918/918/918 902/902/902 909/909/909
f 918/918/918 914/914/914 912/912/912 919/919/919
f 921/921/921 920/920/920 912/912/912
f 922/922/922 921/921/921 917/917/917
f 920/920/920 919/919/919 912/912/912
f 923/923/923 922/922/922 915/915/915
f 914/914/914 909/909/909 903/903/903
f 892/892/892 895/895/895 904/904/904
f 884/884/884 893/893/893 892/892/892
f 918/918/918 909/909/909 914/914/914
f 917/917/917 912/912/912 894/894/894
f 921/921/921 912/912/912 917/917/917
f 881/881/881 868/868/868 893/893/893
f 917/917/917 915/915/915 922/922/922
f 904/904/904 887/887/887 892/892/892
f 915/915/915 924/924/924 923/923/923
f 900/900/900 906/906/906 911/911/911
f 877/877/877 876/876/876 869/869/869
f 875/875/875 874/874/874 869/869/869
f 869/869/869 874/874/874 865/865/865
f 869/869/869 876/876/876 875/875/875
f 872/872/872 865/865/865 873/873/873
f 874/874/874 873/873/873 865/865/865
f 872/872/872 871/871/871 866/866/866
f 870/870/870 862/862/862 866/866/866
f 871/871/871 870/870/870 866/866/866
f 868/868/868 878/878/878 877/877/877
f 859/859/859 841/841/841 840/840/840
f 839/839/839 860/860/860 840/840/840
f 860/860/860 839/839/839 838/838/838
f 841/841/841 859/859/859 842/842/842
f 842/842/842 863/863/863 862/862/862 870/870/870
f 837/837/837 850/850/850 860/860/860
f 838/838/838 837/837/837 860/860/860
f 840/840/840 860/860/860 859/859/859
f 842/842/842 859/859/859 863/863/863
f 872/872/872 866/866/866 865/865/865
f 869/869/869 865/865/865 844/844/844
f 862/862/862 847/847/847 866/866/866
f 868/868/868 877/877/877 869/869/869
f 853/853/853 858/858/858 843/843/843
f 849/849/849 855/855/855 846/846/846
f 855/855/855 1023/1023/1023 1022/1022/1022 853/853/853
f 853/853/853 1020/1020/1020 858/858/858
f 836/836/836 852/852/852 850/850/850
f 836/836/836 835/835/835 852/852/852
f 849/849/849 852/852/852 835/835/835
f 1023/1023/1023 849/849/849 835/835/835
f 837/837/837 836/836/836 850/850/850
f 855/855/855 849/849/849 1023/1023/1023
f 1020/1020/1020 853/853/853 1021/1021/1021
f 1019/1019/1019 858/858/858 1020/1020/1020
f 1022/1022/1022 1021/1021/1021 853/853/853
f 1018/1018/1018 856/856/856 1019/1019/1019
f 856/856/856 858/858/858 1019/1019/1019
f 868/868/868 879/879/879 878/878/878
f 933/933/933 925/925/925 924/924/924 915/915/915
f 927/927/927 926/926/926 951/951/951
f 928/928/928 927/927/927 951/951/951
f 926/926/926 925/925/925 933/933/933
f 948/948/948 930/930/930 929/929/929
f 948/948/948 949/949/949 930/930/930
f 936/936/936 930/930/930 949/949/949
f 946/946/946 936/936/936 949/949/949
f 928/928/928 951/951/951 952/952/952 929/929/929
f 929/929/929 952/952/952 948/948/948
f 933/933/933 931/931/931 951/951/951
f 952/952/952 944/944/944 948/948/948
f 926/926/926 933/933/933 951/951/951
f 958/958/958 934/934/934 963/963/963
f 960/960/960 955/955/955 943/943/943
f 946/946/946 937/937/937 936/936/936
f 954/954/954 938/938/938 937/937/937
f 954/954/954 953/953/953 940/940/940
f 957/957/957 964/964/964 942/942/942 953/953/953
f 938/938/938 954/954/954 939/939/939
f 940/940/940 953/953/953 941/941/941
f 942/942/942 941/941/941 953/953/953
f 940/940/940 939/939/939 954/954/954
f 955/955/955 964/964/964 957/957/957
f 960/960/960 966/966/966 965/965/965
f 964/964/964 955/955/955 965/965/965
f 958/958/958 967/967/967 966/966/966 960/960/960
f 968/968/968 967/967/967 958/958/958
f 960/960/960 965/965/965 955/955/955
f 958/958/958 969/969/969 968/968/968
f 969/969/969 963/963/963 970/970/970
f 971/971/971 963/963/963 972/972/972
f 961/961/961 973/973/973 972/972/972 963/963/963
f 970/970/970 963/963/963 971/971/971
f 958/958/958 963/963/963 969/969/969
f 937/937/937 946/946/946 954/954/954
f 856/856/856 1017/1017/1017 1016/1016/1016 1011/1011/1011
f 1007/1007/1007 1013/1013/1013 1012/1012/1012 1009/1009/1009
f 1011/1011/1011 1007/1007/1007 989/989/989
f 1007/1007/1007 1011/1011/1011 1015/1015/1015
f 986/986/986 979/979/979 978/978/978 988/988/988
f 999/999/999 986/986/986 990/990/990
f 1004/1004/1004 998/998/998 1009/1009/1009
f 1014/1014/1014 1007/1007/1007 1015/1015/1015
f 1013/1013/1013 1007/1007/1007 1014/1014/1014
f 1016/1016/1016 1015/1015/1015 1011/1011/1011
f 1006/1006/1006 1004/1004/1004 997/997/997
f 1006/1006/1006 995/995/995 1001/1001/1001
f 995/995/995 1006/1006/1006 996/996/996
f 1012/1012/1012 997/997/997 1004/1004/1004
f 996/996/996 1006/1006/1006 997/997/997
f 1009/1009/1009 1012/1012/1012 1004/1004/1004
f 988/988/988 976/976/976 975/975/975 961/961/961
f 1018/1018/1018 1017/1017/1017 856/856/856
f 977/977/977 988/988/988 978/978/978
f 976/976/976 988/988/988 977/977/977
f 980/980/980 986/986/986 981/981/981
f 986/986/986 999/999/999 982/982/982
f 999/999/999 983/983/983 982/982/982
f 981/981/981 986/986/986 982/982/982
f 979/979/979 986/986/986 980/980/980
f 993/993/993 1003/1003/1003 994/994/994
f 994/994/994 1003/1003/1003 1001/1001/1001
f 995/995/995 994/994/994 1001/1001/1001
f 1002/1002/1002 999/999/999 1000/1000/1000
f 985/985/985 984/984/984 1002/1002/1002
f 999/999/999 1002/1002/1002 984/984/984
f 991/991/991 985/985/985 1002/1002/1002
f 992/992/992 991/991/991 1003/1003/1003
f 1002/1002/1002 1003/1003/1003 991/991/991
f 993/993/993 992/992/992 1003/1003/1003
f 984/984/984 983/983/983 999/999/999
f 974/974/974 961/961/961 975/975/975
f 974/974/974 973/973/973 961/961/961
f 1024/1024/1024 1038/1038/1038 1037/1037/1037 1025/1025/1025
f 1038/1038/1038 1039/1039/1039 1036/1036/1036 1037/1037/1037
f 1040/1040/1040 1041/1041/1041 1034/1034/1034 1035/1035/1035
f 1041/1041/1041 1042/1042/1042 1033/1033/1033 1034/1034/1034
f 1040/1040/1040 1035/1035/1035 1036/1036/1036 1039/1039/1039
f 1033/1033/1033 1042/1042/1042 1043/1043/1043 1032/1032/1032
f 1043/1043/1043 1044/1044/1044 1031/1031/1031 1032/1032/1032
f 1044/1044/1044 1045/1045/1045 1030/1030/1030 1031/1031/1031
f 1046/1046/1046 1047/1047/1047 1028/1028/1028 1029/1029/1029
f 1047/1047/1047 1026/1026/1026 1027/1027/1027 1028/1028/1028
f 1046/1046/1046 1029/1029/1029 1030/1030/1030 1045/1045/1045
f 1048/1048/1048 1062/1062/1062 1061/1061/1061 1049/1049/1049
f 1062/1062/1062 1063/1063/1063 1060/1060/1060 1061/1061/1061
f 1065/1065/1065 1058/1058/1058 1059/1059/1059 1064/1064/1064
f 1066/1066/1066 1057/1057/1057 1058/1058/1058 1065/1065/1065
f 1064/1064/1064 1059/1059/1059 1060/1060/1060 1063/1063/1063
f 1057/1057/1057 1066/1066/1066 1067/1067/1067 1056/1056/1056
f 1067/1067/1067 1068/1068/1068 1055/1055/1055 1056/1056/1056
f 1068/1068/1068 1069/1069/1069 1054/1054/1054 1055/1055/1055
f 1070/1070/1070 1071/1071/1071 1052/1052/1052 1053/1053/1053
f 1071/1071/1071 1050/1050/1050 1051/1051/1051 1052/1052/1052
f 1069/1069/1069 1070/1070/1070 1053/1053/1053 1054/1054/1054
f 1072/1072/1072 1086/1086/1086 1085/1085/1085 1073/1073/1073
f 1086/1086/1086 1087/1087/1087 1084/1084/1084 1085/1085/1085
f 1088/1088/1088 1089/1089/1089 1082/1082/1082 1083/1083/1083
f 1089/1089/1089 1090/1090/1090 1081/1081/1081 1082/1082/1082
f 1087/1087/1087 1088/1088/1088 1083/1083/1083 1084/1084/1084
f 1080/1080/1080 1081/1081/1081 1090/1090/1090 1091/1091/1091
f 1091/1091/1091 1092/1092/1092 1079/1079/1079 1080/1080/1080
f 1092/1092/1092 1093/1093/1093 1078/1078/1078 1079/1079/1079
f 1094/1094/1094 1095/1095/1095 1076/1076/1076 1077/1077/1077
f 1074/1074/1074 1075/1075/1075 1076/1076/1076 1095/1095/1095
f 1093/1093/1093 1094/1094/1094 1077/1077/1077 1078/1078/1078
f 1110/1110/1110 1109/1109/1109 1097/1097/1097 1096/1096/1096
f 1110/1110/1110 1111/1111/1111 1108/1108/1108 1109/1109/1109
f 1112/1112/1112 1113/1113/1113 1106/1106/1106 1107/1107/1107
f 1113/1113/1113 1114/1114/1114 1105/1105/1105 1106/1106/1106
f 1111/1111/1111 1112/1112/1112 1107/1107/1107 1108/1108/1108
f 1114/1114/1114 1115/1115/1115 1104/1104/1104 1105/1105/1105
f 1115/1115/1115 1116/1116/1116 1103/1103/1103 1104/1104/1104
f 1116/1116/1116 1117/1117/1117 1102/1102/1102 1103/1103/1103
f 1118/1118/1118 1119/1119/1119 1100/1100/1100 1101/1101/1101
f 1119/1119/1119 1098/1098/1098 1099/1099/1099 1100/1100/1100
f 1117/1117/1117 1118/1118/1118 1101/1101/1101 1102/1102/1102
f 1127/1127/1127 1123/1123/1123 1122/1122/1122 1126/1126/1126
f 1128/1128/1128 1124/1124/1124 1123/1123/1123 1127/1127/1127
f 1131/1131/1131 1127/1127/1127 1126/1126/1126 1130/1130/1130
f 1132/1132/1132 1128/1128/1128 1127/1127/1127 1131/1131/1131
f 1135/1135/1135 1131/1131/1131 1130/1130/1130 1134/1134/1134
f 1136/1136/1136 1132/1132/1132 1131/1131/1131 1135/1135/1135
f 1139/1139/1139 1135/1135/1135 1134/1134/1134 1138/1138/1138
f 1140/1140/1140 1136/1136/1136 1135/1135/1135 1139/1139/1139
f 1143/1143/1143 1139/1139/1139 1138/1138/1138 1142/1142/1142
f 1144/1144/1144 1140/1140/1140 1139/1139/1139 1143/1143/1143
f 1147/1147/1147 1143/1143/1143 1142/1142/1142 1146/1146/1146
f 1148/1148/1148 1144/1144/1144 1143/1143/1143 1147/1147/1147
f 1122/1122/1122 1120/1120/1120 1125/1125/1125
f 1165/1165/1165 1166/1166/1166 1122/1122/1122 1123/1123/1123
f 1120/1120/1120 1122/1122/1122 1166/1166/1166
f 1122/1122/1122 1125/1125/1125 1126/1126/1126
f 1133/1133/1133 1134/1134/1134 1130/1130/1130 1129/1129/1129
f 1129/1129/1129 1130/1130/1130 1126/1126/1126 1125/1125/1125
f 1134/1134/1134 1133/1133/1133 1137/1137/1137 1138/1138/1138
f 1123/1123/1123 1124/1124/1124 1164/1164/1164 1165/1165/1165
f 1121/1121/1121 1164/1164/1164 1160/1160/1160
f 1124/1124/1124 1160/1160/1160 1164/1164/1164
f 1159/1159/1159 1160/1160/1160 1124/1124/1124
f 1128/1128/1128 1158/1158/1158 1159/1159/1159
f 1124/1124/1124 1128/1128/1128 1159/1159/1159
f 1128/1128/1128 1132/1132/1132 1157/1157/1157 1158/1158/1158
f 1132/1132/1132 1156/1156/1156 1157/1157/1157
f 1136/1136/1136 1156/1156/1156 1132/1132/1132
f 1141/1141/1141 1142/1142/1142 1138/1138/1138 1137/1137/1137
f 1142/1142/1142 1141/1141/1141 1145/1145/1145 1146/1146/1146
f 1146/1146/1146 1145/1145/1145 1149/1149/1149 1161/1161/1161
f 1147/1147/1147 1146/1146/1146 1161/1161/1161 1162/1162/1162
f 1162/1162/1162 1163/1163/1163 1148/1148/1148 1147/1147/1147
f 1136/1136/1136 1140/1140/1140 1154/1154/1154 1155/1155/1155
f 1153/1153/1153 1154/1154/1154 1140/1140/1140 1144/1144/1144
f 1156/1156/1156 1136/1136/1136 1155/1155/1155
f 1151/1151/1151 1148/1148/1148 1163/1163/1163
f 1144/1144/1144 1148/1148/1148 1152/1152/1152 1153/1153/1153
f 1148/1148/1148 1151/1151/1151 1152/1152/1152
f 1163/1163/1163 1150/1150/1150 1151/1151/1151
f 1190/1190/1190 1293/1293/1293 1294/1294/1294 1292/1292/1292
f 1284/1284/1284 1288/1288/1288 1287/1287/1287 1210/1210/1210
f 1211/1211/1211 1296/1296/1296 1297/1297/1297 1295/1295/1295
f 1296/1296/1296 1190/1190/1190 1292/1292/1292 1297/1297/1297
f 1296/1296/1296 1211/1211/1211 1212/1212/1212
f 1191/1191/1191 1190/1190/1190 1296/1296/1296
f 1212/1212/1212 1191/1191/1191 1296/1296/1296
f 1213/1213/1213 1192/1192/1192 1191/1191/1191 1212/1212/1212
f 1214/1214/1214 1193/1193/1193 1192/1192/1192 1213/1213/1213
f 1215/1215/1215 1194/1194/1194 1193/1193/1193 1214/1214/1214
f 1216/1216/1216 1195/1195/1195 1194/1194/1194 1215/1215/1215
f 1217/1217/1217 1196/1196/1196 1195/1195/1195 1216/1216/1216
f 1218/1218/1218 1197/1197/1197 1196/1196/1196 1217/1217/1217
f 1219/1219/1219 1198/1198/1198 1197/1197/1197 1218/1218/1218
f 1220/1220/1220 1199/1199/1199 1198/1198/1198 1219/1219/1219
f 1221/1221/1221 1200/1200/1200 1199/1199/1199 1220/1220/1220
f 1222/1222/1222 1201/1201/1201 1200/1200/1200 1221/1221/1221
f 1223/1223/1223 1202/1202/1202 1201/1201/1201 1222/1222/1222
f 1224/1224/1224 1203/1203/1203 1202/1202/1202 1223/1223/1223
f 1225/1225/1225 1204/1204/1204 1203/1203/1203 1224/1224/1224
f 1226/1226/1226 1205/1205/1205 1204/1204/1204 1225/1225/1225
f 1227/1227/1227 1206/1206/1206 1205/1205/1205 1226/1226/1226
f 1228/1228/1228 1207/1207/1207 1206/1206/1206 1227/1227/1227
f 1229/1229/1229 1208/1208/1208 1207/1207/1207 1228/1228/1228
f 1230/1230/1230 1209/1209/1209 1208/1208/1208 1229/1229/1229
f 1285/1285/1285 1210/1210/1210 1209/1209/1209
f 1230/1230/1230 1231/1231/1231 1285/1285/1285
f 1209/1209/1209 1230/1230/1230 1285/1285/1285
f 1286/1286/1286 1284/1284/1284 1210/1210/1210 1285/1285/1285
f 1281/1281/1281 1286/1286/1286 1285/1285/1285 1231/1231/1231
f 1232/1232/1232 1299/1299/1299 1300/1300/1300 1298/1298/1298
f 1299/1299/1299 1211/1211/1211 1295/1295/1295 1300/1300/1300
f 1299/1299/1299 1232/1232/1232 1233/1233/1233
f 1212/1212/1212 1211/1211/1211 1299/1299/1299
f 1233/1233/1233 1212/1212/1212 1299/1299/1299
f 1234/1234/1234 1213/1213/1213 1212/1212/1212 1233/1233/1233
f 1235/1235/1235 1214/1214/1214 1213/1213/1213 1234/1234/1234
f 1236/1236/1236 1215/1215/1215 1214/1214/1214 1235/1235/1235
f 1237/1237/1237 1216/1216/1216 1215/1215/1215 1236/1236/1236
f 1238/1238/1238 1217/1217/1217 1216/1216/1216 1237/1237/1237
f 1239/1239/1239 1218/1218/1218 1217/1217/1217 1238/1238/1238
f 1240/1240/1240 1219/1219/1219 1218/1218/1218 1239/1239/1239
f 1241/1241/1241 1220/1220/1220 1219/1219/1219 1240/1240/1240
f 1242/1242/1242 1221/1221/1221 1220/1220/1220 1241/1241/1241
f 1243/1243/1243 1222/1222/1222 1221/1221/1221 1242/1242/1242
f 1244/1244/1244 1223/1223/1223 1222/1222/1222 1243/1243/1243
f 1245/1245/1245 1224/1224/1224 1223/1223/1223 1244/1244/1244
f 1246/1246/1246 1225/1225/1225 1224/1224/1224 1245/1245/1245
f 1247/1247/1247 1226/1226/1226 1225/1225/1225 1246/1246/1246
f 1248/1248/1248 1227/1227/1227 1226/1226/1226 1247/1247/1247
f 1249/1249/1249 1228/1228/1228 1227/1227/1227 1248/1248/1248
f 1250/1250/1250 1229/1229/1229 1228/1228/1228 1249/1249/1249
f 1251/1251/1251 1230/1230/1230 1229/1229/1229 1250/1250/1250
f 1282/1282/1282 1231/1231/1231 1230/1230/1230
f 1251/1251/1251 1252/1252/1252 1282/1282/1282
f 1230/1230/1230 1251/1251/1251 1282/1282/1282
f 1283/1283/1283 1281/1281/1281 1231/1231/1231 1282/1282/1282
f 1278/1278/1278 1283/1283/1283 1282/1282/1282 1252/1252/1252
f 1301/1301/1301 1232/1232/1232 1298/1298/1298 1302/1302/1302
f 1280/1280/1280 1278/1278/1278 1252/1252/1252 1279/1279/1279
f 1294/1294/1294 1168/1168/1168 1167/1167/1167
f 1293/1293/1293 1169/1169/1169 1168/1168/1168
f 1170/1170/1170 1169/1169/1169 1191/1191/1191 1192/1192/1192
f 1294/1294/1294 1293/1293/1293 1168/1168/1168
f 1171/1171/1171 1170/1170/1170 1192/1192/1192 1193/1193/1193
f 1294/1294/1294 1167/1167/1167 1289/1289/1289
f 1172/1172/1172 1171/1171/1171 1193/1193/1193 1194/1194/1194
f 1173/1173/1173 1172/1172/1172 1194/1194/1194 1195/1195/1195
f 1175/1175/1175 1174/1174/1174 1196/1196/1196 1197/1197/1197
f 1177/1177/1177 1176/1176/1176 1198/1198/1198 1199/1199/1199
f 1176/1176/1176 1175/1175/1175 1197/1197/1197 1198/1198/1198
f 1174/1174/1174 1173/1173/1173 1195/1195/1195 1196/1196/1196
f 1293/1293/1293 1191/1191/1191 1169/1169/1169
f 1297/1297/1297 1292/1292/1292 1289/1289/1289
f 1293/1293/1293 1190/1190/1190 1191/1191/1191
f 1289/1289/1289 1290/1290/1290 1297/1297/1297
f 1289/1289/1289 1292/1292/1292 1294/1294/1294
f 1199/1199/1199 1200/1200/1200 1178/1178/1178 1177/1177/1177
f 1180/1180/1180 1179/1179/1179 1201/1201/1201 1202/1202/1202
f 1181/1181/1181 1180/1180/1180 1202/1202/1202 1203/1203/1203
f 1183/1183/1183 1182/1182/1182 1204/1204/1204 1205/1205/1205
f 1185/1185/1185 1184/1184/1184 1206/1206/1206 1207/1207/1207
f 1184/1184/1184 1183/1183/1183 1205/1205/1205 1206/1206/1206
f 1182/1182/1182 1181/1181/1181 1203/1203/1203 1204/1204/1204
f 1187/1187/1187 1186/1186/1186 1208/1208/1208 1209/1209/1209
f 1209/1209/1209 1287/1287/1287 1187/1187/1187
f 1288/1288/1288 1188/1188/1188 1287/1287/1287
f 1187/1187/1187 1287/1287/1287 1188/1188/1188
f 1277/1277/1277 1189/1189/1189 1288/1288/1288
f 1188/1188/1188 1288/1288/1288 1189/1189/1189
f 1186/1186/1186 1185/1185/1185 1207/1207/1207 1208/1208/1208
f 1179/1179/1179 1178/1178/1178 1200/1200/1200 1201/1201/1201
f 1287/1287/1287 1209/1209/1209 1210/1210/1210
f 1277/1277/1277 1284/1284/1284 1286/1286/1286
f 1288/1288/1288 1284/1284/1284 1277/1277/1277
f 1276/1276/1276 1277/1277/1277 1286/1286/1286
f 1295/1295/1295 1297/1297/1297 1290/1290/1290
f 1295/1295/1295 1290/1290/1290 1300/1300/1300
f 1291/1291/1291 1300/1300/1300 1290/1290/1290
f 1298/1298/1298 1300/1300/1300 1291/1291/1291
f 1234/1234/1234 1233/1233/1233 1254/1254/1254 1255/1255/1255
f 1233/1233/1233 1232/1232/1232 1301/1301/1301
f 1298/1298/1298 1291/1291/1291 1302/1302/1302
f 1236/1236/1236 1235/1235/1235 1256/1256/1256 1257/1257/1257
f 1237/1237/1237 1236/1236/1236 1257/1257/1257 1258/1258/1258
f 1239/1239/1239 1238/1238/1238 1259/1259/1259 1260/1260/1260
f 1241/1241/1241 1240/1240/1240 1261/1261/1261 1262/1262/1262
f 1240/1240/1240 1239/1239/1239 1260/1260/1260 1261/1261/1261
f 1238/1238/1238 1237/1237/1237 1258/1258/1258 1259/1259/1259
f 1235/1235/1235 1234/1234/1234 1255/1255/1255 1256/1256/1256
f 1301/1301/1301 1302/1302/1302 1253/1253/1253
f 1291/1291/1291 1253/1253/1253 1302/1302/1302
f 1254/1254/1254 1301/1301/1301 1253/1253/1253
f 1301/1301/1301 1254/1254/1254 1233/1233/1233
f 1262/1262/1262 1263/1263/1263 1242/1242/1242 1241/1241/1241
f 1263/1263/1263 1264/1264/1264 1243/1243/1243 1242/1242/1242
f 1244/1244/1244 1243/1243/1243 1264/1264/1264 1265/1265/1265
f 1245/1245/1245 1244/1244/1244 1265/1265/1265 1266/1266/1266
f 1247/1247/1247 1246/1246/1246 1267/1267/1267 1268/1268/1268
f 1249/1249/1249 1248/1248/1248 1269/1269/1269 1270/1270/1270
f 1248/1248/1248 1247/1247/1247 1268/1268/1268 1269/1269/1269
f 1246/1246/1246 1245/1245/1245 1266/1266/1266 1267/1267/1267
f 1283/1283/1283 1276/1276/1276 1281/1281/1281
f 1281/1281/1281 1276/1276/1276 1286/1286/1286
f 1275/1275/1275 1276/1276/1276 1283/1283/1283
f 1251/1251/1251 1250/1250/1250 1271/1271/1271 1272/1272/1272
f 1283/1283/1283 1278/1278/1278 1275/1275/1275
f 1252/1252/1252 1251/1251/1251 1279/1279/1279
f 1250/1250/1250 1249/1249/1249 1270/1270/1270 1271/1271/1271
f 1273/1273/1273 1280/1280/1280 1279/1279/1279
f 1274/1274/1274 1275/1275/1275 1278/1278/1278 1280/1280/1280
f 1251/1251/1251 1272/1272/1272 1279/1279/1279
f 1280/1280/1280 1273/1273/1273 1274/1274/1274
f 1279/1279/1279 1272/1272/1272 1273/1273/1273
f 1317/1317/1317 1371/1371/1371 1372/1372/1372 1370/1370/1370
f 1390/1390/1390 1394/1394/1394 1393/1393/1393 1328/1328/1328
f 1329/1329/1329 1374/1374/1374 1375/1375/1375 1373/1373/1373
f 1374/1374/1374 1317/1317/1317 1370/1370/1370 1375/1375/1375
f 1374/1374/1374 1329/1329/1329 1330/1330/1330
f 1318/1318/1318 1317/1317/1317 1374/1374/1374
f 1330/1330/1330 1318/1318/1318 1374/1374/1374
f 1331/1331/1331 1319/1319/1319 1318/1318/1318 1330/1330/1330
f 1332/1332/1332 1320/1320/1320 1319/1319/1319 1331/1331/1331
f 1333/1333/1333 1321/1321/1321 1320/1320/1320 1332/1332/1332
f 1334/1334/1334 1322/1322/1322 1321/1321/1321 1333/1333/1333
f 1335/1335/1335 1323/1323/1323 1322/1322/1322 1334/1334/1334
f 1336/1336/1336 1324/1324/1324 1323/1323/1323 1335/1335/1335
f 1337/1337/1337 1325/1325/1325 1324/1324/1324 1336/1336/1336
f 1338/1338/1338 1326/1326/1326 1325/1325/1325 1337/1337/1337
f 1339/1339/1339 1327/1327/1327 1326/1326/1326 1338/1338/1338
f 1391/1391/1391 1328/1328/1328 1327/1327/1327
f 1339/1339/1339 1340/1340/1340 1391/1391/1391
f 1327/1327/1327 1339/1339/1339 1391/1391/1391
f 1392/1392/1392 1390/1390/1390 1328/1328/1328 1391/1391/1391
f 1387/1387/1387 1392/1392/1392 1391/1391/1391 1340/1340/1340
f 1341/1341/1341 1377/1377/1377 1378/1378/1378 1376/1376/1376
f 1377/1377/1377 1329/1329/1329 1373/1373/1373 1378/1378/1378
f 1377/1377/1377 1341/1341/1341 1342/1342/1342
f 1330/1330/1330 1329/1329/1329 1377/1377/1377
f 1342/1342/1342 1330/1330/1330 1377/1377/1377
f 1343/1343/1343 1331/1331/1331 1330/1330/1330 1342/1342/1342
f 1344/1344/1344 1332/1332/1332 1331/1331/1331 1343/1343/1343
f 1345/1345/1345 1333/1333/1333 1332/1332/1332 1344/1344/1344
f 1346/1346/1346 1334/1334/1334 1333/1333/1333 1345/1345/1345
f 1347/1347/1347 1335/1335/1335 1334/1334/1334 1346/1346/1346
f 1348/1348/1348 1336/1336/1336 1335/1335/1335 1347/1347/1347
f 1349/1349/1349 1337/1337/1337 1336/1336/1336 1348/1348/1348
f 1350/1350/1350 1338/1338/1338 1337/1337/1337 1349/1349/1349
f 1351/1351/1351 1339/1339/1339 1338/1338/1338 1350/1350/1350
f 1388/1388/1388 1340/1340/1340 1339/1339/1339
f 1351/1351/1351 1352/1352/1352 1388/1388/1388
f 1339/1339/1339 1351/1351/1351 1388/1388/1388
f 1389/1389/1389 1387/1387/1387 1340/1340/1340 1388/1388/1388
f 1384/1384/1384 1389/1389/1389 1388/1388/1388 1352/1352/1352
f 1379/1379/1379 1341/1341/1341 1376/1376/1376 1380/1380/1380
f 1386/1386/1386 1384/1384/1384 1352/1352/1352 1385/1385/1385
f 1372/1372/1372 1304/1304/1304 1303/1303/1303
f 1304/1304/1304 1372/1372/1372 1371/1371/1371
f 1372/1372/1372 1303/1303/1303 1367/1367/1367
f 1305/1305/1305 1304/1304/1304 1371/1371/1371
f 1306/1306/1306 1305/1305/1305 1318/1318/1318 1319/1319/1319
f 1308/1308/1308 1307/1307/1307 1320/1320/1320 1321/1321/1321
f 1309/1309/1309 1308/1308/1308 1321/1321/1321 1322/1322/1322
f 1307/1307/1307 1306/1306/1306 1319/1319/1319 1320/1320/1320
f 1318/1318/1318 1305/1305/1305 1371/1371/1371 1317/1317/1317
f 1375/1375/1375 1370/1370/1370 1367/1367/1367
f 1368/1368/1368 1375/1375/1375 1367/1367/1367
f 1372/1372/1372 1367/1367/1367 1370/1370/1370
f 1322/1322/1322 1323/1323/1323 1310/1310/1310 1309/1309/1309
f 1312/1312/1312 1311/1311/1311 1324/1324/1324 1325/1325/1325
f 1314/1314/1314 1313/1313/1313 1326/1326/1326 1327/1327/1327
f 1313/1313/1313 1312/1312/1312 1325/1325/1325 1326/1326/1326
f 1393/1393/1393 1315/1315/1315 1314/1314/1314
f 1316/1316/1316 1315/1315/1315 1394/1394/1394
f 1393/1393/1393 1394/1394/1394 1315/1315/1315
f 1383/1383/1383 1316/1316/1316 1394/1394/1394
f 1314/1314/1314 1327/1327/1327 1328/1328/1328 1393/1393/1393
f 1311/1311/1311 1310/1310/1310 1323/1323/1323 1324/1324/1324
f 1383/1383/1383 1394/1394/1394 1390/1390/1390
f 1382/1382/1382 1383/1383/1383 1390/1390/1390 1392/1392/1392
f 1392/1392/1392 1387/1387/1387 1382/1382/1382
f 1375/1375/1375 1368/1368/1368 1373/1373/1373
f 1378/1378/1378 1373/1373/1373 1368/1368/1368
f 1378/1378/1378 1369/1369/1369 1376/1376/1376
f 1380/1380/1380 1376/1376/1376 1369/1369/1369
f 1378/1378/1378 1368/1368/1368 1369/1369/1369
f 1379/1379/1379 1342/1342/1342 1341/1341/1341
f 1344/1344/1344 1343/1343/1343 1356/1356/1356 1357/1357/1357
f 1345/1345/1345 1344/1344/1344 1357/1357/1357 1358/1358/1358
f 1343/1343/1343 1342/1342/1342 1355/1355/1355 1356/1356/1356
f 1355/1355/1355 1342/1342/1342 1379/1379/1379
f 1354/1354/1354 1379/1379/1379 1380/1380/1380
f 1380/1380/1380 1353/1353/1353 1354/1354/1354
f 1379/1379/1379 1354/1354/1354 1355/1355/1355
f 1353/1353/1353 1380/1380/1380 1369/1369/1369
f 1346/1346/1346 1345/1345/1345 1358/1358/1358 1359/1359/1359
f 1359/1359/1359 1360/1360/1360 1347/1347/1347 1346/1346/1346
f 1348/1348/1348 1347/1347/1347 1360/1360/1360 1361/1361/1361
f 1350/1350/1350 1349/1349/1349 1362/1362/1362 1363/1363/1363
f 1349/1349/1349 1348/1348/1348 1361/1361/1361 1362/1362/1362
f 1381/1381/1381 1382/1382/1382 1387/1387/1387 1389/1389/1389
f 1384/1384/1384 1381/1381/1381 1389/1389/1389
f 1385/1385/1385 1352/1352/1352 1351/1351/1351
f 1351/1351/1351 1350/1350/1350 1363/1363/1363 1364/1364/1364
f 1351/1351/1351 1364/1364/1364 1385/1385/1385
f 1366/1366/1366 1386/1386/1386 1365/1365/1365
f 1385/1385/1385 1365/1365/1365 1386/1386/1386
f 1366/1366/1366 1381/1381/1381 1384/1384/1384 1386/1386/1386
f 1365/1365/1365 1385/1385/1385 1364/1364/1364
f 1402/1402/1402 1398/1398/1398 1397/1397/1397 1401/1401/1401
f 1403/1403/1403 1399/1399/1399 1398/1398/1398 1402/1402/1402
f 1406/1406/1406 1402/1402/1402 1401/1401/1401 1405/1405/1405
f 1407/1407/1407 1403/1403/1403 1402/1402/1402 1406/1406/1406
f 1410/1410/1410 1406/1406/1406 1405/1405/1405 1409/1409/1409
f 1411/1411/1411 1407/1407/1407 1406/1406/1406 1410/1410/1410
f 1414/1414/1414 1410/1410/1410 1409/1409/1409 1413/1413/1413
f 1415/1415/1415 1411/1411/1411 1410/1410/1410 1414/1414/1414
f 1418/1418/1418 1414/1414/1414 1413/1413/1413 1417/1417/1417
f 1419/1419/1419 1415/1415/1415 1414/1414/1414 1418/1418/1418
f 1422/1422/1422 1418/1418/1418 1417/1417/1417 1421/1421/1421
f 1423/1423/1423 1419/1419/1419 1418/1418/1418 1422/1422/1422
f 1397/1397/1397 1395/1395/1395 1400/1400/1400
f 1440/1440/1440 1441/1441/1441 1397/1397/1397 1398/1398/1398
f 1395/1395/1395 1397/1397/1397 1441/1441/1441
f 1397/1397/1397 1400/1400/1400 1401/1401/1401
f 1408/1408/1408 1409/1409/1409 1405/1405/1405 1404/1404/1404
f 1404/1404/1404 1405/1405/1405 1401/1401/1401 1400/1400/1400
f 1409/1409/1409 1408/1408/1408 1412/1412/1412 1413/1413/1413
f 1398/1398/1398 1399/1399/1399 1439/1439/1439 1440/1440/1440
f 1396/1396/1396 1439/1439/1439 1435/1435/1435
f 1399/1399/1399 1435/1435/1435 1439/1439/1439
f 1434/1434/1434 1435/1435/1435 1399/1399/1399
f 1403/1403/1403 1433/1433/1433 1434/1434/1434
f 1399/1399/1399 1403/1403/1403 1434/1434/1434
f 1403/1403/1403 1407/1407/1407 1432/1432/1432 1433/1433/1433
f 1407/1407/1407 1431/1431/1431 1432/1432/1432
f 1411/1411/1411 1431/1431/1431 1407/1407/1407
f 1416/1416/1416 1417/1417/1417 1413/1413/1413 1412/1412/1412
f 1417/1417/1417 1416/1416/1416 1420/1420/1420 1421/1421/1421
f 1421/1421/1421 1420/1420/1420 1424/1424/1424 1436/1436/1436
f 1422/1422/1422 1421/1421/1421 1436/1436/1436 1437/1437/1437
f 1437/1437/1437 1438/1438/1438 1423/1423/1423 1422/1422/1422
f 1411/1411/1411 1415/1415/1415 1429/1429/1429 1430/1430/1430
f 1428/1428/1428 1429/1429/1429 1415/1415/1415 1419/1419/1419
f 1431/1431/1431 1411/1411/1411 1430/1430/1430
f 1426/1426/1426 1423/1423/1423 1438/1438/1438
f 1419/1419/1419 1423/1423/1423 1427/1427/1427 1428/1428/1428
f 1423/1423/1423 1426/1426/1426 1427/1427/1427
f 1438/1438/1438 1425/1425/1425 1426/1426/1426
f 1449/1449/1449 1445/1445/1445 1444/1444/1444 1448/1448/1448
f 1450/1450/1450 1446/1446/1446 1445/1445/1445 1449/1449/1449
f 1453/1453/1453 1449/1449/1449 1448/1448/1448 1452/1452/1452
f 1454/1454/1454 1450/1450/1450 1449/1449/1449 1453/1453/1453
f 1457/1457/1457 1453/1453/1453 1452/1452/1452 1456/1456/1456
f 1458/1458/1458 1454/1454/1454 1453/1453/1453 1457/1457/1457
f 1461/1461/1461 1457/1457/1457 1456/1456/1456 1460/1460/1460
f 1462/1462/1462 1458/1458/1458 1457/1457/1457 1461/1461/1461
f 1465/1465/1465 1461/1461/1461 1460/1460/1460 1464/1464/1464
f 1466/1466/1466 1462/1462/1462 1461/1461/1461 1465/1465/1465
f 1469/1469/1469 1465/1465/1465 1464/1464/1464 1468/1468/1468
f 1470/1470/1470 1466/1466/1466 1465/1465/1465 1469/1469/1469
f 1444/1444/1444 1442/1442/1442 1447/1447/1447
f 1484/1484/1484 1485/1485/1485 1444/1444/1444 1445/1445/1445
f 1442/1442/1442 1444/1444/1444 1485/1485/1485
f 1444/1444/1444 1447/1447/1447 1448/1448/1448
f 1455/1455/1455 1456/1456/1456 1452/1452/1452 1451/1451/1451
f 1451/1451/1451 1452/1452/1452 1448/1448/1448 1447/1447/1447
f 1456/1456/1456 1455/1455/1455 1459/1459/1459 1460/1460/1460
f 1445/1445/1445 1446/1446/1446 1483/1483/1483 1484/1484/1484
f 1443/1443/1443 1483/1483/1483 1482/1482/1482
f 1446/1446/1446 1482/1482/1482 1483/1483/1483
f 1481/1481/1481 1482/1482/1482 1446/1446/1446
f 1450/1450/1450 1480/1480/1480 1481/1481/1481
f 1446/1446/1446 1450/1450/1450 1481/1481/1481
f 1450/1450/1450 1454/1454/1454 1479/1479/1479 1480/1480/1480
f 1454/1454/1454 1478/1478/1478 1479/1479/1479
f 1458/1458/1458 1478/1478/1478 1454/1454/1454
f 1463/1463/1463 1464/1464/1464 1460/1460/1460 1459/1459/1459
f 1464/1464/1464 1463/1463/1463 1467/1467/1467 1468/1468/1468
f 1468/1468/1468 1467/1467/1467 1471/1471/1471 1486/1486/1486
f 1469/1469/1469 1468/1468/1468 1486/1486/1486 1487/1487/1487
f 1487/1487/1487 1488/1488/1488 1470/1470/1470 1469/1469/1469
f 1458/1458/1458 1462/1462/1462 1476/1476/1476 1477/1477/1477
f 1475/1475/1475 1476/1476/1476 1462/1462/1462 1466/1466/1466
f 1478/1478/1478 1458/1458/1458 1477/1477/1477
f 1473/1473/1473 1470/1470/1470 1488/1488/1488
f 1466/1466/1466 1470/1470/1470 1474/1474/1474 1475/1475/1475
f 1470/1470/1470 1473/1473/1473 1474/1474/1474
f 1488/1488/1488 1472/1472/1472 1473/1473/1473
f 1503/1503/1503 1571/1571/1571 1572/1572/1572 1570/1570/1570
f 1562/1562/1562 1566/1566/1566 1565/1565/1565 1514/1514/1514
f 1515/1515/1515 1574/1574/1574 1575/1575/1575 1573/1573/1573
f 1574/1574/1574 1503/1503/1503 1570/1570/1570 1575/1575/1575
f 1574/1574/1574 1515/1515/1515 1516/1516/1516
f 1504/1504/1504 1503/1503/1503 1574/1574/1574
f 1516/1516/1516 1504/1504/1504 1574/1574/1574
f 1517/1517/1517 1505/1505/1505 1504/1504/1504 1516/1516/1516
f 1518/1518/1518 1506/1506/1506 1505/1505/1505 1517/1517/1517
f 1519/1519/1519 1507/1507/1507 1506/1506/1506 1518/1518/1518
f 1520/1520/1520 1508/1508/1508 1507/1507/1507 1519/1519/1519
f 1521/1521/1521 1509/1509/1509 1508/1508/1508 1520/1520/1520
f 1522/1522/1522 1510/1510/1510 1509/1509/1509 1521/1521/1521
f 1523/1523/1523 1511/1511/1511 1510/1510/1510 1522/1522/1522
f 1524/1524/1524 1512/1512/1512 1511/1511/1511 1523/1523/1523
f 1525/1525/1525 1513/1513/1513 1512/1512/1512 1524/1524/1524
f 1563/1563/1563 1514/1514/1514 1513/1513/1513
f 1525/1525/1525 1526/1526/1526 1563/1563/1563
f 1513/1513/1513 1525/1525/1525 1563/1563/1563
f 1564/1564/1564 1562/1562/1562 1514/1514/1514 1563/1563/1563
f 1559/1559/1559 1564/1564/1564 1563/1563/1563 1526/1526/1526
f 1527/1527/1527 1577/1577/1577 1578/1578/1578 1576/1576/1576
f 1577/1577/1577 1515/1515/1515 1573/1573/1573 1578/1578/1578
f 1577/1577/1577 1527/1527/1527 1528/1528/1528
f 1516/1516/1516 1515/1515/1515 1577/1577/1577
f 1528/1528/1528 1516/1516/1516 1577/1577/1577
f 1529/1529/1529 1517/1517/1517 1516/1516/1516 1528/1528/1528
f 1530/1530/1530 1518/1518/1518 1517/1517/1517 1529/1529/1529
f 1531/1531/1531 1519/1519/1519 1518/1518/1518 1530/1530/1530
f 1532/1532/1532 1520/1520/1520 1519/1519/1519 1531/1531/1531
f 1533/1533/1533 1521/1521/1521 1520/1520/1520 1532/1532/1532
f 1534/1534/1534 1522/1522/1522 1521/1521/1521 1533/1533/1533
f 1535/1535/1535 1523/1523/1523 1522/1522/1522 1534/1534/1534
f 1536/1536/1536 1524/1524/1524 1523/1523/1523 1535/1535/1535
f 1537/1537/1537 1525/1525/1525 1524/1524/1524 1536/1536/1536
f 1560/1560/1560 1526/1526/1526 1525/1525/1525
f 1537/1537/1537 1538/1538/1538 1560/1560/1560
f 1525/1525/1525 1537/1537/1537 1560/1560/1560
f 1561/1561/1561 1559/1559/1559 1526/1526/1526 1560/1560/1560
f 1556/1556/1556 1561/1561/1561 1560/1560/1560 1538/1538/1538
f 1579/1579/1579 1527/1527/1527 1576/1576/1576 1580/1580/1580
f 1558/1558/1558 1556/1556/1556 1538/1538/1538 1557/1557/1557
f 1572/1572/1572 1490/1490/1490 1489/1489/1489
f 1490/1490/1490 1572/1572/1572 1571/1571/1571
f 1572/1572/1572 1489/1489/1489 1567/1567/1567
f 1491/1491/1491 1490/1490/1490 1571/1571/1571
f 1492/1492/1492 1491/1491/1491 1504/1504/1504 1505/1505/1505
f 1494/1494/1494 1493/1493/1493 1506/1506/1506 1507/1507/1507
f 1495/1495/1495 1494/1494/1494 1507/1507/1507 1508/1508/1508
f 1493/1493/1493 1492/1492/1492 1505/1505/1505 1506/1506/1506
f 1504/1504/1504 1491/1491/1491 1571/1571/1571
f 1575/1575/1575 1570/1570/1570 1567/1567/1567
f 1568/1568/1568 1575/1575/1575 1567/1567/1567
f 1571/1571/1571 1503/1503/1503 1504/1504/1504
f 1572/1572/1572 1567/1567/1567 1570/1570/1570
f 1508/1508/1508 1509/1509/1509 1496/1496/1496 1495/1495/1495
f 1498/1498/1498 1497/1497/1497 1510/1510/1510 1511/1511/1511
f 1500/1500/1500 1499/1499/1499 1512/1512/1512 1513/1513/1513
f 1499/1499/1499 1498/1498/1498 1511/1511/1511 1512/1512/1512
f 1565/1565/1565 1501/1501/1501 1500/1500/1500
f 1502/1502/1502 1501/1501/1501 1566/1566/1566
f 1565/1565/1565 1566/1566/1566 1501/1501/1501
f 1555/1555/1555 1502/1502/1502 1566/1566/1566
f 1513/1513/1513 1565/1565/1565 1500/1500/1500
f 1497/1497/1497 1496/1496/1496 1509/1509/1509 1510/1510/1510
f 1513/1513/1513 1514/1514/1514 1565/1565/1565
f 1555/1555/1555 1566/1566/1566 1562/1562/1562
f 1554/1554/1554 1555/1555/1555 1562/1562/1562 1564/1564/1564
f 1564/1564/1564 1559/1559/1559 1554/1554/1554
f 1575/1575/1575 1568/1568/1568 1573/1573/1573
f 1578/1578/1578 1573/1573/1573 1568/1568/1568
f 1578/1578/1578 1569/1569/1569 1576/1576/1576
f 1580/1580/1580 1576/1576/1576 1569/1569/1569
f 1578/1578/1578 1568/1568/1568 1569/1569/1569
f 1579/1579/1579 1528/1528/1528 1527/1527/1527
f 1530/1530/1530 1529/1529/1529 1542/1542/1542 1543/1543/1543
f 1531/1531/1531 1530/1530/1530 1543/1543/1543 1544/1544/1544
f 1529/1529/1529 1528/1528/1528 1541/1541/1541 1542/1542/1542
f 1541/1541/1541 1528/1528/1528 1579/1579/1579
f 1540/1540/1540 1579/1579/1579 1580/1580/1580
f 1580/1580/1580 1539/1539/1539 1540/1540/1540
f 1579/1579/1579 1540/1540/1540 1541/1541/1541
f 1539/1539/1539 1580/1580/1580 1569/1569/1569
f 1532/1532/1532 1531/1531/1531 1544/1544/1544 1545/1545/1545
f 1545/1545/1545 1546/1546/1546 1533/1533/1533 1532/1532/1532
f 1534/1534/1534 1533/1533/1533 1546/1546/1546 1547/1547/1547
f 1536/1536/1536 1535/1535/1535 1548/1548/1548 1549/1549/1549
f 1535/1535/1535 1534/1534/1534 1547/1547/1547 1548/1548/1548
f 1553/1553/1553 1554/1554/1554 1559/1559/1559 1561/1561/1561
f 1556/1556/1556 1553/1553/1553 1561/1561/1561
f 1557/1557/1557 1538/1538/1538 1537/1537/1537
f 1537/1537/1537 1536/1536/1536 1549/1549/1549 1550/1550/1550
f 1537/1537/1537 1550/1550/1550 1557/1557/1557
f 1552/1552/1552 1558/1558/1558 1551/1551/1551
f 1557/1557/1557 1551/1551/1551 1558/1558/1558
f 1552/1552/1552 1553/1553/1553 1556/1556/1556 1558/1558/1558
f 1551/1551/1551 1557/1557/1557 1550/1550/1550
f 1604/1604/1604 1694/1694/1694 1695/1695/1695 1693/1693/1693
f 1713/1713/1713 1717/1717/1717 1716/1716/1716 1624/1624/1624
f 1625/1625/1625 1697/1697/1697 1698/1698/1698 1696/1696/1696
f 1697/1697/1697 1604/1604/1604 1693/1693/1693 1698/1698/1698
f 1697/1697/1697 1625/1625/1625 1626/1626/1626
f 1605/1605/1605 1604/1604/1604 1697/1697/1697
f 1626/1626/1626 1605/1605/1605 1697/1697/1697
f 1627/1627/1627 1606/1606/1606 1605/1605/1605 1626/1626/1626
f 1628/1628/1628 1607/1607/1607 1606/1606/1606 1627/1627/1627
f 1629/1629/1629 1608/1608/1608 1607/1607/1607 1628/1628/1628
f 1630/1630/1630 1609/1609/1609 1608/1608/1608 1629/1629/1629
f 1631/1631/1631 1610/1610/1610 1609/1609/1609 1630/1630/1630
f 1632/1632/1632 1611/1611/1611 1610/1610/1610 1631/1631/1631
f 1633/1633/1633 1612/1612/1612 1611/1611/1611 1632/1632/1632
f 1634/1634/1634 1613/1613/1613 1612/1612/1612 1633/1633/1633
f 1635/1635/1635 1614/1614/1614 1613/1613/1613 1634/1634/1634
f 1636/1636/1636 1615/1615/1615 1614/1614/1614 1635/1635/1635
f 1637/1637/1637 1616/1616/1616 1615/1615/1615 1636/1636/1636
f 1638/1638/1638 1617/1617/1617 1616/1616/1616 1637/1637/1637
f 1639/1639/1639 1618/1618/1618 1617/1617/1617 1638/1638/1638
f 1640/1640/1640 1619/1619/1619 1618/1618/1618 1639/1639/1639
f 1641/1641/1641 1620/1620/1620 1619/1619/1619 1640/1640/1640
f 1642/1642/1642 1621/1621/1621 1620/1620/1620 1641/1641/1641
f 1643/1643/1643 1622/1622/1622 1621/1621/1621 1642/1642/1642
f 1644/1644/1644 1623/1623/1623 1622/1622/1622 1643/1643/1643
f 1714/1714/1714 1624/1624/1624 1623/1623/1623
f 1644/1644/1644 1645/1645/1645 1714/1714/1714
f 1623/1623/1623 1644/1644/1644 1714/1714/1714
f 1715/1715/1715 1713/1713/1713 1624/1624/1624 1714/1714/1714
f 1710/1710/1710 1715/1715/1715 1714/1714/1714 1645/1645/1645
f 1646/1646/1646 1700/1700/1700 1701/1701/1701 1699/1699/1699
f 1700/1700/1700 1625/1625/1625 1696/1696/1696 1701/1701/1701
f 1700/1700/1700 1646/1646/1646 1647/1647/1647
f 1626/1626/1626 1625/1625/1625 1700/1700/1700
f 1647/1647/1647 1626/1626/1626 1700/1700/1700
f 1648/1648/1648 1627/1627/1627 1626/1626/1626 1647/1647/1647
f 1649/1649/1649 1628/1628/1628 1627/1627/1627 1648/1648/1648
f 1650/1650/1650 1629/1629/1629 1628/1628/1628 1649/1649/1649
f 1651/1651/1651 1630/1630/1630 1629/1629/1629 1650/1650/1650
f 1652/1652/1652 1631/1631/1631 1630/1630/1630 1651/1651/1651
f 1653/1653/1653 1632/1632/1632 1631/1631/1631 1652/1652/1652
f 1654/1654/1654 1633/1633/1633 1632/1632/1632 1653/1653/1653
f 1655/1655/1655 1634/1634/1634 1633/1633/1633 1654/1654/1654
f 1656/1656/1656 1635/1635/1635 1634/1634/1634 1655/1655/1655
f 1657/1657/1657 1636/1636/1636 1635/1635/1635 1656/1656/1656
f 1658/1658/1658 1637/1637/1637 1636/1636/1636 1657/1657/1657
f 1659/1659/1659 1638/1638/1638 1637/1637/1637 1658/1658/1658
f 1660/1660/1660 1639/1639/1639 1638/1638/1638 1659/1659/1659
f 1661/1661/1661 1640/1640/1640 1639/1639/1639 1660/1660/1660
f 1662/1662/1662 1641/1641/1641 1640/1640/1640 1661/1661/1661
f 1663/1663/1663 1642/1642/1642 1641/1641/1641 1662/1662/1662
f 1664/1664/1664 1643/1643/1643 1642/1642/1642 1663/1663/1663
f 1665/1665/1665 1644/1644/1644 1643/1643/1643 1664/1664/1664
f 1711/1711/1711 1645/1645/1645 1644/1644/1644
f 1665/1665/1665 1666/1666/1666 1711/1711/1711
f 1644/1644/1644 1665/1665/1665 1711/1711/1711
f 1712/1712/1712 1710/1710/1710 1645/1645/1645 1711/1711/1711
f 1707/1707/1707 1712/1712/1712 1711/1711/1711 1666/1666/1666
f 1702/1702/1702 1646/1646/1646 1699/1699/1699 1703/1703/1703
f 1709/1709/1709 1707/1707/1707 1666/1666/1666 1708/1708/1708
f 1695/1695/1695 1582/1582/1582 1581/1581/1581
f 1694/1694/1694 1583/1583/1583 1582/1582/1582
f 1584/1584/1584 1583/1583/1583 1605/1605/1605 1606/1606/1606
f 1585/1585/1585 1584/1584/1584 1606/1606/1606 1607/1607/1607
f 1586/1586/1586 1585/1585/1585 1607/1607/1607 1608/1608/1608
f 1695/1695/1695 1694/1694/1694 1582/1582/1582
f 1695/1695/1695 1581/1581/1581 1690/1690/1690
f 1587/1587/1587 1586/1586/1586 1608/1608/1608 1609/1609/1609
f 1588/1588/1588 1587/1587/1587 1609/1609/1609 1610/1610/1610
f 1590/1590/1590 1589/1589/1589 1611/1611/1611 1612/1612/1612
f 1592/1592/1592 1591/1591/1591 1613/1613/1613 1614/1614/1614
f 1591/1591/1591 1590/1590/1590 1612/1612/1612 1613/1613/1613
f 1589/1589/1589 1588/1588/1588 1610/1610/1610 1611/1611/1611
f 1583/1583/1583 1694/1694/1694 1605/1605/1605
f 1698/1698/1698 1693/1693/1693 1690/1690/1690
f 1694/1694/1694 1604/1604/1604 1605/1605/1605
f 1690/1690/1690 1691/1691/1691 1698/1698/1698
f 1690/1690/1690 1693/1693/1693 1695/1695/1695
f 1595/1595/1595 1594/1594/1594 1616/1616/1616 1617/1617/1617
f 1596/1596/1596 1595/1595/1595 1617/1617/1617 1618/1618/1618
f 1598/1598/1598 1597/1597/1597 1619/1619/1619 1620/1620/1620
f 1600/1600/1600 1599/1599/1599 1621/1621/1621 1622/1622/1622
f 1599/1599/1599 1598/1598/1598 1620/1620/1620 1621/1621/1621
f 1597/1597/1597 1596/1596/1596 1618/1618/1618 1619/1619/1619
f 1623/1623/1623 1716/1716/1716 1601/1601/1601
f 1716/1716/1716 1602/1602/1602 1601/1601/1601
f 1602/1602/1602 1717/1717/1717 1603/1603/1603
f 1713/1713/1713 1706/1706/1706 1717/1717/1717
f 1717/1717/1717 1706/1706/1706 1603/1603/1603
f 1601/1601/1601 1600/1600/1600 1622/1622/1622 1623/1623/1623
f 1716/1716/1716 1717/1717/1717 1602/1602/1602
f 1594/1594/1594 1593/1593/1593 1615/1615/1615 1616/1616/1616
f 1614/1614/1614 1615/1615/1615 1593/1593/1593 1592/1592/1592
f 1705/1705/1705 1706/1706/1706 1713/1713/1713 1715/1715/1715
f 1715/1715/1715 1710/1710/1710 1705/1705/1705
f 1716/1716/1716 1623/1623/1623 1624/1624/1624
f 1691/1691/1691 1696/1696/1696 1698/1698/1698
f 1696/1696/1696 1691/1691/1691 1701/1701/1701
f 1692/1692/1692 1701/1701/1701 1691/1691/1691
f 1699/1699/1699 1701/1701/1701 1692/1692/1692
f 1648/1648/1648 1647/1647/1647 1669/1669/1669 1670/1670/1670
f 1647/1647/1647 1646/1646/1646 1702/1702/1702
f 1699/1699/1699 1692/1692/1692 1703/1703/1703
f 1650/1650/1650 1649/1649/1649 1671/1671/1671 1672/1672/1672
f 1651/1651/1651 1650/1650/1650 1672/1672/1672 1673/1673/1673
f 1653/1653/1653 1652/1652/1652 1674/1674/1674 1675/1675/1675
f 1655/1655/1655 1654/1654/1654 1676/1676/1676 1677/1677/1677
f 1654/1654/1654 1653/1653/1653 1675/1675/1675 1676/1676/1676
f 1652/1652/1652 1651/1651/1651 1673/1673/1673 1674/1674/1674
f 1649/1649/1649 1648/1648/1648 1670/1670/1670 1671/1671/1671
f 1668/1668/1668 1702/1702/1702 1703/1703/1703
f 1692/1692/1692 1667/1667/1667 1703/1703/1703
f 1667/1667/1667 1668/1668/1668 1703/1703/1703
f 1702/1702/1702 1669/1669/1669 1647/1647/1647
f 1702/1702/1702 1668/1668/1668 1669/1669/1669
f 1656/1656/1656 1655/1655/1655 1677/1677/1677 1678/1678/1678
f 1658/1658/1658 1657/1657/1657 1679/1679/1679 1680/1680/1680
f 1659/1659/1659 1658/1658/1658 1680/1680/1680 1681/1681/1681
f 1661/1661/1661 1660/1660/1660 1682/1682/1682 1683/1683/1683
f 1663/1663/1663 1662/1662/1662 1684/1684/1684 1685/1685/1685
f 1662/1662/1662 1661/1661/1661 1683/1683/1683 1684/1684/1684
f 1660/1660/1660 1659/1659/1659 1681/1681/1681 1682/1682/1682
f 1704/1704/1704 1705/1705/1705 1710/1710/1710 1712/1712/1712
f 1707/1707/1707 1704/1704/1704 1712/1712/1712
f 1665/1665/1665 1664/1664/1664 1686/1686/1686 1687/1687/1687
f 1666/1666/1666 1665/1665/1665 1708/1708/1708
f 1709/1709/1709 1704/1704/1704 1707/1707/1707
f 1664/1664/1664 1663/1663/1663 1685/1685/1685 1686/1686/1686
f 1688/1688/1688 1709/1709/1709 1708/1708/1708
f 1665/1665/1665 1687/1687/1687 1708/1708/1708
f 1709/1709/1709 1688/1688/1688 1689/1689/1689
f 1708/1708/1708 1687/1687/1687 1688/1688/1688
f 1704/1704/1704 1709/1709/1709 1689/1689/1689
f 1678/1678/1678 1679/1679/1679 1657/1657/1657 1656/1656/1656
f 1725/1725/1725 1721/1721/1721 1720/1720/1720 1724/1724/1724
f 1726/1726/1726 1722/1722/1722 1721/1721/1721 1725/1725/1725
f 1729/1729/1729 1725/1725/1725 1724/1724/1724 1728/1728/1728
f 1730/1730/1730 1726/1726/1726 1725/1725/1725 1729/1729/1729
f 1733/1733/1733 1729/1729/1729 1728/1728/1728 1732/1732/1732
f 1734/1734/1734 1730/1730/1730 1729/1729/1729 1733/1733/1733
f 1737/1737/1737 1733/1733/1733 1732/1732/1732 1736/1736/1736
f 1738/1738/1738 1734/1734/1734 1733/1733/1733 1737/1737/1737
f 1741/1741/1741 1737/1737/1737 1736/1736/1736 1740/1740/1740
f 1742/1742/1742 1738/1738/1738 1737/1737/1737 1741/1741/1741
f 1745/1745/1745 1741/1741/1741 1740/1740/1740 1744/1744/1744
f 1746/1746/1746 1742/1742/1742 1741/1741/1741 1745/1745/1745
f 1720/1720/1720 1718/1718/1718 1723/1723/1723
f 1763/1763/1763 1764/1764/1764 1720/1720/1720 1721/1721/1721
f 1718/1718/1718 1720/1720/1720 1764/1764/1764
f 1720/1720/1720 1723/1723/1723 1724/1724/1724
f 1731/1731/1731 1732/1732/1732 1728/1728/1728 1727/1727/1727
f 1727/1727/1727 1728/1728/1728 1724/1724/1724 1723/1723/1723
f 1732/1732/1732 1731/1731/1731 1735/1735/1735 1736/1736/1736
f 1721/1721/1721 1722/1722/1722 1762/1762/1762 1763/1763/1763
f 1719/1719/1719 1762/1762/1762 1758/1758/1758
f 1722/1722/1722 1758/1758/1758 1762/1762/1762
f 1757/1757/1757 1758/1758/1758 1722/1722/1722
f 1726/1726/1726 1756/1756/1756 1757/1757/1757
f 1722/1722/1722 1726/1726/1726 1757/1757/1757
f 1726/1726/1726 1730/1730/1730 1755/1755/1755 1756/1756/1756
f 1730/1730/1730 1754/1754/1754 1755/1755/1755
f 1734/1734/1734 1754/1754/1754 1730/1730/1730
f 1739/1739/1739 1740/1740/1740 1736/1736/1736 1735/1735/1735
f 1740/1740/1740 1739/1739/1739 1743/1743/1743 1744/1744/1744
f 1744/1744/1744 1743/1743/1743 1747/1747/1747 1759/1759/1759
f 1745/1745/1745 1744/1744/1744 1759/1759/1759 1760/1760/1760
f 1760/1760/1760 1761/1761/1761 1746/1746/1746 1745/1745/1745
f 1734/1734/1734 1738/1738/1738 1752/1752/1752 1753/1753/1753
f 1751/1751/1751 1752/1752/1752 1738/1738/1738 1742/1742/1742
f 1754/1754/1754 1734/1734/1734 1753/1753/1753
f 1749/1749/1749 1746/1746/1746 1761/1761/1761
f 1742/1742/1742 1746/1746/1746 1750/1750/1750 1751/1751/1751
f 1746/1746/1746 1749/1749/1749 1750/1750/1750
f 1761/1761/1761 1748/1748/1748 1749/1749/1749
f 1772/1772/1772 1768/1768/1768 1767/1767/1767 1771/1771/1771
f 1773/1773/1773 1769/1769/1769 1768/1768/1768 1772/1772/1772
f 1776/1776/1776 1772/1772/1772 1771/1771/1771 1775/1775/1775
f 1777/1777/1777 1773/1773/1773 1772/1772/1772 1776/1776/1776
f 1780/1780/1780 1776/1776/1776 1775/1775/1775 1779/1779/1779
f 1781/1781/1781 1777/1777/1777 1776/1776/1776 1780/1780/1780
f 1784/1784/1784 1780/1780/1780 1779/1779/1779 1783/1783/1783
f 1785/1785/1785 1781/1781/1781 1780/1780/1780 1784/1784/1784
f 1788/1788/1788 1784/1784/1784 1783/1783/1783 1787/1787/1787
f 1789/1789/1789 1785/1785/1785 1784/1784/1784 1788/1788/1788
f 1792/1792/1792 1788/1788/1788 1787/1787/1787 1791/1791/1791
f 1793/1793/1793 1789/1789/1789 1788/1788/1788 1792/1792/1792
f 1808/1808/1808 1765/1765/1765 1796/1796/1796
f 1808/1808/1808 1796/1796/1796 1767/1767/1767
f 1797/1797/1797 1767/1767/1767 1796/1796/1796
f 1771/1771/1771 1767/1767/1767 1797/1797/1797 1798/1798/1798
f 1807/1807/1807 1808/1808/1808 1767/1767/1767 1768/1768/1768
f 1798/1798/1798 1799/1799/1799 1775/1775/1775 1771/1771/1771
f 1800/1800/1800 1775/1775/1775 1799/1799/1799
f 1779/1779/1779 1775/1775/1775 1800/1800/1800
f 1806/1806/1806 1807/1807/1807 1768/1768/1768 1769/1769/1769
f 1766/1766/1766 1806/1806/1806 1769/1769/1769 1770/1770/1770
f 1770/1770/1770 1769/1769/1769 1773/1773/1773 1774/1774/1774
f 1778/1778/1778 1777/1777/1777 1781/1781/1781 1782/1782/1782
f 1777/1777/1777 1778/1778/1778 1774/1774/1774 1773/1773/1773
f 1779/1779/1779 1800/1800/1800 1801/1801/1801
f 1801/1801/1801 1802/1802/1802 1783/1783/1783 1779/1779/1779
f 1787/1787/1787 1783/1783/1783 1802/1802/1802 1803/1803/1803
f 1804/1804/1804 1787/1787/1787 1803/1803/1803
f 1791/1791/1791 1804/1804/1804 1805/1805/1805
f 1791/1791/1791 1805/1805/1805 1809/1809/1809
f 1794/1794/1794 1809/1809/1809 1805/1805/1805
f 1809/1809/1809 1810/1810/1810 1792/1792/1792 1791/1791/1791
f 1787/1787/1787 1804/1804/1804 1791/1791/1791
f 1785/1785/1785 1786/1786/1786 1782/1782/1782 1781/1781/1781
f 1786/1786/1786 1785/1785/1785 1789/1789/1789 1790/1790/1790
f 1810/1810/1810 1811/1811/1811 1793/1793/1793 1792/1792/1792
f 1795/1795/1795 1790/1790/1790 1793/1793/1793
f 1793/1793/1793 1790/1790/1790 1789/1789/1789
f 1811/1811/1811 1795/1795/1795 1793/1793/1793
f 1825/1825/1825 1893/1893/1893 1894/1894/1894 1892/1892/1892
f 1884/1884/1884 1888/1888/1888 1887/1887/1887 1836/1836/1836
f 1837/1837/1837 1896/1896/1896 1897/1897/1897 1895/1895/1895
f 1896/1896/1896 1825/1825/1825 1892/1892/1892 1897/1897/1897
f 1896/1896/1896 1837/1837/1837 1838/1838/1838
f 1826/1826/1826 1825/1825/1825 1896/1896/1896
f 1838/1838/1838 1826/1826/1826 1896/1896/1896
f 1839/1839/1839 1827/1827/1827 1826/1826/1826 1838/1838/1838
f 1840/1840/1840 1828/1828/1828 1827/1827/1827 1839/1839/1839
f 1841/1841/1841 1829/1829/1829 1828/1828/1828 1840/1840/1840
f 1842/1842/1842 1830/1830/1830 1829/1829/1829 1841/1841/1841
f 1843/1843/1843 1831/1831/1831 1830/1830/1830 1842/1842/1842
f 1844/1844/1844 1832/1832/1832 1831/1831/1831 1843/1843/1843
f 1845/1845/1845 1833/1833/1833 1832/1832/1832 1844/1844/1844
f 1846/1846/1846 1834/1834/1834 1833/1833/1833 1845/1845/1845
f 1847/1847/1847 1835/1835/1835 1834/1834/1834 1846/1846/1846
f 1885/1885/1885 1836/1836/1836 1835/1835/1835
f 1847/1847/1847 1848/1848/1848 1885/1885/1885
f 1835/1835/1835 1847/1847/1847 1885/1885/1885
f 1886/1886/1886 1884/1884/1884 1836/1836/1836 1885/1885/1885
f 1881/1881/1881 1886/1886/1886 1885/1885/1885 1848/1848/1848
f 1849/1849/1849 1899/1899/1899 1900/1900/1900 1898/1898/1898
f 1899/1899/1899 1837/1837/1837 1895/1895/1895 1900/1900/1900
f 1899/1899/1899 1849/1849/1849 1850/1850/1850
f 1838/1838/1838 1837/1837/1837 1899/1899/1899
f 1850/1850/1850 1838/1838/1838 1899/1899/1899
f 1851/1851/1851 1839/1839/1839 1838/1838/1838 1850/1850/1850
f 1852/1852/1852 1840/1840/1840 1839/1839/1839 1851/1851/1851
f 1853/1853/1853 1841/1841/1841 1840/1840/1840 1852/1852/1852
f 1854/1854/1854 1842/1842/1842 1841/1841/1841 1853/1853/1853
f 1855/1855/1855 1843/1843/1843 1842/1842/1842 1854/1854/1854
f 1856/1856/1856 1844/1844/1844 1843/1843/1843 1855/1855/1855
f 1857/1857/1857 1845/1845/1845 1844/1844/1844 1856/1856/1856
f 1858/1858/1858 1846/1846/1846 1845/1845/1845 1857/1857/1857
f 1859/1859/1859 1847/1847/1847 1846/1846/1846 1858/1858/1858
f 1882/1882/1882 1848/1848/1848 1847/1847/1847
f 1859/1859/1859 1860/1860/1860 1882/1882/1882
f 1847/1847/1847 1859/1859/1859 1882/1882/1882
f 1883/1883/1883 1881/1881/1881 1848/1848/1848 1882/1882/1882
f 1878/1878/1878 1883/1883/1883 1882/1882/1882 1860/1860/1860
f 1901/1901/1901 1849/1849/1849 1898/1898/1898 1902/1902/1902
f 1880/1880/1880 1878/1878/1878 1860/1860/1860 1879/1879/1879
f 1894/1894/1894 1813/1813/1813 1812/1812/1812
f 1813/1813/1813 1894/1894/1894 1893/1893/1893
f 1894/1894/1894 1812/1812/1812 1889/1889/1889
f 1814/1814/1814 1813/1813/1813 1893/1893/1893
f 1815/1815/1815 1814/1814/1814 1826/1826/1826 1827/1827/1827
f 1817/1817/1817 1816/1816/1816 1828/1828/1828 1829/1829/1829
f 1818/1818/1818 1817/1817/1817 1829/1829/1829 1830/1830/1830
f 1816/1816/1816 1815/1815/1815 1827/1827/1827 1828/1828/1828
f 1826/1826/1826 1814/1814/1814 1893/1893/1893
f 1897/1897/1897 1892/1892/1892 1889/1889/1889
f 1889/1889/1889 1890/1890/1890 1897/1897/1897
f 1825/1825/1825 1826/1826/1826 1893/1893/1893
f 1892/1892/1892 1894/1894/1894 1889/1889/1889
f 1821/1821/1821 1820/1820/1820 1832/1832/1832 1833/1833/1833
f 1823/1823/1823 1822/1822/1822 1834/1834/1834 1835/1835/1835
f 1822/1822/1822 1821/1821/1821 1833/1833/1833 1834/1834/1834
f 1887/1887/1887 1824/1824/1824 1823/1823/1823
f 1877/1877/1877 1888/1888/1888 1884/1884/1884
f 1824/1824/1824 1888/1888/1888 1877/1877/1877
f 1824/1824/1824 1887/1887/1887 1888/1888/1888
f 1835/1835/1835 1887/1887/1887 1823/1823/1823
f 1820/1820/1820 1819/1819/1819 1831/1831/1831 1832/1832/1832
f 1830/1830/1830 1831/1831/1831 1819/1819/1819 1818/1818/1818
f 1887/1887/1887 1835/1835/1835 1836/1836/1836
f 1876/1876/1876 1877/1877/1877 1884/1884/1884 1886/1886/1886
f 1886/1886/1886 1881/1881/1881 1876/1876/1876
f 1897/1897/1897 1890/1890/1890 1895/1895/1895
f 1900/1900/1900 1895/1895/1895 1890/1890/1890
f 1900/1900/1900 1891/1891/1891 1898/1898/1898
f 1902/1902/1902 1898/1898/1898 1891/1891/1891
f 1900/1900/1900 1890/1890/1890 1891/1891/1891
f 1901/1901/1901 1850/1850/1850 1849/1849/1849
f 1852/1852/1852 1851/1851/1851 1864/1864/1864 1865/1865/1865
f 1853/1853/1853 1852/1852/1852 1865/1865/1865 1866/1866/1866
f 1851/1851/1851 1850/1850/1850 1863/1863/1863 1864/1864/1864
f 1863/1863/1863 1850/1850/1850 1901/1901/1901
f 1862/1862/1862 1901/1901/1901 1902/1902/1902
f 1902/1902/1902 1861/1861/1861 1862/1862/1862
f 1901/1901/1901 1862/1862/1862 1863/1863/1863
f 1861/1861/1861 1902/1902/1902 1891/1891/1891
f 1854/1854/1854 1853/1853/1853 1866/1866/1866 1867/1867/1867
f 1867/1867/1867 1868/1868/1868 1855/1855/1855 1854/1854/1854
f 1856/1856/1856 1855/1855/1855 1868/1868/1868 1869/1869/1869
f 1858/1858/1858 1857/1857/1857 1870/1870/1870 1871/1871/1871
f 1857/1857/1857 1856/1856/1856 1869/1869/1869 1870/1870/1870
f 1875/1875/1875 1876/1876/1876 1881/1881/1881 1883/1883/1883
f 1878/1878/1878 1875/1875/1875 1883/1883/1883
f 1879/1879/1879 1860/1860/1860 1859/1859/1859
f 1859/1859/1859 1858/1858/1858 1871/1871/1871 1872/1872/1872
f 1859/1859/1859 1872/1872/1872 1879/1879/1879
f 1874/1874/1874 1880/1880/1880 1873/1873/1873
f 1879/1879/1879 1873/1873/1873 1880/1880/1880
f 1874/1874/1874 1875/1875/1875 1878/1878/1878 1880/1880/1880
f 1873/1873/1873 1879/1879/1879 1872/1872/1872
f 1926/1926/1926 2016/2016/2016 2017/2017/2017 2015/2015/2015
f 2035/2035/2035 2039/2039/2039 2038/2038/2038 1946/1946/1946
f 1947/1947/1947 2019/2019/2019 2020/2020/2020 2018/2018/2018
f 2019/2019/2019 1926/1926/1926 2015/2015/2015 2020/2020/2020
f 2019/2019/2019 1947/1947/1947 1948/1948/1948
f 1927/1927/1927 1926/1926/1926 2019/2019/2019
f 1948/1948/1948 1927/1927/1927 2019/2019/2019
f 1949/1949/1949 1928/1928/1928 1927/1927/1927 1948/1948/1948
f 1950/1950/1950 1929/1929/1929 1928/1928/1928 1949/1949/1949
f 1951/1951/1951 1930/1930/1930 1929/1929/1929 1950/1950/1950
f 1952/1952/1952 1931/1931/1931 1930/1930/1930 1951/1951/1951
f 1953/1953/1953 1932/1932/1932 1931/1931/1931 1952/1952/1952
f 1954/1954/1954 1933/1933/1933 1932/1932/1932 1953/1953/1953
f 1955/1955/1955 1934/1934/1934 1933/1933/1933 1954/1954/1954
f 1956/1956/1956 1935/1935/1935 1934/1934/1934 1955/1955/1955
f 1957/1957/1957 1936/1936/1936 1935/1935/1935 1956/1956/1956
f 1958/1958/1958 1937/1937/1937 1936/1936/1936 1957/1957/1957
f 1959/1959/1959 1938/1938/1938 1937/1937/1937 1958/1958/1958
f 1960/1960/1960 1939/1939/1939 1938/1938/1938 1959/1959/1959
f 1961/1961/1961 1940/1940/1940 1939/1939/1939 1960/1960/1960
f 1962/1962/1962 1941/1941/1941 1940/1940/1940 1961/1961/1961
f 1963/1963/1963 1942/1942/1942 1941/1941/1941 1962/1962/1962
f 1964/1964/1964 1943/1943/1943 1942/1942/1942 1963/1963/1963
f 1965/1965/1965 1944/1944/1944 1943/1943/1943 1964/1964/1964
f 1966/1966/1966 1945/1945/1945 1944/1944/1944 1965/1965/1965
f 2036/2036/2036 1946/1946/1946 1945/1945/1945
f 1966/1966/1966 1967/1967/1967 2036/2036/2036
f 1945/1945/1945 1966/1966/1966 2036/2036/2036
f 2037/2037/2037 2035/2035/2035 1946/1946/1946 2036/2036/2036
f 2032/2032/2032 2037/2037/2037 2036/2036/2036 1967/1967/1967
f 1968/1968/1968 2022/2022/2022 2023/2023/2023 2021/2021/2021
f 2022/2022/2022 1947/1947/1947 2018/2018/2018 2023/2023/2023
f 2022/2022/2022 1968/1968/1968 1969/1969/1969
f 1948/1948/1948 1947/1947/1947 2022/2022/2022
f 1969/1969/1969 1948/1948/1948 2022/2022/2022
f 1970/1970/1970 1949/1949/1949 1948/1948/1948 1969/1969/1969
f 1971/1971/1971 1950/1950/1950 1949/1949/1949 1970/1970/1970
f 1972/1972/1972 1951/1951/1951 1950/1950/1950 1971/1971/1971
f 1973/1973/1973 1952/1952/1952 1951/1951/1951 1972/1972/1972
f 1974/1974/1974 1953/1953/1953 1952/1952/1952 1973/1973/1973
f 1975/1975/1975 1954/1954/1954 1953/1953/1953 1974/1974/1974
f 1976/1976/1976 1955/1955/1955 1954/1954/1954 1975/1975/1975
f 1977/1977/1977 1956/1956/1956 1955/1955/1955 1976/1976/1976
f 1978/1978/1978 1957/1957/1957 1956/1956/1956 1977/1977/1977
f 1979/1979/1979 1958/1958/1958 1957/1957/1957 1978/1978/1978
f 1980/1980/1980 1959/1959/1959 1958/1958/1958 1979/1979/1979
f 1981/1981/1981 1960/1960/1960 1959/1959/1959 1980/1980/1980
f 1982/1982/1982 1961/1961/1961 1960/1960/1960 1981/1981/1981
f 1983/1983/1983 1962/1962/1962 1961/1961/1961 1982/1982/1982
f 1984/1984/1984 1963/1963/1963 1962/1962/1962 1983/1983/1983
f 1985/1985/1985 1964/1964/1964 1963/1963/1963 1984/1984/1984
f 1986/1986/1986 1965/1965/1965 1964/1964/1964 1985/1985/1985
f 1987/1987/1987 1966/1966/1966 1965/1965/1965 1986/1986/1986
f 2033/2033/2033 1967/1967/1967 1966/1966/1966
f 1987/1987/1987 1988/1988/1988 2033/2033/2033
f 1966/1966/1966 1987/1987/1987 2033/2033/2033
f 2034/2034/2034 2032/2032/2032 1967/1967/1967 2033/2033/2033
f 2029/2029/2029 2034/2034/2034 2033/2033/2033 1988/1988/1988
f 2024/2024/2024 1968/1968/1968 2021/2021/2021 2025/2025/2025
f 2031/2031/2031 2029/2029/2029 1988/1988/1988 2030/2030/2030
f 2017/2017/2017 1904/1904/1904 1903/1903/1903
f 2016/2016/2016 1905/1905/1905 1904/1904/1904
f 1906/1906/1906 1905/1905/1905 1927/1927/1927 1928/1928/1928
f 1907/1907/1907 1906/1906/1906 1928/1928/1928 1929/1929/1929
f 1908/1908/1908 1907/1907/1907 1929/1929/1929 1930/1930/1930
f 2017/2017/2017 2016/2016/2016 1904/1904/1904
f 2017/2017/2017 1903/1903/1903 2012/2012/2012
f 1909/1909/1909 1908/1908/1908 1930/1930/1930 1931/1931/1931
f 1910/1910/1910 1909/1909/1909 1931/1931/1931 1932/1932/1932
f 1912/1912/1912 1911/1911/1911 1933/1933/1933 1934/1934/1934
f 1914/1914/1914 1913/1913/1913 1935/1935/1935 1936/1936/1936
f 1913/1913/1913 1912/1912/1912 1934/1934/1934 1935/1935/1935
f 1911/1911/1911 1910/1910/1910 1932/1932/1932 1933/1933/1933
f 1905/1905/1905 2016/2016/2016 1927/1927/1927
f 2020/2020/2020 2015/2015/2015 2012/2012/2012
f 2016/2016/2016 1926/1926/1926 1927/1927/1927
f 2012/2012/2012 2013/2013/2013 2020/2020/2020
f 2012/2012/2012 2015/2015/2015 2017/2017/2017
f 1917/1917/1917 1916/1916/1916 1938/1938/1938 1939/1939/1939
f 1918/1918/1918 1917/1917/1917 1939/1939/1939 1940/1940/1940
f 1920/1920/1920 1919/1919/1919 1941/1941/1941 1942/1942/1942
f 1922/1922/1922 1921/1921/1921 1943/1943/1943 1944/1944/1944
f 1921/1921/1921 1920/1920/1920 1942/1942/1942 1943/1943/1943
f 1919/1919/1919 1918/1918/1918 1940/1940/1940 1941/1941/1941
f 1945/1945/1945 2038/2038/2038 1923/1923/1923
f 2038/2038/2038 1924/1924/1924 1923/1923/1923
f 1924/1924/1924 2039/2039/2039 1925/1925/1925
f 2035/2035/2035 2028/2028/2028 2039/2039/2039
f 2039/2039/2039 2028/2028/2028 1925/1925/1925
f 1923/1923/1923 1922/1922/1922 1944/1944/1944 1945/1945/1945
f 2038/2038/2038 2039/2039/2039 1924/1924/1924
f 1916/1916/1916 1915/1915/1915 1937/1937/1937 1938/1938/1938
f 1936/1936/1936 1937/1937/1937 1915/1915/1915 1914/1914/1914
f 2027/2027/2027 2028/2028/2028 2035/2035/2035 2037/2037/2037
f 2037/2037/2037 2032/2032/2032 2027/2027/2027
f 2038/2038/2038 1945/1945/1945 1946/1946/1946
f 2013/2013/2013 2018/2018/2018 2020/2020/2020
f 2018/2018/2018 2013/2013/2013 2023/2023/2023
f 2014/2014/2014 2023/2023/2023 2013/2013/2013
f 2021/2021/2021 2023/2023/2023 2014/2014/2014
f 1970/1970/1970 1969/1969/1969 1991/1991/1991 1992/1992/1992
f 1969/1969/1969 1968/1968/1968 2024/2024/2024
f 2021/2021/2021 2014/2014/2014 2025/2025/2025
f 1972/1972/1972 1971/1971/1971 1993/1993/1993 1994/1994/1994
f 1973/1973/1973 1972/1972/1972 1994/1994/1994 1995/1995/1995
f 1975/1975/1975 1974/1974/1974 1996/1996/1996 1997/1997/1997
f 1977/1977/1977 1976/1976/1976 1998/1998/1998 1999/1999/1999
f 1976/1976/1976 1975/1975/1975 1997/1997/1997 1998/1998/1998
f 1974/1974/1974 1973/1973/1973 1995/1995/1995 1996/1996/1996
f 1971/1971/1971 1970/1970/1970 1992/1992/1992 1993/1993/1993
f 1990/1990/1990 2024/2024/2024 2025/2025/2025
f 2014/2014/2014 1989/1989/1989 2025/2025/2025
f 1989/1989/1989 1990/1990/1990 2025/2025/2025
f 1991/1991/1991 1969/1969/1969 2024/2024/2024 1990/1990/1990
f 1978/1978/1978 1977/1977/1977 1999/1999/1999 2000/2000/2000
f 1980/1980/1980 1979/1979/1979 2001/2001/2001 2002/2002/2002
f 1981/1981/1981 1980/1980/1980 2002/2002/2002 2003/2003/2003
f 1983/1983/1983 1982/1982/1982 2004/2004/2004 2005/2005/2005
f 1985/1985/1985 1984/1984/1984 2006/2006/2006 2007/2007/2007
f 1984/1984/1984 1983/1983/1983 2005/2005/2005 2006/2006/2006
f 1982/1982/1982 1981/1981/1981 2003/2003/2003 2004/2004/2004
f 2026/2026/2026 2027/2027/2027 2032/2032/2032 2034/2034/2034
f 2029/2029/2029 2026/2026/2026 2034/2034/2034
f 1987/1987/1987 1986/1986/1986 2008/2008/2008 2009/2009/2009
f 1988/1988/1988 1987/1987/1987 2030/2030/2030
f 2031/2031/2031 2026/2026/2026 2029/2029/2029
f 1986/1986/1986 1985/1985/1985 2007/2007/2007 2008/2008/2008
f 2010/2010/2010 2031/2031/2031 2030/2030/2030
f 1987/1987/1987 2009/2009/2009 2010/2010/2010 2030/2030/2030
f 2031/2031/2031 2010/2010/2010 2011/2011/2011
f 2026/2026/2026 2031/2031/2031 2011/2011/2011
f 2000/2000/2000 2001/2001/2001 1979/1979/1979 1978/1978/1978
f 2047/2047/2047 2043/2043/2043 2042/2042/2042 2046/2046/2046
f 2048/2048/2048 2044/2044/2044 2043/2043/2043 2047/2047/2047
f 2051/2051/2051 2047/2047/2047 2046/2046/2046 2050/2050/2050
f 2052/2052/2052 2048/2048/2048 2047/2047/2047 2051/2051/2051
f 2055/2055/2055 2051/2051/2051 2050/2050/2050 2054/2054/2054
f 2056/2056/2056 2052/2052/2052 2051/2051/2051 2055/2055/2055
f 2059/2059/2059 2055/2055/2055 2054/2054/2054 2058/2058/2058
f 2060/2060/2060 2056/2056/2056 2055/2055/2055 2059/2059/2059
f 2063/2063/2063 2059/2059/2059 2058/2058/2058 2062/2062/2062
f 2064/2064/2064 2060/2060/2060 2059/2059/2059 2063/2063/2063
f 2067/2067/2067 2063/2063/2063 2062/2062/2062 2066/2066/2066
f 2068/2068/2068 2064/2064/2064 2063/2063/2063 2067/2067/2067
f 2083/2083/2083 2040/2040/2040 2071/2071/2071
f 2083/2083/2083 2071/2071/2071 2042/2042/2042
f 2072/2072/2072 2042/2042/2042 2071/2071/2071
f 2046/2046/2046 2042/2042/2042 2072/2072/2072 2073/2073/2073
f 2082/2082/2082 2083/2083/2083 2042/2042/2042 2043/2043/2043
f 2073/2073/2073 2074/2074/2074 2050/2050/2050 2046/2046/2046
f 2075/2075/2075 2050/2050/2050 2074/2074/2074
f 2054/2054/2054 2050/2050/2050 2075/2075/2075
f 2081/2081/2081 2082/2082/2082 2043/2043/2043 2044/2044/2044
f 2041/2041/2041 2081/2081/2081 2044/2044/2044 2045/2045/2045
f 2045/2045/2045 2044/2044/2044 2048/2048/2048 2049/2049/2049
f 2053/2053/2053 2052/2052/2052 2056/2056/2056 2057/2057/2057
f 2052/2052/2052 2053/2053/2053 2049/2049/2049 2048/2048/2048
f 2054/2054/2054 2075/2075/2075 2076/2076/2076
f 2076/2076/2076 2077/2077/2077 2058/2058/2058 2054/2054/2054
f 2062/2062/2062 2058/2058/2058 2077/2077/2077 2078/2078/2078
f 2079/2079/2079 2062/2062/2062 2078/2078/2078
f 2066/2066/2066 2079/2079/2079 2080/2080/2080
f 2066/2066/2066 2080/2080/2080 2084/2084/2084
f 2069/2069/2069 2084/2084/2084 2080/2080/2080
f 2084/2084/2084 2085/2085/2085 2067/2067/2067 2066/2066/2066
f 2062/2062/2062 2079/2079/2079 2066/2066/2066
f 2060/2060/2060 2061/2061/2061 2057/2057/2057 2056/2056/2056
f 2061/2061/2061 2060/2060/2060 2064/2064/2064 2065/2065/2065
f 2085/2085/2085 2086/2086/2086 2068/2068/2068 2067/2067/2067
f 2070/2070/2070 2065/2065/2065 2068/2068/2068
f 2068/2068/2068 2065/2065/2065 2064/2064/2064
f 2086/2086/2086 2070/2070/2070 2068/2068/2068
f 2094/2094/2094 2090/2090/2090 2089/2089/2089 2093/2093/2093
f 2095/2095/2095 2091/2091/2091 2090/2090/2090 2094/2094/2094
f 2098/2098/2098 2094/2094/2094 2093/2093/2093 2097/2097/2097
f 2099/2099/2099 2095/2095/2095 2094/2094/2094 2098/2098/2098
f 2102/2102/2102 2098/2098/2098 2097/2097/2097 2101/2101/2101
f 2103/2103/2103 2099/2099/2099 2098/2098/2098 2102/2102/2102
f 2106/2106/2106 2102/2102/2102 2101/2101/2101 2105/2105/2105
f 2107/2107/2107 2103/2103/2103 2102/2102/2102 2106/2106/2106
f 2110/2110/2110 2106/2106/2106 2105/2105/2105 2109/2109/2109
f 2111/2111/2111 2107/2107/2107 2106/2106/2106 2110/2110/2110
f 2114/2114/2114 2110/2110/2110 2109/2109/2109 2113/2113/2113
f 2115/2115/2115 2111/2111/2111 2110/2110/2110 2114/2114/2114
f 2133/2133/2133 2087/2087/2087 2118/2118/2118
f 2133/2133/2133 2118/2118/2118 2089/2089/2089
f 2119/2119/2119 2089/2089/2089 2118/2118/2118
f 2093/2093/2093 2089/2089/2089 2119/2119/2119 2120/2120/2120
f 2132/2132/2132 2133/2133/2133 2089/2089/2089 2090/2090/2090
f 2120/2120/2120 2121/2121/2121 2097/2097/2097 2093/2093/2093
f 2122/2122/2122 2097/2097/2097 2121/2121/2121
f 2101/2101/2101 2097/2097/2097 2122/2122/2122
f 2131/2131/2131 2132/2132/2132 2090/2090/2090 2091/2091/2091
f 2088/2088/2088 2131/2131/2131 2091/2091/2091 2092/2092/2092
f 2092/2092/2092 2091/2091/2091 2095/2095/2095 2096/2096/2096
f 2100/2100/2100 2099/2099/2099 2103/2103/2103 2104/2104/2104
f 2099/2099/2099 2100/2100/2100 2096/2096/2096 2095/2095/2095
f 2101/2101/2101 2122/2122/2122 2123/2123/2123
f 2123/2123/2123 2124/2124/2124 2105/2105/2105 2101/2101/2101
f 2109/2109/2109 2105/2105/2105 2124/2124/2124 2125/2125/2125
f 2126/2126/2126 2109/2109/2109 2125/2125/2125
f 2113/2113/2113 2126/2126/2126 2127/2127/2127
f 2113/2113/2113 2127/2127/2127 2128/2128/2128
f 2116/2116/2116 2128/2128/2128 2127/2127/2127
f 2128/2128/2128 2129/2129/2129 2114/2114/2114 2113/2113/2113
f 2109/2109/2109 2126/2126/2126 2113/2113/2113
f 2107/2107/2107 2108/2108/2108 2104/2104/2104 2103/2103/2103
f 2108/2108/2108 2107/2107/2107 2111/2111/2111 2112/2112/2112
f 2129/2129/2129 2130/2130/2130 2115/2115/2115 2114/2114/2114
f 2117/2117/2117 2112/2112/2112 2115/2115/2115
f 2115/2115/2115 2112/2112/2112 2111/2111/2111
f 2130/2130/2130 2117/2117/2117 2115/2115/2115
f 2157/2157/2157 2261/2261/2261 2262/2262/2262 2260/2260/2260
f 2252/2252/2252 2256/2256/2256 2255/2255/2255 2177/2177/2177
f 2178/2178/2178 2264/2264/2264 2265/2265/2265 2263/2263/2263
f 2264/2264/2264 2157/2157/2157 2260/2260/2260 2265/2265/2265
f 2264/2264/2264 2178/2178/2178 2179/2179/2179
f 2158/2158/2158 2157/2157/2157 2264/2264/2264
f 2179/2179/2179 2158/2158/2158 2264/2264/2264
f 2180/2180/2180 2159/2159/2159 2158/2158/2158 2179/2179/2179
f 2181/2181/2181 2160/2160/2160 2159/2159/2159 2180/2180/2180
f 2182/2182/2182 2161/2161/2161 2160/2160/2160 2181/2181/2181
f 2183/2183/2183 2162/2162/2162 2161/2161/2161 2182/2182/2182
f 2184/2184/2184 2163/2163/2163 2162/2162/2162 2183/2183/2183
f 2185/2185/2185 2164/2164/2164 2163/2163/2163 2184/2184/2184
f 2186/2186/2186 2165/2165/2165 2164/2164/2164 2185/2185/2185
f 2187/2187/2187 2166/2166/2166 2165/2165/2165 2186/2186/2186
f 2188/2188/2188 2167/2167/2167 2166/2166/2166 2187/2187/2187
f 2189/2189/2189 2168/2168/2168 2167/2167/2167 2188/2188/2188
f 2190/2190/2190 2169/2169/2169 2168/2168/2168 2189/2189/2189
f 2191/2191/2191 2170/2170/2170 2169/2169/2169 2190/2190/2190
f 2192/2192/2192 2171/2171/2171 2170/2170/2170 2191/2191/2191
f 2193/2193/2193 2172/2172/2172 2171/2171/2171 2192/2192/2192
f 2194/2194/2194 2173/2173/2173 2172/2172/2172 2193/2193/2193
f 2195/2195/2195 2174/2174/2174 2173/2173/2173 2194/2194/2194
f 2196/2196/2196 2175/2175/2175 2174/2174/2174 2195/2195/2195
f 2197/2197/2197 2176/2176/2176 2175/2175/2175 2196/2196/2196
f 2253/2253/2253 2177/2177/2177 2176/2176/2176
f 2197/2197/2197 2198/2198/2198 2253/2253/2253
f 2176/2176/2176 2197/2197/2197 2253/2253/2253
f 2254/2254/2254 2252/2252/2252 2177/2177/2177 2253/2253/2253
f 2249/2249/2249 2254/2254/2254 2253/2253/2253 2198/2198/2198
f 2199/2199/2199 2267/2267/2267 2268/2268/2268 2266/2266/2266
f 2267/2267/2267 2178/2178/2178 2263/2263/2263 2268/2268/2268
f 2267/2267/2267 2199/2199/2199 2200/2200/2200
f 2179/2179/2179 2178/2178/2178 2267/2267/2267
f 2200/2200/2200 2179/2179/2179 2267/2267/2267
f 2201/2201/2201 2180/2180/2180 2179/2179/2179 2200/2200/2200
f 2202/2202/2202 2181/2181/2181 2180/2180/2180 2201/2201/2201
f 2203/2203/2203 2182/2182/2182 2181/2181/2181 2202/2202/2202
f 2204/2204/2204 2183/2183/2183 2182/2182/2182 2203/2203/2203
f 2205/2205/2205 2184/2184/2184 2183/2183/2183 2204/2204/2204
f 2206/2206/2206 2185/2185/2185 2184/2184/2184 2205/2205/2205
f 2207/2207/2207 2186/2186/2186 2185/2185/2185 2206/2206/2206
f 2208/2208/2208 2187/2187/2187 2186/2186/2186 2207/2207/2207
f 2209/2209/2209 2188/2188/2188 2187/2187/2187 2208/2208/2208
f 2210/2210/2210 2189/2189/2189 2188/2188/2188 2209/2209/2209
f 2211/2211/2211 2190/2190/2190 2189/2189/2189 2210/2210/2210
f 2212/2212/2212 2191/2191/2191 2190/2190/2190 2211/2211/2211
f 2213/2213/2213 2192/2192/2192 2191/2191/2191 2212/2212/2212
f 2214/2214/2214 2193/2193/2193 2192/2192/2192 2213/2213/2213
f 2215/2215/2215 2194/2194/2194 2193/2193/2193 2214/2214/2214
f 2216/2216/2216 2195/2195/2195 2194/2194/2194 2215/2215/2215
f 2217/2217/2217 2196/2196/2196 2195/2195/2195 2216/2216/2216
f 2218/2218/2218 2197/2197/2197 2196/2196/2196 2217/2217/2217
f 2250/2250/2250 2198/2198/2198 2197/2197/2197
f 2218/2218/2218 2219/2219/2219 2250/2250/2250
f 2197/2197/2197 2218/2218/2218 2250/2250/2250
f 2251/2251/2251 2249/2249/2249 2198/2198/2198 2250/2250/2250
f 2246/2246/2246 2251/2251/2251 2250/2250/2250 2219/2219/2219
f 2269/2269/2269 2199/2199/2199 2266/2266/2266 2270/2270/2270
f 2248/2248/2248 2246/2246/2246 2219/2219/2219 2247/2247/2247
f 2262/2262/2262 2135/2135/2135 2134/2134/2134
f 2261/2261/2261 2136/2136/2136 2135/2135/2135
f 2137/2137/2137 2136/2136/2136 2158/2158/2158 2159/2159/2159
f 2138/2138/2138 2137/2137/2137 2159/2159/2159 2160/2160/2160
f 2139/2139/2139 2138/2138/2138 2160/2160/2160 2161/2161/2161
f 2262/2262/2262 2261/2261/2261 2135/2135/2135
f 2262/2262/2262 2134/2134/2134 2257/2257/2257
f 2140/2140/2140 2139/2139/2139 2161/2161/2161 2162/2162/2162
f 2141/2141/2141 2140/2140/2140 2162/2162/2162 2163/2163/2163
f 2143/2143/2143 2142/2142/2142 2164/2164/2164 2165/2165/2165
f 2145/2145/2145 2144/2144/2144 2166/2166/2166 2167/2167/2167
f 2144/2144/2144 2143/2143/2143 2165/2165/2165 2166/2166/2166
f 2142/2142/2142 2141/2141/2141 2163/2163/2163 2164/2164/2164
f 2136/2136/2136 2261/2261/2261 2158/2158/2158
f 2265/2265/2265 2260/2260/2260 2257/2257/2257
f 2261/2261/2261 2157/2157/2157 2158/2158/2158
f 2257/2257/2257 2258/2258/2258 2265/2265/2265
f 2257/2257/2257 2260/2260/2260 2262/2262/2262
f 2148/2148/2148 2147/2147/2147 2169/2169/2169 2170/2170/2170
f 2149/2149/2149 2148/2148/2148 2170/2170/2170 2171/2171/2171
f 2151/2151/2151 2150/2150/2150 2172/2172/2172 2173/2173/2173
f 2153/2153/2153 2152/2152/2152 2174/2174/2174 2175/2175/2175
f 2152/2152/2152 2151/2151/2151 2173/2173/2173 2174/2174/2174
f 2150/2150/2150 2149/2149/2149 2171/2171/2171 2172/2172/2172
f 2176/2176/2176 2255/2255/2255 2154/2154/2154
f 2255/2255/2255 2155/2155/2155 2154/2154/2154
f 2155/2155/2155 2256/2256/2256 2156/2156/2156
f 2252/2252/2252 2245/2245/2245 2256/2256/2256
f 2256/2256/2256 2245/2245/2245 2156/2156/2156
f 2154/2154/2154 2153/2153/2153 2175/2175/2175 2176/2176/2176
f 2255/2255/2255 2256/2256/2256 2155/2155/2155
f 2147/2147/2147 2146/2146/2146 2168/2168/2168 2169/2169/2169
f 2167/2167/2167 2168/2168/2168 2146/2146/2146 2145/2145/2145
f 2244/2244/2244 2245/2245/2245 2252/2252/2252 2254/2254/2254
f 2254/2254/2254 2249/2249/2249 2244/2244/2244
f 2255/2255/2255 2176/2176/2176 2177/2177/2177
f 2258/2258/2258 2263/2263/2263 2265/2265/2265
f 2263/2263/2263 2258/2258/2258 2268/2268/2268
f 2259/2259/2259 2268/2268/2268 2258/2258/2258
f 2266/2266/2266 2268/2268/2268 2259/2259/2259
f 2201/2201/2201 2200/2200/2200 2222/2222/2222 2223/2223/2223
f 2200/2200/2200 2199/2199/2199 2269/2269/2269
f 2266/2266/2266 2259/2259/2259 2270/2270/2270
f 2203/2203/2203 2202/2202/2202 2224/2224/2224 2225/2225/2225
f 2204/2204/2204 2203/2203/2203 2225/2225/2225 2226/2226/2226
f 2206/2206/2206 2205/2205/2205 2227/2227/2227 2228/2228/2228
f 2208/2208/2208 2207/2207/2207 2229/2229/2229 2230/2230/2230
f 2207/2207/2207 2206/2206/2206 2228/2228/2228 2229/2229/2229
f 2205/2205/2205 2204/2204/2204 2226/2226/2226 2227/2227/2227
f 2202/2202/2202 2201/2201/2201 2223/2223/2223 2224/2224/2224
f 2221/2221/2221 2269/2269/2269 2270/2270/2270
f 2259/2259/2259 2220/2220/2220 2270/2270/2270
f 2220/2220/2220 2221/2221/2221 2270/2270/2270
f 2269/2269/2269 2222/2222/2222 2200/2200/2200
f 2269/2269/2269 2221/2221/2221 2222/2222/2222
f 2209/2209/2209 2208/2208/2208 2230/2230/2230 2231/2231/2231
f 2211/2211/2211 2210/2210/2210 2232/2232/2232 2233/2233/2233
f 2212/2212/2212 2211/2211/2211 2233/2233/2233 2234/2234/2234
f 2214/2214/2214 2213/2213/2213 2235/2235/2235 2236/2236/2236
f 2216/2216/2216 2215/2215/2215 2237/2237/2237 2238/2238/2238
f 2215/2215/2215 2214/2214/2214 2236/2236/2236 2237/2237/2237
f 2213/2213/2213 2212/2212/2212 2234/2234/2234 2235/2235/2235
f 2243/2243/2243 2244/2244/2244 2249/2249/2249 2251/2251/2251
f 2246/2246/2246 2243/2243/2243 2251/2251/2251
f 2218/2218/2218 2217/2217/2217 2239/2239/2239 2240/2240/2240
f 2219/2219/2219 2218/2218/2218 2247/2247/2247
f 2248/2248/2248 2243/2243/2243 2246/2246/2246
f 2217/2217/2217 2216/2216/2216 2238/2238/2238 2239/2239/2239
f 2241/2241/2241 2248/2248/2248 2247/2247/2247
f 2218/2218/2218 2240/2240/2240 2247/2247/2247
f 2248/2248/2248 2241/2241/2241 2242/2242/2242
f 2247/2247/2247 2240/2240/2240 2241/2241/2241
f 2243/2243/2243 2248/2248/2248 2242/2242/2242
f 2231/2231/2231 2232/2232/2232 2210/2210/2210 2209/2209/2209
f 2285/2285/2285 2338/2338/2338 2339/2339/2339 2337/2337/2337
f 2357/2357/2357 2361/2361/2361 2360/2360/2360 2296/2296/2296
f 2297/2297/2297 2341/2341/2341 2342/2342/2342 2340/2340/2340
f 2341/2341/2341 2285/2285/2285 2337/2337/2337 2342/2342/2342
f 2341/2341/2341 2297/2297/2297 2298/2298/2298
f 2286/2286/2286 2285/2285/2285 2341/2341/2341
f 2298/2298/2298 2286/2286/2286 2341/2341/2341
f 2299/2299/2299 2287/2287/2287 2286/2286/2286 2298/2298/2298
f 2300/2300/2300 2288/2288/2288 2287/2287/2287 2299/2299/2299
f 2301/2301/2301 2289/2289/2289 2288/2288/2288 2300/2300/2300
f 2302/2302/2302 2290/2290/2290 2289/2289/2289 2301/2301/2301
f 2303/2303/2303 2291/2291/2291 2290/2290/2290 2302/2302/2302
f 2304/2304/2304 2292/2292/2292 2291/2291/2291 2303/2303/2303
f 2305/2305/2305 2293/2293/2293 2292/2292/2292 2304/2304/2304
f 2306/2306/2306 2294/2294/2294 2293/2293/2293 2305/2305/2305
f 2307/2307/2307 2295/2295/2295 2294/2294/2294 2306/2306/2306
f 2358/2358/2358 2296/2296/2296 2295/2295/2295
f 2307/2307/2307 2308/2308/2308 2358/2358/2358
f 2295/2295/2295 2307/2307/2307 2358/2358/2358
f 2359/2359/2359 2357/2357/2357 2296/2296/2296 2358/2358/2358
f 2354/2354/2354 2359/2359/2359 2358/2358/2358 2308/2308/2308
f 2309/2309/2309 2344/2344/2344 2345/2345/2345 2343/2343/2343
f 2344/2344/2344 2297/2297/2297 2340/2340/2340 2345/2345/2345
f 2344/2344/2344 2309/2309/2309 2310/2310/2310
f 2298/2298/2298 2297/2297/2297 2344/2344/2344
f 2310/2310/2310 2298/2298/2298 2344/2344/2344
f 2311/2311/2311 2299/2299/2299 2298/2298/2298 2310/2310/2310
f 2312/2312/2312 2300/2300/2300 2299/2299/2299 2311/2311/2311
f 2313/2313/2313 2301/2301/2301 2300/2300/2300 2312/2312/2312
f 2314/2314/2314 2302/2302/2302 2301/2301/2301 2313/2313/2313
f 2315/2315/2315 2303/2303/2303 2302/2302/2302 2314/2314/2314
f 2316/2316/2316 2304/2304/2304 2303/2303/2303 2315/2315/2315
f 2317/2317/2317 2305/2305/2305 2304/2304/2304 2316/2316/2316
f 2318/2318/2318 2306/2306/2306 2305/2305/2305 2317/2317/2317
f 2319/2319/2319 2307/2307/2307 2306/2306/2306 2318/2318/2318
f 2355/2355/2355 2308/2308/2308 2307/2307/2307
f 2319/2319/2319 2320/2320/2320 2355/2355/2355
f 2307/2307/2307 2319/2319/2319 2355/2355/2355
f 2356/2356/2356 2354/2354/2354 2308/2308/2308 2355/2355/2355
f 2351/2351/2351 2356/2356/2356 2355/2355/2355 2320/2320/2320
f 2346/2346/2346 2309/2309/2309 2343/2343/2343 2347/2347/2347
f 2353/2353/2353 2351/2351/2351 2320/2320/2320 2352/2352/2352
f 2339/2339/2339 2272/2272/2272 2271/2271/2271
f 2272/2272/2272 2339/2339/2339 2338/2338/2338
f 2339/2339/2339 2271/2271/2271 2334/2334/2334
f 2273/2273/2273 2272/2272/2272 2338/2338/2338
f 2274/2274/2274 2273/2273/2273 2286/2286/2286 2287/2287/2287
f 2276/2276/2276 2275/2275/2275 2288/2288/2288 2289/2289/2289
f 2277/2277/2277 2276/2276/2276 2289/2289/2289 2290/2290/2290
f 2275/2275/2275 2274/2274/2274 2287/2287/2287 2288/2288/2288
f 2286/2286/2286 2273/2273/2273 2338/2338/2338
f 2342/2342/2342 2337/2337/2337 2334/2334/2334
f 2334/2334/2334 2335/2335/2335 2342/2342/2342
f 2285/2285/2285 2286/2286/2286 2338/2338/2338
f 2337/2337/2337 2339/2339/2339 2334/2334/2334
f 2280/2280/2280 2279/2279/2279 2292/2292/2292 2293/2293/2293
f 2282/2282/2282 2281/2281/2281 2294/2294/2294 2295/2295/2295
f 2281/2281/2281 2280/2280/2280 2293/2293/2293 2294/2294/2294
f 2360/2360/2360 2283/2283/2283 2282/2282/2282
f 2284/2284/2284 2283/2283/2283 2361/2361/2361
f 2360/2360/2360 2361/2361/2361 2283/2283/2283
f 2350/2350/2350 2284/2284/2284 2361/2361/2361
f 2295/2295/2295 2360/2360/2360 2282/2282/2282
f 2279/2279/2279 2278/2278/2278 2291/2291/2291 2292/2292/2292
f 2296/2296/2296 2360/2360/2360 2295/2295/2295
f 2350/2350/2350 2357/2357/2357 2359/2359/2359
f 2361/2361/2361 2357/2357/2357 2350/2350/2350
f 2349/2349/2349 2350/2350/2350 2359/2359/2359
f 2290/2290/2290 2291/2291/2291 2278/2278/2278 2277/2277/2277
f 2340/2340/2340 2342/2342/2342 2335/2335/2335
f 2345/2345/2345 2340/2340/2340 2335/2335/2335
f 2345/2345/2345 2336/2336/2336 2343/2343/2343
f 2347/2347/2347 2343/2343/2343 2336/2336/2336
f 2345/2345/2345 2335/2335/2335 2336/2336/2336
f 2346/2346/2346 2310/2310/2310 2309/2309/2309
f 2312/2312/2312 2311/2311/2311 2323/2323/2323 2324/2324/2324
f 2313/2313/2313 2312/2312/2312 2324/2324/2324 2325/2325/2325
f 2311/2311/2311 2310/2310/2310 2322/2322/2322 2323/2323/2323
f 2322/2322/2322 2310/2310/2310 2346/2346/2346
f 2321/2321/2321 2346/2346/2346 2347/2347/2347
f 2346/2346/2346 2321/2321/2321 2322/2322/2322
f 2321/2321/2321 2347/2347/2347 2336/2336/2336
f 2315/2315/2315 2314/2314/2314 2326/2326/2326 2327/2327/2327
f 2314/2314/2314 2313/2313/2313 2325/2325/2325 2326/2326/2326
f 2317/2317/2317 2316/2316/2316 2328/2328/2328 2329/2329/2329
f 2319/2319/2319 2318/2318/2318 2330/2330/2330 2331/2331/2331
f 2318/2318/2318 2317/2317/2317 2329/2329/2329 2330/2330/2330
f 2356/2356/2356 2349/2349/2349 2354/2354/2354
f 2354/2354/2354 2349/2349/2349 2359/2359/2359
f 2351/2351/2351 2348/2348/2348 2356/2356/2356
f 2349/2349/2349 2356/2356/2356 2348/2348/2348
f 2320/2320/2320 2319/2319/2319 2352/2352/2352
f 2319/2319/2319 2331/2331/2331 2352/2352/2352
f 2333/2333/2333 2353/2353/2353 2332/2332/2332
f 2352/2352/2352 2332/2332/2332 2353/2353/2353
f 2333/2333/2333 2348/2348/2348 2351/2351/2351 2353/2353/2353
f 2332/2332/2332 2352/2352/2352 2331/2331/2331
f 2327/2327/2327 2328/2328/2328 2316/2316/2316 2315/2315/2315
f 2369/2369/2369 2365/2365/2365 2364/2364/2364 2368/2368/2368
f 2370/2370/2370 2366/2366/2366 2365/2365/2365 2369/2369/2369
f 2373/2373/2373 2369/2369/2369 2368/2368/2368 2372/2372/2372
f 2374/2374/2374 2370/2370/2370 2369/2369/2369 2373/2373/2373
f 2377/2377/2377 2373/2373/2373 2372/2372/2372 2376/2376/2376
f 2378/2378/2378 2374/2374/2374 2373/2373/2373 2377/2377/2377
f 2381/2381/2381 2377/2377/2377 2376/2376/2376 2380/2380/2380
f 2382/2382/2382 2378/2378/2378 2377/2377/2377 2381/2381/2381
f 2385/2385/2385 2381/2381/2381 2380/2380/2380 2384/2384/2384
f 2386/2386/2386 2382/2382/2382 2381/2381/2381 2385/2385/2385
f 2389/2389/2389 2385/2385/2385 2384/2384/2384 2388/2388/2388
f 2390/2390/2390 2386/2386/2386 2385/2385/2385 2389/2389/2389
f 2405/2405/2405 2362/2362/2362 2393/2393/2393
f 2405/2405/2405 2393/2393/2393 2364/2364/2364
f 2394/2394/2394 2364/2364/2364 2393/2393/2393
f 2368/2368/2368 2364/2364/2364 2394/2394/2394 2395/2395/2395
f 2404/2404/2404 2405/2405/2405 2364/2364/2364 2365/2365/2365
f 2395/2395/2395 2396/2396/2396 2372/2372/2372 2368/2368/2368
f 2397/2397/2397 2372/2372/2372 2396/2396/2396
f 2376/2376/2376 2372/2372/2372 2397/2397/2397
f 2403/2403/2403 2404/2404/2404 2365/2365/2365 2366/2366/2366
f 2363/2363/2363 2403/2403/2403 2366/2366/2366 2367/2367/2367
f 2367/2367/2367 2366/2366/2366 2370/2370/2370 2371/2371/2371
f 2375/2375/2375 2374/2374/2374 2378/2378/2378 2379/2379/2379
f 2374/2374/2374 2375/2375/2375 2371/2371/2371 2370/2370/2370
f 2376/2376/2376 2397/2397/2397 2398/2398/2398
f 2398/2398/2398 2399/2399/2399 2380/2380/2380 2376/2376/2376
f 2384/2384/2384 2380/2380/2380 2399/2399/2399 2400/2400/2400
f 2401/2401/2401 2384/2384/2384 2400/2400/2400
f 2388/2388/2388 2401/2401/2401 2402/2402/2402
f 2388/2388/2388 2402/2402/2402 2406/2406/2406
f 2391/2391/2391 2406/2406/2406 2402/2402/2402
f 2406/2406/2406 2407/2407/2407 2389/2389/2389 2388/2388/2388
f 2384/2384/2384 2401/2401/2401 2388/2388/2388
f 2382/2382/2382 2383/2383/2383 2379/2379/2379 2378/2378/2378
f 2383/2383/2383 2382/2382/2382 2386/2386/2386 2387/2387/2387
f 2407/2407/2407 2408/2408/2408 2390/2390/2390 2389/2389/2389
f 2392/2392/2392 2387/2387/2387 2390/2390/2390
f 2390/2390/2390 2387/2387/2387 2386/2386/2386
f 2408/2408/2408 2392/2392/2392 2390/2390/2390
f 2423/2423/2423 2422/2422/2422 2420/2420/2420 2421/2421/2421
f 2421/2421/2421 2420/2420/2420 2424/2424/2424 2425/2425/2425
f 2420/2420/2420 2436/2436/2436 2448/2448/2448 2424/2424/2424
f 2422/2422/2422 2437/2437/2437 2436/2436/2436 2420/2420/2420
f 2449/2449/2449 2409/2409/2409 2447/2447/2447
f 2448/2448/2448 2446/2446/2446 2445/2445/2445
f 2448/2448/2448 2445/2445/2445 2444/2444/2444
f 2446/2446/2446 2449/2449/2449 2447/2447/2447
f 2449/2449/2449 2448/2448/2448 2436/2436/2436 2450/2450/2450
f 2448/2448/2448 2444/2444/2444 2443/2443/2443 2424/2424/2424
f 2436/2436/2436 2451/2451/2451 2450/2450/2450
f 2449/2449/2449 2446/2446/2446 2448/2448/2448
f 2424/2424/2424 2442/2442/2442 2441/2441/2441
f 2425/2425/2425 2440/2440/2440 2439/2439/2439
f 2419/2419/2419 2439/2439/2439 2438/2438/2438
f 2440/2440/2440 2425/2425/2425 2441/2441/2441
f 2439/2439/2439 2419/2419/2419 2425/2425/2425
f 2424/2424/2424 2441/2441/2441 2425/2425/2425
f 2410/2410/2410 2419/2419/2419 2438/2438/2438
f 2425/2425/2425 2419/2419/2419 2418/2418/2418
f 2425/2425/2425 2418/2418/2418 2417/2417/2417
f 2425/2425/2425 2417/2417/2417 2416/2416/2416 2421/2421/2421
f 2424/2424/2424 2443/2443/2443 2442/2442/2442
f 2437/2437/2437 2452/2452/2452 2451/2451/2451
f 2422/2422/2422 2430/2430/2430 2429/2429/2429 2437/2437/2437
f 2437/2437/2437 2427/2427/2427 2452/2452/2452
f 2452/2452/2452 2426/2426/2426 2411/2411/2411
f 2452/2452/2452 2427/2427/2427 2426/2426/2426
f 2437/2437/2437 2428/2428/2428 2427/2427/2427
f 2422/2422/2422 2431/2431/2431 2430/2430/2430
f 2437/2437/2437 2429/2429/2429 2428/2428/2428
f 2432/2432/2432 2431/2431/2431 2422/2422/2422
f 2421/2421/2421 2415/2415/2415 2414/2414/2414 2423/2423/2423
f 2421/2421/2421 2416/2416/2416 2415/2415/2415
f 2414/2414/2414 2413/2413/2413 2423/2423/2423
f 2433/2433/2433 2423/2423/2423 2434/2434/2434
f 2423/2423/2423 2413/2413/2413 2434/2434/2434
f 2412/2412/2412 2435/2435/2435 2413/2413/2413
f 2434/2434/2434 2413/2413/2413 2435/2435/2435
f 2432/2432/2432 2423/2423/2423 2433/2433/2433
f 2423/2423/2423 2432/2432/2432 2422/2422/2422
f 2451/2451/2451 2436/2436/2436 2437/2437/2437
f 2476/2476/2476 2457/2457/2457 2455/2455/2455 2453/2453/2453
f 2475/2475/2475 2458/2458/2458 2457/2457/2457 2476/2476/2476
f 2473/2473/2473 2460/2460/2460 2459/2459/2459 2474/2474/2474
f 2472/2472/2472 2461/2461/2461 2460/2460/2460 2473/2473/2473
f 2474/2474/2474 2459/2459/2459 2458/2458/2458 2475/2475/2475
f 2470/2470/2470 2463/2463/2463 2462/2462/2462 2471/2471/2471
f 2469/2469/2469 2464/2464/2464 2463/2463/2463 2470/2470/2470
f 2467/2467/2467 2466/2466/2466 2465/2465/2465 2468/2468/2468
f 2454/2454/2454 2456/2456/2456 2466/2466/2466 2467/2467/2467
f 2468/2468/2468 2465/2465/2465 2464/2464/2464 2469/2469/2469
f 2471/2471/2471 2462/2462/2462 2461/2461/2461 2472/2472/2472
f 2491/2491/2491 2490/2490/2490 2488/2488/2488 2489/2489/2489
f 2489/2489/2489 2488/2488/2488 2492/2492/2492 2493/2493/2493
f 2488/2488/2488 2504/2504/2504 2505/2505/2505 2492/2492/2492
f 2490/2490/2490 2510/2510/2510 2504/2504/2504 2488/2488/2488
f 2506/2506/2506 2477/2477/2477 2503/2503/2503
f 2505/2505/2505 2502/2502/2502 2501/2501/2501
f 2505/2505/2505 2501/2501/2501 2500/2500/2500
f 2502/2502/2502 2506/2506/2506 2503/2503/2503
f 2506/2506/2506 2505/2505/2505 2504/2504/2504 2507/2507/2507
f 2505/2505/2505 2500/2500/2500 2499/2499/2499 2492/2492/2492
f 2504/2504/2504 2508/2508/2508 2507/2507/2507
f 2506/2506/2506 2502/2502/2502 2505/2505/2505
f 2492/2492/2492 2498/2498/2498 2497/2497/2497
f 2493/2493/2493 2496/2496/2496 2495/2495/2495
f 2487/2487/2487 2495/2495/2495 2494/2494/2494
f 2496/2496/2496 2493/2493/2493 2497/2497/2497
f 2495/2495/2495 2487/2487/2487 2493/2493/2493
f 2492/2492/2492 2497/2497/2497 2493/2493/2493
f 2478/2478/2478 2487/2487/2487 2494/2494/2494
f 2493/2493/2493 2487/2487/2487 2486/2486/2486
f 2493/2493/2493 2486/2486/2486 2485/2485/2485
f 2485/2485/2485 2489/2489/2489 2493/2493/2493
f 2492/2492/2492 2499/2499/2499 2498/2498/2498
f 2510/2510/2510 2509/2509/2509 2508/2508/2508
f 2490/2490/2490 2515/2515/2515 2514/2514/2514 2510/2510/2510
f 2510/2510/2510 2512/2512/2512 2509/2509/2509
f 2509/2509/2509 2511/2511/2511 2479/2479/2479
f 2509/2509/2509 2512/2512/2512 2511/2511/2511
f 2510/2510/2510 2513/2513/2513 2512/2512/2512
f 2490/2490/2490 2516/2516/2516 2515/2515/2515
f 2510/2510/2510 2514/2514/2514 2513/2513/2513
f 2517/2517/2517 2516/2516/2516 2490/2490/2490
f 2489/2489/2489 2483/2483/2483 2482/2482/2482 2491/2491/2491
f 2489/2489/2489 2484/2484/2484 2483/2483/2483
f 2482/2482/2482 2481/2481/2481 2491/2491/2491
f 2485/2485/2485 2484/2484/2484 2489/2489/2489
f 2518/2518/2518 2491/2491/2491 2519/2519/2519
f 2491/2491/2491 2481/2481/2481 2519/2519/2519
f 2480/2480/2480 2520/2520/2520 2481/2481/2481
f 2519/2519/2519 2481/2481/2481 2520/2520/2520
f 2517/2517/2517 2491/2491/2491 2518/2518/2518
f 2491/2491/2491 2517/2517/2517 2490/2490/2490
f 2508/2508/2508 2504/2504/2504 2510/2510/2510
f 2534/2534/2534 2535/2535/2535 2523/2523/2523 2521/2521/2521
f 2533/2533/2533 2536/2536/2536 2535/2535/2535 2534/2534/2534
f 2531/2531/2531 2538/2538/2538 2537/2537/2537 2532/2532/2532
f 2530/2530/2530 2539/2539/2539 2538/2538/2538 2531/2531/2531
f 2532/2532/2532 2537/2537/2537 2536/2536/2536 2533/2533/2533
f 2528/2528/2528 2541/2541/2541 2540/2540/2540 2529/2529/2529
f 2527/2527/2527 2542/2542/2542 2541/2541/2541 2528/2528/2528
f 2525/2525/2525 2544/2544/2544 2543/2543/2543 2526/2526/2526
f 2522/2522/2522 2524/2524/2524 2544/2544/2544 2525/2525/2525
f 2526/2526/2526 2543/2543/2543 2542/2542/2542 2527/2527/2527
f 2529/2529/2529 2540/2540/2540 2539/2539/2539 2530/2530/2530
f 2603/2603/2603 2602/2602/2602 2601/2601/2601
f 2545/2545/2545 2593/2593/2593 2603/2603/2603
f 2601/2601/2601 2545/2545/2545 2603/2603/2603
f 2593/2593/2593 2604/2604/2604 2606/2606/2606 2603/2603/2603
f 2603/2603/2603 2606/2606/2606 2605/2605/2605 2602/2602/2602
f 2602/2602/2602 2605/2605/2605 2608/2608/2608 2607/2607/2607
f 2595/2595/2595 2594/2594/2594 2592/2592/2592
f 2546/2546/2546 2586/2586/2586 2595/2595/2595
f 2592/2592/2592 2546/2546/2546 2595/2595/2595
f 2586/2586/2586 2590/2590/2590 2597/2597/2597 2595/2595/2595
f 2595/2595/2595 2597/2597/2597 2596/2596/2596 2594/2594/2594
f 2592/2592/2592 2594/2594/2594 2593/2593/2593 2545/2545/2545
f 2547/2547/2547 2585/2585/2585 2587/2587/2587 2584/2584/2584
f 2587/2587/2587 2589/2589/2589 2591/2591/2591 2588/2588/2588
f 2588/2588/2588 2591/2591/2591 2590/2590/2590 2586/2586/2586
f 2588/2588/2588 2586/2586/2586 2546/2546/2546
f 2584/2584/2584 2587/2587/2587 2588/2588/2588
f 2546/2546/2546 2584/2584/2584 2588/2588/2588
f 2636/2636/2636 2638/2638/2638 2637/2637/2637 2635/2635/2635
f 2635/2635/2635 2637/2637/2637 2641/2641/2641 2639/2639/2639
f 2639/2639/2639 2641/2641/2641 2640/2640/2640 2585/2585/2585
f 2639/2639/2639 2585/2585/2585 2547/2547/2547
f 2634/2634/2634 2635/2635/2635 2639/2639/2639
f 2547/2547/2547 2634/2634/2634 2639/2639/2639
f 2592/2592/2592 2545/2545/2545 2548/2548/2548
f 2549/2549/2549 2546/2546/2546 2592/2592/2592
f 2548/2548/2548 2549/2549/2549 2592/2592/2592
f 2584/2584/2584 2546/2546/2546 2549/2549/2549
f 2550/2550/2550 2547/2547/2547 2584/2584/2584
f 2549/2549/2549 2550/2550/2550 2584/2584/2584
f 2563/2563/2563 2552/2552/2552 2549/2549/2549
f 2548/2548/2548 2551/2551/2551 2563/2563/2563
f 2549/2549/2549 2548/2548/2548 2563/2563/2563
f 2571/2571/2571 2553/2553/2553 2550/2550/2550
f 2549/2549/2549 2552/2552/2552 2571/2571/2571
f 2550/2550/2550 2549/2549/2549 2571/2571/2571
f 2617/2617/2617 2564/2564/2564 2618/2618/2618 2619/2619/2619
f 2619/2619/2619 2618/2618/2618 2613/2613/2613 2614/2614/2614
f 2618/2618/2618 2564/2564/2564 2551/2551/2551
f 2612/2612/2612 2613/2613/2613 2618/2618/2618
f 2551/2551/2551 2612/2612/2612 2618/2618/2618
f 2614/2614/2614 2613/2613/2613 2615/2615/2615 2616/2616/2616
f 2566/2566/2566 2562/2562/2562 2567/2567/2567 2569/2569/2569
f 2569/2569/2569 2567/2567/2567 2565/2565/2565 2568/2568/2568
f 2567/2567/2567 2562/2562/2562 2552/2552/2552
f 2563/2563/2563 2565/2565/2565 2567/2567/2567
f 2552/2552/2552 2563/2563/2563 2567/2567/2567
f 2565/2565/2565 2563/2563/2563 2551/2551/2551 2564/2564/2564
f 2570/2570/2570 2553/2553/2553 2571/2571/2571 2572/2572/2572
f 2574/2574/2574 2572/2572/2572 2571/2571/2571
f 2552/2552/2552 2562/2562/2562 2574/2574/2574
f 2571/2571/2571 2552/2552/2552 2574/2574/2574
f 2573/2573/2573 2572/2572/2572 2574/2574/2574 2575/2575/2575
f 2575/2575/2575 2574/2574/2574 2562/2562/2562 2566/2566/2566
f 2630/2630/2630 2629/2629/2629 2624/2624/2624 2625/2625/2625
f 2626/2626/2626 2624/2624/2624 2623/2623/2623
f 2553/2553/2553 2570/2570/2570 2626/2626/2626
f 2623/2623/2623 2553/2553/2553 2626/2626/2626
f 2625/2625/2625 2624/2624/2624 2626/2626/2626 2628/2628/2628
f 2628/2628/2628 2626/2626/2626 2570/2570/2570 2627/2627/2627
f 2608/2608/2608 2599/2599/2599 2600/2600/2600
f 2599/2599/2599 2608/2608/2608 2605/2605/2605
f 2607/2607/2607 2608/2608/2608 2554/2554/2554
f 2554/2554/2554 2608/2608/2608 2600/2600/2600
f 2606/2606/2606 2599/2599/2599 2605/2605/2605
f 2596/2596/2596 2583/2583/2583 2598/2598/2598
f 2598/2598/2598 2606/2606/2606 2604/2604/2604
f 2596/2596/2596 2604/2604/2604 2593/2593/2593 2594/2594/2594
f 2598/2598/2598 2604/2604/2604 2596/2596/2596
f 2606/2606/2606 2598/2598/2598 2599/2599/2599
f 2597/2597/2597 2583/2583/2583 2596/2596/2596
f 2601/2601/2601 2602/2602/2602 2607/2607/2607
f 2601/2601/2601 2555/2555/2555 2556/2556/2556
f 2548/2548/2548 2601/2601/2601 2556/2556/2556
f 2607/2607/2607 2555/2555/2555 2601/2601/2601
f 2555/2555/2555 2607/2607/2607 2554/2554/2554
f 2601/2601/2601 2548/2548/2548 2545/2545/2545
f 2548/2548/2548 2556/2556/2556 2557/2557/2557
f 2590/2590/2590 2583/2583/2583 2597/2597/2597
f 2591/2591/2591 2582/2582/2582 2590/2590/2590
f 2583/2583/2583 2590/2590/2590 2582/2582/2582
f 2582/2582/2582 2591/2591/2591 2589/2589/2589
f 2640/2640/2640 2589/2589/2589 2587/2587/2587 2585/2585/2585
f 2633/2633/2633 2582/2582/2582 2589/2589/2589
f 2640/2640/2640 2633/2633/2633 2589/2589/2589
f 2641/2641/2641 2632/2632/2632 2633/2633/2633
f 2638/2638/2638 2581/2581/2581 2631/2631/2631
f 2631/2631/2631 2632/2632/2632 2638/2638/2638
f 2632/2632/2632 2641/2641/2641 2637/2637/2637
f 2641/2641/2641 2633/2633/2633 2640/2640/2640
f 2581/2581/2581 2636/2636/2636 2580/2580/2580
f 2579/2579/2579 2580/2580/2580 2634/2634/2634
f 2636/2636/2636 2634/2634/2634 2580/2580/2580
f 2634/2634/2634 2550/2550/2550 2579/2579/2579
f 2636/2636/2636 2635/2635/2635 2634/2634/2634
f 2638/2638/2638 2636/2636/2636 2581/2581/2581
f 2547/2547/2547 2550/2550/2550 2634/2634/2634
f 2632/2632/2632 2637/2637/2637 2638/2638/2638
f 2548/2548/2548 2612/2612/2612 2551/2551/2551
f 2558/2558/2558 2612/2612/2612 2557/2557/2557
f 2616/2616/2616 2615/2615/2615 2559/2559/2559
f 2558/2558/2558 2559/2559/2559 2615/2615/2615
f 2613/2613/2613 2612/2612/2612 2615/2615/2615
f 2612/2612/2612 2558/2558/2558 2615/2615/2615
f 2565/2565/2565 2564/2564/2564 2617/2617/2617 2568/2568/2568
f 2614/2614/2614 2616/2616/2616 2610/2610/2610
f 2616/2616/2616 2609/2609/2609 2610/2610/2610
f 2559/2559/2559 2609/2609/2609 2616/2616/2616
f 2619/2619/2619 2610/2610/2610 2611/2611/2611
f 2610/2610/2610 2619/2619/2619 2614/2614/2614
f 2617/2617/2617 2619/2619/2619 2611/2611/2611
f 2568/2568/2568 2617/2617/2617 2611/2611/2611
f 2566/2566/2566 2569/2569/2569 2560/2560/2560
f 2568/2568/2568 2560/2560/2560 2569/2569/2569
f 2560/2560/2560 2561/2561/2561 2575/2575/2575 2566/2566/2566
f 2568/2568/2568 2611/2611/2611 2560/2560/2560
f 2623/2623/2623 2550/2550/2550 2553/2553/2553
f 2570/2570/2570 2572/2572/2572 2573/2573/2573 2627/2627/2627
f 2577/2577/2577 2578/2578/2578 2623/2623/2623
f 2550/2550/2550 2623/2623/2623 2578/2578/2578
f 2577/2577/2577 2623/2623/2623 2629/2629/2629
f 2624/2624/2624 2629/2629/2629 2623/2623/2623
f 2576/2576/2576 2577/2577/2577 2629/2629/2629
f 2579/2579/2579 2550/2550/2550 2578/2578/2578
f 2620/2620/2620 2627/2627/2627 2573/2573/2573
f 2628/2628/2628 2627/2627/2627 2620/2620/2620
f 2561/2561/2561 2620/2620/2620 2573/2573/2573
f 2621/2621/2621 2628/2628/2628 2620/2620/2620
f 2561/2561/2561 2573/2573/2573 2575/2575/2575
f 2621/2621/2621 2630/2630/2630 2625/2625/2625
f 2576/2576/2576 2630/2630/2630 2622/2622/2622
f 2621/2621/2621 2622/2622/2622 2630/2630/2630
f 2621/2621/2621 2625/2625/2625 2628/2628/2628
f 2629/2629/2629 2630/2630/2630 2576/2576/2576
f 2612/2612/2612 2548/2548/2548 2557/2557/2557
f 2655/2655/2655 2714/2714/2714 2715/2715/2715 2713/2713/2713
f 2708/2708/2708 2712/2712/2712 2711/2711/2711 2664/2664/2664
f 2667/2667/2667 2717/2717/2717 2718/2718/2718 2716/2716/2716
f 2717/2717/2717 2655/2655/2655 2713/2713/2713 2718/2718/2718
f 2717/2717/2717 2667/2667/2667 2668/2668/2668
f 2656/2656/2656 2655/2655/2655 2717/2717/2717
f 2668/2668/2668 2656/2656/2656 2717/2717/2717
f 2669/2669/2669 2657/2657/2657 2656/2656/2656 2668/2668/2668
f 2670/2670/2670 2658/2658/2658 2657/2657/2657 2669/2669/2669
f 2671/2671/2671 2659/2659/2659 2658/2658/2658 2670/2670/2670
f 2672/2672/2672 2660/2660/2660 2659/2659/2659 2671/2671/2671
f 2673/2673/2673 2661/2661/2661 2660/2660/2660 2672/2672/2672
f 2674/2674/2674 2662/2662/2662 2661/2661/2661 2673/2673/2673
f 2675/2675/2675 2663/2663/2663 2662/2662/2662 2674/2674/2674
f 2709/2709/2709 2664/2664/2664 2663/2663/2663
f 2675/2675/2675 2676/2676/2676 2709/2709/2709
f 2663/2663/2663 2675/2675/2675 2709/2709/2709
f 2710/2710/2710 2708/2708/2708 2664/2664/2664 2709/2709/2709
f 2705/2705/2705 2710/2710/2710 2709/2709/2709 2676/2676/2676
f 2679/2679/2679 2720/2720/2720 2721/2721/2721 2719/2719/2719
f 2720/2720/2720 2667/2667/2667 2716/2716/2716 2721/2721/2721
f 2720/2720/2720 2679/2679/2679 2680/2680/2680
f 2668/2668/2668 2667/2667/2667 2720/2720/2720
f 2680/2680/2680 2668/2668/2668 2720/2720/2720
f 2681/2681/2681 2669/2669/2669 2668/2668/2668 2680/2680/2680
f 2682/2682/2682 2670/2670/2670 2669/2669/2669 2681/2681/2681
f 2683/2683/2683 2671/2671/2671 2670/2670/2670 2682/2682/2682
f 2684/2684/2684 2672/2672/2672 2671/2671/2671 2683/2683/2683
f 2685/2685/2685 2673/2673/2673 2672/2672/2672 2684/2684/2684
f 2686/2686/2686 2674/2674/2674 2673/2673/2673 2685/2685/2685
f 2687/2687/2687 2675/2675/2675 2674/2674/2674 2686/2686/2686
f 2706/2706/2706 2676/2676/2676 2675/2675/2675
f 2687/2687/2687 2688/2688/2688 2706/2706/2706
f 2675/2675/2675 2687/2687/2687 2706/2706/2706
f 2707/2707/2707 2705/2705/2705 2676/2676/2676 2706/2706/2706
f 2702/2702/2702 2707/2707/2707 2706/2706/2706 2688/2688/2688
f 2722/2722/2722 2679/2679/2679 2719/2719/2719 2723/2723/2723
f 2704/2704/2704 2702/2702/2702 2688/2688/2688 2703/2703/2703
f 2715/2715/2715 2643/2643/2643 2642/2642/2642
f 2643/2643/2643 2715/2715/2715 2714/2714/2714
f 2715/2715/2715 2642/2642/2642 2654/2654/2654
f 2644/2644/2644 2643/2643/2643 2714/2714/2714
f 2645/2645/2645 2644/2644/2644 2656/2656/2656 2657/2657/2657
f 2647/2647/2647 2646/2646/2646 2658/2658/2658 2659/2659/2659
f 2646/2646/2646 2645/2645/2645 2657/2657/2657 2658/2658/2658
f 2644/2644/2644 2714/2714/2714 2656/2656/2656
f 2715/2715/2715 2654/2654/2654 2713/2713/2713
f 2718/2718/2718 2713/2713/2713 2654/2654/2654
f 2716/2716/2716 2718/2718/2718 2666/2666/2666
f 2654/2654/2654 2666/2666/2666 2718/2718/2718
f 2714/2714/2714 2655/2655/2655 2656/2656/2656
f 2716/2716/2716 2666/2666/2666 2721/2721/2721
f 2650/2650/2650 2649/2649/2649 2661/2661/2661 2662/2662/2662
f 2663/2663/2663 2711/2711/2711 2651/2651/2651
f 2651/2651/2651 2650/2650/2650 2662/2662/2662 2663/2663/2663
f 2712/2712/2712 2653/2653/2653 2652/2652/2652
f 2652/2652/2652 2711/2711/2711 2712/2712/2712
f 2711/2711/2711 2652/2652/2652 2651/2651/2651
f 2665/2665/2665 2653/2653/2653 2712/2712/2712
f 2649/2649/2649 2648/2648/2648 2660/2660/2660 2661/2661/2661
f 2659/2659/2659 2660/2660/2660 2648/2648/2648 2647/2647/2647
f 2711/2711/2711 2663/2663/2663 2664/2664/2664
f 2665/2665/2665 2708/2708/2708 2710/2710/2710
f 2677/2677/2677 2665/2665/2665 2710/2710/2710
f 2712/2712/2712 2708/2708/2708 2665/2665/2665
f 2719/2719/2719 2721/2721/2721 2678/2678/2678
f 2666/2666/2666 2678/2678/2678 2721/2721/2721
f 2719/2719/2719 2678/2678/2678 2723/2723/2723
f 2681/2681/2681 2680/2680/2680 2692/2692/2692 2693/2693/2693
f 2683/2683/2683 2682/2682/2682 2694/2694/2694 2695/2695/2695
f 2682/2682/2682 2681/2681/2681 2693/2693/2693 2694/2694/2694
f 2680/2680/2680 2679/2679/2679 2722/2722/2722
f 2692/2692/2692 2680/2680/2680 2722/2722/2722 2691/2691/2691
f 2691/2691/2691 2722/2722/2722 2723/2723/2723
f 2723/2723/2723 2690/2690/2690 2691/2691/2691
f 2690/2690/2690 2723/2723/2723 2678/2678/2678
f 2684/2684/2684 2683/2683/2683 2695/2695/2695 2696/2696/2696
f 2686/2686/2686 2685/2685/2685 2697/2697/2697 2698/2698/2698
f 2703/2703/2703 2688/2688/2688 2687/2687/2687
f 2687/2687/2687 2686/2686/2686 2698/2698/2698 2699/2699/2699
f 2710/2710/2710 2705/2705/2705 2677/2677/2677
f 2707/2707/2707 2677/2677/2677 2705/2705/2705
f 2689/2689/2689 2677/2677/2677 2707/2707/2707 2702/2702/2702
f 2687/2687/2687 2699/2699/2699 2700/2700/2700 2703/2703/2703
f 2689/2689/2689 2702/2702/2702 2704/2704/2704
f 2701/2701/2701 2704/2704/2704 2700/2700/2700
f 2703/2703/2703 2700/2700/2700 2704/2704/2704
f 2689/2689/2689 2704/2704/2704 2701/2701/2701
f 2696/2696/2696 2697/2697/2697 2685/2685/2685 2684/2684/2684
f 2737/2737/2737 2796/2796/2796 2797/2797/2797 2795/2795/2795
f 2790/2790/2790 2794/2794/2794 2793/2793/2793 2746/2746/2746
f 2749/2749/2749 2799/2799/2799 2800/2800/2800 2798/2798/2798
f 2799/2799/2799 2737/2737/2737 2795/2795/2795 2800/2800/2800
f 2799/2799/2799 2749/2749/2749 2750/2750/2750
f 2738/2738/2738 2737/2737/2737 2799/2799/2799
f 2750/2750/2750 2738/2738/2738 2799/2799/2799
f 2751/2751/2751 2739/2739/2739 2738/2738/2738 2750/2750/2750
f 2752/2752/2752 2740/2740/2740 2739/2739/2739 2751/2751/2751
f 2753/2753/2753 2741/2741/2741 2740/2740/2740 2752/2752/2752
f 2754/2754/2754 2742/2742/2742 2741/2741/2741 2753/2753/2753
f 2755/2755/2755 2743/2743/2743 2742/2742/2742 2754/2754/2754
f 2756/2756/2756 2744/2744/2744 2743/2743/2743 2755/2755/2755
f 2757/2757/2757 2745/2745/2745 2744/2744/2744 2756/2756/2756
f 2791/2791/2791 2746/2746/2746 2745/2745/2745
f 2757/2757/2757 2758/2758/2758 2791/2791/2791
f 2745/2745/2745 2757/2757/2757 2791/2791/2791
f 2792/2792/2792 2790/2790/2790 2746/2746/2746 2791/2791/2791
f 2787/2787/2787 2792/2792/2792 2791/2791/2791 2758/2758/2758
f 2761/2761/2761 2802/2802/2802 2803/2803/2803 2801/2801/2801
f 2802/2802/2802 2749/2749/2749 2798/2798/2798 2803/2803/2803
f 2802/2802/2802 2761/2761/2761 2762/2762/2762
f 2750/2750/2750 2749/2749/2749 2802/2802/2802
f 2762/2762/2762 2750/2750/2750 2802/2802/2802
f 2763/2763/2763 2751/2751/2751 2750/2750/2750 2762/2762/2762
f 2764/2764/2764 2752/2752/2752 2751/2751/2751 2763/2763/2763
f 2765/2765/2765 2753/2753/2753 2752/2752/2752 2764/2764/2764
f 2766/2766/2766 2754/2754/2754 2753/2753/2753 2765/2765/2765
f 2767/2767/2767 2755/2755/2755 2754/2754/2754 2766/2766/2766
f 2768/2768/2768 2756/2756/2756 2755/2755/2755 2767/2767/2767
f 2769/2769/2769 2757/2757/2757 2756/2756/2756 2768/2768/2768
f 2788/2788/2788 2758/2758/2758 2757/2757/2757
f 2769/2769/2769 2770/2770/2770 2788/2788/2788
f 2757/2757/2757 2769/2769/2769 2788/2788/2788
f 2789/2789/2789 2787/2787/2787 2758/2758/2758 2788/2788/2788
f 2784/2784/2784 2789/2789/2789 2788/2788/2788 2770/2770/2770
f 2804/2804/2804 2761/2761/2761 2801/2801/2801 2805/2805/2805
f 2786/2786/2786 2784/2784/2784 2770/2770/2770 2785/2785/2785
f 2797/2797/2797 2725/2725/2725 2724/2724/2724
f 2725/2725/2725 2797/2797/2797 2796/2796/2796
f 2797/2797/2797 2724/2724/2724 2736/2736/2736
f 2726/2726/2726 2725/2725/2725 2796/2796/2796
f 2727/2727/2727 2726/2726/2726 2738/2738/2738 2739/2739/2739
f 2729/2729/2729 2728/2728/2728 2740/2740/2740 2741/2741/2741
f 2728/2728/2728 2727/2727/2727 2739/2739/2739 2740/2740/2740
f 2726/2726/2726 2796/2796/2796 2738/2738/2738
f 2797/2797/2797 2736/2736/2736 2795/2795/2795
f 2800/2800/2800 2795/2795/2795 2736/2736/2736
f 2798/2798/2798 2800/2800/2800 2748/2748/2748
f 2736/2736/2736 2748/2748/2748 2800/2800/2800
f 2796/2796/2796 2737/2737/2737 2738/2738/2738
f 2798/2798/2798 2748/2748/2748 2803/2803/2803
f 2732/2732/2732 2731/2731/2731 2743/2743/2743 2744/2744/2744
f 2745/2745/2745 2793/2793/2793 2733/2733/2733
f 2733/2733/2733 2732/2732/2732 2744/2744/2744 2745/2745/2745
f 2794/2794/2794 2735/2735/2735 2734/2734/2734
f 2734/2734/2734 2793/2793/2793 2794/2794/2794
f 2793/2793/2793 2734/2734/2734 2733/2733/2733
f 2747/2747/2747 2735/2735/2735 2794/2794/2794
f 2731/2731/2731 2730/2730/2730 2742/2742/2742 2743/2743/2743
f 2741/2741/2741 2742/2742/2742 2730/2730/2730 2729/2729/2729
f 2793/2793/2793 2745/2745/2745 2746/2746/2746
f 2747/2747/2747 2790/2790/2790 2792/2792/2792
f 2759/2759/2759 2747/2747/2747 2792/2792/2792
f 2794/2794/2794 2790/2790/2790 2747/2747/2747
f 2801/2801/2801 2803/2803/2803 2760/2760/2760
f 2748/2748/2748 2760/2760/2760 2803/2803/2803
f 2801/2801/2801 2760/2760/2760 2805/2805/2805
f 2763/2763/2763 2762/2762/2762 2774/2774/2774 2775/2775/2775
f 2765/2765/2765 2764/2764/2764 2776/2776/2776 2777/2777/2777
f 2764/2764/2764 2763/2763/2763 2775/2775/2775 2776/2776/2776
f 2762/2762/2762 2761/2761/2761 2804/2804/2804
f 2774/2774/2774 2762/2762/2762 2804/2804/2804 2773/2773/2773
f 2773/2773/2773 2804/2804/2804 2805/2805/2805
f 2805/2805/2805 2772/2772/2772 2773/2773/2773
f 2772/2772/2772 2805/2805/2805 2760/2760/2760
f 2766/2766/2766 2765/2765/2765 2777/2777/2777 2778/2778/2778
f 2768/2768/2768 2767/2767/2767 2779/2779/2779 2780/2780/2780
f 2785/2785/2785 2770/2770/2770 2769/2769/2769
f 2769/2769/2769 2768/2768/2768 2780/2780/2780 2781/2781/2781
f 2792/2792/2792 2787/2787/2787 2759/2759/2759
f 2789/2789/2789 2759/2759/2759 2787/2787/2787
f 2771/2771/2771 2759/2759/2759 2789/2789/2789
f 2784/2784/2784 2771/2771/2771 2789/2789/2789
f 2769/2769/2769 2781/2781/2781 2782/2782/2782 2785/2785/2785
f 2771/2771/2771 2784/2784/2784 2786/2786/2786
f 2783/2783/2783 2786/2786/2786 2782/2782/2782
f 2785/2785/2785 2782/2782/2782 2786/2786/2786
f 2771/2771/2771 2786/2786/2786 2783/2783/2783
f 2778/2778/2778 2779/2779/2779 2767/2767/2767 2766/2766/2766
f 2819/2819/2819 2878/2878/2878 2879/2879/2879 2877/2877/2877
f 2872/2872/2872 2876/2876/2876 2875/2875/2875 2828/2828/2828
f 2831/2831/2831 2881/2881/2881 2882/2882/2882 2880/2880/2880
f 2881/2881/2881 2819/2819/2819 2877/2877/2877 2882/2882/2882
f 2881/2881/2881 2831/2831/2831 2832/2832/2832
f 2820/2820/2820 2819/2819/2819 2881/2881/2881
f 2832/2832/2832 2820/2820/2820 2881/2881/2881
f 2833/2833/2833 2821/2821/2821 2820/2820/2820 2832/2832/2832
f 2834/2834/2834 2822/2822/2822 2821/2821/2821 2833/2833/2833
f 2835/2835/2835 2823/2823/2823 2822/2822/2822 2834/2834/2834
f 2836/2836/2836 2824/2824/2824 2823/2823/2823 2835/2835/2835
f 2837/2837/2837 2825/2825/2825 2824/2824/2824 2836/2836/2836
f 2838/2838/2838 2826/2826/2826 2825/2825/2825 2837/2837/2837
f 2839/2839/2839 2827/2827/2827 2826/2826/2826 2838/2838/2838
f 2873/2873/2873 2828/2828/2828 2827/2827/2827
f 2839/2839/2839 2840/2840/2840 2873/2873/2873
f 2827/2827/2827 2839/2839/2839 2873/2873/2873
f 2874/2874/2874 2872/2872/2872 2828/2828/2828 2873/2873/2873
f 2869/2869/2869 2874/2874/2874 2873/2873/2873 2840/2840/2840
f 2843/2843/2843 2884/2884/2884 2885/2885/2885 2883/2883/2883
f 2884/2884/2884 2831/2831/2831 2880/2880/2880 2885/2885/2885
f 2884/2884/2884 2843/2843/2843 2844/2844/2844
f 2832/2832/2832 2831/2831/2831 2884/2884/2884
f 2844/2844/2844 2832/2832/2832 2884/2884/2884
f 2845/2845/2845 2833/2833/2833 2832/2832/2832 2844/2844/2844
f 2846/2846/2846 2834/2834/2834 2833/2833/2833 2845/2845/2845
f 2847/2847/2847 2835/2835/2835 2834/2834/2834 2846/2846/2846
f 2848/2848/2848 2836/2836/2836 2835/2835/2835 2847/2847/2847
f 2849/2849/2849 2837/2837/2837 2836/2836/2836 2848/2848/2848
f 2850/2850/2850 2838/2838/2838 2837/2837/2837 2849/2849/2849
f 2851/2851/2851 2839/2839/2839 2838/2838/2838 2850/2850/2850
f 2870/2870/2870 2840/2840/2840 2839/2839/2839
f 2851/2851/2851 2852/2852/2852 2870/2870/2870
f 2839/2839/2839 2851/2851/2851 2870/2870/2870
f 2871/2871/2871 2869/2869/2869 2840/2840/2840 2870/2870/2870
f 2866/2866/2866 2871/2871/2871 2870/2870/2870 2852/2852/2852
f 2886/2886/2886 2843/2843/2843 2883/2883/2883 2887/2887/2887
f 2868/2868/2868 2866/2866/2866 2852/2852/2852 2867/2867/2867
f 2879/2879/2879 2807/2807/2807 2806/2806/2806
f 2807/2807/2807 2879/2879/2879 2878/2878/2878
f 2879/2879/2879 2806/2806/2806 2818/2818/2818
f 2808/2808/2808 2807/2807/2807 2878/2878/2878
f 2809/2809/2809 2808/2808/2808 2820/2820/2820 2821/2821/2821
f 2811/2811/2811 2810/2810/2810 2822/2822/2822 2823/2823/2823
f 2810/2810/2810 2809/2809/2809 2821/2821/2821 2822/2822/2822
f 2808/2808/2808 2878/2878/2878 2820/2820/2820
f 2879/2879/2879 2818/2818/2818 2877/2877/2877
f 2882/2882/2882 2877/2877/2877 2818/2818/2818
f 2880/2880/2880 2882/2882/2882 2830/2830/2830
f 2818/2818/2818 2830/2830/2830 2882/2882/2882
f 2878/2878/2878 2819/2819/2819 2820/2820/2820
f 2880/2880/2880 2830/2830/2830 2885/2885/2885
f 2814/2814/2814 2813/2813/2813 2825/2825/2825 2826/2826/2826
f 2827/2827/2827 2875/2875/2875 2815/2815/2815
f 2815/2815/2815 2814/2814/2814 2826/2826/2826 2827/2827/2827
f 2876/2876/2876 2817/2817/2817 2816/2816/2816
f 2816/2816/2816 2875/2875/2875 2876/2876/2876
f 2875/2875/2875 2816/2816/2816 2815/2815/2815
f 2829/2829/2829 2817/2817/2817 2876/2876/2876
f 2813/2813/2813 2812/2812/2812 2824/2824/2824 2825/2825/2825
f 2823/2823/2823 2824/2824/2824 2812/2812/2812 2811/2811/2811
f 2875/2875/2875 2827/2827/2827 2828/2828/2828
f 2829/2829/2829 2872/2872/2872 2874/2874/2874
f 2841/2841/2841 2829/2829/2829 2874/2874/2874
f 2876/2876/2876 2872/2872/2872 2829/2829/2829
f 2883/2883/2883 2885/2885/2885 2842/2842/2842
f 2830/2830/2830 2842/2842/2842 2885/2885/2885
f 2883/2883/2883 2842/2842/2842 2887/2887/2887
f 2845/2845/2845 2844/2844/2844 2856/2856/2856 2857/2857/2857
f 2847/2847/2847 2846/2846/2846 2858/2858/2858 2859/2859/2859
f 2846/2846/2846 2845/2845/2845 2857/2857/2857 2858/2858/2858
f 2844/2844/2844 2843/2843/2843 2886/2886/2886
f 2856/2856/2856 2844/2844/2844 2886/2886/2886
f 2855/2855/2855 2886/2886/2886 2887/2887/2887
f 2887/2887/2887 2854/2854/2854 2855/2855/2855
f 2854/2854/2854 2887/2887/2887 2842/2842/2842
f 2856/2856/2856 2886/2886/2886 2855/2855/2855
f 2848/2848/2848 2847/2847/2847 2859/2859/2859 2860/2860/2860
f 2850/2850/2850 2849/2849/2849 2861/2861/2861 2862/2862/2862
f 2867/2867/2867 2852/2852/2852 2851/2851/2851
f 2851/2851/2851 2850/2850/2850 2862/2862/2862 2863/2863/2863
f 2874/2874/2874 2869/2869/2869 2841/2841/2841
f 2871/2871/2871 2841/2841/2841 2869/2869/2869
f 2853/2853/2853 2841/2841/2841 2871/2871/2871
f 2866/2866/2866 2853/2853/2853 2871/2871/2871
f 2851/2851/2851 2863/2863/2863 2867/2867/2867
f 2853/2853/2853 2866/2866/2866 2868/2868/2868
f 2865/2865/2865 2868/2868/2868 2864/2864/2864
f 2867/2867/2867 2864/2864/2864 2868/2868/2868
f 2853/2853/2853 2868/2868/2868 2865/2865/2865
f 2864/2864/2864 2867/2867/2867 2863/2863/2863
f 2860/2860/2860 2861/2861/2861 2849/2849/2849 2848/2848/2848
f 2901/2901/2901 2960/2960/2960 2961/2961/2961 2959/2959/2959
f 2954/2954/2954 2958/2958/2958 2957/2957/2957 2910/2910/2910
f 2913/2913/2913 2963/2963/2963 2964/2964/2964 2962/2962/2962
f 2963/2963/2963 2901/2901/2901 2959/2959/2959 2964/2964/2964
f 2963/2963/2963 2913/2913/2913 2914/2914/2914
f 2902/2902/2902 2901/2901/2901 2963/2963/2963
f 2914/2914/2914 2902/2902/2902 2963/2963/2963
f 2915/2915/2915 2903/2903/2903 2902/2902/2902 2914/2914/2914
f 2916/2916/2916 2904/2904/2904 2903/2903/2903 2915/2915/2915
f 2917/2917/2917 2905/2905/2905 2904/2904/2904 2916/2916/2916
f 2918/2918/2918 2906/2906/2906 2905/2905/2905 2917/2917/2917
f 2919/2919/2919 2907/2907/2907 2906/2906/2906 2918/2918/2918
f 2920/2920/2920 2908/2908/2908 2907/2907/2907 2919/2919/2919
f 2921/2921/2921 2909/2909/2909 2908/2908/2908 2920/2920/2920
f 2955/2955/2955 2910/2910/2910 2909/2909/2909
f 2921/2921/2921 2922/2922/2922 2955/2955/2955
f 2909/2909/2909 2921/2921/2921 2955/2955/2955
f 2956/2956/2956 2954/2954/2954 2910/2910/2910 2955/2955/2955
f 2951/2951/2951 2956/2956/2956 2955/2955/2955 2922/2922/2922
f 2925/2925/2925 2966/2966/2966 2967/2967/2967 2965/2965/2965
f 2966/2966/2966 2913/2913/2913 2962/2962/2962 2967/2967/2967
f 2966/2966/2966 2925/2925/2925 2926/2926/2926
f 2914/2914/2914 2913/2913/2913 2966/2966/2966
f 2926/2926/2926 2914/2914/2914 2966/2966/2966
f 2927/2927/2927 2915/2915/2915 2914/2914/2914 2926/2926/2926
f 2928/2928/2928 2916/2916/2916 2915/2915/2915 2927/2927/2927
f 2929/2929/2929 2917/2917/2917 2916/2916/2916 2928/2928/2928
f 2930/2930/2930 2918/2918/2918 2917/2917/2917 2929/2929/2929
f 2931/2931/2931 2919/2919/2919 2918/2918/2918 2930/2930/2930
f 2932/2932/2932 2920/2920/2920 2919/2919/2919 2931/2931/2931
f 2933/2933/2933 2921/2921/2921 2920/2920/2920 2932/2932/2932
f 2952/2952/2952 2922/2922/2922 2921/2921/2921
f 2933/2933/2933 2934/2934/2934 2952/2952/2952
f 2921/2921/2921 2933/2933/2933 2952/2952/2952
f 2953/2953/2953 2951/2951/2951 2922/2922/2922 2952/2952/2952
f 2948/2948/2948 2953/2953/2953 2952/2952/2952 2934/2934/2934
f 2968/2968/2968 2925/2925/2925 2965/2965/2965 2969/2969/2969
f 2950/2950/2950 2948/2948/2948 2934/2934/2934 2949/2949/2949
f 2961/2961/2961 2889/2889/2889 2888/2888/2888
f 2889/2889/2889 2961/2961/2961 2960/2960/2960
f 2961/2961/2961 2888/2888/2888 2900/2900/2900
f 2890/2890/2890 2889/2889/2889 2960/2960/2960
f 2891/2891/2891 2890/2890/2890 2902/2902/2902 2903/2903/2903
f 2893/2893/2893 2892/2892/2892 2904/2904/2904 2905/2905/2905
f 2892/2892/2892 2891/2891/2891 2903/2903/2903 2904/2904/2904
f 2890/2890/2890 2960/2960/2960 2902/2902/2902
f 2961/2961/2961 2900/2900/2900 2959/2959/2959
f 2964/2964/2964 2959/2959/2959 2900/2900/2900
f 2962/2962/2962 2964/2964/2964 2912/2912/2912
f 2900/2900/2900 2912/2912/2912 2964/2964/2964
f 2960/2960/2960 2901/2901/2901 2902/2902/2902
f 2962/2962/2962 2912/2912/2912 2967/2967/2967
f 2896/2896/2896 2895/2895/2895 2907/2907/2907 2908/2908/2908
f 2909/2909/2909 2957/2957/2957 2897/2897/2897
f 2897/2897/2897 2896/2896/2896 2908/2908/2908 2909/2909/2909
f 2958/2958/2958 2899/2899/2899 2898/2898/2898
f 2898/2898/2898 2957/2957/2957 2958/2958/2958
f 2957/2957/2957 2898/2898/2898 2897/2897/2897
f 2911/2911/2911 2899/2899/2899 2958/2958/2958
f 2895/2895/2895 2894/2894/2894 2906/2906/2906 2907/2907/2907
f 2905/2905/2905 2906/2906/2906 2894/2894/2894 2893/2893/2893
f 2957/2957/2957 2909/2909/2909 2910/2910/2910
f 2911/2911/2911 2954/2954/2954 2956/2956/2956
f 2923/2923/2923 2911/2911/2911 2956/2956/2956
f 2958/2958/2958 2954/2954/2954 2911/2911/2911
f 2965/2965/2965 2967/2967/2967 2924/2924/2924
f 2912/2912/2912 2924/2924/2924 2967/2967/2967
f 2965/2965/2965 2924/2924/2924 2969/2969/2969
f 2927/2927/2927 2926/2926/2926 2938/2938/2938 2939/2939/2939
f 2929/2929/2929 2928/2928/2928 2940/2940/2940 2941/2941/2941
f 2928/2928/2928 2927/2927/2927 2939/2939/2939 2940/2940/2940
f 2926/2926/2926 2925/2925/2925 2968/2968/2968
f 2938/2938/2938 2926/2926/2926 2968/2968/2968 2937/2937/2937
f 2937/2937/2937 2968/2968/2968 2969/2969/2969
f 2969/2969/2969 2936/2936/2936 2937/2937/2937
f 2936/2936/2936 2969/2969/2969 2924/2924/2924
f 2930/2930/2930 2929/2929/2929 2941/2941/2941 2942/2942/2942
f 2932/2932/2932 2931/2931/2931 2943/2943/2943 2944/2944/2944
f 2949/2949/2949 2934/2934/2934 2933/2933/2933
f 2933/2933/2933 2932/2932/2932 2944/2944/2944 2945/2945/2945
f 2956/2956/2956 2951/2951/2951 2923/2923/2923
f 2953/2953/2953 2923/2923/2923 2951/2951/2951
f 2935/2935/2935 2923/2923/2923 2953/2953/2953 2948/2948/2948
f 2933/2933/2933 2945/2945/2945 2946/2946/2946 2949/2949/2949
f 2935/2935/2935 2948/2948/2948 2950/2950/2950
f 2947/2947/2947 2950/2950/2950 2946/2946/2946
f 2949/2949/2949 2946/2946/2946 2950/2950/2950
f 2935/2935/2935 2950/2950/2950 2947/2947/2947
f 2942/2942/2942 2943/2943/2943 2931/2931/2931 2930/2930/2930
f 2981/2981/2981 2970/2970/2970 2971/2971/2971
f 2972/2972/2972 2970/2970/2970 2981/2981/2981
f 2972/2972/2972 2981/2981/2981 2980/2980/2980
f 2979/2979/2979 2973/2973/2973 2972/2972/2972 2980/2980/2980
f 2973/2973/2973 2979/2979/2979 2978/2978/2978 2974/2974/2974
f 2974/2974/2974 2977/2977/2977 2976/2976/2976 2975/2975/2975
f 2974/2974/2974 2978/2978/2978 2977/2977/2977
f 2982/2982/2982 2983/2983/2983 3064/3064/3064 2986/2986/2986
f 2987/2987/2987 3061/3061/3061 3060/3060/3060 2988/2988/2988
f 2986/2986/2986 3063/3063/3063 3062/3062/3062 2987/2987/2987
f 2987/2987/2987 3062/3062/3062 3061/3061/3061
f 3063/3063/3063 2986/2986/2986 3064/3064/3064
f 2988/2988/2988 3059/3059/3059 3058/3058/3058 2989/2989/2989
f 2989/2989/2989 3057/3057/3057 3056/3056/3056 2990/2990/2990
f 2991/2991/2991 3054/3054/3054 3053/3053/3053 2992/2992/2992
f 2992/2992/2992 3052/3052/3052 3051/3051/3051 2993/2993/2993
f 2990/2990/2990 3056/3056/3056 3055/3055/3055 2991/2991/2991
f 2994/2994/2994 3048/3048/3048 3047/3047/3047 2995/2995/2995
f 2996/2996/2996 3045/3045/3045 3044/3044/3044 2997/2997/2997
f 2997/2997/2997 3043/3043/3043 3042/3042/3042 2998/2998/2998
f 2995/2995/2995 3047/3047/3047 3046/3046/3046 2996/2996/2996
f 2993/2993/2993 3050/3050/3050 3049/3049/3049 2994/2994/2994
f 2998/2998/2998 3041/3041/3041 3040/3040/3040 2999/2999/2999
f 2988/2988/2988 3060/3060/3060 3059/3059/3059
f 2989/2989/2989 3058/3058/3058 3057/3057/3057
f 2991/2991/2991 3055/3055/3055 3054/3054/3054
f 2992/2992/2992 3053/3053/3053 3052/3052/3052
f 3048/3048/3048 2994/2994/2994 3049/3049/3049
f 2997/2997/2997 3044/3044/3044 3043/3043/3043
f 2998/2998/2998 3042/3042/3042 3041/3041/3041
f 3045/3045/3045 2996/2996/2996 3046/3046/3046
f 3050/3050/3050 2993/2993/2993 3051/3051/3051
f 3040/3040/3040 3039/3039/3039 2999/2999/2999
f 3000/3000/3000 3039/3039/3039 3038/3038/3038
f 2999/2999/2999 3039/3039/3039 3000/3000/3000
f 3000/3000/3000 3038/3038/3038 3037/3037/3037 3001/3001/3001
f 3001/3001/3001 3036/3036/3036 3035/3035/3035 3002/3002/3002
f 3002/3002/3002 3034/3034/3034 3033/3033/3033 3003/3003/3003
f 3002/3002/3002 3035/3035/3035 3034/3034/3034
f 3036/3036/3036 3001/3001/3001 3037/3037/3037
f 3003/3003/3003 3032/3032/3032 3031/3031/3031 3004/3004/3004
f 3005/3005/3005 3029/3029/3029 3028/3028/3028 3006/3006/3006
f 3006/3006/3006 3027/3027/3027 3026/3026/3026 3007/3007/3007
f 3004/3004/3004 3031/3031/3031 3030/3030/3030 3005/3005/3005
f 3008/3008/3008 3023/3023/3023 3022/3022/3022 3009/3009/3009
f 3009/3009/3009 3022/3022/3022 3021/3021/3021 3010/3010/3010
f 3011/3011/3011 3018/3018/3018 3017/3017/3017 3012/3012/3012
f 3012/3012/3012 3016/3016/3016 3015/3015/3015 3013/3013/3013
f 3010/3010/3010 3020/3020/3020 3019/3019/3019 3011/3011/3011
f 3007/3007/3007 3025/3025/3025 3024/3024/3024 3008/3008/3008
f 3013/3013/3013 3014/3014/3014 2985/2985/2985 2984/2984/2984
f 3003/3003/3003 3033/3033/3033 3032/3032/3032
f 3005/3005/3005 3030/3030/3030 3029/3029/3029
f 3006/3006/3006 3028/3028/3028 3027/3027/3027
f 3007/3007/3007 3026/3026/3026 3025/3025/3025
f 3010/3010/3010 3021/3021/3021 3020/3020/3020
f 3012/3012/3012 3017/3017/3017 3016/3016/3016
f 3013/3013/3013 3015/3015/3015 3014/3014/3014
f 3018/3018/3018 3011/3011/3011 3019/3019/3019
f 3023/3023/3023 3008/3008/3008 3024/3024/3024
f 3076/3076/3076 3065/3065/3065 3066/3066/3066
f 3067/3067/3067 3065/3065/3065 3076/3076/3076
f 3067/3067/3067 3076/3076/3076 3075/3075/3075
f 3074/3074/3074 3068/3068/3068 3067/3067/3067 3075/3075/3075
f 3068/3068/3068 3074/3074/3074 3073/3073/3073 3069/3069/3069
f 3069/3069/3069 3072/3072/3072 3071/3071/3071 3070/3070/3070
f 3069/3069/3069 3073/3073/3073 3072/3072/3072
f 3210/3210/3210 3077/3077/3077 3078/3078/3078
f 3083/3083/3083 3209/3209/3209 3208/3208/3208 3084/3084/3084
f 3210/3210/3210 3083/3083/3083 3077/3077/3077
f 3084/3084/3084 3207/3207/3207 3206/3206/3206 3085/3085/3085
f 3086/3086/3086 3203/3203/3203 3202/3202/3202 3087/3087/3087
f 3085/3085/3085 3205/3205/3205 3204/3204/3204 3086/3086/3086
f 3083/3083/3083 3210/3210/3210 3209/3209/3209
f 3084/3084/3084 3208/3208/3208 3207/3207/3207
f 3085/3085/3085 3206/3206/3206 3205/3205/3205
f 3086/3086/3086 3204/3204/3204 3203/3203/3203
f 3087/3087/3087 3201/3201/3201 3200/3200/3200 3088/3088/3088
f 3088/3088/3088 3199/3199/3199 3198/3198/3198 3089/3089/3089
f 3090/3090/3090 3196/3196/3196 3195/3195/3195 3091/3091/3091
f 3089/3089/3089 3197/3197/3197 3196/3196/3196 3090/3090/3090
f 3092/3092/3092 3192/3192/3192 3191/3191/3191 3093/3093/3093
f 3094/3094/3094 3188/3188/3188 3187/3187/3187 3095/3095/3095
f 3093/3093/3093 3190/3190/3190 3189/3189/3189 3094/3094/3094
f 3091/3091/3091 3194/3194/3194 3193/3193/3193 3092/3092/3092
f 3096/3096/3096 3184/3184/3184 3183/3183/3183 3097/3097/3097
f 3098/3098/3098 3181/3181/3181 3180/3180/3180 3099/3099/3099
f 3097/3097/3097 3183/3183/3183 3182/3182/3182 3098/3098/3098
f 3100/3100/3100 3177/3177/3177 3176/3176/3176 3101/3101/3101
f 3102/3102/3102 3173/3173/3173 3172/3172/3172 3103/3103/3103
f 3103/3103/3103 3171/3171/3171 3170/3170/3170 3104/3104/3104
f 3101/3101/3101 3175/3175/3175 3174/3174/3174 3102/3102/3102
f 3099/3099/3099 3179/3179/3179 3178/3178/3178 3100/3100/3100
f 3095/3095/3095 3186/3186/3186 3185/3185/3185 3096/3096/3096
f 3104/3104/3104 3169/3169/3169 3080/3080/3080 3079/3079/3079
f 3087/3087/3087 3202/3202/3202 3201/3201/3201
f 3088/3088/3088 3200/3200/3200 3199/3199/3199
f 3089/3089/3089 3198/3198/3198 3197/3197/3197
f 3192/3192/3192 3092/3092/3092 3193/3193/3193
f 3095/3095/3095 3187/3187/3187 3186/3186/3186
f 3188/3188/3188 3094/3094/3094 3189/3189/3189
f 3190/3190/3190 3093/3093/3093 3191/3191/3191
f 3194/3194/3194 3091/3091/3091 3195/3195/3195
f 3096/3096/3096 3185/3185/3185 3184/3184/3184
f 3179/3179/3179 3099/3099/3099 3180/3180/3180
f 3181/3181/3181 3098/3098/3098 3182/3182/3182
f 3175/3175/3175 3101/3101/3101 3176/3176/3176
f 3104/3104/3104 3170/3170/3170 3169/3169/3169
f 3171/3171/3171 3103/3103/3103 3172/3172/3172
f 3173/3173/3173 3102/3102/3102 3174/3174/3174
f 3177/3177/3177 3100/3100/3100 3178/3178/3178
f 3167/3167/3167 3105/3105/3105 3168/3168/3168
f 3168/3168/3168 3079/3079/3079 3080/3080/3080
f 3105/3105/3105 3167/3167/3167 3166/3166/3166 3106/3106/3106
f 3105/3105/3105 3079/3079/3079 3168/3168/3168
f 3106/3106/3106 3165/3165/3165 3164/3164/3164 3107/3107/3107
f 3108/3108/3108 3161/3161/3161 3160/3160/3160 3109/3109/3109
f 3107/3107/3107 3163/3163/3163 3162/3162/3162 3108/3108/3108
f 3109/3109/3109 3160/3160/3160 3159/3159/3159
f 3165/3165/3165 3106/3106/3106 3166/3166/3166
f 3161/3161/3161 3108/3108/3108 3162/3162/3162
f 3163/3163/3163 3107/3107/3107 3164/3164/3164
f 3109/3109/3109 3159/3159/3159 3158/3158/3158 3110/3110/3110
f 3110/3110/3110 3157/3157/3157 3156/3156/3156 3111/3111/3111
f 3112/3112/3112 3154/3154/3154 3153/3153/3153 3113/3113/3113
f 3111/3111/3111 3155/3155/3155 3154/3154/3154 3112/3112/3112
f 3114/3114/3114 3150/3150/3150 3149/3149/3149 3115/3115/3115
f 3116/3116/3116 3146/3146/3146 3145/3145/3145 3117/3117/3117
f 3115/3115/3115 3148/3148/3148 3147/3147/3147 3116/3116/3116
f 3113/3113/3113 3152/3152/3152 3151/3151/3151 3114/3114/3114
f 3118/3118/3118 3142/3142/3142 3141/3141/3141 3119/3119/3119
f 3120/3120/3120 3139/3139/3139 3138/3138/3138 3121/3121/3121
f 3119/3119/3119 3141/3141/3141 3140/3140/3140 3120/3120/3120
f 3122/3122/3122 3135/3135/3135 3134/3134/3134 3123/3123/3123
f 3124/3124/3124 3131/3131/3131 3130/3130/3130 3125/3125/3125
f 3125/3125/3125 3129/3129/3129 3128/3128/3128 3126/3126/3126
f 3123/3123/3123 3133/3133/3133 3132/3132/3132 3124/3124/3124
f 3121/3121/3121 3137/3137/3137 3136/3136/3136 3122/3122/3122
f 3117/3117/3117 3144/3144/3144 3143/3143/3143 3118/3118/3118
f 3126/3126/3126 3127/3127/3127 3082/3082/3082 3081/3081/3081
f 3157/3157/3157 3110/3110/3110 3158/3158/3158
f 3113/3113/3113 3153/3153/3153 3152/3152/3152
f 3155/3155/3155 3111/3111/3111 3156/3156/3156
f 3114/3114/3114 3151/3151/3151 3150/3150/3150
f 3115/3115/3115 3149/3149/3149 3148/3148/3148
f 3116/3116/3116 3147/3147/3147 3146/3146/3146
f 3117/3117/3117 3145/3145/3145 3144/3144/3144
f 3120/3120/3120 3140/3140/3140 3139/3139/3139
f 3121/3121/3121 3138/3138/3138 3137/3137/3137
f 3122/3122/3122 3136/3136/3136 3135/3135/3135
f 3123/3123/3123 3134/3134/3134 3133/3133/3133
f 3124/3124/3124 3132/3132/3132 3131/3131/3131
f 3125/3125/3125 3130/3130/3130 3129/3129/3129
f 3126/3126/3126 3128/3128/3128 3127/3127/3127
f 3142/3142/3142 3118/3118/3118 3143/3143/3143
f 3222/3222/3222 3211/3211/3211 3212/3212/3212
f 3213/3213/3213 3211/3211/3211 3222/3222/3222
f 3213/3213/3213 3222/3222/3222 3221/3221/3221
f 3220/3220/3220 3214/3214/3214 3213/3213/3213 3221/3221/3221
f 3214/3214/3214 3220/3220/3220 3219/3219/3219 3215/3215/3215
f 3215/3215/3215 3218/3218/3218 3217/3217/3217 3216/3216/3216
f 3215/3215/3215 3219/3219/3219 3218/3218/3218
f 3223/3223/3223 3224/3224/3224 3305/3305/3305 3227/3227/3227
f 3228/3228/3228 3302/3302/3302 3301/3301/3301 3229/3229/3229
f 3227/3227/3227 3304/3304/3304 3303/3303/3303 3228/3228/3228
f 3228/3228/3228 3303/3303/3303 3302/3302/3302
f 3304/3304/3304 3227/3227/3227 3305/3305/3305
f 3229/3229/3229 3300/3300/3300 3299/3299/3299 3230/3230/3230
f 3230/3230/3230 3298/3298/3298 3297/3297/3297 3231/3231/3231
f 3232/3232/3232 3295/3295/3295 3294/3294/3294 3233/3233/3233
f 3233/3233/3233 3293/3293/3293 3292/3292/3292 3234/3234/3234
f 3231/3231/3231 3297/3297/3297 3296/3296/3296 3232/3232/3232
f 3235/3235/3235 3289/3289/3289 3288/3288/3288 3236/3236/3236
f 3237/3237/3237 3286/3286/3286 3285/3285/3285 3238/3238/3238
f 3238/3238/3238 3284/3284/3284 3283/3283/3283 3239/3239/3239
f 3236/3236/3236 3288/3288/3288 3287/3287/3287 3237/3237/3237
f 3234/3234/3234 3291/3291/3291 3290/3290/3290 3235/3235/3235
f 3239/3239/3239 3282/3282/3282 3281/3281/3281 3240/3240/3240
f 3229/3229/3229 3301/3301/3301 3300/3300/3300
f 3230/3230/3230 3299/3299/3299 3298/3298/3298
f 3232/3232/3232 3296/3296/3296 3295/3295/3295
f 3233/3233/3233 3294/3294/3294 3293/3293/3293
f 3289/3289/3289 3235/3235/3235 3290/3290/3290
f 3238/3238/3238 3285/3285/3285 3284/3284/3284
f 3239/3239/3239 3283/3283/3283 3282/3282/3282
f 3286/3286/3286 3237/3237/3237 3287/3287/3287
f 3291/3291/3291 3234/3234/3234 3292/3292/3292
f 3281/3281/3281 3280/3280/3280 3240/3240/3240
f 3241/3241/3241 3280/3280/3280 3279/3279/3279
f 3240/3240/3240 3280/3280/3280 3241/3241/3241
f 3241/3241/3241 3279/3279/3279 3278/3278/3278 3242/3242/3242
f 3242/3242/3242 3277/3277/3277 3276/3276/3276 3243/3243/3243
f 3243/3243/3243 3275/3275/3275 3274/3274/3274 3244/3244/3244
f 3243/3243/3243 3276/3276/3276 3275/3275/3275
f 3277/3277/3277 3242/3242/3242 3278/3278/3278
f 3244/3244/3244 3273/3273/3273 3272/3272/3272 3245/3245/3245
f 3246/3246/3246 3270/3270/3270 3269/3269/3269 3247/3247/3247
f 3247/3247/3247 3268/3268/3268 3267/3267/3267 3248/3248/3248
f 3245/3245/3245 3272/3272/3272 3271/3271/3271 3246/3246/3246
f 3249/3249/3249 3264/3264/3264 3263/3263/3263 3250/3250/3250
f 3250/3250/3250 3263/3263/3263 3262/3262/3262 3251/3251/3251
f 3252/3252/3252 3259/3259/3259 3258/3258/3258 3253/3253/3253
f 3253/3253/3253 3257/3257/3257 3256/3256/3256 3254/3254/3254
f 3251/3251/3251 3261/3261/3261 3260/3260/3260 3252/3252/3252
f 3248/3248/3248 3266/3266/3266 3265/3265/3265 3249/3249/3249
f 3254/3254/3254 3255/3255/3255 3226/3226/3226 3225/3225/3225
f 3244/3244/3244 3274/3274/3274 3273/3273/3273
f 3246/3246/3246 3271/3271/3271 3270/3270/3270
f 3247/3247/3247 3269/3269/3269 3268/3268/3268
f 3248/3248/3248 3267/3267/3267 3266/3266/3266
f 3251/3251/3251 3262/3262/3262 3261/3261/3261
f 3253/3253/3253 3258/3258/3258 3257/3257/3257
f 3254/3254/3254 3256/3256/3256 3255/3255/3255
f 3259/3259/3259 3252/3252/3252 3260/3260/3260
f 3264/3264/3264 3249/3249/3249 3265/3265/3265
f 3317/3317/3317 3306/3306/3306 3307/3307/3307
f 3308/3308/3308 3306/3306/3306 3317/3317/3317
f 3308/3308/3308 3317/3317/3317 3316/3316/3316
f 3315/3315/3315 3309/3309/3309 3308/3308/3308 3316/3316/3316
f 3309/3309/3309 3315/3315/3315 3314/3314/3314 3310/3310/3310
f 3310/3310/3310 3313/3313/3313 3312/3312/3312 3311/3311/3311
f 3310/3310/3310 3314/3314/3314 3313/3313/3313
f 3451/3451/3451 3318/3318/3318 3319/3319/3319
f 3324/3324/3324 3450/3450/3450 3449/3449/3449 3325/3325/3325
f 3451/3451/3451 3324/3324/3324 3318/3318/3318
f 3325/3325/3325 3448/3448/3448 3447/3447/3447 3326/3326/3326
f 3327/3327/3327 3444/3444/3444 3443/3443/3443 3328/3328/3328
f 3326/3326/3326 3446/3446/3446 3445/3445/3445 3327/3327/3327
f 3324/3324/3324 3451/3451/3451 3450/3450/3450
f 3325/3325/3325 3449/3449/3449 3448/3448/3448
f 3326/3326/3326 3447/3447/3447 3446/3446/3446
f 3327/3327/3327 3445/3445/3445 3444/3444/3444
f 3328/3328/3328 3442/3442/3442 3441/3441/3441 3329/3329/3329
f 3329/3329/3329 3440/3440/3440 3439/3439/3439 3330/3330/3330
f 3331/3331/3331 3437/3437/3437 3436/3436/3436 3332/3332/3332
f 3330/3330/3330 3438/3438/3438 3437/3437/3437 3331/3331/3331
f 3333/3333/3333 3433/3433/3433 3432/3432/3432 3334/3334/3334
f 3335/3335/3335 3429/3429/3429 3428/3428/3428 3336/3336/3336
f 3334/3334/3334 3431/3431/3431 3430/3430/3430 3335/3335/3335
f 3332/3332/3332 3435/3435/3435 3434/3434/3434 3333/3333/3333
f 3337/3337/3337 3425/3425/3425 3424/3424/3424 3338/3338/3338
f 3339/3339/3339 3422/3422/3422 3421/3421/3421 3340/3340/3340
f 3338/3338/3338 3424/3424/3424 3423/3423/3423 3339/3339/3339
f 3341/3341/3341 3418/3418/3418 3417/3417/3417 3342/3342/3342
f 3343/3343/3343 3414/3414/3414 3413/3413/3413 3344/3344/3344
f 3344/3344/3344 3412/3412/3412 3411/3411/3411 3345/3345/3345
f 3342/3342/3342 3416/3416/3416 3415/3415/3415 3343/3343/3343
f 3340/3340/3340 3420/3420/3420 3419/3419/3419 3341/3341/3341
f 3336/3336/3336 3427/3427/3427 3426/3426/3426 3337/3337/3337
f 3345/3345/3345 3410/3410/3410 3321/3321/3321 3320/3320/3320
f 3328/3328/3328 3443/3443/3443 3442/3442/3442
f 3329/3329/3329 3441/3441/3441 3440/3440/3440
f 3330/3330/3330 3439/3439/3439 3438/3438/3438
f 3433/3433/3433 3333/3333/3333 3434/3434/3434
f 3336/3336/3336 3428/3428/3428 3427/3427/3427
f 3429/3429/3429 3335/3335/3335 3430/3430/3430
f 3431/3431/3431 3334/3334/3334 3432/3432/3432
f 3435/3435/3435 3332/3332/3332 3436/3436/3436
f 3337/3337/3337 3426/3426/3426 3425/3425/3425
f 3420/3420/3420 3340/3340/3340 3421/3421/3421
f 3422/3422/3422 3339/3339/3339 3423/3423/3423
f 3416/3416/3416 3342/3342/3342 3417/3417/3417
f 3345/3345/3345 3411/3411/3411 3410/3410/3410
f 3412/3412/3412 3344/3344/3344 3413/3413/3413
f 3414/3414/3414 3343/3343/3343 3415/3415/3415
f 3418/3418/3418 3341/3341/3341 3419/3419/3419
f 3408/3408/3408 3346/3346/3346 3409/3409/3409
f 3409/3409/3409 3320/3320/3320 3321/3321/3321
f 3346/3346/3346 3408/3408/3408 3407/3407/3407 3347/3347/3347
f 3346/3346/3346 3320/3320/3320 3409/3409/3409
f 3347/3347/3347 3406/3406/3406 3405/3405/3405 3348/3348/3348
f 3349/3349/3349 3402/3402/3402 3401/3401/3401 3350/3350/3350
f 3348/3348/3348 3404/3404/3404 3403/3403/3403 3349/3349/3349
f 3350/3350/3350 3401/3401/3401 3400/3400/3400
f 3406/3406/3406 3347/3347/3347 3407/3407/3407
f 3402/3402/3402 3349/3349/3349 3403/3403/3403
f 3404/3404/3404 3348/3348/3348 3405/3405/3405
f 3350/3350/3350 3400/3400/3400 3399/3399/3399 3351/3351/3351
f 3351/3351/3351 3398/3398/3398 3397/3397/3397 3352/3352/3352
f 3353/3353/3353 3395/3395/3395 3394/3394/3394 3354/3354/3354
f 3352/3352/3352 3396/3396/3396 3395/3395/3395 3353/3353/3353
f 3355/3355/3355 3391/3391/3391 3390/3390/3390 3356/3356/3356
f 3357/3357/3357 3387/3387/3387 3386/3386/3386 3358/3358/3358
f 3356/3356/3356 3389/3389/3389 3388/3388/3388 3357/3357/3357
f 3354/3354/3354 3393/3393/3393 3392/3392/3392 3355/3355/3355
f 3359/3359/3359 3383/3383/3383 3382/3382/3382 3360/3360/3360
f 3361/3361/3361 3380/3380/3380 3379/3379/3379 3362/3362/3362
f 3360/3360/3360 3382/3382/3382 3381/3381/3381 3361/3361/3361
f 3363/3363/3363 3376/3376/3376 3375/3375/3375 3364/3364/3364
f 3365/3365/3365 3372/3372/3372 3371/3371/3371 3366/3366/3366
f 3366/3366/3366 3370/3370/3370 3369/3369/3369 3367/3367/3367
f 3364/3364/3364 3374/3374/3374 3373/3373/3373 3365/3365/3365
f 3362/3362/3362 3378/3378/3378 3377/3377/3377 3363/3363/3363
f 3358/3358/3358 3385/3385/3385 3384/3384/3384 3359/3359/3359
f 3367/3367/3367 3368/3368/3368 3323/3323/3323 3322/3322/3322
f 3398/3398/3398 3351/3351/3351 3399/3399/3399
f 3354/3354/3354 3394/3394/3394 3393/3393/3393
f 3396/3396/3396 3352/3352/3352 3397/3397/3397
f 3355/3355/3355 3392/3392/3392 3391/3391/3391
f 3356/3356/3356 3390/3390/3390 3389/3389/3389
f 3357/3357/3357 3388/3388/3388 3387/3387/3387
f 3358/3358/3358 3386/3386/3386 3385/3385/3385
f 3361/3361/3361 3381/3381/3381 3380/3380/3380
f 3362/3362/3362 3379/3379/3379 3378/3378/3378
f 3363/3363/3363 3377/3377/3377 3376/3376/3376
f 3364/3364/3364 3375/3375/3375 3374/3374/3374
f 3365/3365/3365 3373/3373/3373 3372/3372/3372
f 3366/3366/3366 3371/3371/3371 3370/3370/3370
f 3367/3367/3367 3369/3369/3369 3368/3368/3368
f 3383/3383/3383 3359/3359/3359 3384/3384/3384
f 3749/3749/3749 3651/3651/3651 3656/3656/3656
f 3656/3656/3656 3649/3649/3649 3452/3452/3452
f 3452/3452/3452 3650/3650/3650 3749/3749/3749
f 3749/3749/3749 3656/3656/3656 3452/3452/3452
f 3650/3650/3650 3747/3747/3747 3750/3750/3750 3749/3749/3749
f 3749/3749/3749 3750/3750/3750 3653/3653/3653 3651/3651/3651
f 3651/3651/3651 3653/3653/3653 3654/3654/3654 3652/3652/3652
f 3654/3654/3654 3682/3682/3682 3683/3683/3683 3681/3681/3681
f 3649/3649/3649 3656/3656/3656 3657/3657/3657 3655/3655/3655
f 3656/3656/3656 3651/3651/3651 3652/3652/3652 3657/3657/3657
f 3743/3743/3743 3742/3742/3742 3741/3741/3741
f 3453/3453/3453 3733/3733/3733 3743/3743/3743
f 3741/3741/3741 3453/3453/3453 3743/3743/3743
f 3733/3733/3733 3739/3739/3739 3745/3745/3745 3743/3743/3743
f 3743/3743/3743 3745/3745/3745 3744/3744/3744 3742/3742/3742
f 3742/3742/3742 3744/3744/3744 3748/3748/3748 3746/3746/3746
f 3746/3746/3746 3748/3748/3748 3747/3747/3747 3650/3650/3650
f 3746/3746/3746 3650/3650/3650 3452/3452/3452
f 3741/3741/3741 3742/3742/3742 3746/3746/3746
f 3452/3452/3452 3741/3741/3741 3746/3746/3746
f 3735/3735/3735 3734/3734/3734 3732/3732/3732
f 3454/3454/3454 3468/3468/3468 3735/3735/3735
f 3732/3732/3732 3454/3454/3454 3735/3735/3735
f 3468/3468/3468 3730/3730/3730 3737/3737/3737 3735/3735/3735
f 3735/3735/3735 3737/3737/3737 3736/3736/3736 3734/3734/3734
f 3734/3734/3734 3736/3736/3736 3740/3740/3740 3738/3738/3738
f 3738/3738/3738 3740/3740/3740 3739/3739/3739 3733/3733/3733
f 3738/3738/3738 3733/3733/3733 3453/3453/3453
f 3732/3732/3732 3734/3734/3734 3738/3738/3738
f 3453/3453/3453 3732/3732/3732 3738/3738/3738
f 3532/3532/3532 3470/3470/3470 3469/3469/3469 3531/3531/3531
f 3528/3528/3528 3532/3532/3532 3531/3531/3531 3467/3467/3467
f 3473/3473/3473 3475/3475/3475 3474/3474/3474 3472/3472/3472
f 3470/3470/3470 3472/3472/3472 3471/3471/3471 3469/3469/3469
f 3469/3469/3469 3471/3471/3471 3731/3731/3731 3729/3729/3729
f 3729/3729/3729 3731/3731/3731 3730/3730/3730 3468/3468/3468
f 3531/3531/3531 3469/3469/3469 3729/3729/3729
f 3729/3729/3729 3468/3468/3468 3454/3454/3454
f 3454/3454/3454 3467/3467/3467 3531/3531/3531
f 3531/3531/3531 3729/3729/3729 3454/3454/3454
f 3665/3665/3665 3658/3658/3658 3455/3455/3455
f 3659/3659/3659 3660/3660/3660 3665/3665/3665
f 3455/3455/3455 3659/3659/3659 3665/3665/3665
f 3662/3662/3662 3660/3660/3660 3659/3659/3659
f 3452/3452/3452 3649/3649/3649 3662/3662/3662
f 3659/3659/3659 3452/3452/3452 3662/3662/3662
f 3660/3660/3660 3662/3662/3662 3663/3663/3663 3661/3661/3661
f 3662/3662/3662 3649/3649/3649 3655/3655/3655 3663/3663/3663
f 3658/3658/3658 3665/3665/3665 3666/3666/3666 3664/3664/3664
f 3665/3665/3665 3660/3660/3660 3661/3661/3661 3666/3666/3666
f 3741/3741/3741 3452/3452/3452 3659/3659/3659
f 3659/3659/3659 3455/3455/3455 3456/3456/3456
f 3456/3456/3456 3453/3453/3453 3741/3741/3741
f 3741/3741/3741 3659/3659/3659 3456/3456/3456
f 3523/3523/3523 3454/3454/3454 3732/3732/3732
f 3732/3732/3732 3453/3453/3453 3456/3456/3456
f 3456/3456/3456 3457/3457/3457 3523/3523/3523
f 3523/3523/3523 3732/3732/3732 3456/3456/3456
f 3527/3527/3527 3525/3525/3525 3524/3524/3524 3526/3526/3526
f 3520/3520/3520 3527/3527/3527 3526/3526/3526 3514/3514/3514
f 3530/3530/3530 3528/3528/3528 3467/3467/3467 3529/3529/3529
f 3525/3525/3525 3530/3530/3530 3529/3529/3529 3524/3524/3524
f 3529/3529/3529 3467/3467/3467 3454/3454/3454
f 3523/3523/3523 3524/3524/3524 3529/3529/3529
f 3454/3454/3454 3523/3523/3523 3529/3529/3529
f 3526/3526/3526 3524/3524/3524 3523/3523/3523
f 3457/3457/3457 3514/3514/3514 3526/3526/3526
f 3523/3523/3523 3457/3457/3457 3526/3526/3526
f 3673/3673/3673 3586/3586/3586 3458/3458/3458
f 3667/3667/3667 3668/3668/3668 3673/3673/3673
f 3458/3458/3458 3667/3667/3667 3673/3673/3673
f 3670/3670/3670 3668/3668/3668 3667/3667/3667
f 3455/3455/3455 3658/3658/3658 3670/3670/3670
f 3667/3667/3667 3455/3455/3455 3670/3670/3670
f 3668/3668/3668 3670/3670/3670 3671/3671/3671 3669/3669/3669
f 3670/3670/3670 3658/3658/3658 3664/3664/3664 3671/3671/3671
f 3586/3586/3586 3673/3673/3673 3674/3674/3674 3672/3672/3672
f 3673/3673/3673 3668/3668/3668 3669/3669/3669 3674/3674/3674
f 3667/3667/3667 3458/3458/3458 3595/3595/3595
f 3595/3595/3595 3459/3459/3459 3456/3456/3456
f 3456/3456/3456 3455/3455/3455 3667/3667/3667
f 3667/3667/3667 3595/3595/3595 3456/3456/3456
f 3603/3603/3603 3460/3460/3460 3515/3515/3515
f 3515/3515/3515 3457/3457/3457 3456/3456/3456
f 3456/3456/3456 3459/3459/3459 3603/3603/3603
f 3603/3603/3603 3515/3515/3515 3456/3456/3456
f 3519/3519/3519 3517/3517/3517 3516/3516/3516 3518/3518/3518
f 3511/3511/3511 3519/3519/3519 3518/3518/3518 3505/3505/3505
f 3522/3522/3522 3520/3520/3520 3514/3514/3514 3521/3521/3521
f 3517/3517/3517 3522/3522/3522 3521/3521/3521 3516/3516/3516
f 3521/3521/3521 3514/3514/3514 3457/3457/3457
f 3515/3515/3515 3516/3516/3516 3521/3521/3521
f 3457/3457/3457 3515/3515/3515 3521/3521/3521
f 3518/3518/3518 3516/3516/3516 3515/3515/3515
f 3460/3460/3460 3505/3505/3505 3518/3518/3518
f 3515/3515/3515 3460/3460/3460 3518/3518/3518
f 3591/3591/3591 3585/3585/3585 3592/3592/3592 3593/3593/3593
f 3593/3593/3593 3592/3592/3592 3587/3587/3587 3588/3588/3588
f 3675/3675/3675 3587/3587/3587 3592/3592/3592
f 3592/3592/3592 3585/3585/3585 3458/3458/3458
f 3458/3458/3458 3586/3586/3586 3675/3675/3675
f 3675/3675/3675 3592/3592/3592 3458/3458/3458
f 3587/3587/3587 3675/3675/3675 3676/3676/3676 3589/3589/3589
f 3675/3675/3675 3586/3586/3586 3672/3672/3672 3676/3676/3676
f 3588/3588/3588 3587/3587/3587 3589/3589/3589 3590/3590/3590
f 3617/3617/3617 3590/3590/3590 3618/3618/3618 3619/3619/3619
f 3600/3600/3600 3594/3594/3594 3601/3601/3601 3602/3602/3602
f 3602/3602/3602 3601/3601/3601 3596/3596/3596 3597/3597/3597
f 3601/3601/3601 3594/3594/3594 3459/3459/3459
f 3595/3595/3595 3596/3596/3596 3601/3601/3601
f 3459/3459/3459 3595/3595/3595 3601/3601/3601
f 3598/3598/3598 3596/3596/3596 3595/3595/3595
f 3458/3458/3458 3585/3585/3585 3598/3598/3598
f 3595/3595/3595 3458/3458/3458 3598/3598/3598
f 3597/3597/3597 3596/3596/3596 3598/3598/3598 3599/3599/3599
f 3599/3599/3599 3598/3598/3598 3585/3585/3585 3591/3591/3591
f 3608/3608/3608 3506/3506/3506 3609/3609/3609 3610/3610/3610
f 3610/3610/3610 3609/3609/3609 3604/3604/3604 3605/3605/3605
f 3609/3609/3609 3506/3506/3506 3460/3460/3460
f 3603/3603/3603 3604/3604/3604 3609/3609/3609
f 3460/3460/3460 3603/3603/3603 3609/3609/3609
f 3606/3606/3606 3604/3604/3604 3603/3603/3603
f 3459/3459/3459 3594/3594/3594 3606/3606/3606
f 3603/3603/3603 3459/3459/3459 3606/3606/3606
f 3605/3605/3605 3604/3604/3604 3606/3606/3606 3607/3607/3607
f 3607/3607/3607 3606/3606/3606 3594/3594/3594 3600/3600/3600
f 3539/3539/3539 3537/3537/3537 3510/3510/3510 3538/3538/3538
f 3510/3510/3510 3508/3508/3508 3507/3507/3507 3509/3509/3509
f 3513/3513/3513 3511/3511/3511 3505/3505/3505 3512/3512/3512
f 3508/3508/3508 3513/3513/3513 3512/3512/3512 3507/3507/3507
f 3611/3611/3611 3507/3507/3507 3512/3512/3512
f 3512/3512/3512 3505/3505/3505 3460/3460/3460
f 3460/3460/3460 3506/3506/3506 3611/3611/3611
f 3611/3611/3611 3512/3512/3512 3460/3460/3460
f 3509/3509/3509 3507/3507/3507 3611/3611/3611 3612/3612/3612
f 3612/3612/3612 3611/3611/3611 3506/3506/3506 3608/3608/3608
f 3683/3683/3683 3728/3728/3728 3677/3677/3677
f 3682/3682/3682 3727/3727/3727 3728/3728/3728
f 3726/3726/3726 3653/3653/3653 3725/3725/3725
f 3724/3724/3724 3653/3653/3653 3723/3723/3723
f 3653/3653/3653 3724/3724/3724 3725/3725/3725
f 3726/3726/3726 3727/3727/3727 3682/3682/3682
f 3680/3680/3680 3683/3683/3683 3679/3679/3679
f 3620/3620/3620 3683/3683/3683 3680/3680/3680
f 3750/3750/3750 3722/3722/3722 3723/3723/3723
f 3683/3683/3683 3677/3677/3677 3678/3678/3678
f 3683/3683/3683 3682/3682/3682 3728/3728/3728
f 3683/3683/3683 3678/3678/3678 3679/3679/3679
f 3750/3750/3750 3721/3721/3721 3722/3722/3722
f 3682/3682/3682 3653/3653/3653 3726/3726/3726
f 3721/3721/3721 3750/3750/3750 3720/3720/3720
f 3720/3720/3720 3747/3747/3747 3719/3719/3719
f 3718/3718/3718 3747/3747/3747 3717/3717/3717
f 3716/3716/3716 3748/3748/3748 3715/3715/3715
f 3748/3748/3748 3716/3716/3716 3717/3717/3717
f 3747/3747/3747 3718/3718/3718 3719/3719/3719
f 3714/3714/3714 3744/3744/3744 3713/3713/3713
f 3712/3712/3712 3744/3744/3744 3711/3711/3711
f 3744/3744/3744 3712/3712/3712 3713/3713/3713
f 3710/3710/3710 3745/3745/3745 3709/3709/3709
f 3707/3707/3707 3708/3708/3708 3739/3739/3739
f 3745/3745/3745 3708/3708/3708 3709/3709/3709
f 3745/3745/3745 3710/3710/3710 3711/3711/3711
f 3748/3748/3748 3714/3714/3714 3715/3715/3715
f 3681/3681/3681 3683/3683/3683 3620/3620/3620 3621/3621/3621
f 3681/3681/3681 3621/3621/3621 3622/3622/3622
f 3652/3652/3652 3622/3622/3622 3623/3623/3623
f 3657/3657/3657 3624/3624/3624 3625/3625/3625
f 3655/3655/3655 3626/3626/3626 3627/3627/3627
f 3657/3657/3657 3625/3625/3625 3626/3626/3626
f 3652/3652/3652 3623/3623/3623 3624/3624/3624
f 3663/3663/3663 3628/3628/3628 3629/3629/3629
f 3663/3663/3663 3629/3629/3629 3630/3630/3630
f 3661/3661/3661 3631/3631/3631 3632/3632/3632
f 3633/3633/3633 3634/3634/3634 3664/3664/3664 3666/3666/3666
f 3666/3666/3666 3632/3632/3632 3633/3633/3633
f 3661/3661/3661 3630/3630/3630 3631/3631/3631
f 3655/3655/3655 3627/3627/3627 3628/3628/3628
f 3652/3652/3652 3654/3654/3654 3681/3681/3681
f 3682/3682/3682 3654/3654/3654 3653/3653/3653
f 3720/3720/3720 3750/3750/3750 3747/3747/3747
f 3714/3714/3714 3748/3748/3748 3744/3744/3744
f 3717/3717/3717 3747/3747/3747 3748/3748/3748
f 3723/3723/3723 3653/3653/3653 3750/3750/3750
f 3622/3622/3622 3652/3652/3652 3681/3681/3681
f 3655/3655/3655 3657/3657/3657 3626/3626/3626
f 3652/3652/3652 3624/3624/3624 3657/3657/3657
f 3666/3666/3666 3661/3661/3661 3632/3632/3632
f 3663/3663/3663 3630/3630/3630 3661/3661/3661
f 3655/3655/3655 3628/3628/3628 3663/3663/3663
f 3711/3711/3711 3744/3744/3744 3745/3745/3745
f 3664/3664/3664 3634/3634/3634 3635/3635/3635
f 3745/3745/3745 3739/3739/3739 3708/3708/3708
f 3705/3705/3705 3739/3739/3739 3704/3704/3704
f 3704/3704/3704 3740/3740/3740 3703/3703/3703
f 3702/3702/3702 3740/3740/3740 3701/3701/3701
f 3700/3700/3700 3736/3736/3736 3699/3699/3699
f 3736/3736/3736 3700/3700/3700 3701/3701/3701
f 3740/3740/3740 3702/3702/3702 3703/3703/3703
f 3698/3698/3698 3737/3737/3737 3697/3697/3697
f 3697/3697/3697 3737/3737/3737 3696/3696/3696
f 3695/3695/3695 3730/3730/3730 3694/3694/3694
f 3693/3693/3693 3730/3730/3730 3692/3692/3692
f 3730/3730/3730 3693/3693/3693 3694/3694/3694
f 3737/3737/3737 3695/3695/3695 3696/3696/3696
f 3736/3736/3736 3698/3698/3698 3699/3699/3699
f 3691/3691/3691 3731/3731/3731 3690/3690/3690
f 3690/3690/3690 3731/3731/3731 3689/3689/3689
f 3688/3688/3688 3471/3471/3471 3687/3687/3687
f 3471/3471/3471 3474/3474/3474 3686/3686/3686
f 3471/3471/3471 3686/3686/3686 3687/3687/3687
f 3471/3471/3471 3688/3688/3688 3689/3689/3689
f 3474/3474/3474 3684/3684/3684 3685/3685/3685
f 3474/3474/3474 3475/3475/3475 3466/3466/3466 3684/3684/3684
f 3474/3474/3474 3685/3685/3685 3686/3686/3686
f 3465/3465/3465 3466/3466/3466 3475/3475/3475
f 3464/3464/3464 3465/3465/3465 3475/3475/3475
f 3464/3464/3464 3475/3475/3475 3463/3463/3463
f 3463/3463/3463 3475/3475/3475 3462/3462/3462
f 3692/3692/3692 3731/3731/3731 3691/3691/3691
f 3739/3739/3739 3705/3705/3705 3706/3706/3706
f 3740/3740/3740 3736/3736/3736 3701/3701/3701
f 3736/3736/3736 3737/3737/3737 3698/3698/3698
f 3730/3730/3730 3731/3731/3731 3692/3692/3692
f 3471/3471/3471 3472/3472/3472 3474/3474/3474
f 3731/3731/3731 3471/3471/3471 3689/3689/3689
f 3737/3737/3737 3730/3730/3730 3695/3695/3695
f 3473/3473/3473 3472/3472/3472 3470/3470/3470
f 3470/3470/3470 3532/3532/3532 3501/3501/3501 3502/3502/3502
f 3503/3503/3503 3473/3473/3473 3470/3470/3470
f 3528/3528/3528 3530/3530/3530 3497/3497/3497 3498/3498/3498
f 3532/3532/3532 3528/3528/3528 3499/3499/3499 3500/3500/3500
f 3530/3530/3530 3525/3525/3525 3495/3495/3495 3496/3496/3496
f 3525/3525/3525 3527/3527/3527 3493/3493/3493 3494/3494/3494
f 3475/3475/3475 3473/3473/3473 3504/3504/3504 3462/3462/3462
f 3473/3473/3473 3503/3503/3503 3504/3504/3504
f 3500/3500/3500 3501/3501/3501 3532/3532/3532
f 3502/3502/3502 3503/3503/3503 3470/3470/3470
f 3496/3496/3496 3497/3497/3497 3530/3530/3530
f 3527/3527/3527 3491/3491/3491 3492/3492/3492
f 3492/3492/3492 3493/3493/3493 3527/3527/3527
f 3494/3494/3494 3495/3495/3495 3525/3525/3525
f 3498/3498/3498 3499/3499/3499 3528/3528/3528
f 3520/3520/3520 3491/3491/3491 3527/3527/3527
f 3739/3739/3739 3740/3740/3740 3704/3704/3704
f 3739/3739/3739 3706/3706/3706 3707/3707/3707
f 3671/3671/3671 3635/3635/3635 3636/3636/3636
f 3671/3671/3671 3636/3636/3636 3637/3637/3637
f 3669/3669/3669 3638/3638/3638 3639/3639/3639
f 3674/3674/3674 3640/3640/3640 3641/3641/3641
f 3674/3674/3674 3639/3639/3639 3640/3640/3640
f 3669/3669/3669 3637/3637/3637 3638/3638/3638
f 3672/3672/3672 3642/3642/3642 3643/3643/3643
f 3676/3676/3676 3643/3643/3643 3644/3644/3644
f 3589/3589/3589 3645/3645/3645 3646/3646/3646
f 3618/3618/3618 3647/3647/3647 3648/3648/3648
f 3589/3589/3589 3646/3646/3646 3647/3647/3647
f 3676/3676/3676 3644/3644/3644 3645/3645/3645
f 3672/3672/3672 3641/3641/3641 3642/3642/3642
f 3671/3671/3671 3637/3637/3637 3669/3669/3669
f 3589/3589/3589 3647/3647/3647 3618/3618/3618
f 3669/3669/3669 3639/3639/3639 3674/3674/3674
f 3672/3672/3672 3674/3674/3674 3641/3641/3641
f 3589/3589/3589 3676/3676/3676 3645/3645/3645
f 3672/3672/3672 3643/3643/3643 3676/3676/3676
f 3589/3589/3589 3618/3618/3618 3590/3590/3590
f 3617/3617/3617 3588/3588/3588 3590/3590/3590
f 3591/3591/3591 3593/3593/3593 3549/3549/3549 3550/3550/3550
f 3593/3593/3593 3588/3588/3588 3546/3546/3546 3547/3547/3547
f 3597/3597/3597 3599/3599/3599 3555/3555/3555 3556/3556/3556
f 3600/3600/3600 3602/3602/3602 3561/3561/3561 3562/3562/3562
f 3602/3602/3602 3597/3597/3597 3558/3558/3558 3559/3559/3559
f 3599/3599/3599 3591/3591/3591 3552/3552/3552 3553/3553/3553
f 3648/3648/3648 3613/3613/3613 3619/3619/3619 3618/3618/3618
f 3614/3614/3614 3619/3619/3619 3613/3613/3613
f 3615/3615/3615 3619/3619/3619 3614/3614/3614
f 3617/3617/3617 3619/3619/3619 3540/3540/3540 3541/3541/3541
f 3619/3619/3619 3616/3616/3616 3540/3540/3540
f 3616/3616/3616 3619/3619/3619 3615/3615/3615
f 3543/3543/3543 3588/3588/3588 3617/3617/3617
f 3617/3617/3617 3541/3541/3541 3542/3542/3542
f 3617/3617/3617 3542/3542/3542 3543/3543/3543
f 3544/3544/3544 3545/3545/3545 3588/3588/3588
f 3545/3545/3545 3546/3546/3546 3588/3588/3588
f 3543/3543/3543 3544/3544/3544 3588/3588/3588
f 3593/3593/3593 3547/3547/3547 3548/3548/3548
f 3548/3548/3548 3549/3549/3549 3593/3593/3593
f 3551/3551/3551 3552/3552/3552 3591/3591/3591
f 3553/3553/3553 3554/3554/3554 3599/3599/3599
f 3550/3550/3550 3551/3551/3551 3591/3591/3591
f 3557/3557/3557 3558/3558/3558 3597/3597/3597
f 3556/3556/3556 3557/3557/3557 3597/3597/3597
f 3559/3559/3559 3560/3560/3560 3602/3602/3602
f 3560/3560/3560 3561/3561/3561 3602/3602/3602
f 3554/3554/3554 3555/3555/3555 3599/3599/3599
f 3461/3461/3461 3600/3600/3600 3562/3562/3562
f 3520/3520/3520 3522/3522/3522 3489/3489/3489 3490/3490/3490
f 3522/3522/3522 3517/3517/3517 3487/3487/3487 3488/3488/3488
f 3519/3519/3519 3511/3511/3511 3483/3483/3483 3484/3484/3484
f 3513/3513/3513 3508/3508/3508 3479/3479/3479 3480/3480/3480
f 3511/3511/3511 3513/3513/3513 3481/3481/3481 3482/3482/3482
f 3517/3517/3517 3519/3519/3519 3485/3485/3485 3486/3486/3486
f 3605/3605/3605 3607/3607/3607 3566/3566/3566 3567/3567/3567
f 3610/3610/3610 3605/3605/3605 3569/3569/3569 3570/3570/3570
f 3612/3612/3612 3608/3608/3608 3575/3575/3575 3576/3576/3576
f 3538/3538/3538 3510/3510/3510 3509/3509/3509
f 3509/3509/3509 3612/3612/3612 3578/3578/3578 3579/3579/3579
f 3608/3608/3608 3610/3610/3610 3572/3572/3572 3573/3573/3573
f 3537/3537/3537 3508/3508/3508 3510/3510/3510
f 3488/3488/3488 3489/3489/3489 3522/3522/3522
f 3486/3486/3486 3487/3487/3487 3517/3517/3517
f 3484/3484/3484 3485/3485/3485 3519/3519/3519
f 3482/3482/3482 3483/3483/3483 3511/3511/3511
f 3481/3481/3481 3513/3513/3513 3480/3480/3480
f 3537/3537/3537 3477/3477/3477 3478/3478/3478
f 3479/3479/3479 3508/3508/3508 3478/3478/3478
f 3476/3476/3476 3477/3477/3477 3537/3537/3537 3539/3539/3539
f 3537/3537/3537 3478/3478/3478 3508/3508/3508
f 3491/3491/3491 3520/3520/3520 3490/3490/3490
f 3607/3607/3607 3600/3600/3600 3563/3563/3563 3564/3564/3564
f 3564/3564/3564 3565/3565/3565 3607/3607/3607
f 3569/3569/3569 3605/3605/3605 3568/3568/3568
f 3567/3567/3567 3568/3568/3568 3605/3605/3605
f 3565/3565/3565 3566/3566/3566 3607/3607/3607
f 3570/3570/3570 3571/3571/3571 3610/3610/3610
f 3571/3571/3571 3572/3572/3572 3610/3610/3610
f 3574/3574/3574 3575/3575/3575 3608/3608/3608
f 3576/3576/3576 3577/3577/3577 3612/3612/3612
f 3573/3573/3573 3574/3574/3574 3608/3608/3608
f 3533/3533/3533 3534/3534/3534 3539/3539/3539
f 3578/3578/3578 3612/3612/3612 3577/3577/3577
f 3539/3539/3539 3538/3538/3538 3584/3584/3584 3533/3533/3533
f 3536/3536/3536 3476/3476/3476 3539/3539/3539
f 3539/3539/3539 3535/3535/3535 3536/3536/3536
f 3539/3539/3539 3534/3534/3534 3535/3535/3535
f 3579/3579/3579 3580/3580/3580 3509/3509/3509
f 3581/3581/3581 3582/3582/3582 3509/3509/3509
f 3580/3580/3580 3581/3581/3581 3509/3509/3509
f 3538/3538/3538 3582/3582/3582 3583/3583/3583
f 3538/3538/3538 3583/3583/3583 3584/3584/3584
f 3509/3509/3509 3582/3582/3582 3538/3538/3538
f 3600/3600/3600 3461/3461/3461 3563/3563/3563
f 3635/3635/3635 3671/3671/3671 3664/3664/3664
f 3838/3838/3838 4198/4198/4198 4199/4199/4199 4197/4197/4197
f 4189/4189/4189 4193/4193/4193 4192/4192/4192 3922/3922/3922
f 3923/3923/3923 4201/4201/4201 4202/4202/4202 4200/4200/4200
f 4201/4201/4201 3838/3838/3838 4197/4197/4197 4202/4202/4202
f 4201/4201/4201 3923/3923/3923 3924/3924/3924
f 3839/3839/3839 3838/3838/3838 4201/4201/4201
f 3924/3924/3924 3839/3839/3839 4201/4201/4201
f 3925/3925/3925 3840/3840/3840 3839/3839/3839 3924/3924/3924
f 3926/3926/3926 3841/3841/3841 3840/3840/3840 3925/3925/3925
f 3927/3927/3927 3842/3842/3842 3841/3841/3841 3926/3926/3926
f 3928/3928/3928 3843/3843/3843 3842/3842/3842 3927/3927/3927
f 3929/3929/3929 3844/3844/3844 3843/3843/3843 3928/3928/3928
f 3930/3930/3930 3845/3845/3845 3844/3844/3844 3929/3929/3929
f 3931/3931/3931 3846/3846/3846 3845/3845/3845 3930/3930/3930
f 3932/3932/3932 3847/3847/3847 3846/3846/3846 3931/3931/3931
f 3933/3933/3933 3848/3848/3848 3847/3847/3847 3932/3932/3932
f 3934/3934/3934 3849/3849/3849 3848/3848/3848 3933/3933/3933
f 3935/3935/3935 3850/3850/3850 3849/3849/3849 3934/3934/3934
f 3936/3936/3936 3851/3851/3851 3850/3850/3850 3935/3935/3935
f 3937/3937/3937 3852/3852/3852 3851/3851/3851 3936/3936/3936
f 3938/3938/3938 3853/3853/3853 3852/3852/3852 3937/3937/3937
f 3939/3939/3939 3854/3854/3854 3853/3853/3853 3938/3938/3938
f 3940/3940/3940 3855/3855/3855 3854/3854/3854 3939/3939/3939
f 3941/3941/3941 3856/3856/3856 3855/3855/3855 3940/3940/3940
f 3942/3942/3942 3857/3857/3857 3856/3856/3856 3941/3941/3941
f 3943/3943/3943 3858/3858/3858 3857/3857/3857 3942/3942/3942
f 3944/3944/3944 3859/3859/3859 3858/3858/3858 3943/3943/3943
f 3945/3945/3945 3860/3860/3860 3859/3859/3859 3944/3944/3944
f 3946/3946/3946 3861/3861/3861 3860/3860/3860 3945/3945/3945
f 3947/3947/3947 3862/3862/3862 3861/3861/3861 3946/3946/3946
f 3948/3948/3948 3863/3863/3863 3862/3862/3862 3947/3947/3947
f 3949/3949/3949 3864/3864/3864 3863/3863/3863 3948/3948/3948
f 3950/3950/3950 3865/3865/3865 3864/3864/3864 3949/3949/3949
f 3951/3951/3951 3866/3866/3866 3865/3865/3865 3950/3950/3950
f 3952/3952/3952 3867/3867/3867 3866/3866/3866 3951/3951/3951
f 3953/3953/3953 3868/3868/3868 3867/3867/3867 3952/3952/3952
f 3954/3954/3954 3869/3869/3869 3868/3868/3868 3953/3953/3953
f 3955/3955/3955 3870/3870/3870 3869/3869/3869 3954/3954/3954
f 3956/3956/3956 3871/3871/3871 3870/3870/3870 3955/3955/3955
f 3957/3957/3957 3872/3872/3872 3871/3871/3871 3956/3956/3956
f 3958/3958/3958 3873/3873/3873 3872/3872/3872 3957/3957/3957
f 3959/3959/3959 3874/3874/3874 3873/3873/3873 3958/3958/3958
f 3960/3960/3960 3875/3875/3875 3874/3874/3874 3959/3959/3959
f 3961/3961/3961 3876/3876/3876 3875/3875/3875 3960/3960/3960
f 3962/3962/3962 3877/3877/3877 3876/3876/3876 3961/3961/3961
f 3963/3963/3963 3878/3878/3878 3877/3877/3877 3962/3962/3962
f 3964/3964/3964 3879/3879/3879 3878/3878/3878 3963/3963/3963
f 3965/3965/3965 3880/3880/3880 3879/3879/3879 3964/3964/3964
f 3966/3966/3966 3881/3881/3881 3880/3880/3880 3965/3965/3965
f 3967/3967/3967 3882/3882/3882 3881/3881/3881 3966/3966/3966
f 3968/3968/3968 3883/3883/3883 3882/3882/3882 3967/3967/3967
f 3969/3969/3969 3884/3884/3884 3883/3883/3883 3968/3968/3968
f 3970/3970/3970 3885/3885/3885 3884/3884/3884 3969/3969/3969
f 3971/3971/3971 3886/3886/3886 3885/3885/3885 3970/3970/3970
f 3972/3972/3972 3887/3887/3887 3886/3886/3886 3971/3971/3971
f 3973/3973/3973 3888/3888/3888 3887/3887/3887 3972/3972/3972
f 3974/3974/3974 3889/3889/3889 3888/3888/3888 3973/3973/3973
f 3975/3975/3975 3890/3890/3890 3889/3889/3889 3974/3974/3974
f 3976/3976/3976 3891/3891/3891 3890/3890/3890 3975/3975/3975
f 3977/3977/3977 3892/3892/3892 3891/3891/3891 3976/3976/3976
f 3978/3978/3978 3893/3893/3893 3892/3892/3892 3977/3977/3977
f 3979/3979/3979 3894/3894/3894 3893/3893/3893 3978/3978/3978
f 3980/3980/3980 3895/3895/3895 3894/3894/3894 3979/3979/3979
f 3981/3981/3981 3896/3896/3896 3895/3895/3895 3980/3980/3980
f 3982/3982/3982 3897/3897/3897 3896/3896/3896 3981/3981/3981
f 3983/3983/3983 3898/3898/3898 3897/3897/3897 3982/3982/3982
f 3984/3984/3984 3899/3899/3899 3898/3898/3898 3983/3983/3983
f 3985/3985/3985 3900/3900/3900 3899/3899/3899 3984/3984/3984
f 3986/3986/3986 3901/3901/3901 3900/3900/3900 3985/3985/3985
f 3987/3987/3987 3902/3902/3902 3901/3901/3901 3986/3986/3986
f 3988/3988/3988 3903/3903/3903 3902/3902/3902 3987/3987/3987
f 3989/3989/3989 3904/3904/3904 3903/3903/3903 3988/3988/3988
f 3990/3990/3990 3905/3905/3905 3904/3904/3904 3989/3989/3989
f 3991/3991/3991 3906/3906/3906 3905/3905/3905 3990/3990/3990
f 3992/3992/3992 3907/3907/3907 3906/3906/3906 3991/3991/3991
f 3993/3993/3993 3908/3908/3908 3907/3907/3907 3992/3992/3992
f 3994/3994/3994 3909/3909/3909 3908/3908/3908 3993/3993/3993
f 3995/3995/3995 3910/3910/3910 3909/3909/3909 3994/3994/3994
f 3996/3996/3996 3911/3911/3911 3910/3910/3910 3995/3995/3995
f 3997/3997/3997 3912/3912/3912 3911/3911/3911 3996/3996/3996
f 3998/3998/3998 3913/3913/3913 3912/3912/3912 3997/3997/3997
f 3999/3999/3999 3914/3914/3914 3913/3913/3913 3998/3998/3998
f 4000/4000/4000 3915/3915/3915 3914/3914/3914 3999/3999/3999
f 4001/4001/4001 3916/3916/3916 3915/3915/3915 4000/4000/4000
f 4002/4002/4002 3917/3917/3917 3916/3916/3916 4001/4001/4001
f 4003/4003/4003 3918/3918/3918 3917/3917/3917 4002/4002/4002
f 4004/4004/4004 3919/3919/3919 3918/3918/3918 4003/4003/4003
f 4005/4005/4005 3920/3920/3920 3919/3919/3919 4004/4004/4004
f 4006/4006/4006 3921/3921/3921 3920/3920/3920 4005/4005/4005
f 4190/4190/4190 3922/3922/3922 3921/3921/3921
f 4006/4006/4006 4007/4007/4007 4190/4190/4190
f 3921/3921/3921 4006/4006/4006 4190/4190/4190
f 4191/4191/4191 4189/4189/4189 3922/3922/3922 4190/4190/4190
f 4186/4186/4186 4191/4191/4191 4190/4190/4190 4007/4007/4007
f 4008/4008/4008 4204/4204/4204 4205/4205/4205 4203/4203/4203
f 4204/4204/4204 3923/3923/3923 4200/4200/4200 4205/4205/4205
f 4204/4204/4204 4008/4008/4008 4009/4009/4009
f 3924/3924/3924 3923/3923/3923 4204/4204/4204
f 4009/4009/4009 3924/3924/3924 4204/4204/4204
f 4010/4010/4010 3925/3925/3925 3924/3924/3924 4009/4009/4009
f 4011/4011/4011 3926/3926/3926 3925/3925/3925 4010/4010/4010
f 4012/4012/4012 3927/3927/3927 3926/3926/3926 4011/4011/4011
f 4013/4013/4013 3928/3928/3928 3927/3927/3927 4012/4012/4012
f 4014/4014/4014 3929/3929/3929 3928/3928/3928 4013/4013/4013
f 4015/4015/4015 3930/3930/3930 3929/3929/3929 4014/4014/4014
f 4016/4016/4016 3931/3931/3931 3930/3930/3930 4015/4015/4015
f 4017/4017/4017 3932/3932/3932 3931/3931/3931 4016/4016/4016
f 4018/4018/4018 3933/3933/3933 3932/3932/3932 4017/4017/4017
f 4019/4019/4019 3934/3934/3934 3933/3933/3933 4018/4018/4018
f 4020/4020/4020 3935/3935/3935 3934/3934/3934 4019/4019/4019
f 4021/4021/4021 3936/3936/3936 3935/3935/3935 4020/4020/4020
f 4022/4022/4022 3937/3937/3937 3936/3936/3936 4021/4021/4021
f 4023/4023/4023 3938/3938/3938 3937/3937/3937 4022/4022/4022
f 4024/4024/4024 3939/3939/3939 3938/3938/3938 4023/4023/4023
f 4025/4025/4025 3940/3940/3940 3939/3939/3939 4024/4024/4024
f 4026/4026/4026 3941/3941/3941 3940/3940/3940 4025/4025/4025
f 4027/4027/4027 3942/3942/3942 3941/3941/3941 4026/4026/4026
f 4028/4028/4028 3943/3943/3943 3942/3942/3942 4027/4027/4027
f 4029/4029/4029 3944/3944/3944 3943/3943/3943 4028/4028/4028
f 4030/4030/4030 3945/3945/3945 3944/3944/3944 4029/4029/4029
f 4031/4031/4031 3946/3946/3946 3945/3945/3945 4030/4030/4030
f 4032/4032/4032 3947/3947/3947 3946/3946/3946 4031/4031/4031
f 4033/4033/4033 3948/3948/3948 3947/3947/3947 4032/4032/4032
f 4034/4034/4034 3949/3949/3949 3948/3948/3948 4033/4033/4033
f 4035/4035/4035 3950/3950/3950 3949/3949/3949 4034/4034/4034
f 4036/4036/4036 3951/3951/3951 3950/3950/3950 4035/4035/4035
f 4037/4037/4037 3952/3952/3952 3951/3951/3951 4036/4036/4036
f 4038/4038/4038 3953/3953/3953 3952/3952/3952 4037/4037/4037
f 4039/4039/4039 3954/3954/3954 3953/3953/3953 4038/4038/4038
f 4040/4040/4040 3955/3955/3955 3954/3954/3954 4039/4039/4039
f 4041/4041/4041 3956/3956/3956 3955/3955/3955 4040/4040/4040
f 4042/4042/4042 3957/3957/3957 3956/3956/3956 4041/4041/4041
f 4043/4043/4043 3958/3958/3958 3957/3957/3957 4042/4042/4042
f 4044/4044/4044 3959/3959/3959 3958/3958/3958 4043/4043/4043
f 4045/4045/4045 3960/3960/3960 3959/3959/3959 4044/4044/4044
f 4046/4046/4046 3961/3961/3961 3960/3960/3960 4045/4045/4045
f 4047/4047/4047 3962/3962/3962 3961/3961/3961 4046/4046/4046
f 4048/4048/4048 3963/3963/3963 3962/3962/3962 4047/4047/4047
f 4049/4049/4049 3964/3964/3964 3963/3963/3963 4048/4048/4048
f 4050/4050/4050 3965/3965/3965 3964/3964/3964 4049/4049/4049
f 4051/4051/4051 3966/3966/3966 3965/3965/3965 4050/4050/4050
f 4052/4052/4052 3967/3967/3967 3966/3966/3966 4051/4051/4051
f 4053/4053/4053 3968/3968/3968 3967/3967/3967 4052/4052/4052
f 4054/4054/4054 3969/3969/3969 3968/3968/3968 4053/4053/4053
f 4055/4055/4055 3970/3970/3970 3969/3969/3969 4054/4054/4054
f 4056/4056/4056 3971/3971/3971 3970/3970/3970 4055/4055/4055
f 4057/4057/4057 3972/3972/3972 3971/3971/3971 4056/4056/4056
f 4058/4058/4058 3973/3973/3973 3972/3972/3972 4057/4057/4057
f 4059/4059/4059 3974/3974/3974 3973/3973/3973 4058/4058/4058
f 4060/4060/4060 3975/3975/3975 3974/3974/3974 4059/4059/4059
f 4061/4061/4061 3976/3976/3976 3975/3975/3975 4060/4060/4060
f 4062/4062/4062 3977/3977/3977 3976/3976/3976 4061/4061/4061
f 4063/4063/4063 3978/3978/3978 3977/3977/3977 4062/4062/4062
f 4064/4064/4064 3979/3979/3979 3978/3978/3978 4063/4063/4063
f 4065/4065/4065 3980/3980/3980 3979/3979/3979 4064/4064/4064
f 4066/4066/4066 3981/3981/3981 3980/3980/3980 4065/4065/4065
f 4067/4067/4067 3982/3982/3982 3981/3981/3981 4066/4066/4066
f 4068/4068/4068 3983/3983/3983 3982/3982/3982 4067/4067/4067
f 4069/4069/4069 3984/3984/3984 3983/3983/3983 4068/4068/4068
f 4070/4070/4070 3985/3985/3985 3984/3984/3984 4069/4069/4069
f 4071/4071/4071 3986/3986/3986 3985/3985/3985 4070/4070/4070
f 4072/4072/4072 3987/3987/3987 3986/3986/3986 4071/4071/4071
f 4073/4073/4073 3988/3988/3988 3987/3987/3987 4072/4072/4072
f 4074/4074/4074 3989/3989/3989 3988/3988/3988 4073/4073/4073
f 4075/4075/4075 3990/3990/3990 3989/3989/3989 4074/4074/4074
f 4076/4076/4076 3991/3991/3991 3990/3990/3990 4075/4075/4075
f 4077/4077/4077 3992/3992/3992 3991/3991/3991 4076/4076/4076
f 4078/4078/4078 3993/3993/3993 3992/3992/3992 4077/4077/4077
f 4079/4079/4079 3994/3994/3994 3993/3993/3993 4078/4078/4078
f 4080/4080/4080 3995/3995/3995 3994/3994/3994 4079/4079/4079
f 4081/4081/4081 3996/3996/3996 3995/3995/3995 4080/4080/4080
f 4082/4082/4082 3997/3997/3997 3996/3996/3996 4081/4081/4081
f 4083/4083/4083 3998/3998/3998 3997/3997/3997 4082/4082/4082
f 4084/4084/4084 3999/3999/3999 3998/3998/3998 4083/4083/4083
f 4085/4085/4085 4000/4000/4000 3999/3999/3999 4084/4084/4084
f 4086/4086/4086 4001/4001/4001 4000/4000/4000 4085/4085/4085
f 4087/4087/4087 4002/4002/4002 4001/4001/4001 4086/4086/4086
f 4088/4088/4088 4003/4003/4003 4002/4002/4002 4087/4087/4087
f 4089/4089/4089 4004/4004/4004 4003/4003/4003 4088/4088/4088
f 4090/4090/4090 4005/4005/4005 4004/4004/4004 4089/4089/4089
f 4091/4091/4091 4006/4006/4006 4005/4005/4005 4090/4090/4090
f 4187/4187/4187 4007/4007/4007 4006/4006/4006
f 4091/4091/4091 4092/4092/4092 4187/4187/4187
f 4006/4006/4006 4091/4091/4091 4187/4187/4187
f 4188/4188/4188 4186/4186/4186 4007/4007/4007 4187/4187/4187
f 4183/4183/4183 4188/4188/4188 4187/4187/4187 4092/4092/4092
f 4206/4206/4206 4008/4008/4008 4203/4203/4203 4207/4207/4207
f 4185/4185/4185 4183/4183/4183 4092/4092/4092 4184/4184/4184
f 4199/4199/4199 3752/3752/3752 3751/3751/3751
f 3754/3754/3754 3753/3753/3753 3839/3839/3839 3840/3840/3840
f 3755/3755/3755 3754/3754/3754 3840/3840/3840 3841/3841/3841
f 3753/3753/3753 3752/3752/3752 4198/4198/4198
f 3757/3757/3757 3756/3756/3756 3842/3842/3842 3843/3843/3843
f 3758/3758/3758 3757/3757/3757 3843/3843/3843 3844/3844/3844
f 3760/3760/3760 3759/3759/3759 3845/3845/3845 3846/3846/3846
f 3761/3761/3761 3760/3760/3760 3846/3846/3846 3847/3847/3847
f 3759/3759/3759 3758/3758/3758 3844/3844/3844 3845/3845/3845
f 3756/3756/3756 3755/3755/3755 3841/3841/3841 3842/3842/3842
f 3763/3763/3763 3762/3762/3762 3848/3848/3848 3849/3849/3849
f 3764/3764/3764 3763/3763/3763 3849/3849/3849 3850/3850/3850
f 3765/3765/3765 3764/3764/3764 3850/3850/3850 3851/3851/3851
f 3762/3762/3762 3761/3761/3761 3847/3847/3847 3848/3848/3848
f 3766/3766/3766 3765/3765/3765 3851/3851/3851 3852/3852/3852
f 4198/4198/4198 3752/3752/3752 4199/4199/4199
f 3767/3767/3767 3766/3766/3766 3852/3852/3852 3853/3853/3853
f 3768/3768/3768 3767/3767/3767 3853/3853/3853 3854/3854/3854
f 3770/3770/3770 3769/3769/3769 3855/3855/3855 3856/3856/3856
f 3771/3771/3771 3770/3770/3770 3856/3856/3856 3857/3857/3857
f 3769/3769/3769 3768/3768/3768 3854/3854/3854 3855/3855/3855
f 3772/3772/3772 3771/3771/3771 3857/3857/3857 3858/3858/3858
f 4199/4199/4199 3751/3751/3751 4194/4194/4194
f 3773/3773/3773 3772/3772/3772 3858/3858/3858 3859/3859/3859
f 3775/3775/3775 3774/3774/3774 3860/3860/3860 3861/3861/3861
f 3776/3776/3776 3775/3775/3775 3861/3861/3861 3862/3862/3862
f 3774/3774/3774 3773/3773/3773 3859/3859/3859 3860/3860/3860
f 3778/3778/3778 3777/3777/3777 3863/3863/3863 3864/3864/3864
f 3779/3779/3779 3778/3778/3778 3864/3864/3864 3865/3865/3865
f 3781/3781/3781 3780/3780/3780 3866/3866/3866 3867/3867/3867
f 3782/3782/3782 3781/3781/3781 3867/3867/3867 3868/3868/3868
f 3780/3780/3780 3779/3779/3779 3865/3865/3865 3866/3866/3866
f 3777/3777/3777 3776/3776/3776 3862/3862/3862 3863/3863/3863
f 3784/3784/3784 3783/3783/3783 3869/3869/3869 3870/3870/3870
f 3785/3785/3785 3784/3784/3784 3870/3870/3870 3871/3871/3871
f 3787/3787/3787 3786/3786/3786 3872/3872/3872 3873/3873/3873
f 3788/3788/3788 3787/3787/3787 3873/3873/3873 3874/3874/3874
f 3786/3786/3786 3785/3785/3785 3871/3871/3871 3872/3872/3872
f 3790/3790/3790 3789/3789/3789 3875/3875/3875 3876/3876/3876
f 3791/3791/3791 3790/3790/3790 3876/3876/3876 3877/3877/3877
f 3793/3793/3793 3792/3792/3792 3878/3878/3878 3879/3879/3879
f 3794/3794/3794 3793/3793/3793 3879/3879/3879 3880/3880/3880
f 3792/3792/3792 3791/3791/3791 3877/3877/3877 3878/3878/3878
f 3789/3789/3789 3788/3788/3788 3874/3874/3874 3875/3875/3875
f 3783/3783/3783 3782/3782/3782 3868/3868/3868 3869/3869/3869
f 4198/4198/4198 3839/3839/3839 3753/3753/3753
f 4202/4202/4202 4197/4197/4197 4194/4194/4194
f 3838/3838/3838 3839/3839/3839 4198/4198/4198
f 4194/4194/4194 4195/4195/4195 4202/4202/4202
f 4199/4199/4199 4194/4194/4194 4197/4197/4197
f 3797/3797/3797 3796/3796/3796 3882/3882/3882 3883/3883/3883
f 3799/3799/3799 3798/3798/3798 3884/3884/3884 3885/3885/3885
f 3800/3800/3800 3799/3799/3799 3885/3885/3885 3886/3886/3886
f 3798/3798/3798 3797/3797/3797 3883/3883/3883 3884/3884/3884
f 3802/3802/3802 3801/3801/3801 3887/3887/3887 3888/3888/3888
f 3803/3803/3803 3802/3802/3802 3888/3888/3888 3889/3889/3889
f 3805/3805/3805 3804/3804/3804 3890/3890/3890 3891/3891/3891
f 3806/3806/3806 3805/3805/3805 3891/3891/3891 3892/3892/3892
f 3804/3804/3804 3803/3803/3803 3889/3889/3889 3890/3890/3890
f 3801/3801/3801 3800/3800/3800 3886/3886/3886 3887/3887/3887
f 3808/3808/3808 3807/3807/3807 3893/3893/3893 3894/3894/3894
f 3809/3809/3809 3808/3808/3808 3894/3894/3894 3895/3895/3895
f 3811/3811/3811 3810/3810/3810 3896/3896/3896 3897/3897/3897
f 3812/3812/3812 3811/3811/3811 3897/3897/3897 3898/3898/3898
f 3810/3810/3810 3809/3809/3809 3895/3895/3895 3896/3896/3896
f 3814/3814/3814 3813/3813/3813 3899/3899/3899 3900/3900/3900
f 3815/3815/3815 3814/3814/3814 3900/3900/3900 3901/3901/3901
f 3817/3817/3817 3816/3816/3816 3902/3902/3902 3903/3903/3903
f 3818/3818/3818 3817/3817/3817 3903/3903/3903 3904/3904/3904
f 3816/3816/3816 3815/3815/3815 3901/3901/3901 3902/3902/3902
f 3813/3813/3813 3812/3812/3812 3898/3898/3898 3899/3899/3899
f 3807/3807/3807 3806/3806/3806 3892/3892/3892 3893/3893/3893
f 3820/3820/3820 3819/3819/3819 3905/3905/3905 3906/3906/3906
f 3822/3822/3822 3821/3821/3821 3907/3907/3907 3908/3908/3908
f 3823/3823/3823 3822/3822/3822 3908/3908/3908 3909/3909/3909
f 3821/3821/3821 3820/3820/3820 3906/3906/3906 3907/3907/3907
f 3825/3825/3825 3824/3824/3824 3910/3910/3910 3911/3911/3911
f 3826/3826/3826 3825/3825/3825 3911/3911/3911 3912/3912/3912
f 3828/3828/3828 3827/3827/3827 3913/3913/3913 3914/3914/3914
f 3829/3829/3829 3828/3828/3828 3914/3914/3914 3915/3915/3915
f 3827/3827/3827 3826/3826/3826 3912/3912/3912 3913/3913/3913
f 3824/3824/3824 3823/3823/3823 3909/3909/3909 3910/3910/3910
f 3831/3831/3831 3830/3830/3830 3916/3916/3916 3917/3917/3917
f 3832/3832/3832 3831/3831/3831 3917/3917/3917 3918/3918/3918
f 3834/3834/3834 3833/3833/3833 3919/3919/3919 3920/3920/3920
f 3835/3835/3835 3834/3834/3834 3920/3920/3920 3921/3921/3921
f 3833/3833/3833 3832/3832/3832 3918/3918/3918 3919/3919/3919
f 4192/4192/4192 3836/3836/3836 3835/3835/3835
f 4193/4193/4193 3837/3837/3837 3836/3836/3836
f 4182/4182/4182 4193/4193/4193 4189/4189/4189
f 3837/3837/3837 4193/4193/4193 4182/4182/4182
f 3836/3836/3836 4192/4192/4192 4193/4193/4193
f 3921/3921/3921 4192/4192/4192 3835/3835/3835
f 3830/3830/3830 3829/3829/3829 3915/3915/3915 3916/3916/3916
f 3819/3819/3819 3818/3818/3818 3904/3904/3904 3905/3905/3905
f 3796/3796/3796 3795/3795/3795 3881/3881/3881 3882/3882/3882
f 3880/3880/3880 3881/3881/3881 3795/3795/3795 3794/3794/3794
f 4192/4192/4192 3921/3921/3921 3922/3922/3922
f 4181/4181/4181 4182/4182/4182 4189/4189/4189 4191/4191/4191
f 4191/4191/4191 4186/4186/4186 4181/4181/4181
f 4200/4200/4200 4202/4202/4202 4195/4195/4195
f 4205/4205/4205 4200/4200/4200 4195/4195/4195
f 4207/4207/4207 4203/4203/4203 4196/4196/4196
f 4196/4196/4196 4203/4203/4203 4205/4205/4205
f 4205/4205/4205 4195/4195/4195 4196/4196/4196
f 4010/4010/4010 4009/4009/4009 4095/4095/4095 4096/4096/4096
f 4011/4011/4011 4010/4010/4010 4096/4096/4096 4097/4097/4097
f 4013/4013/4013 4012/4012/4012 4098/4098/4098 4099/4099/4099
f 4014/4014/4014 4013/4013/4013 4099/4099/4099 4100/4100/4100
f 4012/4012/4012 4011/4011/4011 4097/4097/4097 4098/4098/4098
f 4009/4009/4009 4008/4008/4008 4206/4206/4206
f 4016/4016/4016 4015/4015/4015 4101/4101/4101 4102/4102/4102
f 4017/4017/4017 4016/4016/4016 4102/4102/4102 4103/4103/4103
f 4019/4019/4019 4018/4018/4018 4104/4104/4104 4105/4105/4105
f 4020/4020/4020 4019/4019/4019 4105/4105/4105 4106/4106/4106
f 4018/4018/4018 4017/4017/4017 4103/4103/4103 4104/4104/4104
f 4022/4022/4022 4021/4021/4021 4107/4107/4107 4108/4108/4108
f 4023/4023/4023 4022/4022/4022 4108/4108/4108 4109/4109/4109
f 4025/4025/4025 4024/4024/4024 4110/4110/4110 4111/4111/4111
f 4026/4026/4026 4025/4025/4025 4111/4111/4111 4112/4112/4112
f 4024/4024/4024 4023/4023/4023 4109/4109/4109 4110/4110/4110
f 4021/4021/4021 4020/4020/4020 4106/4106/4106 4107/4107/4107
f 4015/4015/4015 4014/4014/4014 4100/4100/4100 4101/4101/4101
f 4028/4028/4028 4027/4027/4027 4113/4113/4113 4114/4114/4114
f 4030/4030/4030 4029/4029/4029 4115/4115/4115 4116/4116/4116
f 4031/4031/4031 4030/4030/4030 4116/4116/4116 4117/4117/4117
f 4029/4029/4029 4028/4028/4028 4114/4114/4114 4115/4115/4115
f 4033/4033/4033 4032/4032/4032 4118/4118/4118 4119/4119/4119
f 4034/4034/4034 4033/4033/4033 4119/4119/4119 4120/4120/4120
f 4036/4036/4036 4035/4035/4035 4121/4121/4121 4122/4122/4122
f 4037/4037/4037 4036/4036/4036 4122/4122/4122 4123/4123/4123
f 4035/4035/4035 4034/4034/4034 4120/4120/4120 4121/4121/4121
f 4032/4032/4032 4031/4031/4031 4117/4117/4117 4118/4118/4118
f 4039/4039/4039 4038/4038/4038 4124/4124/4124 4125/4125/4125
f 4040/4040/4040 4039/4039/4039 4125/4125/4125 4126/4126/4126
f 4042/4042/4042 4041/4041/4041 4127/4127/4127 4128/4128/4128
f 4043/4043/4043 4042/4042/4042 4128/4128/4128 4129/4129/4129
f 4041/4041/4041 4040/4040/4040 4126/4126/4126 4127/4127/4127
f 4045/4045/4045 4044/4044/4044 4130/4130/4130 4131/4131/4131
f 4046/4046/4046 4045/4045/4045 4131/4131/4131 4132/4132/4132
f 4048/4048/4048 4047/4047/4047 4133/4133/4133 4134/4134/4134
f 4049/4049/4049 4048/4048/4048 4134/4134/4134 4135/4135/4135
f 4047/4047/4047 4046/4046/4046 4132/4132/4132 4133/4133/4133
f 4044/4044/4044 4043/4043/4043 4129/4129/4129 4130/4130/4130
f 4038/4038/4038 4037/4037/4037 4123/4123/4123 4124/4124/4124
f 4027/4027/4027 4026/4026/4026 4112/4112/4112 4113/4113/4113
f 4095/4095/4095 4009/4009/4009 4206/4206/4206 4094/4094/4094
f 4094/4094/4094 4206/4206/4206 4207/4207/4207
f 4207/4207/4207 4093/4093/4093 4094/4094/4094
f 4093/4093/4093 4207/4207/4207 4196/4196/4196
f 4050/4050/4050 4049/4049/4049 4135/4135/4135 4136/4136/4136
f 4052/4052/4052 4051/4051/4051 4137/4137/4137 4138/4138/4138
f 4054/4054/4054 4053/4053/4053 4139/4139/4139 4140/4140/4140
f 4055/4055/4055 4054/4054/4054 4140/4140/4140 4141/4141/4141
f 4053/4053/4053 4052/4052/4052 4138/4138/4138 4139/4139/4139
f 4057/4057/4057 4056/4056/4056 4142/4142/4142 4143/4143/4143
f 4058/4058/4058 4057/4057/4057 4143/4143/4143 4144/4144/4144
f 4060/4060/4060 4059/4059/4059 4145/4145/4145 4146/4146/4146
f 4061/4061/4061 4060/4060/4060 4146/4146/4146 4147/4147/4147
f 4059/4059/4059 4058/4058/4058 4144/4144/4144 4145/4145/4145
f 4056/4056/4056 4055/4055/4055 4141/4141/4141 4142/4142/4142
f 4063/4063/4063 4062/4062/4062 4148/4148/4148 4149/4149/4149
f 4064/4064/4064 4063/4063/4063 4149/4149/4149 4150/4150/4150
f 4066/4066/4066 4065/4065/4065 4151/4151/4151 4152/4152/4152
f 4067/4067/4067 4066/4066/4066 4152/4152/4152 4153/4153/4153
f 4065/4065/4065 4064/4064/4064 4150/4150/4150 4151/4151/4151
f 4069/4069/4069 4068/4068/4068 4154/4154/4154 4155/4155/4155
f 4070/4070/4070 4069/4069/4069 4155/4155/4155 4156/4156/4156
f 4072/4072/4072 4071/4071/4071 4157/4157/4157 4158/4158/4158
f 4073/4073/4073 4072/4072/4072 4158/4158/4158 4159/4159/4159
f 4071/4071/4071 4070/4070/4070 4156/4156/4156 4157/4157/4157
f 4068/4068/4068 4067/4067/4067 4153/4153/4153 4154/4154/4154
f 4062/4062/4062 4061/4061/4061 4147/4147/4147 4148/4148/4148
f 4075/4075/4075 4074/4074/4074 4160/4160/4160 4161/4161/4161
f 4077/4077/4077 4076/4076/4076 4162/4162/4162 4163/4163/4163
f 4078/4078/4078 4077/4077/4077 4163/4163/4163 4164/4164/4164
f 4076/4076/4076 4075/4075/4075 4161/4161/4161 4162/4162/4162
f 4180/4180/4180 4181/4181/4181 4186/4186/4186 4188/4188/4188
f 4188/4188/4188 4183/4183/4183 4180/4180/4180
f 4080/4080/4080 4079/4079/4079 4165/4165/4165 4166/4166/4166
f 4081/4081/4081 4080/4080/4080 4166/4166/4166 4167/4167/4167
f 4079/4079/4079 4078/4078/4078 4164/4164/4164 4165/4165/4165
f 4083/4083/4083 4082/4082/4082 4168/4168/4168 4169/4169/4169
f 4084/4084/4084 4083/4083/4083 4169/4169/4169 4170/4170/4170
f 4086/4086/4086 4085/4085/4085 4171/4171/4171 4172/4172/4172
f 4087/4087/4087 4086/4086/4086 4172/4172/4172 4173/4173/4173
f 4085/4085/4085 4084/4084/4084 4170/4170/4170 4171/4171/4171
f 4089/4089/4089 4088/4088/4088 4174/4174/4174 4175/4175/4175
f 4090/4090/4090 4089/4089/4089 4175/4175/4175 4176/4176/4176
f 4184/4184/4184 4092/4092/4092 4091/4091/4091
f 4091/4091/4091 4090/4090/4090 4176/4176/4176 4177/4177/4177
f 4088/4088/4088 4087/4087/4087 4173/4173/4173 4174/4174/4174
f 4082/4082/4082 4081/4081/4081 4167/4167/4167 4168/4168/4168
f 4185/4185/4185 4180/4180/4180 4183/4183/4183
f 4074/4074/4074 4073/4073/4073 4159/4159/4159 4160/4160/4160
f 4184/4184/4184 4178/4178/4178 4185/4185/4185
f 4184/4184/4184 4177/4177/4177 4178/4178/4178
f 4185/4185/4185 4178/4178/4178 4179/4179/4179
f 4091/4091/4091 4177/4177/4177 4184/4184/4184
f 4180/4180/4180 4185/4185/4185 4179/4179/4179
f 4136/4136/4136 4137/4137/4137 4051/4051/4051 4050/4050/4050
f 4210/4210/4210 4242/4242/4242 4245/4245/4245 4244/4244/4244
f 4211/4211/4211 4239/4239/4239 4243/4243/4243 4241/4241/4241
f 4241/4241/4241 4243/4243/4243 4242/4242/4242 4210/4210/4210
f 4212/4212/4212 4236/4236/4236 4240/4240/4240 4238/4238/4238
f 4238/4238/4238 4240/4240/4240 4239/4239/4239 4211/4211/4211
f 4235/4235/4235 4237/4237/4237 4236/4236/4236 4212/4212/4212
f 4241/4241/4241 4210/4210/4210 4214/4214/4214
f 4215/4215/4215 4211/4211/4211 4241/4241/4241
f 4214/4214/4214 4215/4215/4215 4241/4241/4241
f 4238/4238/4238 4211/4211/4211 4215/4215/4215
f 4216/4216/4216 4212/4212/4212 4238/4238/4238
f 4215/4215/4215 4216/4216/4216 4238/4238/4238
f 4219/4219/4219 4215/4215/4215 4214/4214/4214 4218/4218/4218
f 4220/4220/4220 4216/4216/4216 4215/4215/4215 4219/4219/4219
f 4253/4253/4253 4223/4223/4223 4219/4219/4219
f 4218/4218/4218 4222/4222/4222 4253/4253/4253
f 4219/4219/4219 4218/4218/4218 4253/4253/4253
f 4256/4256/4256 4224/4224/4224 4220/4220/4220
f 4219/4219/4219 4223/4223/4223 4256/4256/4256
f 4220/4220/4220 4219/4219/4219 4256/4256/4256
f 4249/4249/4249 4222/4222/4222 4250/4250/4250 4251/4251/4251
f 4252/4252/4252 4223/4223/4223 4253/4253/4253 4254/4254/4254
f 4254/4254/4254 4253/4253/4253 4222/4222/4222 4249/4249/4249
f 4255/4255/4255 4224/4224/4224 4256/4256/4256 4257/4257/4257
f 4257/4257/4257 4256/4256/4256 4223/4223/4223 4252/4252/4252
f 4259/4259/4259 4258/4258/4258 4224/4224/4224 4255/4255/4255
f 4234/4234/4234 4208/4208/4208 4245/4245/4245
f 4244/4244/4244 4245/4245/4245 4208/4208/4208
f 4233/4233/4233 4234/4234/4234 4242/4242/4242 4243/4243/4243
f 4245/4245/4245 4242/4242/4242 4234/4234/4234
f 4214/4214/4214 4210/4210/4210 4244/4244/4244
f 4208/4208/4208 4213/4213/4213 4244/4244/4244
f 4213/4213/4213 4214/4214/4214 4244/4244/4244
f 4233/4233/4233 4243/4243/4243 4239/4239/4239
f 4240/4240/4240 4233/4233/4233 4239/4239/4239
f 4236/4236/4236 4232/4232/4232 4240/4240/4240
f 4233/4233/4233 4240/4240/4240 4232/4232/4232
f 4209/4209/4209 4232/4232/4232 4236/4236/4236 4237/4237/4237
f 4231/4231/4231 4209/4209/4209 4237/4237/4237
f 4235/4235/4235 4212/4212/4212 4216/4216/4216
f 4230/4230/4230 4235/4235/4235 4216/4216/4216
f 4237/4237/4237 4235/4235/4235 4231/4231/4231
f 4235/4235/4235 4230/4230/4230 4231/4231/4231
f 4216/4216/4216 4229/4229/4229 4230/4230/4230
f 4216/4216/4216 4220/4220/4220 4228/4228/4228 4229/4229/4229
f 4214/4214/4214 4213/4213/4213 4217/4217/4217 4218/4218/4218
f 4250/4250/4250 4217/4217/4217 4221/4221/4221
f 4222/4222/4222 4218/4218/4218 4250/4250/4250
f 4217/4217/4217 4250/4250/4250 4218/4218/4218
f 4250/4250/4250 4221/4221/4221 4251/4251/4251
f 4246/4246/4246 4251/4251/4251 4225/4225/4225
f 4221/4221/4221 4225/4225/4225 4251/4251/4251
f 4249/4249/4249 4251/4251/4251 4246/4246/4246
f 4249/4249/4249 4246/4246/4246 4254/4254/4254
f 4247/4247/4247 4254/4254/4254 4246/4246/4246
f 4247/4247/4247 4252/4252/4252 4254/4254/4254
f 4258/4258/4258 4220/4220/4220 4224/4224/4224
f 4227/4227/4227 4228/4228/4228 4258/4258/4258
f 4220/4220/4220 4258/4258/4258 4228/4228/4228
f 4258/4258/4258 4259/4259/4259 4227/4227/4227
f 4252/4252/4252 4247/4247/4247 4257/4257/4257
f 4248/4248/4248 4257/4257/4257 4247/4247/4247
f 4255/4255/4255 4257/4257/4257 4248/4248/4248
f 4255/4255/4255 4248/4248/4248 4259/4259/4259
f 4226/4226/4226 4259/4259/4259 4248/4248/4248
f 4227/4227/4227 4259/4259/4259 4226/4226/4226
f 4263/4263/4263 4309/4309/4309 4312/4312/4312 4311/4311/4311
f 4264/4264/4264 4306/4306/4306 4310/4310/4310 4308/4308/4308
f 4308/4308/4308 4310/4310/4310 4309/4309/4309 4263/4263/4263
f 4265/4265/4265 4303/4303/4303 4307/4307/4307 4305/4305/4305
f 4305/4305/4305 4307/4307/4307 4306/4306/4306 4264/4264/4264
f 4302/4302/4302 4304/4304/4304 4303/4303/4303 4265/4265/4265
f 4308/4308/4308 4263/4263/4263 4267/4267/4267
f 4268/4268/4268 4264/4264/4264 4308/4308/4308
f 4267/4267/4267 4268/4268/4268 4308/4308/4308
f 4305/4305/4305 4264/4264/4264 4268/4268/4268
f 4269/4269/4269 4265/4265/4265 4305/4305/4305
f 4268/4268/4268 4269/4269/4269 4305/4305/4305
f 4272/4272/4272 4268/4268/4268 4267/4267/4267 4271/4271/4271
f 4273/4273/4273 4269/4269/4269 4268/4268/4268 4272/4272/4272
f 4292/4292/4292 4276/4276/4276 4272/4272/4272
f 4271/4271/4271 4275/4275/4275 4292/4292/4292
f 4272/4272/4272 4271/4271/4271 4292/4292/4292
f 4295/4295/4295 4277/4277/4277 4273/4273/4273
f 4272/4272/4272 4276/4276/4276 4295/4295/4295
f 4273/4273/4273 4272/4272/4272 4295/4295/4295
f 4288/4288/4288 4275/4275/4275 4289/4289/4289 4290/4290/4290
f 4291/4291/4291 4276/4276/4276 4292/4292/4292 4293/4293/4293
f 4293/4293/4293 4292/4292/4292 4275/4275/4275 4288/4288/4288
f 4294/4294/4294 4277/4277/4277 4295/4295/4295 4296/4296/4296
f 4296/4296/4296 4295/4295/4295 4276/4276/4276 4291/4291/4291
f 4298/4298/4298 4297/4297/4297 4277/4277/4277 4294/4294/4294
f 4301/4301/4301 4260/4260/4260 4312/4312/4312
f 4260/4260/4260 4262/4262/4262 4311/4311/4311 4312/4312/4312
f 4300/4300/4300 4301/4301/4301 4309/4309/4309 4310/4310/4310
f 4312/4312/4312 4309/4309/4309 4301/4301/4301
f 4311/4311/4311 4262/4262/4262 4266/4266/4266
f 4267/4267/4267 4311/4311/4311 4266/4266/4266
f 4311/4311/4311 4267/4267/4267 4263/4263/4263
f 4306/4306/4306 4300/4300/4300 4310/4310/4310
f 4267/4267/4267 4266/4266/4266 4270/4270/4270 4271/4271/4271
f 4299/4299/4299 4300/4300/4300 4306/4306/4306 4307/4307/4307
f 4261/4261/4261 4299/4299/4299 4303/4303/4303 4304/4304/4304
f 4307/4307/4307 4303/4303/4303 4299/4299/4299
f 4269/4269/4269 4302/4302/4302 4265/4265/4265
f 4283/4283/4283 4284/4284/4284 4302/4302/4302
f 4304/4304/4304 4302/4302/4302 4284/4284/4284
f 4269/4269/4269 4283/4283/4283 4302/4302/4302
f 4283/4283/4283 4269/4269/4269 4282/4282/4282
f 4261/4261/4261 4304/4304/4304 4284/4284/4284
f 4289/4289/4289 4270/4270/4270 4274/4274/4274
f 4275/4275/4275 4271/4271/4271 4289/4289/4289
f 4270/4270/4270 4289/4289/4289 4271/4271/4271
f 4289/4289/4289 4274/4274/4274 4290/4290/4290
f 4285/4285/4285 4290/4290/4290 4278/4278/4278
f 4274/4274/4274 4278/4278/4278 4290/4290/4290
f 4288/4288/4288 4290/4290/4290 4285/4285/4285
f 4288/4288/4288 4285/4285/4285 4293/4293/4293
f 4286/4286/4286 4293/4293/4293 4285/4285/4285
f 4286/4286/4286 4291/4291/4291 4293/4293/4293
f 4297/4297/4297 4273/4273/4273 4277/4277/4277
f 4298/4298/4298 4280/4280/4280 4297/4297/4297
f 4281/4281/4281 4273/4273/4273 4297/4297/4297
f 4273/4273/4273 4281/4281/4281 4282/4282/4282
f 4297/4297/4297 4280/4280/4280 4281/4281/4281
f 4273/4273/4273 4282/4282/4282 4269/4269/4269
f 4291/4291/4291 4286/4286/4286 4296/4296/4296
f 4287/4287/4287 4296/4296/4296 4286/4286/4286
f 4294/4294/4294 4296/4296/4296 4287/4287/4287
f 4294/4294/4294 4287/4287/4287 4298/4298/4298
f 4279/4279/4279 4298/4298/4298 4287/4287/4287
f 4280/4280/4280 4298/4298/4298 4279/4279/4279
f 4366/4366/4366 4590/4590/4590 4591/4591/4591 4589/4589/4589
f 4581/4581/4581 4585/4585/4585 4584/4584/4584 4416/4416/4416
f 4417/4417/4417 4593/4593/4593 4594/4594/4594 4592/4592/4592
f 4593/4593/4593 4366/4366/4366 4589/4589/4589 4594/4594/4594
f 4593/4593/4593 4417/4417/4417 4418/4418/4418
f 4367/4367/4367 4366/4366/4366 4593/4593/4593
f 4418/4418/4418 4367/4367/4367 4593/4593/4593
f 4419/4419/4419 4368/4368/4368 4367/4367/4367 4418/4418/4418
f 4420/4420/4420 4369/4369/4369 4368/4368/4368 4419/4419/4419
f 4421/4421/4421 4370/4370/4370 4369/4369/4369 4420/4420/4420
f 4422/4422/4422 4371/4371/4371 4370/4370/4370 4421/4421/4421
f 4423/4423/4423 4372/4372/4372 4371/4371/4371 4422/4422/4422
f 4424/4424/4424 4373/4373/4373 4372/4372/4372 4423/4423/4423
f 4425/4425/4425 4374/4374/4374 4373/4373/4373 4424/4424/4424
f 4426/4426/4426 4375/4375/4375 4374/4374/4374 4425/4425/4425
f 4427/4427/4427 4376/4376/4376 4375/4375/4375 4426/4426/4426
f 4428/4428/4428 4377/4377/4377 4376/4376/4376 4427/4427/4427
f 4429/4429/4429 4378/4378/4378 4377/4377/4377 4428/4428/4428
f 4430/4430/4430 4379/4379/4379 4378/4378/4378 4429/4429/4429
f 4431/4431/4431 4380/4380/4380 4379/4379/4379 4430/4430/4430
f 4432/4432/4432 4381/4381/4381 4380/4380/4380 4431/4431/4431
f 4433/4433/4433 4382/4382/4382 4381/4381/4381 4432/4432/4432
f 4434/4434/4434 4383/4383/4383 4382/4382/4382 4433/4433/4433
f 4435/4435/4435 4384/4384/4384 4383/4383/4383 4434/4434/4434
f 4436/4436/4436 4385/4385/4385 4384/4384/4384 4435/4435/4435
f 4437/4437/4437 4386/4386/4386 4385/4385/4385 4436/4436/4436
f 4438/4438/4438 4387/4387/4387 4386/4386/4386 4437/4437/4437
f 4439/4439/4439 4388/4388/4388 4387/4387/4387 4438/4438/4438
f 4440/4440/4440 4389/4389/4389 4388/4388/4388 4439/4439/4439
f 4441/4441/4441 4390/4390/4390 4389/4389/4389 4440/4440/4440
f 4442/4442/4442 4391/4391/4391 4390/4390/4390 4441/4441/4441
f 4443/4443/4443 4392/4392/4392 4391/4391/4391 4442/4442/4442
f 4444/4444/4444 4393/4393/4393 4392/4392/4392 4443/4443/4443
f 4445/4445/4445 4394/4394/4394 4393/4393/4393 4444/4444/4444
f 4446/4446/4446 4395/4395/4395 4394/4394/4394 4445/4445/4445
f 4447/4447/4447 4396/4396/4396 4395/4395/4395 4446/4446/4446
f 4448/4448/4448 4397/4397/4397 4396/4396/4396 4447/4447/4447
f 4449/4449/4449 4398/4398/4398 4397/4397/4397 4448/4448/4448
f 4450/4450/4450 4399/4399/4399 4398/4398/4398 4449/4449/4449
f 4451/4451/4451 4400/4400/4400 4399/4399/4399 4450/4450/4450
f 4452/4452/4452 4401/4401/4401 4400/4400/4400 4451/4451/4451
f 4453/4453/4453 4402/4402/4402 4401/4401/4401 4452/4452/4452
f 4454/4454/4454 4403/4403/4403 4402/4402/4402 4453/4453/4453
f 4455/4455/4455 4404/4404/4404 4403/4403/4403 4454/4454/4454
f 4456/4456/4456 4405/4405/4405 4404/4404/4404 4455/4455/4455
f 4457/4457/4457 4406/4406/4406 4405/4405/4405 4456/4456/4456
f 4458/4458/4458 4407/4407/4407 4406/4406/4406 4457/4457/4457
f 4459/4459/4459 4408/4408/4408 4407/4407/4407 4458/4458/4458
f 4460/4460/4460 4409/4409/4409 4408/4408/4408 4459/4459/4459
f 4461/4461/4461 4410/4410/4410 4409/4409/4409 4460/4460/4460
f 4462/4462/4462 4411/4411/4411 4410/4410/4410 4461/4461/4461
f 4463/4463/4463 4412/4412/4412 4411/4411/4411 4462/4462/4462
f 4464/4464/4464 4413/4413/4413 4412/4412/4412 4463/4463/4463
f 4465/4465/4465 4414/4414/4414 4413/4413/4413 4464/4464/4464
f 4466/4466/4466 4415/4415/4415 4414/4414/4414 4465/4465/4465
f 4582/4582/4582 4416/4416/4416 4415/4415/4415
f 4466/4466/4466 4467/4467/4467 4582/4582/4582
f 4415/4415/4415 4466/4466/4466 4582/4582/4582
f 4583/4583/4583 4581/4581/4581 4416/4416/4416 4582/4582/4582
f 4578/4578/4578 4583/4583/4583 4582/4582/4582 4467/4467/4467
f 4468/4468/4468 4596/4596/4596 4597/4597/4597 4595/4595/4595
f 4596/4596/4596 4417/4417/4417 4592/4592/4592 4597/4597/4597
f 4596/4596/4596 4468/4468/4468 4469/4469/4469
f 4418/4418/4418 4417/4417/4417 4596/4596/4596
f 4469/4469/4469 4418/4418/4418 4596/4596/4596
f 4470/4470/4470 4419/4419/4419 4418/4418/4418 4469/4469/4469
f 4471/4471/4471 4420/4420/4420 4419/4419/4419 4470/4470/4470
f 4472/4472/4472 4421/4421/4421 4420/4420/4420 4471/4471/4471
f 4473/4473/4473 4422/4422/4422 4421/4421/4421 4472/4472/4472
f 4474/4474/4474 4423/4423/4423 4422/4422/4422 4473/4473/4473
f 4475/4475/4475 4424/4424/4424 4423/4423/4423 4474/4474/4474
f 4476/4476/4476 4425/4425/4425 4424/4424/4424 4475/4475/4475
f 4477/4477/4477 4426/4426/4426 4425/4425/4425 4476/4476/4476
f 4478/4478/4478 4427/4427/4427 4426/4426/4426 4477/4477/4477
f 4479/4479/4479 4428/4428/4428 4427/4427/4427 4478/4478/4478
f 4480/4480/4480 4429/4429/4429 4428/4428/4428 4479/4479/4479
f 4481/4481/4481 4430/4430/4430 4429/4429/4429 4480/4480/4480
f 4482/4482/4482 4431/4431/4431 4430/4430/4430 4481/4481/4481
f 4483/4483/4483 4432/4432/4432 4431/4431/4431 4482/4482/4482
f 4484/4484/4484 4433/4433/4433 4432/4432/4432 4483/4483/4483
f 4485/4485/4485 4434/4434/4434 4433/4433/4433 4484/4484/4484
f 4486/4486/4486 4435/4435/4435 4434/4434/4434 4485/4485/4485
f 4487/4487/4487 4436/4436/4436 4435/4435/4435 4486/4486/4486
f 4488/4488/4488 4437/4437/4437 4436/4436/4436 4487/4487/4487
f 4489/4489/4489 4438/4438/4438 4437/4437/4437 4488/4488/4488
f 4490/4490/4490 4439/4439/4439 4438/4438/4438 4489/4489/4489
f 4491/4491/4491 4440/4440/4440 4439/4439/4439 4490/4490/4490
f 4492/4492/4492 4441/4441/4441 4440/4440/4440 4491/4491/4491
f 4493/4493/4493 4442/4442/4442 4441/4441/4441 4492/4492/4492
f 4494/4494/4494 4443/4443/4443 4442/4442/4442 4493/4493/4493
f 4495/4495/4495 4444/4444/4444 4443/4443/4443 4494/4494/4494
f 4496/4496/4496 4445/4445/4445 4444/4444/4444 4495/4495/4495
f 4497/4497/4497 4446/4446/4446 4445/4445/4445 4496/4496/4496
f 4498/4498/4498 4447/4447/4447 4446/4446/4446 4497/4497/4497
f 4499/4499/4499 4448/4448/4448 4447/4447/4447 4498/4498/4498
f 4500/4500/4500 4449/4449/4449 4448/4448/4448 4499/4499/4499
f 4501/4501/4501 4450/4450/4450 4449/4449/4449 4500/4500/4500
f 4502/4502/4502 4451/4451/4451 4450/4450/4450 4501/4501/4501
f 4503/4503/4503 4452/4452/4452 4451/4451/4451 4502/4502/4502
f 4504/4504/4504 4453/4453/4453 4452/4452/4452 4503/4503/4503
f 4505/4505/4505 4454/4454/4454 4453/4453/4453 4504/4504/4504
f 4506/4506/4506 4455/4455/4455 4454/4454/4454 4505/4505/4505
f 4507/4507/4507 4456/4456/4456 4455/4455/4455 4506/4506/4506
f 4508/4508/4508 4457/4457/4457 4456/4456/4456 4507/4507/4507
f 4509/4509/4509 4458/4458/4458 4457/4457/4457 4508/4508/4508
f 4510/4510/4510 4459/4459/4459 4458/4458/4458 4509/4509/4509
f 4511/4511/4511 4460/4460/4460 4459/4459/4459 4510/4510/4510
f 4512/4512/4512 4461/4461/4461 4460/4460/4460 4511/4511/4511
f 4513/4513/4513 4462/4462/4462 4461/4461/4461 4512/4512/4512
f 4514/4514/4514 4463/4463/4463 4462/4462/4462 4513/4513/4513
f 4515/4515/4515 4464/4464/4464 4463/4463/4463 4514/4514/4514
f 4516/4516/4516 4465/4465/4465 4464/4464/4464 4515/4515/4515
f 4517/4517/4517 4466/4466/4466 4465/4465/4465 4516/4516/4516
f 4579/4579/4579 4467/4467/4467 4466/4466/4466
f 4517/4517/4517 4518/4518/4518 4579/4579/4579
f 4466/4466/4466 4517/4517/4517 4579/4579/4579
f 4580/4580/4580 4578/4578/4578 4467/4467/4467 4579/4579/4579
f 4575/4575/4575 4580/4580/4580 4579/4579/4579 4518/4518/4518
f 4598/4598/4598 4468/4468/4468 4595/4595/4595 4599/4599/4599
f 4577/4577/4577 4575/4575/4575 4518/4518/4518 4576/4576/4576
f 4591/4591/4591 4314/4314/4314 4313/4313/4313
f 4590/4590/4590 4315/4315/4315 4314/4314/4314
f 4317/4317/4317 4316/4316/4316 4368/4368/4368 4369/4369/4369
f 4319/4319/4319 4318/4318/4318 4370/4370/4370 4371/4371/4371
f 4318/4318/4318 4317/4317/4317 4369/4369/4369 4370/4370/4370
f 4316/4316/4316 4315/4315/4315 4367/4367/4367 4368/4368/4368
f 4320/4320/4320 4319/4319/4319 4371/4371/4371 4372/4372/4372
f 4591/4591/4591 4590/4590/4590 4314/4314/4314
f 4321/4321/4321 4320/4320/4320 4372/4372/4372 4373/4373/4373
f 4322/4322/4322 4321/4321/4321 4373/4373/4373 4374/4374/4374
f 4324/4324/4324 4323/4323/4323 4375/4375/4375 4376/4376/4376
f 4323/4323/4323 4322/4322/4322 4374/4374/4374 4375/4375/4375
f 4325/4325/4325 4324/4324/4324 4376/4376/4376 4377/4377/4377
f 4591/4591/4591 4313/4313/4313 4586/4586/4586
f 4326/4326/4326 4325/4325/4325 4377/4377/4377 4378/4378/4378
f 4327/4327/4327 4326/4326/4326 4378/4378/4378 4379/4379/4379
f 4329/4329/4329 4328/4328/4328 4380/4380/4380 4381/4381/4381
f 4331/4331/4331 4330/4330/4330 4382/4382/4382 4383/4383/4383
f 4330/4330/4330 4329/4329/4329 4381/4381/4381 4382/4382/4382
f 4328/4328/4328 4327/4327/4327 4379/4379/4379 4380/4380/4380
f 4333/4333/4333 4332/4332/4332 4384/4384/4384 4385/4385/4385
f 4335/4335/4335 4334/4334/4334 4386/4386/4386 4387/4387/4387
f 4334/4334/4334 4333/4333/4333 4385/4385/4385 4386/4386/4386
f 4337/4337/4337 4336/4336/4336 4388/4388/4388 4389/4389/4389
f 4339/4339/4339 4338/4338/4338 4390/4390/4390 4391/4391/4391
f 4338/4338/4338 4337/4337/4337 4389/4389/4389 4390/4390/4390
f 4336/4336/4336 4335/4335/4335 4387/4387/4387 4388/4388/4388
f 4332/4332/4332 4331/4331/4331 4383/4383/4383 4384/4384/4384
f 4315/4315/4315 4590/4590/4590 4367/4367/4367
f 4594/4594/4594 4589/4589/4589 4586/4586/4586
f 4590/4590/4590 4366/4366/4366 4367/4367/4367
f 4586/4586/4586 4587/4587/4587 4594/4594/4594
f 4586/4586/4586 4589/4589/4589 4591/4591/4591
f 4342/4342/4342 4341/4341/4341 4393/4393/4393 4394/4394/4394
f 4343/4343/4343 4342/4342/4342 4394/4394/4394 4395/4395/4395
f 4345/4345/4345 4344/4344/4344 4396/4396/4396 4397/4397/4397
f 4347/4347/4347 4346/4346/4346 4398/4398/4398 4399/4399/4399
f 4346/4346/4346 4345/4345/4345 4397/4397/4397 4398/4398/4398
f 4344/4344/4344 4343/4343/4343 4395/4395/4395 4396/4396/4396
f 4349/4349/4349 4348/4348/4348 4400/4400/4400 4401/4401/4401
f 4350/4350/4350 4349/4349/4349 4401/4401/4401 4402/4402/4402
f 4352/4352/4352 4351/4351/4351 4403/4403/4403 4404/4404/4404
f 4354/4354/4354 4353/4353/4353 4405/4405/4405 4406/4406/4406
f 4353/4353/4353 4352/4352/4352 4404/4404/4404 4405/4405/4405
f 4351/4351/4351 4350/4350/4350 4402/4402/4402 4403/4403/4403
f 4348/4348/4348 4347/4347/4347 4399/4399/4399 4400/4400/4400
f 4356/4356/4356 4355/4355/4355 4407/4407/4407 4408/4408/4408
f 4357/4357/4357 4356/4356/4356 4408/4408/4408 4409/4409/4409
f 4359/4359/4359 4358/4358/4358 4410/4410/4410 4411/4411/4411
f 4361/4361/4361 4360/4360/4360 4412/4412/4412 4413/4413/4413
f 4360/4360/4360 4359/4359/4359 4411/4411/4411 4412/4412/4412
f 4358/4358/4358 4357/4357/4357 4409/4409/4409 4410/4410/4410
f 4363/4363/4363 4362/4362/4362 4414/4414/4414 4415/4415/4415
f 4584/4584/4584 4364/4364/4364 4363/4363/4363
f 4584/4584/4584 4363/4363/4363 4415/4415/4415
f 4365/4365/4365 4364/4364/4364 4585/4585/4585
f 4584/4584/4584 4585/4585/4585 4364/4364/4364
f 4365/4365/4365 4585/4585/4585 4574/4574/4574
f 4585/4585/4585 4581/4581/4581 4574/4574/4574
f 4362/4362/4362 4361/4361/4361 4413/4413/4413 4414/4414/4414
f 4355/4355/4355 4354/4354/4354 4406/4406/4406 4407/4407/4407
f 4341/4341/4341 4340/4340/4340 4392/4392/4392 4393/4393/4393
f 4391/4391/4391 4392/4392/4392 4340/4340/4340 4339/4339/4339
f 4573/4573/4573 4574/4574/4574 4581/4581/4581 4583/4583/4583
f 4583/4583/4583 4578/4578/4578 4573/4573/4573
f 4584/4584/4584 4415/4415/4415 4416/4416/4416
f 4587/4587/4587 4592/4592/4592 4594/4594/4594
f 4592/4592/4592 4587/4587/4587 4597/4597/4597
f 4588/4588/4588 4597/4597/4597 4587/4587/4587
f 4595/4595/4595 4597/4597/4597 4588/4588/4588
f 4470/4470/4470 4469/4469/4469 4521/4521/4521 4522/4522/4522
f 4469/4469/4469 4468/4468/4468 4598/4598/4598
f 4595/4595/4595 4588/4588/4588 4599/4599/4599
f 4472/4472/4472 4471/4471/4471 4523/4523/4523 4524/4524/4524
f 4473/4473/4473 4472/4472/4472 4524/4524/4524 4525/4525/4525
f 4475/4475/4475 4474/4474/4474 4526/4526/4526 4527/4527/4527
f 4477/4477/4477 4476/4476/4476 4528/4528/4528 4529/4529/4529
f 4476/4476/4476 4475/4475/4475 4527/4527/4527 4528/4528/4528
f 4474/4474/4474 4473/4473/4473 4525/4525/4525 4526/4526/4526
f 4471/4471/4471 4470/4470/4470 4522/4522/4522 4523/4523/4523
f 4479/4479/4479 4478/4478/4478 4530/4530/4530 4531/4531/4531
f 4480/4480/4480 4479/4479/4479 4531/4531/4531 4532/4532/4532
f 4482/4482/4482 4481/4481/4481 4533/4533/4533 4534/4534/4534
f 4484/4484/4484 4483/4483/4483 4535/4535/4535 4536/4536/4536
f 4483/4483/4483 4482/4482/4482 4534/4534/4534 4535/4535/4535
f 4481/4481/4481 4480/4480/4480 4532/4532/4532 4533/4533/4533
f 4486/4486/4486 4485/4485/4485 4537/4537/4537 4538/4538/4538
f 4488/4488/4488 4487/4487/4487 4539/4539/4539 4540/4540/4540
f 4487/4487/4487 4486/4486/4486 4538/4538/4538 4539/4539/4539
f 4490/4490/4490 4489/4489/4489 4541/4541/4541 4542/4542/4542
f 4492/4492/4492 4491/4491/4491 4543/4543/4543 4544/4544/4544
f 4491/4491/4491 4490/4490/4490 4542/4542/4542 4543/4543/4543
f 4489/4489/4489 4488/4488/4488 4540/4540/4540 4541/4541/4541
f 4485/4485/4485 4484/4484/4484 4536/4536/4536 4537/4537/4537
f 4478/4478/4478 4477/4477/4477 4529/4529/4529 4530/4530/4530
f 4520/4520/4520 4598/4598/4598 4599/4599/4599
f 4588/4588/4588 4519/4519/4519 4599/4599/4599
f 4519/4519/4519 4520/4520/4520 4599/4599/4599
f 4598/4598/4598 4521/4521/4521 4469/4469/4469
f 4598/4598/4598 4520/4520/4520 4521/4521/4521
f 4493/4493/4493 4492/4492/4492 4544/4544/4544 4545/4545/4545
f 4495/4495/4495 4494/4494/4494 4546/4546/4546 4547/4547/4547
f 4496/4496/4496 4495/4495/4495 4547/4547/4547 4548/4548/4548
f 4498/4498/4498 4497/4497/4497 4549/4549/4549 4550/4550/4550
f 4500/4500/4500 4499/4499/4499 4551/4551/4551 4552/4552/4552
f 4499/4499/4499 4498/4498/4498 4550/4550/4550 4551/4551/4551
f 4497/4497/4497 4496/4496/4496 4548/4548/4548 4549/4549/4549
f 4502/4502/4502 4501/4501/4501 4553/4553/4553 4554/4554/4554
f 4503/4503/4503 4502/4502/4502 4554/4554/4554 4555/4555/4555
f 4505/4505/4505 4504/4504/4504 4556/4556/4556 4557/4557/4557
f 4507/4507/4507 4506/4506/4506 4558/4558/4558 4559/4559/4559
f 4506/4506/4506 4505/4505/4505 4557/4557/4557 4558/4558/4558
f 4504/4504/4504 4503/4503/4503 4555/4555/4555 4556/4556/4556
f 4501/4501/4501 4500/4500/4500 4552/4552/4552 4553/4553/4553
f 4509/4509/4509 4508/4508/4508 4560/4560/4560 4561/4561/4561
f 4510/4510/4510 4509/4509/4509 4561/4561/4561 4562/4562/4562
f 4572/4572/4572 4573/4573/4573 4578/4578/4578 4580/4580/4580
f 4572/4572/4572 4580/4580/4580 4575/4575/4575
f 4511/4511/4511 4510/4510/4510 4562/4562/4562 4563/4563/4563
f 4513/4513/4513 4512/4512/4512 4564/4564/4564 4565/4565/4565
f 4515/4515/4515 4514/4514/4514 4566/4566/4566 4567/4567/4567
f 4514/4514/4514 4513/4513/4513 4565/4565/4565 4566/4566/4566
f 4517/4517/4517 4516/4516/4516 4568/4568/4568 4569/4569/4569
f 4518/4518/4518 4517/4517/4517 4576/4576/4576
f 4516/4516/4516 4515/4515/4515 4567/4567/4567 4568/4568/4568
f 4512/4512/4512 4511/4511/4511 4563/4563/4563 4564/4564/4564
f 4577/4577/4577 4572/4572/4572 4575/4575/4575
f 4508/4508/4508 4507/4507/4507 4559/4559/4559 4560/4560/4560
f 4576/4576/4576 4570/4570/4570 4577/4577/4577
f 4517/4517/4517 4569/4569/4569 4576/4576/4576
f 4577/4577/4577 4570/4570/4570 4571/4571/4571
f 4576/4576/4576 4569/4569/4569 4570/4570/4570
f 4572/4572/4572 4577/4577/4577 4571/4571/4571
f 4545/4545/4545 4546/4546/4546 4494/4494/4494 4493/4493/4493
f 4653/4653/4653 4863/4863/4863 4864/4864/4864 4862/4862/4862
f 4882/4882/4882 4886/4886/4886 4885/4885/4885 4703/4703/4703
f 4704/4704/4704 4866/4866/4866 4867/4867/4867 4865/4865/4865
f 4866/4866/4866 4653/4653/4653 4862/4862/4862 4867/4867/4867
f 4866/4866/4866 4704/4704/4704 4705/4705/4705
f 4654/4654/4654 4653/4653/4653 4866/4866/4866
f 4705/4705/4705 4654/4654/4654 4866/4866/4866
f 4706/4706/4706 4655/4655/4655 4654/4654/4654 4705/4705/4705
f 4707/4707/4707 4656/4656/4656 4655/4655/4655 4706/4706/4706
f 4708/4708/4708 4657/4657/4657 4656/4656/4656 4707/4707/4707
f 4709/4709/4709 4658/4658/4658 4657/4657/4657 4708/4708/4708
f 4710/4710/4710 4659/4659/4659 4658/4658/4658 4709/4709/4709
f 4711/4711/4711 4660/4660/4660 4659/4659/4659 4710/4710/4710
f 4712/4712/4712 4661/4661/4661 4660/4660/4660 4711/4711/4711
f 4713/4713/4713 4662/4662/4662 4661/4661/4661 4712/4712/4712
f 4714/4714/4714 4663/4663/4663 4662/4662/4662 4713/4713/4713
f 4715/4715/4715 4664/4664/4664 4663/4663/4663 4714/4714/4714
f 4716/4716/4716 4665/4665/4665 4664/4664/4664 4715/4715/4715
f 4717/4717/4717 4666/4666/4666 4665/4665/4665 4716/4716/4716
f 4718/4718/4718 4667/4667/4667 4666/4666/4666 4717/4717/4717
f 4719/4719/4719 4668/4668/4668 4667/4667/4667 4718/4718/4718
f 4720/4720/4720 4669/4669/4669 4668/4668/4668 4719/4719/4719
f 4721/4721/4721 4670/4670/4670 4669/4669/4669 4720/4720/4720
f 4722/4722/4722 4671/4671/4671 4670/4670/4670 4721/4721/4721
f 4723/4723/4723 4672/4672/4672 4671/4671/4671 4722/4722/4722
f 4724/4724/4724 4673/4673/4673 4672/4672/4672 4723/4723/4723
f 4725/4725/4725 4674/4674/4674 4673/4673/4673 4724/4724/4724
f 4726/4726/4726 4675/4675/4675 4674/4674/4674 4725/4725/4725
f 4727/4727/4727 4676/4676/4676 4675/4675/4675 4726/4726/4726
f 4728/4728/4728 4677/4677/4677 4676/4676/4676 4727/4727/4727
f 4729/4729/4729 4678/4678/4678 4677/4677/4677 4728/4728/4728
f 4730/4730/4730 4679/4679/4679 4678/4678/4678 4729/4729/4729
f 4731/4731/4731 4680/4680/4680 4679/4679/4679 4730/4730/4730
f 4732/4732/4732 4681/4681/4681 4680/4680/4680 4731/4731/4731
f 4733/4733/4733 4682/4682/4682 4681/4681/4681 4732/4732/4732
f 4734/4734/4734 4683/4683/4683 4682/4682/4682 4733/4733/4733
f 4735/4735/4735 4684/4684/4684 4683/4683/4683 4734/4734/4734
f 4736/4736/4736 4685/4685/4685 4684/4684/4684 4735/4735/4735
f 4737/4737/4737 4686/4686/4686 4685/4685/4685 4736/4736/4736
f 4738/4738/4738 4687/4687/4687 4686/4686/4686 4737/4737/4737
f 4739/4739/4739 4688/4688/4688 4687/4687/4687 4738/4738/4738
f 4740/4740/4740 4689/4689/4689 4688/4688/4688 4739/4739/4739
f 4741/4741/4741 4690/4690/4690 4689/4689/4689 4740/4740/4740
f 4742/4742/4742 4691/4691/4691 4690/4690/4690 4741/4741/4741
f 4743/4743/4743 4692/4692/4692 4691/4691/4691 4742/4742/4742
f 4744/4744/4744 4693/4693/4693 4692/4692/4692 4743/4743/4743
f 4745/4745/4745 4694/4694/4694 4693/4693/4693 4744/4744/4744
f 4746/4746/4746 4695/4695/4695 4694/4694/4694 4745/4745/4745
f 4747/4747/4747 4696/4696/4696 4695/4695/4695 4746/4746/4746
f 4748/4748/4748 4697/4697/4697 4696/4696/4696 4747/4747/4747
f 4749/4749/4749 4698/4698/4698 4697/4697/4697 4748/4748/4748
f 4750/4750/4750 4699/4699/4699 4698/4698/4698 4749/4749/4749
f 4751/4751/4751 4700/4700/4700 4699/4699/4699 4750/4750/4750
f 4752/4752/4752 4701/4701/4701 4700/4700/4700 4751/4751/4751
f 4753/4753/4753 4702/4702/4702 4701/4701/4701 4752/4752/4752
f 4883/4883/4883 4703/4703/4703 4702/4702/4702
f 4753/4753/4753 4754/4754/4754 4883/4883/4883
f 4702/4702/4702 4753/4753/4753 4883/4883/4883
f 4884/4884/4884 4882/4882/4882 4703/4703/4703 4883/4883/4883
f 4879/4879/4879 4884/4884/4884 4883/4883/4883 4754/4754/4754
f 4755/4755/4755 4869/4869/4869 4870/4870/4870 4868/4868/4868
f 4869/4869/4869 4704/4704/4704 4865/4865/4865 4870/4870/4870
f 4869/4869/4869 4755/4755/4755 4756/4756/4756
f 4705/4705/4705 4704/4704/4704 4869/4869/4869
f 4756/4756/4756 4705/4705/4705 4869/4869/4869
f 4757/4757/4757 4706/4706/4706 4705/4705/4705 4756/4756/4756
f 4758/4758/4758 4707/4707/4707 4706/4706/4706 4757/4757/4757
f 4759/4759/4759 4708/4708/4708 4707/4707/4707 4758/4758/4758
f 4760/4760/4760 4709/4709/4709 4708/4708/4708 4759/4759/4759
f 4761/4761/4761 4710/4710/4710 4709/4709/4709 4760/4760/4760
f 4762/4762/4762 4711/4711/4711 4710/4710/4710 4761/4761/4761
f 4763/4763/4763 4712/4712/4712 4711/4711/4711 4762/4762/4762
f 4764/4764/4764 4713/4713/4713 4712/4712/4712 4763/4763/4763
f 4765/4765/4765 4714/4714/4714 4713/4713/4713 4764/4764/4764
f 4766/4766/4766 4715/4715/4715 4714/4714/4714 4765/4765/4765
f 4767/4767/4767 4716/4716/4716 4715/4715/4715 4766/4766/4766
f 4768/4768/4768 4717/4717/4717 4716/4716/4716 4767/4767/4767
f 4769/4769/4769 4718/4718/4718 4717/4717/4717 4768/4768/4768
f 4770/4770/4770 4719/4719/4719 4718/4718/4718 4769/4769/4769
f 4771/4771/4771 4720/4720/4720 4719/4719/4719 4770/4770/4770
f 4772/4772/4772 4721/4721/4721 4720/4720/4720 4771/4771/4771
f 4773/4773/4773 4722/4722/4722 4721/4721/4721 4772/4772/4772
f 4774/4774/4774 4723/4723/4723 4722/4722/4722 4773/4773/4773
f 4775/4775/4775 4724/4724/4724 4723/4723/4723 4774/4774/4774
f 4776/4776/4776 4725/4725/4725 4724/4724/4724 4775/4775/4775
f 4777/4777/4777 4726/4726/4726 4725/4725/4725 4776/4776/4776
f 4778/4778/4778 4727/4727/4727 4726/4726/4726 4777/4777/4777
f 4779/4779/4779 4728/4728/4728 4727/4727/4727 4778/4778/4778
f 4780/4780/4780 4729/4729/4729 4728/4728/4728 4779/4779/4779
f 4781/4781/4781 4730/4730/4730 4729/4729/4729 4780/4780/4780
f 4782/4782/4782 4731/4731/4731 4730/4730/4730 4781/4781/4781
f 4783/4783/4783 4732/4732/4732 4731/4731/4731 4782/4782/4782
f 4784/4784/4784 4733/4733/4733 4732/4732/4732 4783/4783/4783
f 4785/4785/4785 4734/4734/4734 4733/4733/4733 4784/4784/4784
f 4786/4786/4786 4735/4735/4735 4734/4734/4734 4785/4785/4785
f 4787/4787/4787 4736/4736/4736 4735/4735/4735 4786/4786/4786
f 4788/4788/4788 4737/4737/4737 4736/4736/4736 4787/4787/4787
f 4789/4789/4789 4738/4738/4738 4737/4737/4737 4788/4788/4788
f 4790/4790/4790 4739/4739/4739 4738/4738/4738 4789/4789/4789
f 4791/4791/4791 4740/4740/4740 4739/4739/4739 4790/4790/4790
f 4792/4792/4792 4741/4741/4741 4740/4740/4740 4791/4791/4791
f 4793/4793/4793 4742/4742/4742 4741/4741/4741 4792/4792/4792
f 4794/4794/4794 4743/4743/4743 4742/4742/4742 4793/4793/4793
f 4795/4795/4795 4744/4744/4744 4743/4743/4743 4794/4794/4794
f 4796/4796/4796 4745/4745/4745 4744/4744/4744 4795/4795/4795
f 4797/4797/4797 4746/4746/4746 4745/4745/4745 4796/4796/4796
f 4798/4798/4798 4747/4747/4747 4746/4746/4746 4797/4797/4797
f 4799/4799/4799 4748/4748/4748 4747/4747/4747 4798/4798/4798
f 4800/4800/4800 4749/4749/4749 4748/4748/4748 4799/4799/4799
f 4801/4801/4801 4750/4750/4750 4749/4749/4749 4800/4800/4800
f 4802/4802/4802 4751/4751/4751 4750/4750/4750 4801/4801/4801
f 4803/4803/4803 4752/4752/4752 4751/4751/4751 4802/4802/4802
f 4804/4804/4804 4753/4753/4753 4752/4752/4752 4803/4803/4803
f 4880/4880/4880 4754/4754/4754 4753/4753/4753
f 4804/4804/4804 4805/4805/4805 4880/4880/4880
f 4753/4753/4753 4804/4804/4804 4880/4880/4880
f 4881/4881/4881 4879/4879/4879 4754/4754/4754 4880/4880/4880
f 4876/4876/4876 4881/4881/4881 4880/4880/4880 4805/4805/4805
f 4871/4871/4871 4755/4755/4755 4868/4868/4868 4872/4872/4872
f 4878/4878/4878 4876/4876/4876 4805/4805/4805 4877/4877/4877
f 4864/4864/4864 4601/4601/4601 4600/4600/4600
f 4863/4863/4863 4602/4602/4602 4601/4601/4601
f 4604/4604/4604 4603/4603/4603 4655/4655/4655 4656/4656/4656
f 4606/4606/4606 4605/4605/4605 4657/4657/4657 4658/4658/4658
f 4605/4605/4605 4604/4604/4604 4656/4656/4656 4657/4657/4657
f 4603/4603/4603 4602/4602/4602 4654/4654/4654 4655/4655/4655
f 4607/4607/4607 4606/4606/4606 4658/4658/4658 4659/4659/4659
f 4864/4864/4864 4863/4863/4863 4601/4601/4601
f 4608/4608/4608 4607/4607/4607 4659/4659/4659 4660/4660/4660
f 4609/4609/4609 4608/4608/4608 4660/4660/4660 4661/4661/4661
f 4611/4611/4611 4610/4610/4610 4662/4662/4662 4663/4663/4663
f 4610/4610/4610 4609/4609/4609 4661/4661/4661 4662/4662/4662
f 4612/4612/4612 4611/4611/4611 4663/4663/4663 4664/4664/4664
f 4864/4864/4864 4600/4600/4600 4859/4859/4859
f 4613/4613/4613 4612/4612/4612 4664/4664/4664 4665/4665/4665
f 4614/4614/4614 4613/4613/4613 4665/4665/4665 4666/4666/4666
f 4616/4616/4616 4615/4615/4615 4667/4667/4667 4668/4668/4668
f 4618/4618/4618 4617/4617/4617 4669/4669/4669 4670/4670/4670
f 4617/4617/4617 4616/4616/4616 4668/4668/4668 4669/4669/4669
f 4615/4615/4615 4614/4614/4614 4666/4666/4666 4667/4667/4667
f 4620/4620/4620 4619/4619/4619 4671/4671/4671 4672/4672/4672
f 4622/4622/4622 4621/4621/4621 4673/4673/4673 4674/4674/4674
f 4621/4621/4621 4620/4620/4620 4672/4672/4672 4673/4673/4673
f 4624/4624/4624 4623/4623/4623 4675/4675/4675 4676/4676/4676
f 4626/4626/4626 4625/4625/4625 4677/4677/4677 4678/4678/4678
f 4625/4625/4625 4624/4624/4624 4676/4676/4676 4677/4677/4677
f 4623/4623/4623 4622/4622/4622 4674/4674/4674 4675/4675/4675
f 4619/4619/4619 4618/4618/4618 4670/4670/4670 4671/4671/4671
f 4602/4602/4602 4863/4863/4863 4654/4654/4654
f 4867/4867/4867 4862/4862/4862 4859/4859/4859
f 4863/4863/4863 4653/4653/4653 4654/4654/4654
f 4859/4859/4859 4860/4860/4860 4867/4867/4867
f 4859/4859/4859 4862/4862/4862 4864/4864/4864
f 4629/4629/4629 4628/4628/4628 4680/4680/4680 4681/4681/4681
f 4630/4630/4630 4629/4629/4629 4681/4681/4681 4682/4682/4682
f 4632/4632/4632 4631/4631/4631 4683/4683/4683 4684/4684/4684
f 4634/4634/4634 4633/4633/4633 4685/4685/4685 4686/4686/4686
f 4633/4633/4633 4632/4632/4632 4684/4684/4684 4685/4685/4685
f 4631/4631/4631 4630/4630/4630 4682/4682/4682 4683/4683/4683
f 4636/4636/4636 4635/4635/4635 4687/4687/4687 4688/4688/4688
f 4637/4637/4637 4636/4636/4636 4688/4688/4688 4689/4689/4689
f 4639/4639/4639 4638/4638/4638 4690/4690/4690 4691/4691/4691
f 4641/4641/4641 4640/4640/4640 4692/4692/4692 4693/4693/4693
f 4640/4640/4640 4639/4639/4639 4691/4691/4691 4692/4692/4692
f 4638/4638/4638 4637/4637/4637 4689/4689/4689 4690/4690/4690
f 4635/4635/4635 4634/4634/4634 4686/4686/4686 4687/4687/4687
f 4643/4643/4643 4642/4642/4642 4694/4694/4694 4695/4695/4695
f 4644/4644/4644 4643/4643/4643 4695/4695/4695 4696/4696/4696
f 4646/4646/4646 4645/4645/4645 4697/4697/4697 4698/4698/4698
f 4648/4648/4648 4647/4647/4647 4699/4699/4699 4700/4700/4700
f 4647/4647/4647 4646/4646/4646 4698/4698/4698 4699/4699/4699
f 4645/4645/4645 4644/4644/4644 4696/4696/4696 4697/4697/4697
f 4650/4650/4650 4649/4649/4649 4701/4701/4701 4702/4702/4702
f 4885/4885/4885 4651/4651/4651 4650/4650/4650
f 4885/4885/4885 4650/4650/4650 4702/4702/4702
f 4652/4652/4652 4651/4651/4651 4886/4886/4886
f 4885/4885/4885 4886/4886/4886 4651/4651/4651
f 4652/4652/4652 4886/4886/4886 4875/4875/4875
f 4886/4886/4886 4882/4882/4882 4875/4875/4875
f 4649/4649/4649 4648/4648/4648 4700/4700/4700 4701/4701/4701
f 4642/4642/4642 4641/4641/4641 4693/4693/4693 4694/4694/4694
f 4628/4628/4628 4627/4627/4627 4679/4679/4679 4680/4680/4680
f 4678/4678/4678 4679/4679/4679 4627/4627/4627 4626/4626/4626
f 4874/4874/4874 4875/4875/4875 4882/4882/4882 4884/4884/4884
f 4884/4884/4884 4879/4879/4879 4874/4874/4874
f 4885/4885/4885 4702/4702/4702 4703/4703/4703
f 4860/4860/4860 4865/4865/4865 4867/4867/4867
f 4865/4865/4865 4860/4860/4860 4870/4870/4870
f 4861/4861/4861 4870/4870/4870 4860/4860/4860
f 4868/4868/4868 4870/4870/4870 4861/4861/4861
f 4757/4757/4757 4756/4756/4756 4808/4808/4808 4809/4809/4809
f 4756/4756/4756 4755/4755/4755 4871/4871/4871
f 4868/4868/4868 4861/4861/4861 4872/4872/4872
f 4759/4759/4759 4758/4758/4758 4810/4810/4810 4811/4811/4811
f 4760/4760/4760 4759/4759/4759 4811/4811/4811 4812/4812/4812
f 4762/4762/4762 4761/4761/4761 4813/4813/4813 4814/4814/4814
f 4764/4764/4764 4763/4763/4763 4815/4815/4815 4816/4816/4816
f 4763/4763/4763 4762/4762/4762 4814/4814/4814 4815/4815/4815
f 4761/4761/4761 4760/4760/4760 4812/4812/4812 4813/4813/4813
f 4758/4758/4758 4757/4757/4757 4809/4809/4809 4810/4810/4810
f 4766/4766/4766 4765/4765/4765 4817/4817/4817 4818/4818/4818
f 4767/4767/4767 4766/4766/4766 4818/4818/4818 4819/4819/4819
f 4769/4769/4769 4768/4768/4768 4820/4820/4820 4821/4821/4821
f 4771/4771/4771 4770/4770/4770 4822/4822/4822 4823/4823/4823
f 4770/4770/4770 4769/4769/4769 4821/4821/4821 4822/4822/4822
f 4768/4768/4768 4767/4767/4767 4819/4819/4819 4820/4820/4820
f 4773/4773/4773 4772/4772/4772 4824/4824/4824 4825/4825/4825
f 4775/4775/4775 4774/4774/4774 4826/4826/4826 4827/4827/4827
f 4774/4774/4774 4773/4773/4773 4825/4825/4825 4826/4826/4826
f 4777/4777/4777 4776/4776/4776 4828/4828/4828 4829/4829/4829
f 4779/4779/4779 4778/4778/4778 4830/4830/4830 4831/4831/4831
f 4778/4778/4778 4777/4777/4777 4829/4829/4829 4830/4830/4830
f 4776/4776/4776 4775/4775/4775 4827/4827/4827 4828/4828/4828
f 4772/4772/4772 4771/4771/4771 4823/4823/4823 4824/4824/4824
f 4765/4765/4765 4764/4764/4764 4816/4816/4816 4817/4817/4817
f 4807/4807/4807 4871/4871/4871 4872/4872/4872
f 4861/4861/4861 4806/4806/4806 4872/4872/4872
f 4806/4806/4806 4807/4807/4807 4872/4872/4872
f 4871/4871/4871 4808/4808/4808 4756/4756/4756
f 4871/4871/4871 4807/4807/4807 4808/4808/4808
f 4780/4780/4780 4779/4779/4779 4831/4831/4831 4832/4832/4832
f 4782/4782/4782 4781/4781/4781 4833/4833/4833 4834/4834/4834
f 4783/4783/4783 4782/4782/4782 4834/4834/4834 4835/4835/4835
f 4785/4785/4785 4784/4784/4784 4836/4836/4836 4837/4837/4837
f 4787/4787/4787 4786/4786/4786 4838/4838/4838 4839/4839/4839
f 4786/4786/4786 4785/4785/4785 4837/4837/4837 4838/4838/4838
f 4784/4784/4784 4783/4783/4783 4835/4835/4835 4836/4836/4836
f 4789/4789/4789 4788/4788/4788 4840/4840/4840 4841/4841/4841
f 4790/4790/4790 4789/4789/4789 4841/4841/4841 4842/4842/4842
f 4792/4792/4792 4791/4791/4791 4843/4843/4843 4844/4844/4844
f 4794/4794/4794 4793/4793/4793 4845/4845/4845 4846/4846/4846
f 4793/4793/4793 4792/4792/4792 4844/4844/4844 4845/4845/4845
f 4791/4791/4791 4790/4790/4790 4842/4842/4842 4843/4843/4843
f 4788/4788/4788 4787/4787/4787 4839/4839/4839 4840/4840/4840
f 4796/4796/4796 4795/4795/4795 4847/4847/4847 4848/4848/4848
f 4797/4797/4797 4796/4796/4796 4848/4848/4848 4849/4849/4849
f 4873/4873/4873 4874/4874/4874 4879/4879/4879 4881/4881/4881
f 4873/4873/4873 4881/4881/4881 4876/4876/4876
f 4798/4798/4798 4797/4797/4797 4849/4849/4849 4850/4850/4850
f 4800/4800/4800 4799/4799/4799 4851/4851/4851 4852/4852/4852
f 4802/4802/4802 4801/4801/4801 4853/4853/4853 4854/4854/4854
f 4801/4801/4801 4800/4800/4800 4852/4852/4852 4853/4853/4853
f 4804/4804/4804 4803/4803/4803 4855/4855/4855 4856/4856/4856
f 4805/4805/4805 4804/4804/4804 4877/4877/4877
f 4803/4803/4803 4802/4802/4802 4854/4854/4854 4855/4855/4855
f 4799/4799/4799 4798/4798/4798 4850/4850/4850 4851/4851/4851
f 4878/4878/4878 4873/4873/4873 4876/4876/4876
f 4795/4795/4795 4794/4794/4794 4846/4846/4846 4847/4847/4847
f 4877/4877/4877 4857/4857/4857 4878/4878/4878
f 4804/4804/4804 4856/4856/4856 4877/4877/4877
f 4878/4878/4878 4857/4857/4857 4858/4858/4858
f 4877/4877/4877 4856/4856/4856 4857/4857/4857
f 4873/4873/4873 4878/4878/4878 4858/4858/4858
f 4832/4832/4832 4833/4833/4833 4781/4781/4781 4780/4780/4780
f 4889/4889/4889 4921/4921/4921 4924/4924/4924 4923/4923/4923
f 4890/4890/4890 4918/4918/4918 4922/4922/4922 4920/4920/4920
f 4920/4920/4920 4922/4922/4922 4921/4921/4921 4889/4889/4889
f 4891/4891/4891 4915/4915/4915 4919/4919/4919 4917/4917/4917
f 4917/4917/4917 4919/4919/4919 4918/4918/4918 4890/4890/4890
f 4914/4914/4914 4916/4916/4916 4915/4915/4915 4891/4891/4891
f 4920/4920/4920 4889/4889/4889 4893/4893/4893
f 4894/4894/4894 4890/4890/4890 4920/4920/4920
f 4893/4893/4893 4894/4894/4894 4920/4920/4920
f 4917/4917/4917 4890/4890/4890 4894/4894/4894
f 4895/4895/4895 4891/4891/4891 4917/4917/4917
f 4894/4894/4894 4895/4895/4895 4917/4917/4917
f 4898/4898/4898 4894/4894/4894 4893/4893/4893 4897/4897/4897
f 4899/4899/4899 4895/4895/4895 4894/4894/4894 4898/4898/4898
f 4932/4932/4932 4902/4902/4902 4898/4898/4898
f 4897/4897/4897 4901/4901/4901 4932/4932/4932
f 4898/4898/4898 4897/4897/4897 4932/4932/4932
f 4935/4935/4935 4903/4903/4903 4899/4899/4899
f 4898/4898/4898 4902/4902/4902 4935/4935/4935
f 4899/4899/4899 4898/4898/4898 4935/4935/4935
f 4928/4928/4928 4901/4901/4901 4929/4929/4929 4930/4930/4930
f 4931/4931/4931 4902/4902/4902 4932/4932/4932 4933/4933/4933
f 4933/4933/4933 4932/4932/4932 4901/4901/4901 4928/4928/4928
f 4934/4934/4934 4903/4903/4903 4935/4935/4935 4936/4936/4936
f 4936/4936/4936 4935/4935/4935 4902/4902/4902 4931/4931/4931
f 4938/4938/4938 4937/4937/4937 4903/4903/4903 4934/4934/4934
f 4913/4913/4913 4887/4887/4887 4924/4924/4924
f 4923/4923/4923 4924/4924/4924 4887/4887/4887
f 4912/4912/4912 4913/4913/4913 4921/4921/4921 4922/4922/4922
f 4924/4924/4924 4921/4921/4921 4913/4913/4913
f 4893/4893/4893 4889/4889/4889 4923/4923/4923
f 4887/4887/4887 4892/4892/4892 4923/4923/4923
f 4892/4892/4892 4893/4893/4893 4923/4923/4923
f 4912/4912/4912 4922/4922/4922 4918/4918/4918
f 4919/4919/4919 4912/4912/4912 4918/4918/4918
f 4915/4915/4915 4911/4911/4911 4919/4919/4919
f 4912/4912/4912 4919/4919/4919 4911/4911/4911
f 4888/4888/4888 4911/4911/4911 4915/4915/4915 4916/4916/4916
f 4910/4910/4910 4888/4888/4888 4916/4916/4916
f 4914/4914/4914 4891/4891/4891 4895/4895/4895
f 4909/4909/4909 4914/4914/4914 4895/4895/4895
f 4916/4916/4916 4914/4914/4914 4910/4910/4910
f 4914/4914/4914 4909/4909/4909 4910/4910/4910
f 4895/4895/4895 4908/4908/4908 4909/4909/4909
f 4895/4895/4895 4899/4899/4899 4907/4907/4907 4908/4908/4908
f 4893/4893/4893 4892/4892/4892 4896/4896/4896 4897/4897/4897
f 4929/4929/4929 4896/4896/4896 4900/4900/4900
f 4901/4901/4901 4897/4897/4897 4929/4929/4929
f 4896/4896/4896 4929/4929/4929 4897/4897/4897
f 4929/4929/4929 4900/4900/4900 4930/4930/4930
f 4925/4925/4925 4930/4930/4930 4904/4904/4904
f 4900/4900/4900 4904/4904/4904 4930/4930/4930
f 4928/4928/4928 4930/4930/4930 4925/4925/4925
f 4928/4928/4928 4925/4925/4925 4933/4933/4933
f 4926/4926/4926 4933/4933/4933 4925/4925/4925
f 4926/4926/4926 4931/4931/4931 4933/4933/4933
f 4937/4937/4937 4899/4899/4899 4903/4903/4903
f 4906/4906/4906 4907/4907/4907 4937/4937/4937
f 4899/4899/4899 4937/4937/4937 4907/4907/4907
f 4937/4937/4937 4938/4938/4938 4906/4906/4906
f 4931/4931/4931 4926/4926/4926 4936/4936/4936
f 4927/4927/4927 4936/4936/4936 4926/4926/4926
f 4934/4934/4934 4936/4936/4936 4927/4927/4927
f 4934/4934/4934 4927/4927/4927 4938/4938/4938
f 4905/4905/4905 4938/4938/4938 4927/4927/4927
f 4906/4906/4906 4938/4938/4938 4905/4905/4905
f 4941/4941/4941 4987/4987/4987 4990/4990/4990 4989/4989/4989
f 4942/4942/4942 4984/4984/4984 4988/4988/4988 4986/4986/4986
f 4986/4986/4986 4988/4988/4988 4987/4987/4987 4941/4941/4941
f 4943/4943/4943 4981/4981/4981 4985/4985/4985 4983/4983/4983
f 4983/4983/4983 4985/4985/4985 4984/4984/4984 4942/4942/4942
f 4980/4980/4980 4982/4982/4982 4981/4981/4981 4943/4943/4943
f 4986/4986/4986 4941/4941/4941 4945/4945/4945
f 4946/4946/4946 4942/4942/4942 4986/4986/4986
f 4945/4945/4945 4946/4946/4946 4986/4986/4986
f 4983/4983/4983 4942/4942/4942 4946/4946/4946
f 4947/4947/4947 4943/4943/4943 4983/4983/4983
f 4946/4946/4946 4947/4947/4947 4983/4983/4983
f 4950/4950/4950 4946/4946/4946 4945/4945/4945 4949/4949/4949
f 4951/4951/4951 4947/4947/4947 4946/4946/4946 4950/4950/4950
f 4970/4970/4970 4954/4954/4954 4950/4950/4950
f 4949/4949/4949 4953/4953/4953 4970/4970/4970
f 4950/4950/4950 4949/4949/4949 4970/4970/4970
f 4973/4973/4973 4955/4955/4955 4951/4951/4951
f 4950/4950/4950 4954/4954/4954 4973/4973/4973
f 4951/4951/4951 4950/4950/4950 4973/4973/4973
f 4966/4966/4966 4953/4953/4953 4967/4967/4967 4968/4968/4968
f 4969/4969/4969 4954/4954/4954 4970/4970/4970 4971/4971/4971
f 4971/4971/4971 4970/4970/4970 4953/4953/4953 4966/4966/4966
f 4972/4972/4972 4955/4955/4955 4973/4973/4973 4974/4974/4974
f 4974/4974/4974 4973/4973/4973 4954/4954/4954 4969/4969/4969
f 4976/4976/4976 4975/4975/4975 4955/4955/4955 4972/4972/4972
f 4979/4979/4979 4939/4939/4939 4990/4990/4990
f 4989/4989/4989 4990/4990/4990 4939/4939/4939
f 4978/4978/4978 4979/4979/4979 4987/4987/4987 4988/4988/4988
f 4990/4990/4990 4987/4987/4987 4979/4979/4979
f 4945/4945/4945 4941/4941/4941 4989/4989/4989
f 4939/4939/4939 4944/4944/4944 4989/4989/4989
f 4944/4944/4944 4945/4945/4945 4989/4989/4989
f 4978/4978/4978 4988/4988/4988 4984/4984/4984
f 4985/4985/4985 4978/4978/4978 4984/4984/4984
f 4981/4981/4981 4977/4977/4977 4985/4985/4985
f 4978/4978/4978 4985/4985/4985 4977/4977/4977
f 4940/4940/4940 4977/4977/4977 4981/4981/4981 4982/4982/4982
f 4962/4962/4962 4940/4940/4940 4982/4982/4982
f 4980/4980/4980 4943/4943/4943 4947/4947/4947
f 4961/4961/4961 4980/4980/4980 4947/4947/4947
f 4982/4982/4982 4980/4980/4980 4962/4962/4962
f 4980/4980/4980 4961/4961/4961 4962/4962/4962
f 4947/4947/4947 4960/4960/4960 4961/4961/4961
f 4947/4947/4947 4951/4951/4951 4959/4959/4959 4960/4960/4960
f 4945/4945/4945 4944/4944/4944 4948/4948/4948 4949/4949/4949
f 4967/4967/4967 4948/4948/4948 4952/4952/4952
f 4953/4953/4953 4949/4949/4949 4967/4967/4967
f 4948/4948/4948 4967/4967/4967 4949/4949/4949
f 4967/4967/4967 4952/4952/4952 4968/4968/4968
f 4963/4963/4963 4968/4968/4968 4956/4956/4956
f 4952/4952/4952 4956/4956/4956 4968/4968/4968
f 4966/4966/4966 4968/4968/4968 4963/4963/4963
f 4966/4966/4966 4963/4963/4963 4971/4971/4971
f 4964/4964/4964 4971/4971/4971 4963/4963/4963
f 4964/4964/4964 4969/4969/4969 4971/4971/4971
f 4975/4975/4975 4951/4951/4951 4955/4955/4955
f 4958/4958/4958 4959/4959/4959 4975/4975/4975
f 4951/4951/4951 4975/4975/4975 4959/4959/4959
f 4975/4975/4975 4976/4976/4976 4958/4958/4958
f 4969/4969/4969 4964/4964/4964 4974/4974/4974
f 4965/4965/4965 4974/4974/4974 4964/4964/4964
f 4972/4972/4972 4974/4974/4974 4965/4965/4965
f 4972/4972/4972 4965/4965/4965 4976/4976/4976
f 4957/4957/4957 4976/4976/4976 4965/4965/4965
f 4958/4958/4958 4976/4976/4976 4957/4957/4957
f 5078/5078/5078 5438/5438/5438 5439/5439/5439 5437/5437/5437
f 5429/5429/5429 5433/5433/5433 5432/5432/5432 5162/5162/5162
f 5163/5163/5163 5441/5441/5441 5442/5442/5442 5440/5440/5440
f 5441/5441/5441 5078/5078/5078 5437/5437/5437 5442/5442/5442
f 5441/5441/5441 5163/5163/5163 5164/5164/5164
f 5079/5079/5079 5078/5078/5078 5441/5441/5441
f 5164/5164/5164 5079/5079/5079 5441/5441/5441
f 5165/5165/5165 5080/5080/5080 5079/5079/5079 5164/5164/5164
f 5166/5166/5166 5081/5081/5081 5080/5080/5080 5165/5165/5165
f 5167/5167/5167 5082/5082/5082 5081/5081/5081 5166/5166/5166
f 5168/5168/5168 5083/5083/5083 5082/5082/5082 5167/5167/5167
f 5169/5169/5169 5084/5084/5084 5083/5083/5083 5168/5168/5168
f 5170/5170/5170 5085/5085/5085 5084/5084/5084 5169/5169/5169
f 5171/5171/5171 5086/5086/5086 5085/5085/5085 5170/5170/5170
f 5172/5172/5172 5087/5087/5087 5086/5086/5086 5171/5171/5171
f 5173/5173/5173 5088/5088/5088 5087/5087/5087 5172/5172/5172
f 5174/5174/5174 5089/5089/5089 5088/5088/5088 5173/5173/5173
f 5175/5175/5175 5090/5090/5090 5089/5089/5089 5174/5174/5174
f 5176/5176/5176 5091/5091/5091 5090/5090/5090 5175/5175/5175
f 5177/5177/5177 5092/5092/5092 5091/5091/5091 5176/5176/5176
f 5178/5178/5178 5093/5093/5093 5092/5092/5092 5177/5177/5177
f 5179/5179/5179 5094/5094/5094 5093/5093/5093 5178/5178/5178
f 5180/5180/5180 5095/5095/5095 5094/5094/5094 5179/5179/5179
f 5181/5181/5181 5096/5096/5096 5095/5095/5095 5180/5180/5180
f 5182/5182/5182 5097/5097/5097 5096/5096/5096 5181/5181/5181
f 5183/5183/5183 5098/5098/5098 5097/5097/5097 5182/5182/5182
f 5184/5184/5184 5099/5099/5099 5098/5098/5098 5183/5183/5183
f 5185/5185/5185 5100/5100/5100 5099/5099/5099 5184/5184/5184
f 5186/5186/5186 5101/5101/5101 5100/5100/5100 5185/5185/5185
f 5187/5187/5187 5102/5102/5102 5101/5101/5101 5186/5186/5186
f 5188/5188/5188 5103/5103/5103 5102/5102/5102 5187/5187/5187
f 5189/5189/5189 5104/5104/5104 5103/5103/5103 5188/5188/5188
f 5190/5190/5190 5105/5105/5105 5104/5104/5104 5189/5189/5189
f 5191/5191/5191 5106/5106/5106 5105/5105/5105 5190/5190/5190
f 5192/5192/5192 5107/5107/5107 5106/5106/5106 5191/5191/5191
f 5193/5193/5193 5108/5108/5108 5107/5107/5107 5192/5192/5192
f 5194/5194/5194 5109/5109/5109 5108/5108/5108 5193/5193/5193
f 5195/5195/5195 5110/5110/5110 5109/5109/5109 5194/5194/5194
f 5196/5196/5196 5111/5111/5111 5110/5110/5110 5195/5195/5195
f 5197/5197/5197 5112/5112/5112 5111/5111/5111 5196/5196/5196
f 5198/5198/5198 5113/5113/5113 5112/5112/5112 5197/5197/5197
f 5199/5199/5199 5114/5114/5114 5113/5113/5113 5198/5198/5198
f 5200/5200/5200 5115/5115/5115 5114/5114/5114 5199/5199/5199
f 5201/5201/5201 5116/5116/5116 5115/5115/5115 5200/5200/5200
f 5202/5202/5202 5117/5117/5117 5116/5116/5116 5201/5201/5201
f 5203/5203/5203 5118/5118/5118 5117/5117/5117 5202/5202/5202
f 5204/5204/5204 5119/5119/5119 5118/5118/5118 5203/5203/5203
f 5205/5205/5205 5120/5120/5120 5119/5119/5119 5204/5204/5204
f 5206/5206/5206 5121/5121/5121 5120/5120/5120 5205/5205/5205
f 5207/5207/5207 5122/5122/5122 5121/5121/5121 5206/5206/5206
f 5208/5208/5208 5123/5123/5123 5122/5122/5122 5207/5207/5207
f 5209/5209/5209 5124/5124/5124 5123/5123/5123 5208/5208/5208
f 5210/5210/5210 5125/5125/5125 5124/5124/5124 5209/5209/5209
f 5211/5211/5211 5126/5126/5126 5125/5125/5125 5210/5210/5210
f 5212/5212/5212 5127/5127/5127 5126/5126/5126 5211/5211/5211
f 5213/5213/5213 5128/5128/5128 5127/5127/5127 5212/5212/5212
f 5214/5214/5214 5129/5129/5129 5128/5128/5128 5213/5213/5213
f 5215/5215/5215 5130/5130/5130 5129/5129/5129 5214/5214/5214
f 5216/5216/5216 5131/5131/5131 5130/5130/5130 5215/5215/5215
f 5217/5217/5217 5132/5132/5132 5131/5131/5131 5216/5216/5216
f 5218/5218/5218 5133/5133/5133 5132/5132/5132 5217/5217/5217
f 5219/5219/5219 5134/5134/5134 5133/5133/5133 5218/5218/5218
f 5220/5220/5220 5135/5135/5135 5134/5134/5134 5219/5219/5219
f 5221/5221/5221 5136/5136/5136 5135/5135/5135 5220/5220/5220
f 5222/5222/5222 5137/5137/5137 5136/5136/5136 5221/5221/5221
f 5223/5223/5223 5138/5138/5138 5137/5137/5137 5222/5222/5222
f 5224/5224/5224 5139/5139/5139 5138/5138/5138 5223/5223/5223
f 5225/5225/5225 5140/5140/5140 5139/5139/5139 5224/5224/5224
f 5226/5226/5226 5141/5141/5141 5140/5140/5140 5225/5225/5225
f 5227/5227/5227 5142/5142/5142 5141/5141/5141 5226/5226/5226
f 5228/5228/5228 5143/5143/5143 5142/5142/5142 5227/5227/5227
f 5229/5229/5229 5144/5144/5144 5143/5143/5143 5228/5228/5228
f 5230/5230/5230 5145/5145/5145 5144/5144/5144 5229/5229/5229
f 5231/5231/5231 5146/5146/5146 5145/5145/5145 5230/5230/5230
f 5232/5232/5232 5147/5147/5147 5146/5146/5146 5231/5231/5231
f 5233/5233/5233 5148/5148/5148 5147/5147/5147 5232/5232/5232
f 5234/5234/5234 5149/5149/5149 5148/5148/5148 5233/5233/5233
f 5235/5235/5235 5150/5150/5150 5149/5149/5149 5234/5234/5234
f 5236/5236/5236 5151/5151/5151 5150/5150/5150 5235/5235/5235
f 5237/5237/5237 5152/5152/5152 5151/5151/5151 5236/5236/5236
f 5238/5238/5238 5153/5153/5153 5152/5152/5152 5237/5237/5237
f 5239/5239/5239 5154/5154/5154 5153/5153/5153 5238/5238/5238
f 5240/5240/5240 5155/5155/5155 5154/5154/5154 5239/5239/5239
f 5241/5241/5241 5156/5156/5156 5155/5155/5155 5240/5240/5240
f 5242/5242/5242 5157/5157/5157 5156/5156/5156 5241/5241/5241
f 5243/5243/5243 5158/5158/5158 5157/5157/5157 5242/5242/5242
f 5244/5244/5244 5159/5159/5159 5158/5158/5158 5243/5243/5243
f 5245/5245/5245 5160/5160/5160 5159/5159/5159 5244/5244/5244
f 5246/5246/5246 5161/5161/5161 5160/5160/5160 5245/5245/5245
f 5430/5430/5430 5162/5162/5162 5161/5161/5161
f 5246/5246/5246 5247/5247/5247 5430/5430/5430
f 5161/5161/5161 5246/5246/5246 5430/5430/5430
f 5431/5431/5431 5429/5429/5429 5162/5162/5162 5430/5430/5430
f 5426/5426/5426 5431/5431/5431 5430/5430/5430 5247/5247/5247
f 5248/5248/5248 5444/5444/5444 5445/5445/5445 5443/5443/5443
f 5444/5444/5444 5163/5163/5163 5440/5440/5440 5445/5445/5445
f 5444/5444/5444 5248/5248/5248 5249/5249/5249
f 5164/5164/5164 5163/5163/5163 5444/5444/5444
f 5249/5249/5249 5164/5164/5164 5444/5444/5444
f 5250/5250/5250 5165/5165/5165 5164/5164/5164 5249/5249/5249
f 5251/5251/5251 5166/5166/5166 5165/5165/5165 5250/5250/5250
f 5252/5252/5252 5167/5167/5167 5166/5166/5166 5251/5251/5251
f 5253/5253/5253 5168/5168/5168 5167/5167/5167 5252/5252/5252
f 5254/5254/5254 5169/5169/5169 5168/5168/5168 5253/5253/5253
f 5255/5255/5255 5170/5170/5170 5169/5169/5169 5254/5254/5254
f 5256/5256/5256 5171/5171/5171 5170/5170/5170 5255/5255/5255
f 5257/5257/5257 5172/5172/5172 5171/5171/5171 5256/5256/5256
f 5258/5258/5258 5173/5173/5173 5172/5172/5172 5257/5257/5257
f 5259/5259/5259 5174/5174/5174 5173/5173/5173 5258/5258/5258
f 5260/5260/5260 5175/5175/5175 5174/5174/5174 5259/5259/5259
f 5261/5261/5261 5176/5176/5176 5175/5175/5175 5260/5260/5260
f 5262/5262/5262 5177/5177/5177 5176/5176/5176 5261/5261/5261
f 5263/5263/5263 5178/5178/5178 5177/5177/5177 5262/5262/5262
f 5264/5264/5264 5179/5179/5179 5178/5178/5178 5263/5263/5263
f 5265/5265/5265 5180/5180/5180 5179/5179/5179 5264/5264/5264
f 5266/5266/5266 5181/5181/5181 5180/5180/5180 5265/5265/5265
f 5267/5267/5267 5182/5182/5182 5181/5181/5181 5266/5266/5266
f 5268/5268/5268 5183/5183/5183 5182/5182/5182 5267/5267/5267
f 5269/5269/5269 5184/5184/5184 5183/5183/5183 5268/5268/5268
f 5270/5270/5270 5185/5185/5185 5184/5184/5184 5269/5269/5269
f 5271/5271/5271 5186/5186/5186 5185/5185/5185 5270/5270/5270
f 5272/5272/5272 5187/5187/5187 5186/5186/5186 5271/5271/5271
f 5273/5273/5273 5188/5188/5188 5187/5187/5187 5272/5272/5272
f 5274/5274/5274 5189/5189/5189 5188/5188/5188 5273/5273/5273
f 5275/5275/5275 5190/5190/5190 5189/5189/5189 5274/5274/5274
f 5276/5276/5276 5191/5191/5191 5190/5190/5190 5275/5275/5275
f 5277/5277/5277 5192/5192/5192 5191/5191/5191 5276/5276/5276
f 5278/5278/5278 5193/5193/5193 5192/5192/5192 5277/5277/5277
f 5279/5279/5279 5194/5194/5194 5193/5193/5193 5278/5278/5278
f 5280/5280/5280 5195/5195/5195 5194/5194/5194 5279/5279/5279
f 5281/5281/5281 5196/5196/5196 5195/5195/5195 5280/5280/5280
f 5282/5282/5282 5197/5197/5197 5196/5196/5196 5281/5281/5281
f 5283/5283/5283 5198/5198/5198 5197/5197/5197 5282/5282/5282
f 5284/5284/5284 5199/5199/5199 5198/5198/5198 5283/5283/5283
f 5285/5285/5285 5200/5200/5200 5199/5199/5199 5284/5284/5284
f 5286/5286/5286 5201/5201/5201 5200/5200/5200 5285/5285/5285
f 5287/5287/5287 5202/5202/5202 5201/5201/5201 5286/5286/5286
f 5288/5288/5288 5203/5203/5203 5202/5202/5202 5287/5287/5287
f 5289/5289/5289 5204/5204/5204 5203/5203/5203 5288/5288/5288
f 5290/5290/5290 5205/5205/5205 5204/5204/5204 5289/5289/5289
f 5291/5291/5291 5206/5206/5206 5205/5205/5205 5290/5290/5290
f 5292/5292/5292 5207/5207/5207 5206/5206/5206 5291/5291/5291
f 5293/5293/5293 5208/5208/5208 5207/5207/5207 5292/5292/5292
f 5294/5294/5294 5209/5209/5209 5208/5208/5208 5293/5293/5293
f 5295/5295/5295 5210/5210/5210 5209/5209/5209 5294/5294/5294
f 5296/5296/5296 5211/5211/5211 5210/5210/5210 5295/5295/5295
f 5297/5297/5297 5212/5212/5212 5211/5211/5211 5296/5296/5296
f 5298/5298/5298 5213/5213/5213 5212/5212/5212 5297/5297/5297
f 5299/5299/5299 5214/5214/5214 5213/5213/5213 5298/5298/5298
f 5300/5300/5300 5215/5215/5215 5214/5214/5214 5299/5299/5299
f 5301/5301/5301 5216/5216/5216 5215/5215/5215 5300/5300/5300
f 5302/5302/5302 5217/5217/5217 5216/5216/5216 5301/5301/5301
f 5303/5303/5303 5218/5218/5218 5217/5217/5217 5302/5302/5302
f 5304/5304/5304 5219/5219/5219 5218/5218/5218 5303/5303/5303
f 5305/5305/5305 5220/5220/5220 5219/5219/5219 5304/5304/5304
f 5306/5306/5306 5221/5221/5221 5220/5220/5220 5305/5305/5305
f 5307/5307/5307 5222/5222/5222 5221/5221/5221 5306/5306/5306
f 5308/5308/5308 5223/5223/5223 5222/5222/5222 5307/5307/5307
f 5309/5309/5309 5224/5224/5224 5223/5223/5223 5308/5308/5308
f 5310/5310/5310 5225/5225/5225 5224/5224/5224 5309/5309/5309
f 5311/5311/5311 5226/5226/5226 5225/5225/5225 5310/5310/5310
f 5312/5312/5312 5227/5227/5227 5226/5226/5226 5311/5311/5311
f 5313/5313/5313 5228/5228/5228 5227/5227/5227 5312/5312/5312
f 5314/5314/5314 5229/5229/5229 5228/5228/5228 5313/5313/5313
f 5315/5315/5315 5230/5230/5230 5229/5229/5229 5314/5314/5314
f 5316/5316/5316 5231/5231/5231 5230/5230/5230 5315/5315/5315
f 5317/5317/5317 5232/5232/5232 5231/5231/5231 5316/5316/5316
f 5318/5318/5318 5233/5233/5233 5232/5232/5232 5317/5317/5317
f 5319/5319/5319 5234/5234/5234 5233/5233/5233 5318/5318/5318
f 5320/5320/5320 5235/5235/5235 5234/5234/5234 5319/5319/5319
f 5321/5321/5321 5236/5236/5236 5235/5235/5235 5320/5320/5320
f 5322/5322/5322 5237/5237/5237 5236/5236/5236 5321/5321/5321
f 5323/5323/5323 5238/5238/5238 5237/5237/5237 5322/5322/5322
f 5324/5324/5324 5239/5239/5239 5238/5238/5238 5323/5323/5323
f 5325/5325/5325 5240/5240/5240 5239/5239/5239 5324/5324/5324
f 5326/5326/5326 5241/5241/5241 5240/5240/5240 5325/5325/5325
f 5327/5327/5327 5242/5242/5242 5241/5241/5241 5326/5326/5326
f 5328/5328/5328 5243/5243/5243 5242/5242/5242 5327/5327/5327
f 5329/5329/5329 5244/5244/5244 5243/5243/5243 5328/5328/5328
f 5330/5330/5330 5245/5245/5245 5244/5244/5244 5329/5329/5329
f 5331/5331/5331 5246/5246/5246 5245/5245/5245 5330/5330/5330
f 5427/5427/5427 5247/5247/5247 5246/5246/5246
f 5331/5331/5331 5332/5332/5332 5427/5427/5427
f 5246/5246/5246 5331/5331/5331 5427/5427/5427
f 5428/5428/5428 5426/5426/5426 5247/5247/5247 5427/5427/5427
f 5423/5423/5423 5428/5428/5428 5427/5427/5427 5332/5332/5332
f 5446/5446/5446 5248/5248/5248 5443/5443/5443 5447/5447/5447
f 5425/5425/5425 5423/5423/5423 5332/5332/5332 5424/5424/5424
f 5439/5439/5439 4992/4992/4992 4991/4991/4991
f 4994/4994/4994 4993/4993/4993 5079/5079/5079 5080/5080/5080
f 4995/4995/4995 4994/4994/4994 5080/5080/5080 5081/5081/5081
f 4993/4993/4993 4992/4992/4992 5438/5438/5438
f 4997/4997/4997 4996/4996/4996 5082/5082/5082 5083/5083/5083
f 4998/4998/4998 4997/4997/4997 5083/5083/5083 5084/5084/5084
f 5000/5000/5000 4999/4999/4999 5085/5085/5085 5086/5086/5086
f 5001/5001/5001 5000/5000/5000 5086/5086/5086 5087/5087/5087
f 4999/4999/4999 4998/4998/4998 5084/5084/5084 5085/5085/5085
f 4996/4996/4996 4995/4995/4995 5081/5081/5081 5082/5082/5082
f 5003/5003/5003 5002/5002/5002 5088/5088/5088 5089/5089/5089
f 5004/5004/5004 5003/5003/5003 5089/5089/5089 5090/5090/5090
f 5005/5005/5005 5004/5004/5004 5090/5090/5090 5091/5091/5091
f 5002/5002/5002 5001/5001/5001 5087/5087/5087 5088/5088/5088
f 5006/5006/5006 5005/5005/5005 5091/5091/5091 5092/5092/5092
f 5438/5438/5438 4992/4992/4992 5439/5439/5439
f 5007/5007/5007 5006/5006/5006 5092/5092/5092 5093/5093/5093
f 5008/5008/5008 5007/5007/5007 5093/5093/5093 5094/5094/5094
f 5010/5010/5010 5009/5009/5009 5095/5095/5095 5096/5096/5096
f 5011/5011/5011 5010/5010/5010 5096/5096/5096 5097/5097/5097
f 5009/5009/5009 5008/5008/5008 5094/5094/5094 5095/5095/5095
f 5012/5012/5012 5011/5011/5011 5097/5097/5097 5098/5098/5098
f 5439/5439/5439 4991/4991/4991 5434/5434/5434
f 5013/5013/5013 5012/5012/5012 5098/5098/5098 5099/5099/5099
f 5015/5015/5015 5014/5014/5014 5100/5100/5100 5101/5101/5101
f 5016/5016/5016 5015/5015/5015 5101/5101/5101 5102/5102/5102
f 5014/5014/5014 5013/5013/5013 5099/5099/5099 5100/5100/5100
f 5018/5018/5018 5017/5017/5017 5103/5103/5103 5104/5104/5104
f 5019/5019/5019 5018/5018/5018 5104/5104/5104 5105/5105/5105
f 5021/5021/5021 5020/5020/5020 5106/5106/5106 5107/5107/5107
f 5022/5022/5022 5021/5021/5021 5107/5107/5107 5108/5108/5108
f 5020/5020/5020 5019/5019/5019 5105/5105/5105 5106/5106/5106
f 5017/5017/5017 5016/5016/5016 5102/5102/5102 5103/5103/5103
f 5024/5024/5024 5023/5023/5023 5109/5109/5109 5110/5110/5110
f 5025/5025/5025 5024/5024/5024 5110/5110/5110 5111/5111/5111
f 5027/5027/5027 5026/5026/5026 5112/5112/5112 5113/5113/5113
f 5028/5028/5028 5027/5027/5027 5113/5113/5113 5114/5114/5114
f 5026/5026/5026 5025/5025/5025 5111/5111/5111 5112/5112/5112
f 5030/5030/5030 5029/5029/5029 5115/5115/5115 5116/5116/5116
f 5031/5031/5031 5030/5030/5030 5116/5116/5116 5117/5117/5117
f 5033/5033/5033 5032/5032/5032 5118/5118/5118 5119/5119/5119
f 5034/5034/5034 5033/5033/5033 5119/5119/5119 5120/5120/5120
f 5032/5032/5032 5031/5031/5031 5117/5117/5117 5118/5118/5118
f 5029/5029/5029 5028/5028/5028 5114/5114/5114 5115/5115/5115
f 5023/5023/5023 5022/5022/5022 5108/5108/5108 5109/5109/5109
f 5438/5438/5438 5079/5079/5079 4993/4993/4993
f 5442/5442/5442 5437/5437/5437 5434/5434/5434
f 5078/5078/5078 5079/5079/5079 5438/5438/5438
f 5434/5434/5434 5435/5435/5435 5442/5442/5442
f 5439/5439/5439 5434/5434/5434 5437/5437/5437
f 5037/5037/5037 5036/5036/5036 5122/5122/5122 5123/5123/5123
f 5039/5039/5039 5038/5038/5038 5124/5124/5124 5125/5125/5125
f 5040/5040/5040 5039/5039/5039 5125/5125/5125 5126/5126/5126
f 5038/5038/5038 5037/5037/5037 5123/5123/5123 5124/5124/5124
f 5042/5042/5042 5041/5041/5041 5127/5127/5127 5128/5128/5128
f 5043/5043/5043 5042/5042/5042 5128/5128/5128 5129/5129/5129
f 5045/5045/5045 5044/5044/5044 5130/5130/5130 5131/5131/5131
f 5046/5046/5046 5045/5045/5045 5131/5131/5131 5132/5132/5132
f 5044/5044/5044 5043/5043/5043 5129/5129/5129 5130/5130/5130
f 5041/5041/5041 5040/5040/5040 5126/5126/5126 5127/5127/5127
f 5048/5048/5048 5047/5047/5047 5133/5133/5133 5134/5134/5134
f 5049/5049/5049 5048/5048/5048 5134/5134/5134 5135/5135/5135
f 5051/5051/5051 5050/5050/5050 5136/5136/5136 5137/5137/5137
f 5052/5052/5052 5051/5051/5051 5137/5137/5137 5138/5138/5138
f 5050/5050/5050 5049/5049/5049 5135/5135/5135 5136/5136/5136
f 5054/5054/5054 5053/5053/5053 5139/5139/5139 5140/5140/5140
f 5055/5055/5055 5054/5054/5054 5140/5140/5140 5141/5141/5141
f 5057/5057/5057 5056/5056/5056 5142/5142/5142 5143/5143/5143
f 5058/5058/5058 5057/5057/5057 5143/5143/5143 5144/5144/5144
f 5056/5056/5056 5055/5055/5055 5141/5141/5141 5142/5142/5142
f 5053/5053/5053 5052/5052/5052 5138/5138/5138 5139/5139/5139
f 5047/5047/5047 5046/5046/5046 5132/5132/5132 5133/5133/5133
f 5060/5060/5060 5059/5059/5059 5145/5145/5145 5146/5146/5146
f 5062/5062/5062 5061/5061/5061 5147/5147/5147 5148/5148/5148
f 5063/5063/5063 5062/5062/5062 5148/5148/5148 5149/5149/5149
f 5061/5061/5061 5060/5060/5060 5146/5146/5146 5147/5147/5147
f 5065/5065/5065 5064/5064/5064 5150/5150/5150 5151/5151/5151
f 5066/5066/5066 5065/5065/5065 5151/5151/5151 5152/5152/5152
f 5068/5068/5068 5067/5067/5067 5153/5153/5153 5154/5154/5154
f 5069/5069/5069 5068/5068/5068 5154/5154/5154 5155/5155/5155
f 5067/5067/5067 5066/5066/5066 5152/5152/5152 5153/5153/5153
f 5064/5064/5064 5063/5063/5063 5149/5149/5149 5150/5150/5150
f 5071/5071/5071 5070/5070/5070 5156/5156/5156 5157/5157/5157
f 5072/5072/5072 5071/5071/5071 5157/5157/5157 5158/5158/5158
f 5074/5074/5074 5073/5073/5073 5159/5159/5159 5160/5160/5160
f 5075/5075/5075 5074/5074/5074 5160/5160/5160 5161/5161/5161
f 5073/5073/5073 5072/5072/5072 5158/5158/5158 5159/5159/5159
f 5432/5432/5432 5076/5076/5076 5075/5075/5075
f 5433/5433/5433 5077/5077/5077 5076/5076/5076
f 5422/5422/5422 5433/5433/5433 5429/5429/5429
f 5077/5077/5077 5433/5433/5433 5422/5422/5422
f 5076/5076/5076 5432/5432/5432 5433/5433/5433
f 5161/5161/5161 5432/5432/5432 5075/5075/5075
f 5070/5070/5070 5069/5069/5069 5155/5155/5155 5156/5156/5156
f 5059/5059/5059 5058/5058/5058 5144/5144/5144 5145/5145/5145
f 5036/5036/5036 5035/5035/5035 5121/5121/5121 5122/5122/5122
f 5120/5120/5120 5121/5121/5121 5035/5035/5035 5034/5034/5034
f 5432/5432/5432 5161/5161/5161 5162/5162/5162
f 5421/5421/5421 5422/5422/5422 5429/5429/5429 5431/5431/5431
f 5431/5431/5431 5426/5426/5426 5421/5421/5421
f 5440/5440/5440 5442/5442/5442 5435/5435/5435
f 5445/5445/5445 5440/5440/5440 5435/5435/5435
f 5447/5447/5447 5443/5443/5443 5436/5436/5436
f 5436/5436/5436 5443/5443/5443 5445/5445/5445
f 5445/5445/5445 5435/5435/5435 5436/5436/5436
f 5250/5250/5250 5249/5249/5249 5335/5335/5335 5336/5336/5336
f 5251/5251/5251 5250/5250/5250 5336/5336/5336 5337/5337/5337
f 5253/5253/5253 5252/5252/5252 5338/5338/5338 5339/5339/5339
f 5254/5254/5254 5253/5253/5253 5339/5339/5339 5340/5340/5340
f 5252/5252/5252 5251/5251/5251 5337/5337/5337 5338/5338/5338
f 5249/5249/5249 5248/5248/5248 5446/5446/5446
f 5256/5256/5256 5255/5255/5255 5341/5341/5341 5342/5342/5342
f 5257/5257/5257 5256/5256/5256 5342/5342/5342 5343/5343/5343
f 5259/5259/5259 5258/5258/5258 5344/5344/5344 5345/5345/5345
f 5260/5260/5260 5259/5259/5259 5345/5345/5345 5346/5346/5346
f 5258/5258/5258 5257/5257/5257 5343/5343/5343 5344/5344/5344
f 5262/5262/5262 5261/5261/5261 5347/5347/5347 5348/5348/5348
f 5263/5263/5263 5262/5262/5262 5348/5348/5348 5349/5349/5349
f 5265/5265/5265 5264/5264/5264 5350/5350/5350 5351/5351/5351
f 5266/5266/5266 5265/5265/5265 5351/5351/5351 5352/5352/5352
f 5264/5264/5264 5263/5263/5263 5349/5349/5349 5350/5350/5350
f 5261/5261/5261 5260/5260/5260 5346/5346/5346 5347/5347/5347
f 5255/5255/5255 5254/5254/5254 5340/5340/5340 5341/5341/5341
f 5268/5268/5268 5267/5267/5267 5353/5353/5353 5354/5354/5354
f 5270/5270/5270 5269/5269/5269 5355/5355/5355 5356/5356/5356
f 5271/5271/5271 5270/5270/5270 5356/5356/5356 5357/5357/5357
f 5269/5269/5269 5268/5268/5268 5354/5354/5354 5355/5355/5355
f 5273/5273/5273 5272/5272/5272 5358/5358/5358 5359/5359/5359
f 5274/5274/5274 5273/5273/5273 5359/5359/5359 5360/5360/5360
f 5276/5276/5276 5275/5275/5275 5361/5361/5361 5362/5362/5362
f 5277/5277/5277 5276/5276/5276 5362/5362/5362 5363/5363/5363
f 5275/5275/5275 5274/5274/5274 5360/5360/5360 5361/5361/5361
f 5272/5272/5272 5271/5271/5271 5357/5357/5357 5358/5358/5358
f 5279/5279/5279 5278/5278/5278 5364/5364/5364 5365/5365/5365
f 5280/5280/5280 5279/5279/5279 5365/5365/5365 5366/5366/5366
f 5282/5282/5282 5281/5281/5281 5367/5367/5367 5368/5368/5368
f 5283/5283/5283 5282/5282/5282 5368/5368/5368 5369/5369/5369
f 5281/5281/5281 5280/5280/5280 5366/5366/5366 5367/5367/5367
f 5285/5285/5285 5284/5284/5284 5370/5370/5370 5371/5371/5371
f 5286/5286/5286 5285/5285/5285 5371/5371/5371 5372/5372/5372
f 5288/5288/5288 5287/5287/5287 5373/5373/5373 5374/5374/5374
f 5289/5289/5289 5288/5288/5288 5374/5374/5374 5375/5375/5375
f 5287/5287/5287 5286/5286/5286 5372/5372/5372 5373/5373/5373
f 5284/5284/5284 5283/5283/5283 5369/5369/5369 5370/5370/5370
f 5278/5278/5278 5277/5277/5277 5363/5363/5363 5364/5364/5364
f 5267/5267/5267 5266/5266/5266 5352/5352/5352 5353/5353/5353
f 5335/5335/5335 5249/5249/5249 5446/5446/5446
f 5334/5334/5334 5446/5446/5446 5447/5447/5447
f 5447/5447/5447 5333/5333/5333 5334/5334/5334
f 5446/5446/5446 5334/5334/5334 5335/5335/5335
f 5333/5333/5333 5447/5447/5447 5436/5436/5436
f 5290/5290/5290 5289/5289/5289 5375/5375/5375 5376/5376/5376
f 5292/5292/5292 5291/5291/5291 5377/5377/5377 5378/5378/5378
f 5294/5294/5294 5293/5293/5293 5379/5379/5379 5380/5380/5380
f 5295/5295/5295 5294/5294/5294 5380/5380/5380 5381/5381/5381
f 5293/5293/5293 5292/5292/5292 5378/5378/5378 5379/5379/5379
f 5297/5297/5297 5296/5296/5296 5382/5382/5382 5383/5383/5383
f 5298/5298/5298 5297/5297/5297 5383/5383/5383 5384/5384/5384
f 5300/5300/5300 5299/5299/5299 5385/5385/5385 5386/5386/5386
f 5301/5301/5301 5300/5300/5300 5386/5386/5386 5387/5387/5387
f 5299/5299/5299 5298/5298/5298 5384/5384/5384 5385/5385/5385
f 5296/5296/5296 5295/5295/5295 5381/5381/5381 5382/5382/5382
f 5303/5303/5303 5302/5302/5302 5388/5388/5388 5389/5389/5389
f 5304/5304/5304 5303/5303/5303 5389/5389/5389 5390/5390/5390
f 5306/5306/5306 5305/5305/5305 5391/5391/5391 5392/5392/5392
f 5307/5307/5307 5306/5306/5306 5392/5392/5392 5393/5393/5393
f 5305/5305/5305 5304/5304/5304 5390/5390/5390 5391/5391/5391
f 5309/5309/5309 5308/5308/5308 5394/5394/5394 5395/5395/5395
f 5310/5310/5310 5309/5309/5309 5395/5395/5395 5396/5396/5396
f 5312/5312/5312 5311/5311/5311 5397/5397/5397 5398/5398/5398
f 5313/5313/5313 5312/5312/5312 5398/5398/5398 5399/5399/5399
f 5311/5311/5311 5310/5310/5310 5396/5396/5396 5397/5397/5397
f 5308/5308/5308 5307/5307/5307 5393/5393/5393 5394/5394/5394
f 5302/5302/5302 5301/5301/5301 5387/5387/5387 5388/5388/5388
f 5315/5315/5315 5314/5314/5314 5400/5400/5400 5401/5401/5401
f 5317/5317/5317 5316/5316/5316 5402/5402/5402 5403/5403/5403
f 5318/5318/5318 5317/5317/5317 5403/5403/5403 5404/5404/5404
f 5316/5316/5316 5315/5315/5315 5401/5401/5401 5402/5402/5402
f 5420/5420/5420 5421/5421/5421 5426/5426/5426 5428/5428/5428
f 5428/5428/5428 5423/5423/5423 5420/5420/5420
f 5320/5320/5320 5319/5319/5319 5405/5405/5405 5406/5406/5406
f 5321/5321/5321 5320/5320/5320 5406/5406/5406 5407/5407/5407
f 5319/5319/5319 5318/5318/5318 5404/5404/5404 5405/5405/5405
f 5323/5323/5323 5322/5322/5322 5408/5408/5408 5409/5409/5409
f 5324/5324/5324 5323/5323/5323 5409/5409/5409 5410/5410/5410
f 5326/5326/5326 5325/5325/5325 5411/5411/5411 5412/5412/5412
f 5327/5327/5327 5326/5326/5326 5412/5412/5412 5413/5413/5413
f 5325/5325/5325 5324/5324/5324 5410/5410/5410 5411/5411/5411
f 5329/5329/5329 5328/5328/5328 5414/5414/5414 5415/5415/5415
f 5330/5330/5330 5329/5329/5329 5415/5415/5415 5416/5416/5416
f 5424/5424/5424 5332/5332/5332 5331/5331/5331
f 5331/5331/5331 5330/5330/5330 5416/5416/5416 5417/5417/5417
f 5328/5328/5328 5327/5327/5327 5413/5413/5413 5414/5414/5414
f 5322/5322/5322 5321/5321/5321 5407/5407/5407 5408/5408/5408
f 5425/5425/5425 5420/5420/5420 5423/5423/5423
f 5314/5314/5314 5313/5313/5313 5399/5399/5399 5400/5400/5400
f 5424/5424/5424 5418/5418/5418 5425/5425/5425
f 5424/5424/5424 5417/5417/5417 5418/5418/5418
f 5425/5425/5425 5418/5418/5418 5419/5419/5419
f 5331/5331/5331 5417/5417/5417 5424/5424/5424
f 5420/5420/5420 5425/5425/5425 5419/5419/5419
f 5376/5376/5376 5377/5377/5377 5291/5291/5291 5290/5290/5290
