# Rhino

mtllib board_obj.mtl
usemtl Default
v 0.5 1.1774580478668213 48.561149597167969
v 4.5 1.1774580478668213 48.561149597167969
v 0.5 25.177457809448242 48.561149597167969
v 4.5 25.177457809448242 48.561149597167969
v 4.5 24.034601211547852 48.561149597167969
v 4.5 22.891744613647461 48.561149597167969
v 4.5 21.748886108398438 48.561149597167969
v 4.5 20.606029510498047 48.561149597167969
v 4.5 19.463172912597656 48.561149597167969
v 4.5 18.320314407348633 48.561149597167969
v 4.5 17.177457809448242 48.561149597167969
v 4.5 16.034601211547852 48.561149597167969
v 4.5 14.891743659973145 48.561149597167969
v 4.5 13.748887062072754 48.561149597167969
v 4.5 12.606029510498047 48.561149597167969
v 4.5 11.46317195892334 48.561149597167969
v 4.5 10.320315361022949 48.561149597167969
v 4.5 9.1774578094482422 48.561149597167969
v 4.5 8.0346012115478516 48.561149597167969
v 4.5 6.8917436599731445 48.561149597167969
v 4.5 5.7488865852355957 48.561149597167969
v 4.5 4.6060295104980469 48.561149597167969
v 4.5 3.463172435760498 48.561149597167969
v 4.5 2.3203151226043701 48.561149597167969
v 2.5 13.177457809448242 48.561149597167969
v 3.5 13.177457809448242 48.561149597167969
v 2.5 19.177457809448242 48.561149597167969
v 3.5 19.177457809448242 48.561149597167969
v 4 19.177457809448242 48.561149597167969
v 3.5 22.177457809448242 48.561149597167969
v 4 22.177457809448242 48.561149597167969
v 4 13.177457809448242 48.561149597167969
v 3.5 16.177457809448242 48.561149597167969
v 4 16.177457809448242 48.561149597167969
v 2.5 7.1774578094482422 48.561149597167969
v 3.5 7.1774578094482422 48.561149597167969
v 4 7.1774578094482422 48.561149597167969
v 3.5 10.177457809448242 48.561149597167969
v 4 10.177457809448242 48.561149597167969
v 3.5 4.1774578094482422 48.561149597167969
v 4 4.1774578094482422 48.561149597167969
v 0.5 2.3203151226043701 48.561149597167969
v 0.5 3.463172435760498 48.561149597167969
v 0.5 4.6060295104980469 48.561149597167969
v 0.5 5.7488865852355957 48.561149597167969
v 0.5 6.8917436599731445 48.561149597167969
v 0.5 8.0346012115478516 48.561149597167969
v 0.5 9.1774578094482422 48.561149597167969
v 0.5 10.320315361022949 48.561149597167969
v 0.5 11.46317195892334 48.561149597167969
v 0.5 12.606029510498047 48.561149597167969
v 0.5 13.748887062072754 48.561149597167969
v 0.5 14.891743659973145 48.561149597167969
v 0.5 16.034601211547852 48.561149597167969
v 0.5 17.177457809448242 48.561149597167969
v 0.5 18.320314407348633 48.561149597167969
v 0.5 19.463172912597656 48.561149597167969
v 0.5 20.606029510498047 48.561149597167969
v 0.5 21.748886108398438 48.561149597167969
v 0.5 22.891744613647461 48.561149597167969
v 0.5 24.034601211547852 48.561149597167969
v 1.5 13.177457809448242 48.561149597167969
v 1.5 7.1774578094482422 48.561149597167969
v 1 7.1774578094482422 48.561149597167969
v 1.5 4.1774578094482422 48.561149597167969
v 1 4.1774578094482422 48.561149597167969
v 1 13.177457809448242 48.561149597167969
v 1.5 10.177457809448242 48.561149597167969
v 1 10.177457809448242 48.561149597167969
v 1.5 19.177457809448242 48.561149597167969
v 1 19.177457809448242 48.561149597167969
v 1.5 16.177457809448242 48.561149597167969
v 1 16.177457809448242 48.561149597167969
v 1.5 22.177457809448242 48.561149597167969
v 1 22.177457809448242 48.561149597167969
v 0.5 -1.8225419521331787 -48.438850402832031
v 4.5 -1.8225419521331787 -48.438850402832031
v 0.5 -1.8225419521331787 45.561149597167969
v 4.5 -1.8225419521331787 45.561149597167969
v 4.5 -1.8225419521331787 44.400657653808594
v 4.5 -1.8225419521331787 43.240161895751953
v 4.5 -1.8225419521331787 42.079669952392578
v 4.5 -1.8225419521331787 40.919174194335938
v 4.5 -1.8225419521331787 39.758682250976562
v 4.5 -1.8225419521331787 38.598186492919922
v 4.5 -1.8225419521331787 37.437694549560547
v 4.5 -1.8225419521331787 36.277198791503906
v 4.5 -1.8225419521331787 35.116706848144531
v 4.5 -1.8225419521331787 33.956211090087891
v 4.5 -1.8225419521331787 32.795719146728516
v 4.5 -1.8225419521331787 31.635225296020508
v 4.5 -1.8225419521331787 30.4747314453125
v 4.5 -1.8225419521331787 29.314237594604492
v 4.5 -1.8225419521331787 28.153743743896484
v 4.5 -1.8225419521331787 26.993249893188477
v 4.5 -1.8225419521331787 25.832756042480469
v 4.5 -1.8225419521331787 24.672262191772461
v 4.5 -1.8225419521331787 23.511768341064453
v 4.5 -1.8225419521331787 22.351274490356445
v 4.5 -1.8225419521331787 21.190780639648438
v 4.5 -1.8225419521331787 20.03028678894043
v 4.5 -1.8225419521331787 18.869792938232422
v 4.5 -1.8225419521331787 17.709299087524414
v 4.5 -1.8225419521331787 16.548805236816406
v 4.5 -1.8225419521331787 15.388311386108398
v 4.5 -1.8225419521331787 14.227817535400391
v 4.5 -1.8225419521331787 13.067323684692383
v 4.5 -1.8225419521331787 11.906829833984375
v 4.5 -1.8225419521331787 10.746335983276367
v 4.5 -1.8225419521331787 9.5858421325683594
v 4.5 -1.8225419521331787 8.4253482818603516
v 4.5 -1.8225419521331787 7.264854907989502
v 4.5 -1.8225419521331787 6.1043610572814941
v 4.5 -1.8225419521331787 4.9438672065734863
v 4.5 -1.8225419521331787 3.7833733558654785
v 4.5 -1.8225419521331787 2.6228795051574707
v 4.5 -1.8225419521331787 1.4623856544494629
v 4.5 -1.8225419521331787 0.30189183354377747
v 4.5 -1.8225419521331787 -0.85860198736190796
v 4.5 -1.8225419521331787 -2.0190958976745605
v 4.5 -1.8225419521331787 -3.1795897483825684
v 4.5 -1.8225419521331787 -4.3400835990905762
v 4.5 -1.8225419521331787 -5.500577449798584
v 4.5 -1.8225419521331787 -6.6610713005065918
v 4.5 -1.8225419521331787 -7.8215651512145996
v 4.5 -1.8225419521331787 -8.9820585250854492
v 4.5 -1.8225419521331787 -10.142552375793457
v 4.5 -1.8225419521331787 -11.303046226501465
v 4.5 -1.8225419521331787 -12.463540077209473
v 4.5 -1.8225419521331787 -13.62403392791748
v 4.5 -1.8225419521331787 -14.784527778625488
v 4.5 -1.8225419521331787 -15.945021629333496
v 4.5 -1.8225419521331787 -17.10551643371582
v 4.5 -1.8225419521331787 -18.266010284423828
v 4.5 -1.8225419521331787 -19.426504135131836
v 4.5 -1.8225419521331787 -20.586997985839844
v 4.5 -1.8225419521331787 -21.747491836547852
v 4.5 -1.8225419521331787 -22.907983779907227
v 4.5 -1.8225419521331787 -24.068477630615234
v 4.5 -1.8225419521331787 -25.228971481323242
v 4.5 -1.8225419521331787 -26.38946533203125
v 4.5 -1.8225419521331787 -27.549959182739258
v 4.5 -1.8225419521331787 -28.710453033447266
v 4.5 -1.8225419521331787 -29.870946884155273
v 4.5 -1.8225419521331787 -31.031440734863281
v 4.5 -1.8225419521331787 -32.191936492919922
v 4.5 -1.8225419521331787 -33.352428436279297
v 4.5 -1.8225419521331787 -34.512924194335938
v 4.5 -1.8225419521331787 -35.673416137695312
v 4.5 -1.8225419521331787 -36.833911895751953
v 4.5 -1.8225419521331787 -37.994403839111328
v 4.5 -1.8225419521331787 -39.154899597167969
v 4.5 -1.8225419521331787 -40.315391540527344
v 4.5 -1.8225419521331787 -41.475887298583984
v 4.5 -1.8225419521331787 -42.636379241943359
v 4.5 -1.8225419521331787 -43.796875
v 4.5 -1.8225419521331787 -44.957366943359375
v 4.5 -1.8225419521331787 -46.117862701416016
v 4.5 -1.8225419521331787 -47.278354644775391
v 2.5 -1.8225419521331787 22.061151504516602
v 2.5 -1.8225419521331787 33.811149597167969
v 3.5 -1.8225419521331787 33.811149597167969
v 2.5 -1.8225419521331787 39.686149597167969
v 3.5 -1.8225419521331787 39.686149597167969
v 4 -1.8225419521331787 39.686149597167969
v 3.5 -1.8225419521331787 42.623649597167969
v 4 -1.8225419521331787 42.623649597167969
v 4 -1.8225419521331787 33.811149597167969
v 3.5 -1.8225419521331787 36.748649597167969
v 4 -1.8225419521331787 36.748649597167969
v 3.5 -1.8225419521331787 22.061151504516602
v 2.5 -1.8225419521331787 27.936151504516602
v 3.5 -1.8225419521331787 27.936151504516602
v 2.5 -1.8225419521331787 -1.4388489723205566
v 2.5 -1.8225419521331787 10.311151504516602
v 4 -1.8225419521331787 27.936151504516602
v 3.5 -1.8225419521331787 30.873651504516602
v 4 -1.8225419521331787 30.873651504516602
v 4 -1.8225419521331787 22.061151504516602
v 3.5 -1.8225419521331787 24.998651504516602
v 4 -1.8225419521331787 24.998651504516602
v 3.5 -1.8225419521331787 10.311151504516602
v 2.5 -1.8225419521331787 16.186151504516602
v 3.5 -1.8225419521331787 16.186151504516602
v 4 -1.8225419521331787 16.186151504516602
v 3.5 -1.8225419521331787 19.123651504516602
v 4 -1.8225419521331787 19.123651504516602
v 4 -1.8225419521331787 10.311151504516602
v 3.5 -1.8225419521331787 13.248651504516602
v 4 -1.8225419521331787 13.248651504516602
v 3.5 -1.8225419521331787 -1.4388489723205566
v 2.5 -1.8225419521331787 4.4361510276794434
v 3.5 -1.8225419521331787 4.4361510276794434
v 2.5 -1.8225419521331787 -24.938848495483398
v 2.5 -1.8225419521331787 -13.188848495483398
v 4 -1.8225419521331787 4.4361510276794434
v 3.5 -1.8225419521331787 7.3736510276794434
v 4 -1.8225419521331787 7.3736510276794434
v 4 -1.8225419521331787 -1.4388489723205566
v 3.5 -1.8225419521331787 1.4986510276794434
v 4 -1.8225419521331787 1.4986510276794434
v 3.5 -1.8225419521331787 -13.188848495483398
v 2.5 -1.8225419521331787 -7.3138489723205566
v 3.5 -1.8225419521331787 -7.3138489723205566
v 4 -1.8225419521331787 -7.3138489723205566
v 3.5 -1.8225419521331787 -4.3763489723205566
v 4 -1.8225419521331787 -4.3763489723205566
v 4 -1.8225419521331787 -13.188848495483398
v 3.5 -1.8225419521331787 -10.251348495483398
v 4 -1.8225419521331787 -10.251348495483398
v 3.5 -1.8225419521331787 -24.938848495483398
v 2.5 -1.8225419521331787 -19.063848495483398
v 3.5 -1.8225419521331787 -19.063848495483398
v 2.5 -1.8225419521331787 -36.688850402832031
v 4 -1.8225419521331787 -19.063848495483398
v 3.5 -1.8225419521331787 -16.126348495483398
v 4 -1.8225419521331787 -16.126348495483398
v 4 -1.8225419521331787 -24.938848495483398
v 3.5 -1.8225419521331787 -22.001348495483398
v 4 -1.8225419521331787 -22.001348495483398
v 3.5 -1.8225419521331787 -36.688850402832031
v 2.5 -1.8225419521331787 -30.813848495483398
v 3.5 -1.8225419521331787 -30.813848495483398
v 4 -1.8225419521331787 -30.813848495483398
v 3.5 -1.8225419521331787 -27.876348495483398
v 4 -1.8225419521331787 -27.876348495483398
v 4 -1.8225419521331787 -36.688850402832031
v 3.5 -1.8225419521331787 -33.751350402832031
v 4 -1.8225419521331787 -33.751350402832031
v 2.5 -1.8225419521331787 -42.563850402832031
v 3.5 -1.8225419521331787 -42.563850402832031
v 4 -1.8225419521331787 -42.563850402832031
v 3.5 -1.8225419521331787 -39.626350402832031
v 4 -1.8225419521331787 -39.626350402832031
v 3.5 -1.8225419521331787 -45.501350402832031
v 4 -1.8225419521331787 -45.501350402832031
v 0.5 -1.8225419521331787 -47.278354644775391
v 0.5 -1.8225419521331787 -46.117862701416016
v 0.5 -1.8225419521331787 -44.957366943359375
v 0.5 -1.8225419521331787 -43.796875
v 0.5 -1.8225419521331787 -42.636379241943359
v 0.5 -1.8225419521331787 -41.475887298583984
v 0.5 -1.8225419521331787 -40.315391540527344
v 0.5 -1.8225419521331787 -39.154899597167969
v 0.5 -1.8225419521331787 -37.994403839111328
v 0.5 -1.8225419521331787 -36.833911895751953
v 0.5 -1.8225419521331787 -35.673416137695312
v 0.5 -1.8225419521331787 -34.512924194335938
v 0.5 -1.8225419521331787 -33.352428436279297
v 0.5 -1.8225419521331787 -32.191936492919922
v 0.5 -1.8225419521331787 -31.031440734863281
v 0.5 -1.8225419521331787 -29.870946884155273
v 0.5 -1.8225419521331787 -28.710453033447266
v 0.5 -1.8225419521331787 -27.549959182739258
v 0.5 -1.8225419521331787 -26.38946533203125
v 0.5 -1.8225419521331787 -25.228971481323242
v 0.5 -1.8225419521331787 -24.068477630615234
v 0.5 -1.8225419521331787 -22.907983779907227
v 0.5 -1.8225419521331787 -21.747491836547852
v 0.5 -1.8225419521331787 -20.586997985839844
v 0.5 -1.8225419521331787 -19.426504135131836
v 0.5 -1.8225419521331787 -18.266010284423828
v 0.5 -1.8225419521331787 -17.10551643371582
v 0.5 -1.8225419521331787 -15.945021629333496
v 0.5 -1.8225419521331787 -14.784527778625488
v 0.5 -1.8225419521331787 -13.62403392791748
v 0.5 -1.8225419521331787 -12.463540077209473
v 0.5 -1.8225419521331787 -11.303046226501465
v 0.5 -1.8225419521331787 -10.142552375793457
v 0.5 -1.8225419521331787 -8.9820585250854492
v 0.5 -1.8225419521331787 -7.8215651512145996
v 0.5 -1.8225419521331787 -6.6610713005065918
v 0.5 -1.8225419521331787 -5.500577449798584
v 0.5 -1.8225419521331787 -4.3400835990905762
v 0.5 -1.8225419521331787 -3.1795897483825684
v 0.5 -1.8225419521331787 -2.0190958976745605
v 0.5 -1.8225419521331787 -0.85860198736190796
v 0.5 -1.8225419521331787 0.30189183354377747
v 0.5 -1.8225419521331787 1.4623856544494629
v 0.5 -1.8225419521331787 2.6228795051574707
v 0.5 -1.8225419521331787 3.7833733558654785
v 0.5 -1.8225419521331787 4.9438672065734863
v 0.5 -1.8225419521331787 6.1043610572814941
v 0.5 -1.8225419521331787 7.264854907989502
v 0.5 -1.8225419521331787 8.4253482818603516
v 0.5 -1.8225419521331787 9.5858421325683594
v 0.5 -1.8225419521331787 10.746335983276367
v 0.5 -1.8225419521331787 11.906829833984375
v 0.5 -1.8225419521331787 13.067323684692383
v 0.5 -1.8225419521331787 14.227817535400391
v 0.5 -1.8225419521331787 15.388311386108398
v 0.5 -1.8225419521331787 16.548805236816406
v 0.5 -1.8225419521331787 17.709299087524414
v 0.5 -1.8225419521331787 18.869792938232422
v 0.5 -1.8225419521331787 20.03028678894043
v 0.5 -1.8225419521331787 21.190780639648438
v 0.5 -1.8225419521331787 22.351274490356445
v 0.5 -1.8225419521331787 23.511768341064453
v 0.5 -1.8225419521331787 24.672262191772461
v 0.5 -1.8225419521331787 25.832756042480469
v 0.5 -1.8225419521331787 26.993249893188477
v 0.5 -1.8225419521331787 28.153743743896484
v 0.5 -1.8225419521331787 29.314237594604492
v 0.5 -1.8225419521331787 30.4747314453125
v 0.5 -1.8225419521331787 31.635225296020508
v 0.5 -1.8225419521331787 32.795719146728516
v 0.5 -1.8225419521331787 33.956211090087891
v 0.5 -1.8225419521331787 35.116706848144531
v 0.5 -1.8225419521331787 36.277198791503906
v 0.5 -1.8225419521331787 37.437694549560547
v 0.5 -1.8225419521331787 38.598186492919922
v 0.5 -1.8225419521331787 39.758682250976562
v 0.5 -1.8225419521331787 40.919174194335938
v 0.5 -1.8225419521331787 42.079669952392578
v 0.5 -1.8225419521331787 43.240161895751953
v 0.5 -1.8225419521331787 44.400657653808594
v 1.5 -1.8225419521331787 -36.688850402832031
v 1.5 -1.8225419521331787 -42.563850402832031
v 1 -1.8225419521331787 -42.563850402832031
v 1.5 -1.8225419521331787 -45.501350402832031
v 1 -1.8225419521331787 -45.501350402832031
v 1 -1.8225419521331787 -36.688850402832031
v 1.5 -1.8225419521331787 -39.626350402832031
v 1 -1.8225419521331787 -39.626350402832031
v 1.5 -1.8225419521331787 -24.938848495483398
v 1.5 -1.8225419521331787 -30.813848495483398
v 1 -1.8225419521331787 -30.813848495483398
v 1.5 -1.8225419521331787 -33.751350402832031
v 1 -1.8225419521331787 -33.751350402832031
v 1 -1.8225419521331787 -24.938848495483398
v 1.5 -1.8225419521331787 -27.876348495483398
v 1 -1.8225419521331787 -27.876348495483398
v 1.5 -1.8225419521331787 -13.188848495483398
v 1.5 -1.8225419521331787 -19.063848495483398
v 1 -1.8225419521331787 -19.063848495483398
v 1.5 -1.8225419521331787 -22.001348495483398
v 1 -1.8225419521331787 -22.001348495483398
v 1 -1.8225419521331787 -13.188848495483398
v 1.5 -1.8225419521331787 -16.126348495483398
v 1 -1.8225419521331787 -16.126348495483398
v 1.5 -1.8225419521331787 -1.4388489723205566
v 1.5 -1.8225419521331787 -7.3138489723205566
v 1 -1.8225419521331787 -7.3138489723205566
v 1.5 -1.8225419521331787 -10.251348495483398
v 1 -1.8225419521331787 -10.251348495483398
v 1 -1.8225419521331787 -1.4388489723205566
v 1.5 -1.8225419521331787 -4.3763489723205566
v 1 -1.8225419521331787 -4.3763489723205566
v 1.5 -1.8225419521331787 10.311151504516602
v 1.5 -1.8225419521331787 4.4361510276794434
v 1 -1.8225419521331787 4.4361510276794434
v 1.5 -1.8225419521331787 1.4986510276794434
v 1 -1.8225419521331787 1.4986510276794434
v 1 -1.8225419521331787 10.311151504516602
v 1.5 -1.8225419521331787 7.3736510276794434
v 1 -1.8225419521331787 7.3736510276794434
v 1.5 -1.8225419521331787 22.061151504516602
v 1.5 -1.8225419521331787 16.186151504516602
v 1 -1.8225419521331787 16.186151504516602
v 1.5 -1.8225419521331787 13.248651504516602
v 1 -1.8225419521331787 13.248651504516602
v 1 -1.8225419521331787 22.061151504516602
v 1.5 -1.8225419521331787 19.123651504516602
v 1 -1.8225419521331787 19.123651504516602
v 1.5 -1.8225419521331787 33.811149597167969
v 1.5 -1.8225419521331787 27.936151504516602
v 1 -1.8225419521331787 27.936151504516602
v 1.5 -1.8225419521331787 24.998651504516602
v 1 -1.8225419521331787 24.998651504516602
v 1 -1.8225419521331787 33.811149597167969
v 1.5 -1.8225419521331787 30.873651504516602
v 1 -1.8225419521331787 30.873651504516602
v 1.5 -1.8225419521331787 39.686149597167969
v 1 -1.8225419521331787 39.686149597167969
v 1.5 -1.8225419521331787 36.748649597167969
v 1 -1.8225419521331787 36.748649597167969
v 1.5 -1.8225419521331787 42.623649597167969
v 1 -1.8225419521331787 42.623649597167969
v 0.5 25.177457809448242 -51.438850402832031
v 4.5 25.177457809448242 -51.438850402832031
v 0.5 1.1774580478668213 -51.438850402832031
v 4.5 1.1774580478668213 -51.438850402832031
v 4.5 3.463172435760498 -51.438850402832031
v 4.5 4.6060295104980469 -51.438850402832031
v 4.5 5.7488865852355957 -51.438850402832031
v 4.5 6.8917436599731445 -51.438850402832031
v 4.5 8.0346012115478516 -51.438850402832031
v 4.5 9.1774578094482422 -51.438850402832031
v 4.5 10.320315361022949 -51.438850402832031
v 4.5 11.46317195892334 -51.438850402832031
v 4.5 12.606029510498047 -51.438850402832031
v 4.5 13.748887062072754 -51.438850402832031
v 4.5 14.891743659973145 -51.438850402832031
v 4.5 16.034601211547852 -51.438850402832031
v 4.5 17.177457809448242 -51.438850402832031
v 4.5 18.320314407348633 -51.438850402832031
v 4.5 19.463172912597656 -51.438850402832031
v 4.5 20.606029510498047 -51.438850402832031
v 4.5 21.748886108398438 -51.438850402832031
v 4.5 22.891744613647461 -51.438850402832031
v 4.5 24.034601211547852 -51.438850402832031
v 2.5 13.177457809448242 -51.438850402832031
v 3.5 13.177457809448242 -51.438850402832031
v 2.5 7.1774578094482422 -51.438850402832031
v 3.5 7.1774578094482422 -51.438850402832031
v 4 7.1774578094482422 -51.438850402832031
v 3.5 4.1774578094482422 -51.438850402832031
v 4 4.1774578094482422 -51.438850402832031
v 4 13.177457809448242 -51.438850402832031
v 3.5 10.177457809448242 -51.438850402832031
v 4 10.177457809448242 -51.438850402832031
v 2.5 19.177457809448242 -51.438850402832031
v 3.5 19.177457809448242 -51.438850402832031
v 4 19.177457809448242 -51.438850402832031
v 3.5 16.177457809448242 -51.438850402832031
v 4 16.177457809448242 -51.438850402832031
v 3.5 22.177457809448242 -51.438850402832031
v 4 22.177457809448242 -51.438850402832031
v 0.5 24.034601211547852 -51.438850402832031
v 0.5 22.891744613647461 -51.438850402832031
v 0.5 21.748886108398438 -51.438850402832031
v 0.5 20.606029510498047 -51.438850402832031
v 0.5 19.463172912597656 -51.438850402832031
v 0.5 18.320314407348633 -51.438850402832031
v 0.5 17.177457809448242 -51.438850402832031
v 0.5 16.034601211547852 -51.438850402832031
v 0.5 14.891743659973145 -51.438850402832031
v 0.5 13.748887062072754 -51.438850402832031
v 0.5 12.606029510498047 -51.438850402832031
v 0.5 11.46317195892334 -51.438850402832031
v 0.5 10.320315361022949 -51.438850402832031
v 0.5 9.1774578094482422 -51.438850402832031
v 0.5 8.0346012115478516 -51.438850402832031
v 0.5 6.8917436599731445 -51.438850402832031
v 0.5 5.7488865852355957 -51.438850402832031
v 0.5 4.6060295104980469 -51.438850402832031
v 0.5 3.463172435760498 -51.438850402832031
v 0.5 2.3203151226043701 -51.438850402832031
v 1.5 13.177457809448242 -51.438850402832031
v 1.5 19.177457809448242 -51.438850402832031
v 1 19.177457809448242 -51.438850402832031
v 1.5 22.177457809448242 -51.438850402832031
v 1 22.177457809448242 -51.438850402832031
v 1 13.177457809448242 -51.438850402832031
v 1.5 16.177457809448242 -51.438850402832031
v 1 16.177457809448242 -51.438850402832031
v 1.5 7.1774578094482422 -51.438850402832031
v 1 7.1774578094482422 -51.438850402832031
v 1.5 10.177457809448242 -51.438850402832031
v 1 10.177457809448242 -51.438850402832031
v 1.5 4.1774578094482422 -51.438850402832031
v 1 4.1774578094482422 -51.438850402832031
v 0.5 28.177457809448242 45.561149597167969
v 4.5 28.177457809448242 45.561149597167969
v 1.2999999523162842 28.177457809448242 40.861152648925781
v 2.0999999046325684 28.177457809448242 40.861152648925781
v 2.9000000953674316 28.177457809448242 40.861152648925781
v 3.7000000476837158 28.177457809448242 40.861152648925781
v 1.2999999523162842 28.177457809448242 36.161151885986328
v 2.0999999046325684 28.177457809448242 36.161151885986328
v 2.9000000953674316 28.177457809448242 36.161151885986328
v 3.7000000476837158 28.177457809448242 36.161151885986328
v 1.2999999523162842 28.177457809448242 31.461151123046875
v 2.0999999046325684 28.177457809448242 31.461151123046875
v 2.9000000953674316 28.177457809448242 31.461151123046875
v 3.7000000476837158 28.177457809448242 31.461151123046875
v 1.2999999523162842 28.177457809448242 22.061151504516602
v 2.0999999046325684 28.177457809448242 22.061151504516602
v 2.9000000953674316 28.177457809448242 22.061151504516602
v 3.7000000476837158 28.177457809448242 22.061151504516602
v 1.2999999523162842 28.177457809448242 17.361150741577148
v 2.0999999046325684 28.177457809448242 17.361150741577148
v 2.9000000953674316 28.177457809448242 17.361150741577148
v 3.7000000476837158 28.177457809448242 17.361150741577148
v 1.2999999523162842 28.177457809448242 12.661150932312012
v 2.0999999046325684 28.177457809448242 12.661150932312012
v 2.9000000953674316 28.177457809448242 12.661150932312012
v 3.7000000476837158 28.177457809448242 12.661150932312012
v 1.2999999523162842 28.177457809448242 7.961151123046875
v 2.0999999046325684 28.177457809448242 7.961151123046875
v 2.9000000953674316 28.177457809448242 7.961151123046875
v 3.7000000476837158 28.177457809448242 7.961151123046875
v 1.2999999523162842 28.177457809448242 3.2611510753631592
v 2.0999999046325684 28.177457809448242 3.2611510753631592
v 2.9000000953674316 28.177457809448242 3.2611510753631592
v 3.7000000476837158 28.177457809448242 3.2611510753631592
v 1.2999999523162842 28.177457809448242 -1.4388489723205566
v 2.0999999046325684 28.177457809448242 -1.4388489723205566
v 2.9000000953674316 28.177457809448242 -1.4388489723205566
v 3.7000000476837158 28.177457809448242 -1.4388489723205566
v 1.2999999523162842 28.177457809448242 -6.1388487815856934
v 2.0999999046325684 28.177457809448242 -6.1388487815856934
v 2.9000000953674316 28.177457809448242 -6.1388487815856934
v 3.7000000476837158 28.177457809448242 -6.1388487815856934
v 1.2999999523162842 28.177457809448242 -10.838849067687988
v 2.0999999046325684 28.177457809448242 -10.838849067687988
v 2.9000000953674316 28.177457809448242 -10.838849067687988
v 3.7000000476837158 28.177457809448242 -10.838849067687988
v 1.2999999523162842 28.177457809448242 -15.538848876953125
v 2.0999999046325684 28.177457809448242 -15.538848876953125
v 2.9000000953674316 28.177457809448242 -15.538848876953125
v 3.7000000476837158 28.177457809448242 -15.538848876953125
v 1.2999999523162842 28.177457809448242 -20.238849639892578
v 2.0999999046325684 28.177457809448242 -20.238849639892578
v 2.9000000953674316 28.177457809448242 -20.238849639892578
v 3.7000000476837158 28.177457809448242 -20.238849639892578
v 1.2999999523162842 28.177457809448242 -24.938848495483398
v 2.0999999046325684 28.177457809448242 -24.938848495483398
v 2.9000000953674316 28.177457809448242 -24.938848495483398
v 3.7000000476837158 28.177457809448242 -24.938848495483398
v 1.2999999523162842 28.177457809448242 -34.338848114013672
v 2.0999999046325684 28.177457809448242 -34.338848114013672
v 2.9000000953674316 28.177457809448242 -34.338848114013672
v 3.7000000476837158 28.177457809448242 -34.338848114013672
v 1.2999999523162842 28.177457809448242 -39.038848876953125
v 2.0999999046325684 28.177457809448242 -39.038848876953125
v 2.9000000953674316 28.177457809448242 -39.038848876953125
v 3.7000000476837158 28.177457809448242 -39.038848876953125
v 1.2999999523162842 28.177457809448242 -43.738849639892578
v 2.0999999046325684 28.177457809448242 -43.738849639892578
v 2.9000000953674316 28.177457809448242 -43.738849639892578
v 3.7000000476837158 28.177457809448242 -43.738849639892578
v 0.5 28.177457809448242 -48.438850402832031
v 4.5 28.177457809448242 -48.438850402832031
v 4.5 28.177457809448242 -47.278354644775391
v 4.5 28.177457809448242 -46.117862701416016
v 4.5 28.177457809448242 -44.957366943359375
v 4.5 28.177457809448242 -43.796875
v 4.5 28.177457809448242 -42.636379241943359
v 4.5 28.177457809448242 -41.475887298583984
v 4.5 28.177457809448242 -40.315391540527344
v 4.5 28.177457809448242 -39.154899597167969
v 4.5 28.177457809448242 -37.994403839111328
v 4.5 28.177457809448242 -36.833911895751953
v 4.5 28.177457809448242 -35.673416137695312
v 4.5 28.177457809448242 -34.512924194335938
v 4.5 28.177457809448242 -33.352428436279297
v 4.5 28.177457809448242 -32.191936492919922
v 4.5 28.177457809448242 -31.031440734863281
v 4.5 28.177457809448242 -29.870946884155273
v 4.5 28.177457809448242 -28.710453033447266
v 4.5 28.177457809448242 -27.549959182739258
v 4.5 28.177457809448242 -26.38946533203125
v 4.5 28.177457809448242 -25.228971481323242
v 4.5 28.177457809448242 -24.068477630615234
v 4.5 28.177457809448242 -22.907983779907227
v 4.5 28.177457809448242 -21.747491836547852
v 4.5 28.177457809448242 -20.586997985839844
v 4.5 28.177457809448242 -19.426504135131836
v 4.5 28.177457809448242 -18.266010284423828
v 4.5 28.177457809448242 -17.10551643371582
v 4.5 28.177457809448242 -15.945021629333496
v 4.5 28.177457809448242 -14.784527778625488
v 4.5 28.177457809448242 -13.62403392791748
v 4.5 28.177457809448242 -12.463540077209473
v 4.5 28.177457809448242 -11.303046226501465
v 4.5 28.177457809448242 -10.142552375793457
v 4.5 28.177457809448242 -8.9820585250854492
v 4.5 28.177457809448242 -7.8215651512145996
v 4.5 28.177457809448242 -6.6610713005065918
v 4.5 28.177457809448242 -5.500577449798584
v 4.5 28.177457809448242 -4.3400835990905762
v 4.5 28.177457809448242 -3.1795897483825684
v 4.5 28.177457809448242 -2.0190958976745605
v 4.5 28.177457809448242 -0.85860198736190796
v 4.5 28.177457809448242 0.30189183354377747
v 4.5 28.177457809448242 1.4623856544494629
v 4.5 28.177457809448242 2.6228795051574707
v 4.5 28.177457809448242 3.7833733558654785
v 4.5 28.177457809448242 4.9438672065734863
v 4.5 28.177457809448242 6.1043610572814941
v 4.5 28.177457809448242 7.264854907989502
v 4.5 28.177457809448242 8.4253482818603516
v 4.5 28.177457809448242 9.5858421325683594
v 4.5 28.177457809448242 10.746335983276367
v 4.5 28.177457809448242 11.906829833984375
v 4.5 28.177457809448242 13.067323684692383
v 4.5 28.177457809448242 14.227817535400391
v 4.5 28.177457809448242 15.388311386108398
v 4.5 28.177457809448242 16.548805236816406
v 4.5 28.177457809448242 17.709299087524414
v 4.5 28.177457809448242 18.869792938232422
v 4.5 28.177457809448242 20.03028678894043
v 4.5 28.177457809448242 21.190780639648438
v 4.5 28.177457809448242 22.351274490356445
v 4.5 28.177457809448242 23.511768341064453
v 4.5 28.177457809448242 24.672262191772461
v 4.5 28.177457809448242 25.832756042480469
v 4.5 28.177457809448242 26.993249893188477
v 4.5 28.177457809448242 28.153743743896484
v 4.5 28.177457809448242 29.314237594604492
v 4.5 28.177457809448242 30.4747314453125
v 4.5 28.177457809448242 31.635225296020508
v 4.5 28.177457809448242 32.795719146728516
v 4.5 28.177457809448242 33.956211090087891
v 4.5 28.177457809448242 35.116706848144531
v 4.5 28.177457809448242 36.277198791503906
v 4.5 28.177457809448242 37.437694549560547
v 4.5 28.177457809448242 38.598186492919922
v 4.5 28.177457809448242 39.758682250976562
v 4.5 28.177457809448242 40.919174194335938
v 4.5 28.177457809448242 42.079669952392578
v 4.5 28.177457809448242 43.240161895751953
v 4.5 28.177457809448242 44.400657653808594
v 0.5 28.177457809448242 44.400657653808594
v 0.5 28.177457809448242 43.240161895751953
v 0.5 28.177457809448242 42.079669952392578
v 0.5 28.177457809448242 40.919174194335938
v 0.5 28.177457809448242 39.758682250976562
v 0.5 28.177457809448242 38.598186492919922
v 0.5 28.177457809448242 37.437694549560547
v 0.5 28.177457809448242 36.277198791503906
v 0.5 28.177457809448242 35.116706848144531
v 0.5 28.177457809448242 33.956211090087891
v 0.5 28.177457809448242 32.795719146728516
v 0.5 28.177457809448242 31.635225296020508
v 0.5 28.177457809448242 30.4747314453125
v 0.5 28.177457809448242 29.314237594604492
v 0.5 28.177457809448242 28.153743743896484
v 0.5 28.177457809448242 26.993249893188477
v 0.5 28.177457809448242 25.832756042480469
v 0.5 28.177457809448242 24.672262191772461
v 0.5 28.177457809448242 23.511768341064453
v 0.5 28.177457809448242 22.351274490356445
v 0.5 28.177457809448242 21.190780639648438
v 0.5 28.177457809448242 20.03028678894043
v 0.5 28.177457809448242 18.869792938232422
v 0.5 28.177457809448242 17.709299087524414
v 0.5 28.177457809448242 16.548805236816406
v 0.5 28.177457809448242 15.388311386108398
v 0.5 28.177457809448242 14.227817535400391
v 0.5 28.177457809448242 13.067323684692383
v 0.5 28.177457809448242 11.906829833984375
v 0.5 28.177457809448242 10.746335983276367
v 0.5 28.177457809448242 9.5858421325683594
v 0.5 28.177457809448242 8.4253482818603516
v 0.5 28.177457809448242 7.264854907989502
v 0.5 28.177457809448242 6.1043610572814941
v 0.5 28.177457809448242 4.9438672065734863
v 0.5 28.177457809448242 3.7833733558654785
v 0.5 28.177457809448242 2.6228795051574707
v 0.5 28.177457809448242 1.4623856544494629
v 0.5 28.177457809448242 0.30189183354377747
v 0.5 28.177457809448242 -0.85860198736190796
v 0.5 28.177457809448242 -2.0190958976745605
v 0.5 28.177457809448242 -3.1795897483825684
v 0.5 28.177457809448242 -4.3400835990905762
v 0.5 28.177457809448242 -5.500577449798584
v 0.5 28.177457809448242 -6.6610713005065918
v 0.5 28.177457809448242 -7.8215651512145996
v 0.5 28.177457809448242 -8.9820585250854492
v 0.5 28.177457809448242 -10.142552375793457
v 0.5 28.177457809448242 -11.303046226501465
v 0.5 28.177457809448242 -12.463540077209473
v 0.5 28.177457809448242 -13.62403392791748
v 0.5 28.177457809448242 -14.784527778625488
v 0.5 28.177457809448242 -15.945021629333496
v 0.5 28.177457809448242 -17.10551643371582
v 0.5 28.177457809448242 -18.266010284423828
v 0.5 28.177457809448242 -19.426504135131836
v 0.5 28.177457809448242 -20.586997985839844
v 0.5 28.177457809448242 -21.747491836547852
v 0.5 28.177457809448242 -22.907983779907227
v 0.5 28.177457809448242 -24.068477630615234
v 0.5 28.177457809448242 -25.228971481323242
v 0.5 28.177457809448242 -26.38946533203125
v 0.5 28.177457809448242 -27.549959182739258
v 0.5 28.177457809448242 -28.710453033447266
v 0.5 28.177457809448242 -29.870946884155273
v 0.5 28.177457809448242 -31.031440734863281
v 0.5 28.177457809448242 -32.191936492919922
v 0.5 28.177457809448242 -33.352428436279297
v 0.5 28.177457809448242 -34.512924194335938
v 0.5 28.177457809448242 -35.673416137695312
v 0.5 28.177457809448242 -36.833911895751953
v 0.5 28.177457809448242 -37.994403839111328
v 0.5 28.177457809448242 -39.154899597167969
v 0.5 28.177457809448242 -40.315391540527344
v 0.5 28.177457809448242 -41.475887298583984
v 0.5 28.177457809448242 -42.636379241943359
v 0.5 28.177457809448242 -43.796875
v 0.5 28.177457809448242 -44.957366943359375
v 0.5 28.177457809448242 -46.117862701416016
v 0.5 28.177457809448242 -47.278354644775391
v 2.5 28.177457809448242 23.811151504516602
v 1.8382948637008667 28.177457809448242 23.941074371337891
v 1.2748426198959351 28.177457809448242 24.311555862426758
v 0.89176356792449951 28.177457809448242 24.87116813659668
v 0.75 28.177457809448242 25.561151504516602
v 0.87992399930953979 28.177457809448242 26.222856521606445
v 1.2504042387008667 28.177457809448242 26.786308288574219
v 1.8100177049636841 28.177457809448242 27.169387817382812
v 2.5 28.177457809448242 27.311151504516602
v 2.5 28.177457809448242 22.061151504516602
v 1.7000000476837158 28.177457809448242 22.061151504516602
v 1.2999999523162842 28.177457809448242 29.111150741577148
v 0.89999997615814209 28.177457809448242 31.461151123046875
v 0.89999997615814209 28.177457809448242 29.111150741577148
v 2.0999999046325684 28.177457809448242 29.111150741577148
v 1.7000000476837158 28.177457809448242 31.461151123046875
v 1.7000000476837158 28.177457809448242 29.111150741577148
v 2.9000000953674316 28.177457809448242 29.111150741577148
v 2.5 28.177457809448242 31.461151123046875
v 2.5 28.177457809448242 29.111150741577148
v 3.1617052555084229 28.177457809448242 27.18122673034668
v 3.7251572608947754 28.177457809448242 26.810747146606445
v 4.1082363128662109 28.177457809448242 26.251132965087891
v 4.25 28.177457809448242 25.561151504516602
v 4.1200761795043945 28.177457809448242 24.899446487426758
v 3.7495956420898438 28.177457809448242 24.335992813110352
v 3.1899821758270264 28.177457809448242 23.952915191650391
v 3.7000000476837158 28.177457809448242 29.111150741577148
v 3.2999999523162842 28.177457809448242 31.461151123046875
v 3.2999999523162842 28.177457809448242 29.111150741577148
v 4.0999999046325684 28.177457809448242 31.461151123046875
v 4.0999999046325684 28.177457809448242 29.111150741577148
v 3.2999999523162842 28.177457809448242 22.061151504516602
v 2.5 28.177457809448242 -30.188848495483398
v 1.8382948637008667 28.177457809448242 -30.058925628662109
v 1.2748426198959351 28.177457809448242 -29.688444137573242
v 0.89176356792449951 28.177457809448242 -29.12883186340332
v 0.75 28.177457809448242 -28.438848495483398
v 0.87992399930953979 28.177457809448242 -27.777143478393555
v 1.2504042387008667 28.177457809448242 -27.213691711425781
v 1.8100177049636841 28.177457809448242 -26.830612182617188
v 2.5 28.177457809448242 -26.688848495483398
v 2.5 28.177457809448242 -34.338848114013672
v 2.9000000953674316 28.177457809448242 -31.988849639892578
v 2.0999999046325684 28.177457809448242 -31.988849639892578
v 2.5 28.177457809448242 -31.988849639892578
v 1.7000000476837158 28.177457809448242 -34.338848114013672
v 1.2999999523162842 28.177457809448242 -31.988849639892578
v 1.7000000476837158 28.177457809448242 -31.988849639892578
v 0.89999997615814209 28.177457809448242 -34.338848114013672
v 0.89999997615814209 28.177457809448242 -31.988849639892578
v 1.7000000476837158 28.177457809448242 -24.938848495483398
v 2.5 28.177457809448242 -24.938848495483398
v 3.1617052555084229 28.177457809448242 -26.81877326965332
v 3.7251572608947754 28.177457809448242 -27.189252853393555
v 4.1082363128662109 28.177457809448242 -27.748867034912109
v 4.25 28.177457809448242 -28.438848495483398
v 4.1200761795043945 28.177457809448242 -29.100553512573242
v 3.7495956420898438 28.177457809448242 -29.664007186889648
v 3.1899821758270264 28.177457809448242 -30.047084808349609
v 3.2999999523162842 28.177457809448242 -24.938848495483398
v 4.0999999046325684 28.177457809448242 -34.338848114013672
v 3.7000000476837158 28.177457809448242 -31.988849639892578
v 4.0999999046325684 28.177457809448242 -31.988849639892578
v 3.2999999523162842 28.177457809448242 -34.338848114013672
v 3.2999999523162842 28.177457809448242 -31.988849639892578
v 5 5.9274578094482422 23.311151504516602
v 5 13.177457809448242 23.311151504516602
v 5 20.427457809448242 23.311151504516602
v 5 5.9274578094482422 -1.4388489723205566
v 5 13.177457809448242 -1.4388489723205566
v 5 20.427457809448242 -1.4388489723205566
v 5 5.9274578094482422 -26.188848495483398
v 5 13.177457809448242 -26.188848495483398
v 5 20.427457809448242 -26.188848495483398
v 5 25.177457809448242 48.061149597167969
v 5 24.034601211547852 48.061149597167969
v 5 22.891744613647461 48.061149597167969
v 5 21.748886108398438 48.061149597167969
v 5 20.606029510498047 48.061149597167969
v 5 19.463172912597656 48.061149597167969
v 5 18.320314407348633 48.061149597167969
v 5 17.177457809448242 48.061149597167969
v 5 16.034601211547852 48.061149597167969
v 5 14.891743659973145 48.061149597167969
v 5 13.748887062072754 48.061149597167969
v 5 12.606029510498047 48.061149597167969
v 5 11.46317195892334 48.061149597167969
v 5 10.320315361022949 48.061149597167969
v 5 9.1774578094482422 48.061149597167969
v 5 8.0346012115478516 48.061149597167969
v 5 6.8917436599731445 48.061149597167969
v 5 5.7488865852355957 48.061149597167969
v 5 4.6060295104980469 48.061149597167969
v 5 3.463172435760498 48.061149597167969
v 5 1.1774580478668213 48.061149597167969
v 5 24.052457809448242 23.311151504516602
v 5 20.427457809448242 35.686149597167969
v 5 24.052457809448242 35.686149597167969
v 5 25.864957809448242 35.686149597167969
v 5 24.052457809448242 41.873649597167969
v 5 25.864957809448242 41.873649597167969
v 5 24.958707809448242 41.873649597167969
v 5 25.864957809448242 44.967399597167969
v 5 24.052457809448242 44.967399597167969
v 5 24.958707809448242 44.967399597167969
v 5 22.239957809448242 35.686149597167969
v 5 20.427457809448242 41.873649597167969
v 5 22.239957809448242 41.873649597167969
v 5 16.802457809448242 23.311151504516602
v 5 13.177457809448242 35.686149597167969
v 5 16.802457809448242 35.686149597167969
v 5 23.146207809448242 41.873649597167969
v 5 22.239957809448242 44.967399597167969
v 5 23.146207809448242 44.967399597167969
v 5 21.333707809448242 41.873649597167969
v 5 20.427457809448242 44.967399597167969
v 5 21.333707809448242 44.967399597167969
v 5 18.614957809448242 35.686149597167969
v 5 16.802457809448242 41.873649597167969
v 5 18.614957809448242 41.873649597167969
v 5 19.521207809448242 41.873649597167969
v 5 18.614957809448242 44.967399597167969
v 5 19.521207809448242 44.967399597167969
v 5 17.708707809448242 41.873649597167969
v 5 16.802457809448242 44.967399597167969
v 5 17.708707809448242 44.967399597167969
v 5 14.989957809448242 35.686149597167969
v 5 13.177457809448242 41.873649597167969
v 5 14.989957809448242 41.873649597167969
v 5 9.5524578094482422 23.311151504516602
v 5 5.9274578094482422 35.686149597167969
v 5 9.5524578094482422 35.686149597167969
v 5 15.896207809448242 41.873649597167969
v 5 14.989957809448242 44.967399597167969
v 5 15.896207809448242 44.967399597167969
v 5 14.083707809448242 41.873649597167969
v 5 13.177457809448242 44.967399597167969
v 5 14.083707809448242 44.967399597167969
v 5 11.364957809448242 35.686149597167969
v 5 9.5524578094482422 41.873649597167969
v 5 11.364957809448242 41.873649597167969
v 5 12.271207809448242 41.873649597167969
v 5 11.364957809448242 44.967399597167969
v 5 12.271207809448242 44.967399597167969
v 5 10.458707809448242 41.873649597167969
v 5 9.5524578094482422 44.967399597167969
v 5 10.458707809448242 44.967399597167969
v 5 7.7399578094482422 35.686149597167969
v 5 5.9274578094482422 41.873649597167969
v 5 7.7399578094482422 41.873649597167969
v 5 2.3024580478668213 23.311151504516602
v 5 2.3024580478668213 35.686149597167969
v 5 8.6462078094482422 41.873649597167969
v 5 7.7399578094482422 44.967399597167969
v 5 8.6462078094482422 44.967399597167969
v 5 6.8337078094482422 41.873649597167969
v 5 5.9274578094482422 44.967399597167969
v 5 6.8337078094482422 44.967399597167969
v 5 4.1149578094482422 35.686149597167969
v 5 2.3024580478668213 41.873649597167969
v 5 4.1149578094482422 41.873649597167969
v 5 5.0212078094482422 41.873649597167969
v 5 4.1149578094482422 44.967399597167969
v 5 5.0212078094482422 44.967399597167969
v 5 3.2087080478668213 41.873649597167969
v 5 2.3024580478668213 44.967399597167969
v 5 3.2087080478668213 44.967399597167969
v 5 0.48995804786682129 35.686149597167969
v 5 0.48995804786682129 41.873649597167969
v 5 0.3778873085975647 47.929840087890625
v 5 -0.31586787104606628 47.566139221191406
v 5 -0.85662966966629028 47.014591217041016
v 5 -1.3225419521331787 45.561149597167969
v 5 1.3962080478668213 41.873649597167969
v 5 0.48995804786682129 44.967399597167969
v 5 1.3962080478668213 44.967399597167969
v 5 -0.41629195213317871 41.873649597167969
v 5 -0.41629195213317871 44.967399597167969
v 5 -1.3225419521331787 44.400657653808594
v 5 -1.3225419521331787 43.240161895751953
v 5 -1.3225419521331787 42.079669952392578
v 5 -1.3225419521331787 40.919174194335938
v 5 -1.3225419521331787 39.758682250976562
v 5 -1.3225419521331787 38.598186492919922
v 5 -1.3225419521331787 37.437694549560547
v 5 -1.3225419521331787 36.277198791503906
v 5 -1.3225419521331787 35.116706848144531
v 5 -1.3225419521331787 33.956211090087891
v 5 -1.3225419521331787 32.795719146728516
v 5 -1.3225419521331787 31.635225296020508
v 5 -1.3225419521331787 30.4747314453125
v 5 -1.3225419521331787 29.314237594604492
v 5 -1.3225419521331787 28.153743743896484
v 5 -1.3225419521331787 26.993249893188477
v 5 -1.3225419521331787 25.832756042480469
v 5 -1.3225419521331787 24.672262191772461
v 5 -1.3225419521331787 23.511768341064453
v 5 -1.3225419521331787 22.351274490356445
v 5 -1.3225419521331787 21.190780639648438
v 5 -1.3225419521331787 20.03028678894043
v 5 -1.3225419521331787 18.869792938232422
v 5 -1.3225419521331787 17.709299087524414
v 5 -1.3225419521331787 16.548805236816406
v 5 -1.3225419521331787 15.388311386108398
v 5 -1.3225419521331787 14.227817535400391
v 5 -1.3225419521331787 13.067323684692383
v 5 -1.3225419521331787 11.906829833984375
v 5 -1.3225419521331787 10.746335983276367
v 5 -1.3225419521331787 9.5858421325683594
v 5 -1.3225419521331787 8.4253482818603516
v 5 -1.3225419521331787 7.264854907989502
v 5 -1.3225419521331787 6.1043610572814941
v 5 -1.3225419521331787 4.9438672065734863
v 5 -1.3225419521331787 3.7833733558654785
v 5 -1.3225419521331787 2.6228795051574707
v 5 -1.3225419521331787 1.4623856544494629
v 5 -1.3225419521331787 0.30189183354377747
v 5 -1.3225419521331787 -0.85860198736190796
v 5 -1.3225419521331787 -2.0190958976745605
v 5 -1.3225419521331787 -3.1795897483825684
v 5 -1.3225419521331787 -4.3400835990905762
v 5 -1.3225419521331787 -5.500577449798584
v 5 -1.3225419521331787 -6.6610713005065918
v 5 -1.3225419521331787 -7.8215651512145996
v 5 -1.3225419521331787 -8.9820585250854492
v 5 -1.3225419521331787 -10.142552375793457
v 5 -1.3225419521331787 -11.303046226501465
v 5 -1.3225419521331787 -12.463540077209473
v 5 -1.3225419521331787 -13.62403392791748
v 5 -1.3225419521331787 -14.784527778625488
v 5 -1.3225419521331787 -15.945021629333496
v 5 -1.3225419521331787 -17.10551643371582
v 5 -1.3225419521331787 -18.266010284423828
v 5 -1.3225419521331787 -19.426504135131836
v 5 -1.3225419521331787 -20.586997985839844
v 5 -1.3225419521331787 -21.747491836547852
v 5 -1.3225419521331787 -22.907983779907227
v 5 -1.3225419521331787 -24.068477630615234
v 5 -1.3225419521331787 -25.228971481323242
v 5 -1.3225419521331787 -26.38946533203125
v 5 -1.3225419521331787 -27.549959182739258
v 5 -1.3225419521331787 -28.710453033447266
v 5 -1.3225419521331787 -29.870946884155273
v 5 -1.3225419521331787 -31.031440734863281
v 5 -1.3225419521331787 -32.191936492919922
v 5 -1.3225419521331787 -33.352428436279297
v 5 -1.3225419521331787 -34.512924194335938
v 5 -1.3225419521331787 -35.673416137695312
v 5 -1.3225419521331787 -36.833911895751953
v 5 -1.3225419521331787 -37.994403839111328
v 5 -1.3225419521331787 -39.154899597167969
v 5 -1.3225419521331787 -40.315391540527344
v 5 -1.3225419521331787 -41.475887298583984
v 5 -1.3225419521331787 -42.636379241943359
v 5 -1.3225419521331787 -43.796875
v 5 -1.3225419521331787 -44.957366943359375
v 5 -1.3225419521331787 -46.117862701416016
v 5 -1.3225419521331787 -47.278354644775391
v 5 -1.3225419521331787 -48.438850402832031
v 5 -0.41629195213317871 35.686149597167969
v 5 0.48995804786682129 38.779899597167969
v 5 -0.41629195213317871 38.779899597167969
v 5 0.48995804786682129 23.311151504516602
v 5 2.3024580478668213 29.498651504516602
v 5 0.48995804786682129 29.498651504516602
v 5 2.3024580478668213 -1.4388489723205566
v 5 5.9274578094482422 10.936151504516602
v 5 2.3024580478668213 10.936151504516602
v 5 -0.41629195213317871 29.498651504516602
v 5 0.48995804786682129 32.592399597167969
v 5 -0.41629195213317871 32.592399597167969
v 5 -0.41629195213317871 23.311151504516602
v 5 0.48995804786682129 26.404901504516602
v 5 -0.41629195213317871 26.404901504516602
v 5 0.48995804786682129 10.936151504516602
v 5 2.3024580478668213 17.123651504516602
v 5 0.48995804786682129 17.123651504516602
v 5 -0.41629195213317871 17.123651504516602
v 5 0.48995804786682129 20.217401504516602
v 5 -0.41629195213317871 20.217401504516602
v 5 -0.41629195213317871 10.936151504516602
v 5 0.48995804786682129 14.029901504516602
v 5 -0.41629195213317871 14.029901504516602
v 5 0.48995804786682129 -1.4388489723205566
v 5 2.3024580478668213 4.7486510276794434
v 5 0.48995804786682129 4.7486510276794434
v 5 2.3024580478668213 -26.188848495483398
v 5 5.9274578094482422 -13.813848495483398
v 5 2.3024580478668213 -13.813848495483398
v 5 -0.41629195213317871 4.7486510276794434
v 5 0.48995804786682129 7.8424010276794434
v 5 -0.41629195213317871 7.8424010276794434
v 5 -0.41629195213317871 -1.4388489723205566
v 5 0.48995804786682129 1.6549010276794434
v 5 -0.41629195213317871 1.6549010276794434
v 5 0.48995804786682129 -13.813848495483398
v 5 2.3024580478668213 -7.6263489723205566
v 5 0.48995804786682129 -7.6263489723205566
v 5 -0.41629195213317871 -7.6263489723205566
v 5 0.48995804786682129 -4.5325989723205566
v 5 -0.41629195213317871 -4.5325989723205566
v 5 -0.41629195213317871 -13.813848495483398
v 5 0.48995804786682129 -10.720098495483398
v 5 -0.41629195213317871 -10.720098495483398
v 5 0.48995804786682129 -26.188848495483398
v 5 2.3024580478668213 -20.001348495483398
v 5 0.48995804786682129 -20.001348495483398
v 5 5.9274578094482422 -38.563850402832031
v 5 2.3024580478668213 -38.563850402832031
v 5 -0.41629195213317871 -20.001348495483398
v 5 0.48995804786682129 -16.907598495483398
v 5 -0.41629195213317871 -16.907598495483398
v 5 -0.41629195213317871 -26.188848495483398
v 5 0.48995804786682129 -23.095098495483398
v 5 -0.41629195213317871 -23.095098495483398
v 5 0.48995804786682129 -38.563850402832031
v 5 2.3024580478668213 -32.376350402832031
v 5 0.48995804786682129 -32.376350402832031
v 5 -0.41629195213317871 -32.376350402832031
v 5 0.48995804786682129 -29.282598495483398
v 5 -0.41629195213317871 -29.282598495483398
v 5 -0.41629195213317871 -38.563850402832031
v 5 0.48995804786682129 -35.470100402832031
v 5 -0.41629195213317871 -35.470100402832031
v 5 2.3024580478668213 -44.751350402832031
v 5 0.48995804786682129 -44.751350402832031
v 5 -0.41629195213317871 -44.751350402832031
v 5 0.48995804786682129 -41.657600402832031
v 5 -0.41629195213317871 -41.657600402832031
v 5 0.48995804786682129 -47.845100402832031
v 5 -0.41629195213317871 -47.845100402832031
v 5 -1.1912307739257812 -49.238418579101562
v 5 -0.82753020524978638 -49.932174682617188
v 5 -0.27598175406455994 -50.472934722900391
v 5 1.1774580478668213 -50.938850402832031
v 5 2.3203151226043701 -50.938850402832031
v 5 3.463172435760498 -50.938850402832031
v 5 4.6060295104980469 -50.938850402832031
v 5 5.7488865852355957 -50.938850402832031
v 5 6.8917436599731445 -50.938850402832031
v 5 8.0346012115478516 -50.938850402832031
v 5 9.1774578094482422 -50.938850402832031
v 5 10.320315361022949 -50.938850402832031
v 5 11.46317195892334 -50.938850402832031
v 5 12.606029510498047 -50.938850402832031
v 5 13.748887062072754 -50.938850402832031
v 5 14.891743659973145 -50.938850402832031
v 5 16.034601211547852 -50.938850402832031
v 5 17.177457809448242 -50.938850402832031
v 5 18.320314407348633 -50.938850402832031
v 5 19.463172912597656 -50.938850402832031
v 5 20.606029510498047 -50.938850402832031
v 5 21.748886108398438 -50.938850402832031
v 5 22.891744613647461 -50.938850402832031
v 5 24.034601211547852 -50.938850402832031
v 5 25.177457809448242 -50.938850402832031
v 5 2.3024580478668213 -47.845100402832031
v 5 1.3962080478668213 -44.751350402832031
v 5 1.3962080478668213 -47.845100402832031
v 5 5.9274578094482422 -44.751350402832031
v 5 4.1149578094482422 -38.563850402832031
v 5 4.1149578094482422 -44.751350402832031
v 5 13.177457809448242 -38.563850402832031
v 5 9.5524578094482422 -26.188848495483398
v 5 9.5524578094482422 -38.563850402832031
v 5 4.1149578094482422 -47.845100402832031
v 5 3.2087080478668213 -44.751350402832031
v 5 3.2087080478668213 -47.845100402832031
v 5 5.9274578094482422 -47.845100402832031
v 5 5.0212078094482422 -44.751350402832031
v 5 5.0212078094482422 -47.845100402832031
v 5 9.5524578094482422 -44.751350402832031
v 5 7.7399578094482422 -38.563850402832031
v 5 7.7399578094482422 -44.751350402832031
v 5 7.7399578094482422 -47.845100402832031
v 5 6.8337078094482422 -44.751350402832031
v 5 6.8337078094482422 -47.845100402832031
v 5 9.5524578094482422 -47.845100402832031
v 5 8.6462078094482422 -44.751350402832031
v 5 8.6462078094482422 -47.845100402832031
v 5 13.177457809448242 -44.751350402832031
v 5 11.364957809448242 -38.563850402832031
v 5 11.364957809448242 -44.751350402832031
v 5 20.427457809448242 -38.563850402832031
v 5 16.802457809448242 -26.188848495483398
v 5 16.802457809448242 -38.563850402832031
v 5 11.364957809448242 -47.845100402832031
v 5 10.458707809448242 -44.751350402832031
v 5 10.458707809448242 -47.845100402832031
v 5 13.177457809448242 -47.845100402832031
v 5 12.271207809448242 -44.751350402832031
v 5 12.271207809448242 -47.845100402832031
v 5 16.802457809448242 -44.751350402832031
v 5 14.989957809448242 -38.563850402832031
v 5 14.989957809448242 -44.751350402832031
v 5 14.989957809448242 -47.845100402832031
v 5 14.083707809448242 -44.751350402832031
v 5 14.083707809448242 -47.845100402832031
v 5 16.802457809448242 -47.845100402832031
v 5 15.896207809448242 -44.751350402832031
v 5 15.896207809448242 -47.845100402832031
v 5 20.427457809448242 -44.751350402832031
v 5 18.614957809448242 -38.563850402832031
v 5 18.614957809448242 -44.751350402832031
v 5 24.052457809448242 -26.188848495483398
v 5 24.052457809448242 -38.563850402832031
v 5 18.614957809448242 -47.845100402832031
v 5 17.708707809448242 -44.751350402832031
v 5 17.708707809448242 -47.845100402832031
v 5 20.427457809448242 -47.845100402832031
v 5 19.521207809448242 -44.751350402832031
v 5 19.521207809448242 -47.845100402832031
v 5 24.052457809448242 -44.751350402832031
v 5 22.239957809448242 -38.563850402832031
v 5 22.239957809448242 -44.751350402832031
v 5 22.239957809448242 -47.845100402832031
v 5 21.333707809448242 -44.751350402832031
v 5 21.333707809448242 -47.845100402832031
v 5 24.052457809448242 -47.845100402832031
v 5 23.146207809448242 -44.751350402832031
v 5 23.146207809448242 -47.845100402832031
v 5 25.864957809448242 -38.563850402832031
v 5 25.864957809448242 -44.751350402832031
v 5 25.864957809448242 -47.845100402832031
v 5 24.958707809448242 -44.751350402832031
v 5 24.958707809448242 -47.845100402832031
v 5 26.16314697265625 -50.736328125
v 5 26.962594985961914 -50.189075469970703
v 5 27.677457809448242 -48.438850402832031
v 5 26.771207809448242 -44.751350402832031
v 5 26.771207809448242 -47.845100402832031
v 5 27.677457809448242 -47.278354644775391
v 5 27.677457809448242 -46.117862701416016
v 5 27.677457809448242 -44.957366943359375
v 5 27.677457809448242 -43.796875
v 5 27.677457809448242 -42.636379241943359
v 5 27.677457809448242 -41.475887298583984
v 5 27.677457809448242 -40.315391540527344
v 5 27.677457809448242 -39.154899597167969
v 5 27.677457809448242 -37.994403839111328
v 5 27.677457809448242 -36.833911895751953
v 5 27.677457809448242 -35.673416137695312
v 5 27.677457809448242 -34.512924194335938
v 5 27.677457809448242 -33.352428436279297
v 5 27.677457809448242 -32.191936492919922
v 5 27.677457809448242 -31.031440734863281
v 5 27.677457809448242 -29.870946884155273
v 5 27.677457809448242 -28.710453033447266
v 5 27.677457809448242 -27.549959182739258
v 5 27.677457809448242 -26.38946533203125
v 5 27.677457809448242 -25.228971481323242
v 5 27.677457809448242 -24.068477630615234
v 5 27.677457809448242 -22.907983779907227
v 5 27.677457809448242 -21.747491836547852
v 5 27.677457809448242 -20.586997985839844
v 5 27.677457809448242 -19.426504135131836
v 5 27.677457809448242 -18.266010284423828
v 5 27.677457809448242 -17.10551643371582
v 5 27.677457809448242 -15.945021629333496
v 5 27.677457809448242 -14.784527778625488
v 5 27.677457809448242 -13.62403392791748
v 5 27.677457809448242 -12.463540077209473
v 5 27.677457809448242 -11.303046226501465
v 5 27.677457809448242 -10.142552375793457
v 5 27.677457809448242 -8.9820585250854492
v 5 27.677457809448242 -7.8215651512145996
v 5 27.677457809448242 -6.6610713005065918
v 5 27.677457809448242 -5.500577449798584
v 5 27.677457809448242 -4.3400835990905762
v 5 27.677457809448242 -3.1795897483825684
v 5 27.677457809448242 -2.0190958976745605
v 5 27.677457809448242 -0.85860198736190796
v 5 27.677457809448242 0.30189183354377747
v 5 27.677457809448242 1.4623856544494629
v 5 27.677457809448242 2.6228795051574707
v 5 27.677457809448242 3.7833733558654785
v 5 27.677457809448242 4.9438672065734863
v 5 27.677457809448242 6.1043610572814941
v 5 27.677457809448242 7.264854907989502
v 5 27.677457809448242 8.4253482818603516
v 5 27.677457809448242 9.5858421325683594
v 5 27.677457809448242 10.746335983276367
v 5 27.677457809448242 11.906829833984375
v 5 27.677457809448242 13.067323684692383
v 5 27.677457809448242 14.227817535400391
v 5 27.677457809448242 15.388311386108398
v 5 27.677457809448242 16.548805236816406
v 5 27.677457809448242 17.709299087524414
v 5 27.677457809448242 18.869792938232422
v 5 27.677457809448242 20.03028678894043
v 5 27.677457809448242 21.190780639648438
v 5 27.677457809448242 22.351274490356445
v 5 27.677457809448242 23.511768341064453
v 5 27.677457809448242 24.672262191772461
v 5 27.677457809448242 25.832756042480469
v 5 27.677457809448242 26.993249893188477
v 5 27.677457809448242 28.153743743896484
v 5 27.677457809448242 29.314237594604492
v 5 27.677457809448242 30.4747314453125
v 5 27.677457809448242 31.635225296020508
v 5 27.677457809448242 32.795719146728516
v 5 27.677457809448242 33.956211090087891
v 5 27.677457809448242 35.116706848144531
v 5 27.677457809448242 36.277198791503906
v 5 27.677457809448242 37.437694549560547
v 5 27.677457809448242 38.598186492919922
v 5 27.677457809448242 39.758682250976562
v 5 27.677457809448242 40.919174194335938
v 5 27.677457809448242 42.079669952392578
v 5 27.677457809448242 43.240161895751953
v 5 27.677457809448242 44.400657653808594
v 5 27.677457809448242 45.561149597167969
v 5 26.771207809448242 -38.563850402832031
v 5 25.864957809448242 -41.657600402832031
v 5 26.771207809448242 -41.657600402832031
v 5 25.864957809448242 -26.188848495483398
v 5 24.052457809448242 -32.376350402832031
v 5 25.864957809448242 -32.376350402832031
v 5 24.052457809448242 -1.4388489723205566
v 5 20.427457809448242 -13.813848495483398
v 5 24.052457809448242 -13.813848495483398
v 5 26.771207809448242 -32.376350402832031
v 5 25.864957809448242 -35.470100402832031
v 5 26.771207809448242 -35.470100402832031
v 5 26.771207809448242 -26.188848495483398
v 5 25.864957809448242 -29.282598495483398
v 5 26.771207809448242 -29.282598495483398
v 5 25.864957809448242 -13.813848495483398
v 5 24.052457809448242 -20.001348495483398
v 5 25.864957809448242 -20.001348495483398
v 5 26.771207809448242 -20.001348495483398
v 5 25.864957809448242 -23.095098495483398
v 5 26.771207809448242 -23.095098495483398
v 5 26.771207809448242 -13.813848495483398
v 5 25.864957809448242 -16.907598495483398
v 5 26.771207809448242 -16.907598495483398
v 5 25.864957809448242 -1.4388489723205566
v 5 24.052457809448242 -7.6263489723205566
v 5 25.864957809448242 -7.6263489723205566
v 5 20.427457809448242 10.936151504516602
v 5 24.052457809448242 10.936151504516602
v 5 26.771207809448242 -7.6263489723205566
v 5 25.864957809448242 -10.720098495483398
v 5 26.771207809448242 -10.720098495483398
v 5 26.771207809448242 -1.4388489723205566
v 5 25.864957809448242 -4.5325989723205566
v 5 26.771207809448242 -4.5325989723205566
v 5 25.864957809448242 10.936151504516602
v 5 24.052457809448242 4.7486510276794434
v 5 25.864957809448242 4.7486510276794434
v 5 26.771207809448242 4.7486510276794434
v 5 25.864957809448242 1.6549010276794434
v 5 26.771207809448242 1.6549010276794434
v 5 26.771207809448242 10.936151504516602
v 5 25.864957809448242 7.8424010276794434
v 5 26.771207809448242 7.8424010276794434
v 5 25.864957809448242 23.311151504516602
v 5 24.052457809448242 17.123651504516602
v 5 25.864957809448242 17.123651504516602
v 5 26.771207809448242 17.123651504516602
v 5 25.864957809448242 14.029901504516602
v 5 26.771207809448242 14.029901504516602
v 5 26.771207809448242 23.311151504516602
v 5 25.864957809448242 20.217401504516602
v 5 26.771207809448242 20.217401504516602
v 5 24.052457809448242 29.498651504516602
v 5 25.864957809448242 29.498651504516602
v 5 26.771207809448242 29.498651504516602
v 5 25.864957809448242 26.404901504516602
v 5 26.771207809448242 26.404901504516602
v 5 26.771207809448242 35.686149597167969
v 5 25.864957809448242 32.592399597167969
v 5 26.771207809448242 32.592399597167969
v 5 26.771207809448242 41.873649597167969
v 5 25.864957809448242 38.779899597167969
v 5 26.771207809448242 38.779899597167969
v 5 26.771207809448242 44.967399597167969
v 5 27.546146392822266 46.360721588134766
v 5 27.182445526123047 47.054477691650391
v 5 26.630897521972656 47.595237731933594
v 0 5.9274578094482422 23.311151504516602
v 0 13.177457809448242 23.311151504516602
v 0 20.427457809448242 23.311151504516602
v 0 5.9274578094482422 -1.4388489723205566
v 0 13.177457809448242 -1.4388489723205566
v 0 20.427457809448242 -1.4388489723205566
v 0 5.9274578094482422 -26.188848495483398
v 0 13.177457809448242 -26.188848495483398
v 0 20.427457809448242 -26.188848495483398
v 0 27.677457809448242 45.561149597167969
v 0 26.927682876586914 47.346286773681641
v 0 26.122751235961914 47.875545501708984
v 0 25.177457809448242 48.061149597167969
v 0 24.052457809448242 23.311151504516602
v 0 20.427457809448242 35.686149597167969
v 0 24.052457809448242 35.686149597167969
v 0 25.864957809448242 35.686149597167969
v 0 24.052457809448242 41.873649597167969
v 0 25.864957809448242 41.873649597167969
v 0 26.771207809448242 41.873649597167969
v 0 25.864957809448242 44.967399597167969
v 0 26.771207809448242 44.967399597167969
v 0 24.958707809448242 41.873649597167969
v 0 24.052457809448242 44.967399597167969
v 0 24.958707809448242 44.967399597167969
v 0 22.239957809448242 35.686149597167969
v 0 20.427457809448242 41.873649597167969
v 0 22.239957809448242 41.873649597167969
v 0 16.802457809448242 23.311151504516602
v 0 13.177457809448242 35.686149597167969
v 0 16.802457809448242 35.686149597167969
v 0 24.034601211547852 48.061149597167969
v 0 22.891744613647461 48.061149597167969
v 0 21.748886108398438 48.061149597167969
v 0 20.606029510498047 48.061149597167969
v 0 19.463172912597656 48.061149597167969
v 0 18.320314407348633 48.061149597167969
v 0 17.177457809448242 48.061149597167969
v 0 16.034601211547852 48.061149597167969
v 0 14.891743659973145 48.061149597167969
v 0 13.748887062072754 48.061149597167969
v 0 12.606029510498047 48.061149597167969
v 0 11.46317195892334 48.061149597167969
v 0 10.320315361022949 48.061149597167969
v 0 9.1774578094482422 48.061149597167969
v 0 8.0346012115478516 48.061149597167969
v 0 6.8917436599731445 48.061149597167969
v 0 5.7488865852355957 48.061149597167969
v 0 4.6060295104980469 48.061149597167969
v 0 3.463172435760498 48.061149597167969
v 0 2.3203151226043701 48.061149597167969
v 0 1.1774580478668213 48.061149597167969
v 0 23.146207809448242 41.873649597167969
v 0 22.239957809448242 44.967399597167969
v 0 23.146207809448242 44.967399597167969
v 0 21.333707809448242 41.873649597167969
v 0 20.427457809448242 44.967399597167969
v 0 21.333707809448242 44.967399597167969
v 0 18.614957809448242 35.686149597167969
v 0 16.802457809448242 41.873649597167969
v 0 18.614957809448242 41.873649597167969
v 0 19.521207809448242 41.873649597167969
v 0 18.614957809448242 44.967399597167969
v 0 19.521207809448242 44.967399597167969
v 0 17.708707809448242 41.873649597167969
v 0 16.802457809448242 44.967399597167969
v 0 17.708707809448242 44.967399597167969
v 0 14.989957809448242 35.686149597167969
v 0 13.177457809448242 41.873649597167969
v 0 14.989957809448242 41.873649597167969
v 0 9.5524578094482422 23.311151504516602
v 0 5.9274578094482422 35.686149597167969
v 0 9.5524578094482422 35.686149597167969
v 0 15.896207809448242 41.873649597167969
v 0 14.989957809448242 44.967399597167969
v 0 15.896207809448242 44.967399597167969
v 0 14.083707809448242 41.873649597167969
v 0 13.177457809448242 44.967399597167969
v 0 14.083707809448242 44.967399597167969
v 0 11.364957809448242 35.686149597167969
v 0 9.5524578094482422 41.873649597167969
v 0 11.364957809448242 41.873649597167969
v 0 12.271207809448242 41.873649597167969
v 0 11.364957809448242 44.967399597167969
v 0 12.271207809448242 44.967399597167969
v 0 10.458707809448242 41.873649597167969
v 0 9.5524578094482422 44.967399597167969
v 0 10.458707809448242 44.967399597167969
v 0 7.7399578094482422 35.686149597167969
v 0 5.9274578094482422 41.873649597167969
v 0 7.7399578094482422 41.873649597167969
v 0 2.3024580478668213 23.311151504516602
v 0 2.3024580478668213 35.686149597167969
v 0 8.6462078094482422 41.873649597167969
v 0 7.7399578094482422 44.967399597167969
v 0 8.6462078094482422 44.967399597167969
v 0 6.8337078094482422 41.873649597167969
v 0 5.9274578094482422 44.967399597167969
v 0 6.8337078094482422 44.967399597167969
v 0 4.1149578094482422 35.686149597167969
v 0 2.3024580478668213 41.873649597167969
v 0 4.1149578094482422 41.873649597167969
v 0 5.0212078094482422 41.873649597167969
v 0 4.1149578094482422 44.967399597167969
v 0 5.0212078094482422 44.967399597167969
v 0 3.2087080478668213 41.873649597167969
v 0 2.3024580478668213 44.967399597167969
v 0 3.2087080478668213 44.967399597167969
v 0 0.48995804786682129 35.686149597167969
v 0 0.48995804786682129 41.873649597167969
v 0 1.3962080478668213 41.873649597167969
v 0 0.48995804786682129 44.967399597167969
v 0 1.3962080478668213 44.967399597167969
v 0 -0.31586787104606628 47.566139221191406
v 0 -0.85662966966629028 47.014591217041016
v 0 -1.2032161951065063 46.324295043945312
v 0 -1.3225419521331787 45.561149597167969
v 0 -0.41629195213317871 41.873649597167969
v 0 -0.41629195213317871 44.967399597167969
v 0 -1.3225419521331787 44.400657653808594
v 0 -1.3225419521331787 43.240161895751953
v 0 -1.3225419521331787 42.079669952392578
v 0 -1.3225419521331787 40.919174194335938
v 0 -1.3225419521331787 39.758682250976562
v 0 -1.3225419521331787 38.598186492919922
v 0 -1.3225419521331787 37.437694549560547
v 0 -1.3225419521331787 36.277198791503906
v 0 -1.3225419521331787 35.116706848144531
v 0 -1.3225419521331787 33.956211090087891
v 0 -1.3225419521331787 32.795719146728516
v 0 -1.3225419521331787 31.635225296020508
v 0 -1.3225419521331787 30.4747314453125
v 0 -1.3225419521331787 29.314237594604492
v 0 -1.3225419521331787 28.153743743896484
v 0 -1.3225419521331787 26.993249893188477
v 0 -1.3225419521331787 25.832756042480469
v 0 -1.3225419521331787 24.672262191772461
v 0 -1.3225419521331787 23.511768341064453
v 0 -1.3225419521331787 22.351274490356445
v 0 -1.3225419521331787 21.190780639648438
v 0 -1.3225419521331787 20.03028678894043
v 0 -1.3225419521331787 18.869792938232422
v 0 -1.3225419521331787 17.709299087524414
v 0 -1.3225419521331787 16.548805236816406
v 0 -1.3225419521331787 15.388311386108398
v 0 -1.3225419521331787 14.227817535400391
v 0 -1.3225419521331787 13.067323684692383
v 0 -1.3225419521331787 11.906829833984375
v 0 -1.3225419521331787 10.746335983276367
v 0 -1.3225419521331787 9.5858421325683594
v 0 -1.3225419521331787 8.4253482818603516
v 0 -1.3225419521331787 7.264854907989502
v 0 -1.3225419521331787 6.1043610572814941
v 0 -1.3225419521331787 4.9438672065734863
v 0 -1.3225419521331787 3.7833733558654785
v 0 -1.3225419521331787 2.6228795051574707
v 0 -1.3225419521331787 1.4623856544494629
v 0 -1.3225419521331787 0.30189183354377747
v 0 -1.3225419521331787 -0.85860198736190796
v 0 -1.3225419521331787 -2.0190958976745605
v 0 -1.3225419521331787 -3.1795897483825684
v 0 -1.3225419521331787 -4.3400835990905762
v 0 -1.3225419521331787 -5.500577449798584
v 0 -1.3225419521331787 -6.6610713005065918
v 0 -1.3225419521331787 -7.8215651512145996
v 0 -1.3225419521331787 -8.9820585250854492
v 0 -1.3225419521331787 -10.142552375793457
v 0 -1.3225419521331787 -11.303046226501465
v 0 -1.3225419521331787 -12.463540077209473
v 0 -1.3225419521331787 -13.62403392791748
v 0 -1.3225419521331787 -14.784527778625488
v 0 -1.3225419521331787 -15.945021629333496
v 0 -1.3225419521331787 -17.10551643371582
v 0 -1.3225419521331787 -18.266010284423828
v 0 -1.3225419521331787 -19.426504135131836
v 0 -1.3225419521331787 -20.586997985839844
v 0 -1.3225419521331787 -21.747491836547852
v 0 -1.3225419521331787 -22.907983779907227
v 0 -1.3225419521331787 -24.068477630615234
v 0 -1.3225419521331787 -25.228971481323242
v 0 -1.3225419521331787 -26.38946533203125
v 0 -1.3225419521331787 -27.549959182739258
v 0 -1.3225419521331787 -28.710453033447266
v 0 -1.3225419521331787 -29.870946884155273
v 0 -1.3225419521331787 -31.031440734863281
v 0 -1.3225419521331787 -32.191936492919922
v 0 -1.3225419521331787 -33.352428436279297
v 0 -1.3225419521331787 -34.512924194335938
v 0 -1.3225419521331787 -35.673416137695312
v 0 -1.3225419521331787 -36.833911895751953
v 0 -1.3225419521331787 -37.994403839111328
v 0 -1.3225419521331787 -39.154899597167969
v 0 -1.3225419521331787 -40.315391540527344
v 0 -1.3225419521331787 -41.475887298583984
v 0 -1.3225419521331787 -42.636379241943359
v 0 -1.3225419521331787 -43.796875
v 0 -1.3225419521331787 -44.957366943359375
v 0 -1.3225419521331787 -46.117862701416016
v 0 -1.3225419521331787 -47.278354644775391
v 0 -1.3225419521331787 -48.438850402832031
v 0 -0.41629195213317871 35.686149597167969
v 0 0.48995804786682129 38.779899597167969
v 0 -0.41629195213317871 38.779899597167969
v 0 0.48995804786682129 23.311151504516602
v 0 2.3024580478668213 29.498651504516602
v 0 0.48995804786682129 29.498651504516602
v 0 2.3024580478668213 -1.4388489723205566
v 0 5.9274578094482422 10.936151504516602
v 0 2.3024580478668213 10.936151504516602
v 0 -0.41629195213317871 29.498651504516602
v 0 0.48995804786682129 32.592399597167969
v 0 -0.41629195213317871 32.592399597167969
v 0 -0.41629195213317871 23.311151504516602
v 0 0.48995804786682129 26.404901504516602
v 0 -0.41629195213317871 26.404901504516602
v 0 0.48995804786682129 10.936151504516602
v 0 2.3024580478668213 17.123651504516602
v 0 0.48995804786682129 17.123651504516602
v 0 -0.41629195213317871 17.123651504516602
v 0 0.48995804786682129 20.217401504516602
v 0 -0.41629195213317871 20.217401504516602
v 0 -0.41629195213317871 10.936151504516602
v 0 0.48995804786682129 14.029901504516602
v 0 -0.41629195213317871 14.029901504516602
v 0 0.48995804786682129 -1.4388489723205566
v 0 2.3024580478668213 4.7486510276794434
v 0 0.48995804786682129 4.7486510276794434
v 0 2.3024580478668213 -26.188848495483398
v 0 5.9274578094482422 -13.813848495483398
v 0 2.3024580478668213 -13.813848495483398
v 0 -0.41629195213317871 4.7486510276794434
v 0 0.48995804786682129 7.8424010276794434
v 0 -0.41629195213317871 7.8424010276794434
v 0 -0.41629195213317871 -1.4388489723205566
v 0 0.48995804786682129 1.6549010276794434
v 0 -0.41629195213317871 1.6549010276794434
v 0 0.48995804786682129 -13.813848495483398
v 0 2.3024580478668213 -7.6263489723205566
v 0 0.48995804786682129 -7.6263489723205566
v 0 -0.41629195213317871 -7.6263489723205566
v 0 0.48995804786682129 -4.5325989723205566
v 0 -0.41629195213317871 -4.5325989723205566
v 0 -0.41629195213317871 -13.813848495483398
v 0 0.48995804786682129 -10.720098495483398
v 0 -0.41629195213317871 -10.720098495483398
v 0 0.48995804786682129 -26.188848495483398
v 0 2.3024580478668213 -20.001348495483398
v 0 0.48995804786682129 -20.001348495483398
v 0 5.9274578094482422 -38.563850402832031
v 0 2.3024580478668213 -38.563850402832031
v 0 -0.41629195213317871 -20.001348495483398
v 0 0.48995804786682129 -16.907598495483398
v 0 -0.41629195213317871 -16.907598495483398
v 0 -0.41629195213317871 -26.188848495483398
v 0 0.48995804786682129 -23.095098495483398
v 0 -0.41629195213317871 -23.095098495483398
v 0 0.48995804786682129 -38.563850402832031
v 0 2.3024580478668213 -32.376350402832031
v 0 0.48995804786682129 -32.376350402832031
v 0 -0.41629195213317871 -32.376350402832031
v 0 0.48995804786682129 -29.282598495483398
v 0 -0.41629195213317871 -29.282598495483398
v 0 -0.41629195213317871 -38.563850402832031
v 0 0.48995804786682129 -35.470100402832031
v 0 -0.41629195213317871 -35.470100402832031
v 0 2.3024580478668213 -44.751350402832031
v 0 0.48995804786682129 -44.751350402832031
v 0 -0.41629195213317871 -44.751350402832031
v 0 0.48995804786682129 -41.657600402832031
v 0 -0.41629195213317871 -41.657600402832031
v 0 0.48995804786682129 -47.845100402832031
v 0 -0.41629195213317871 -47.845100402832031
v 0 -0.57276678085327148 -50.223983764648438
v 0 0.2321649044752121 -50.753242492675781
v 0 1.1774580478668213 -50.938850402832031
v 0 2.3024580478668213 -47.845100402832031
v 0 1.3962080478668213 -44.751350402832031
v 0 1.3962080478668213 -47.845100402832031
v 0 5.9274578094482422 -44.751350402832031
v 0 4.1149578094482422 -38.563850402832031
v 0 4.1149578094482422 -44.751350402832031
v 0 13.177457809448242 -38.563850402832031
v 0 9.5524578094482422 -26.188848495483398
v 0 9.5524578094482422 -38.563850402832031
v 0 2.3203151226043701 -50.938850402832031
v 0 3.463172435760498 -50.938850402832031
v 0 4.6060295104980469 -50.938850402832031
v 0 5.7488865852355957 -50.938850402832031
v 0 6.8917436599731445 -50.938850402832031
v 0 8.0346012115478516 -50.938850402832031
v 0 9.1774578094482422 -50.938850402832031
v 0 10.320315361022949 -50.938850402832031
v 0 11.46317195892334 -50.938850402832031
v 0 12.606029510498047 -50.938850402832031
v 0 13.748887062072754 -50.938850402832031
v 0 14.891743659973145 -50.938850402832031
v 0 16.034601211547852 -50.938850402832031
v 0 17.177457809448242 -50.938850402832031
v 0 18.320314407348633 -50.938850402832031
v 0 19.463172912597656 -50.938850402832031
v 0 20.606029510498047 -50.938850402832031
v 0 21.748886108398438 -50.938850402832031
v 0 22.891744613647461 -50.938850402832031
v 0 24.034601211547852 -50.938850402832031
v 0 25.177457809448242 -50.938850402832031
v 0 4.1149578094482422 -47.845100402832031
v 0 3.2087080478668213 -44.751350402832031
v 0 3.2087080478668213 -47.845100402832031
v 0 5.9274578094482422 -47.845100402832031
v 0 5.0212078094482422 -44.751350402832031
v 0 5.0212078094482422 -47.845100402832031
v 0 9.5524578094482422 -44.751350402832031
v 0 7.7399578094482422 -38.563850402832031
v 0 7.7399578094482422 -44.751350402832031
v 0 7.7399578094482422 -47.845100402832031
v 0 6.8337078094482422 -44.751350402832031
v 0 6.8337078094482422 -47.845100402832031
v 0 9.5524578094482422 -47.845100402832031
v 0 8.6462078094482422 -44.751350402832031
v 0 8.6462078094482422 -47.845100402832031
v 0 13.177457809448242 -44.751350402832031
v 0 11.364957809448242 -38.563850402832031
v 0 11.364957809448242 -44.751350402832031
v 0 20.427457809448242 -38.563850402832031
v 0 16.802457809448242 -26.188848495483398
v 0 16.802457809448242 -38.563850402832031
v 0 11.364957809448242 -47.845100402832031
v 0 10.458707809448242 -44.751350402832031
v 0 10.458707809448242 -47.845100402832031
v 0 13.177457809448242 -47.845100402832031
v 0 12.271207809448242 -44.751350402832031
v 0 12.271207809448242 -47.845100402832031
v 0 16.802457809448242 -44.751350402832031
v 0 14.989957809448242 -38.563850402832031
v 0 14.989957809448242 -44.751350402832031
v 0 14.989957809448242 -47.845100402832031
v 0 14.083707809448242 -44.751350402832031
v 0 14.083707809448242 -47.845100402832031
v 0 16.802457809448242 -47.845100402832031
v 0 15.896207809448242 -44.751350402832031
v 0 15.896207809448242 -47.845100402832031
v 0 20.427457809448242 -44.751350402832031
v 0 18.614957809448242 -38.563850402832031
v 0 18.614957809448242 -44.751350402832031
v 0 24.052457809448242 -26.188848495483398
v 0 24.052457809448242 -38.563850402832031
v 0 18.614957809448242 -47.845100402832031
v 0 17.708707809448242 -44.751350402832031
v 0 17.708707809448242 -47.845100402832031
v 0 20.427457809448242 -47.845100402832031
v 0 19.521207809448242 -44.751350402832031
v 0 19.521207809448242 -47.845100402832031
v 0 24.052457809448242 -44.751350402832031
v 0 22.239957809448242 -38.563850402832031
v 0 22.239957809448242 -44.751350402832031
v 0 22.239957809448242 -47.845100402832031
v 0 21.333707809448242 -44.751350402832031
v 0 21.333707809448242 -47.845100402832031
v 0 24.052457809448242 -47.845100402832031
v 0 23.146207809448242 -44.751350402832031
v 0 23.146207809448242 -47.845100402832031
v 0 25.864957809448242 -38.563850402832031
v 0 25.864957809448242 -44.751350402832031
v 0 25.864957809448242 -47.845100402832031
v 0 24.958707809448242 -44.751350402832031
v 0 24.958707809448242 -47.845100402832031
v 0 26.962594985961914 -50.189075469970703
v 0 27.491851806640625 -49.384143829345703
v 0 27.677457809448242 -48.438850402832031
v 0 26.771207809448242 -44.751350402832031
v 0 26.771207809448242 -47.845100402832031
v 0 27.677457809448242 -47.278354644775391
v 0 27.677457809448242 -46.117862701416016
v 0 27.677457809448242 -44.957366943359375
v 0 27.677457809448242 -43.796875
v 0 27.677457809448242 -42.636379241943359
v 0 27.677457809448242 -41.475887298583984
v 0 27.677457809448242 -40.315391540527344
v 0 27.677457809448242 -39.154899597167969
v 0 27.677457809448242 -37.994403839111328
v 0 27.677457809448242 -36.833911895751953
v 0 27.677457809448242 -35.673416137695312
v 0 27.677457809448242 -34.512924194335938
v 0 27.677457809448242 -33.352428436279297
v 0 27.677457809448242 -32.191936492919922
v 0 27.677457809448242 -31.031440734863281
v 0 27.677457809448242 -29.870946884155273
v 0 27.677457809448242 -28.710453033447266
v 0 27.677457809448242 -27.549959182739258
v 0 27.677457809448242 -26.38946533203125
v 0 27.677457809448242 -25.228971481323242
v 0 27.677457809448242 -24.068477630615234
v 0 27.677457809448242 -22.907983779907227
v 0 27.677457809448242 -21.747491836547852
v 0 27.677457809448242 -20.586997985839844
v 0 27.677457809448242 -19.426504135131836
v 0 27.677457809448242 -18.266010284423828
v 0 27.677457809448242 -17.10551643371582
v 0 27.677457809448242 -15.945021629333496
v 0 27.677457809448242 -14.784527778625488
v 0 27.677457809448242 -13.62403392791748
v 0 27.677457809448242 -12.463540077209473
v 0 27.677457809448242 -11.303046226501465
v 0 27.677457809448242 -10.142552375793457
v 0 27.677457809448242 -8.9820585250854492
v 0 27.677457809448242 -7.8215651512145996
v 0 27.677457809448242 -6.6610713005065918
v 0 27.677457809448242 -5.500577449798584
v 0 27.677457809448242 -4.3400835990905762
v 0 27.677457809448242 -3.1795897483825684
v 0 27.677457809448242 -2.0190958976745605
v 0 27.677457809448242 -0.85860198736190796
v 0 27.677457809448242 0.30189183354377747
v 0 27.677457809448242 1.4623856544494629
v 0 27.677457809448242 2.6228795051574707
v 0 27.677457809448242 3.7833733558654785
v 0 27.677457809448242 4.9438672065734863
v 0 27.677457809448242 6.1043610572814941
v 0 27.677457809448242 7.264854907989502
v 0 27.677457809448242 8.4253482818603516
v 0 27.677457809448242 9.5858421325683594
v 0 27.677457809448242 10.746335983276367
v 0 27.677457809448242 11.906829833984375
v 0 27.677457809448242 13.067323684692383
v 0 27.677457809448242 14.227817535400391
v 0 27.677457809448242 15.388311386108398
v 0 27.677457809448242 16.548805236816406
v 0 27.677457809448242 17.709299087524414
v 0 27.677457809448242 18.869792938232422
v 0 27.677457809448242 20.03028678894043
v 0 27.677457809448242 21.190780639648438
v 0 27.677457809448242 22.351274490356445
v 0 27.677457809448242 23.511768341064453
v 0 27.677457809448242 24.672262191772461
v 0 27.677457809448242 25.832756042480469
v 0 27.677457809448242 26.993249893188477
v 0 27.677457809448242 28.153743743896484
v 0 27.677457809448242 29.314237594604492
v 0 27.677457809448242 30.4747314453125
v 0 27.677457809448242 31.635225296020508
v 0 27.677457809448242 32.795719146728516
v 0 27.677457809448242 33.956211090087891
v 0 27.677457809448242 35.116706848144531
v 0 27.677457809448242 36.277198791503906
v 0 27.677457809448242 37.437694549560547
v 0 27.677457809448242 38.598186492919922
v 0 27.677457809448242 39.758682250976562
v 0 27.677457809448242 40.919174194335938
v 0 27.677457809448242 42.079669952392578
v 0 27.677457809448242 43.240161895751953
v 0 27.677457809448242 44.400657653808594
v 0 26.771207809448242 -38.563850402832031
v 0 25.864957809448242 -41.657600402832031
v 0 26.771207809448242 -41.657600402832031
v 0 25.864957809448242 -26.188848495483398
v 0 24.052457809448242 -32.376350402832031
v 0 25.864957809448242 -32.376350402832031
v 0 24.052457809448242 -1.4388489723205566
v 0 20.427457809448242 -13.813848495483398
v 0 24.052457809448242 -13.813848495483398
v 0 26.771207809448242 -32.376350402832031
v 0 25.864957809448242 -35.470100402832031
v 0 26.771207809448242 -35.470100402832031
v 0 26.771207809448242 -26.188848495483398
v 0 25.864957809448242 -29.282598495483398
v 0 26.771207809448242 -29.282598495483398
v 0 25.864957809448242 -13.813848495483398
v 0 24.052457809448242 -20.001348495483398
v 0 25.864957809448242 -20.001348495483398
v 0 26.771207809448242 -20.001348495483398
v 0 25.864957809448242 -23.095098495483398
v 0 26.771207809448242 -23.095098495483398
v 0 26.771207809448242 -13.813848495483398
v 0 25.864957809448242 -16.907598495483398
v 0 26.771207809448242 -16.907598495483398
v 0 25.864957809448242 -1.4388489723205566
v 0 24.052457809448242 -7.6263489723205566
v 0 25.864957809448242 -7.6263489723205566
v 0 20.427457809448242 10.936151504516602
v 0 24.052457809448242 10.936151504516602
v 0 26.771207809448242 -7.6263489723205566
v 0 25.864957809448242 -10.720098495483398
v 0 26.771207809448242 -10.720098495483398
v 0 26.771207809448242 -1.4388489723205566
v 0 25.864957809448242 -4.5325989723205566
v 0 26.771207809448242 -4.5325989723205566
v 0 25.864957809448242 10.936151504516602
v 0 24.052457809448242 4.7486510276794434
v 0 25.864957809448242 4.7486510276794434
v 0 26.771207809448242 4.7486510276794434
v 0 25.864957809448242 1.6549010276794434
v 0 26.771207809448242 1.6549010276794434
v 0 26.771207809448242 10.936151504516602
v 0 25.864957809448242 7.8424010276794434
v 0 26.771207809448242 7.8424010276794434
v 0 25.864957809448242 23.311151504516602
v 0 24.052457809448242 17.123651504516602
v 0 25.864957809448242 17.123651504516602
v 0 26.771207809448242 17.123651504516602
v 0 25.864957809448242 14.029901504516602
v 0 26.771207809448242 14.029901504516602
v 0 26.771207809448242 23.311151504516602
v 0 25.864957809448242 20.217401504516602
v 0 26.771207809448242 20.217401504516602
v 0 24.052457809448242 29.498651504516602
v 0 25.864957809448242 29.498651504516602
v 0 26.771207809448242 29.498651504516602
v 0 25.864957809448242 26.404901504516602
v 0 26.771207809448242 26.404901504516602
v 0 26.771207809448242 35.686149597167969
v 0 25.864957809448242 32.592399597167969
v 0 26.771207809448242 32.592399597167969
v 0 25.864957809448242 38.779899597167969
v 0 26.771207809448242 38.779899597167969
v 4.5 1.1774580478668213 -51.438850402832031
v 0.5 1.1774580478668213 -51.438850402832031
v 4.5 -1.8225419521331787 -48.438850402832031
v 0.5 -1.8225419521331787 -48.438850402832031
v 0.5 -1.720319390296936 -49.215305328369141
v 0.5 -1.4206181764602661 -49.938850402832031
v 0.5 -0.94386231899261475 -50.560169219970703
v 0.5 -0.32254195213317871 -51.03692626953125
v 0.5 0.40100088715553284 -51.336627960205078
v 4.5 0.5098952054977417 -51.363632202148438
v 4.5 -0.12419318407773972 -51.141754150390625
v 4.5 -0.69301134347915649 -50.784343719482422
v 4.5 -1.1680364608764648 -50.309318542480469
v 4.5 -1.5254485607147217 -49.740501403808594
v 4.5 -1.7473256587982178 -49.106410980224609
v 4.5 -1.8225419521331787 45.561149597167969
v 0.5 -1.8225419521331787 45.561149597167969
v 4.5 1.1774580478668213 48.561149597167969
v 0.5 1.1774580478668213 48.561149597167969
v 0.5 0.5098952054977417 48.485935211181641
v 0.5 -0.12419318407773972 48.264057159423828
v 0.5 -0.69301134347915649 47.906646728515625
v 0.5 -1.1680364608764648 47.431621551513672
v 0.5 -1.5254485607147217 46.862800598144531
v 0.5 -1.7473256587982178 46.228713989257812
v 4.5 -1.7473256587982178 46.228713989257812
v 4.5 -1.5254485607147217 46.862800598144531
v 4.5 -1.1680364608764648 47.431621551513672
v 4.5 -0.69301134347915649 47.906646728515625
v 4.5 -0.12419318407773972 48.264057159423828
v 4.5 0.5098952054977417 48.485935211181641
v 4.5 28.177457809448242 -48.438850402832031
v 0.5 28.177457809448242 -48.438850402832031
v 4.5 25.177457809448242 -51.438850402832031
v 0.5 25.177457809448242 -51.438850402832031
v 0.5 25.953914642333984 -51.336627960205078
v 0.5 26.677457809448242 -51.03692626953125
v 0.5 27.298778533935547 -50.560169219970703
v 0.5 27.775533676147461 -49.938850402832031
v 0.5 28.075235366821289 -49.215305328369141
v 4.5 28.075235366821289 -49.215305328369141
v 4.5 27.775533676147461 -49.938850402832031
v 4.5 27.298778533935547 -50.560169219970703
v 4.5 26.677457809448242 -51.03692626953125
v 4.5 25.953914642333984 -51.336627960205078
v 4.5 25.177457809448242 48.561149597167969
v 0.5 25.177457809448242 48.561149597167969
v 4.5 28.177457809448242 45.561149597167969
v 0.5 28.177457809448242 45.561149597167969
v 0.5 28.075235366821289 46.337608337402344
v 0.5 27.775533676147461 47.061149597167969
v 0.5 27.298778533935547 47.682472229003906
v 0.5 26.677457809448242 48.159225463867188
v 0.5 25.953914642333984 48.458927154541016
v 4.5 25.845020294189453 48.485935211181641
v 4.5 26.479108810424805 48.264057159423828
v 4.5 27.047927856445312 47.906646728515625
v 4.5 27.522953033447266 47.431621551513672
v 4.5 27.880365371704102 46.862800598144531
v 4.5 28.102241516113281 46.228713989257812
v 0 1.1774580478668213 48.061149597167969
v 0.5 1.1774580478668213 48.561149597167969
v 0.040503870695829391 0.31483706831932068 48.116622924804688
v 0.14995503425598145 0.26369985938072205 48.268115997314453
v 0.31094136834144592 0.2298455685377121 48.368404388427734
v 0 -0.31586787104606628 47.566139221191406
v 0.040503870695829391 -0.43362423777580261 47.7242431640625
v 0.14995503425598145 -0.52913111448287964 47.852474212646484
v 0.31094136834144592 -0.59235948324203491 47.937366485595703
v 0 -0.85662966966629028 47.014591217041016
v 0.040503870695829391 -1.0170278549194336 47.129203796386719
v 0.14995503425598145 -1.1471196413040161 47.222156524658203
v 0.31094136834144592 -1.2332441806793213 47.283699035644531
v 0 -1.2032161951065063 46.324295043945312
v 0.040503870695829391 -1.3909444808959961 46.384475708007812
v 0.14995503425598145 -1.5432025194168091 46.433280944824219
v 0.31094136834144592 -1.6440017223358154 46.465595245361328
v 0 -1.3225419521331787 45.561149597167969
v 0.5 -1.8225419521331787 45.561149597167969
v 0.5 -1.7473256587982178 46.228713989257812
v 0.5 -1.5254485607147217 46.862800598144531
v 0.5 -1.1680364608764648 47.431621551513672
v 0.5 -0.69301134347915649 47.906646728515625
v 0.5 -0.12419318407773972 48.264057159423828
v 0.5 0.5098952054977417 48.485935211181641
v 0.038060232996940613 -1.5138837099075317 45.561149597167969
v 0.14644661545753479 -1.6760953664779663 45.561149597167969
v 0.30865827202796936 -1.7844817638397217 45.561149597167969
v 0.14995503425598145 -1.6452717781066895 46.002513885498047
v 0.087410174310207367 -1.4721705913543701 46.410511016845703
v 0.040503870695829391 -1.4873015880584717 45.977813720703125
v 0.087410174310207367 -1.5715750455856323 45.990989685058594
v 0.31094136834144592 -1.7498525381088257 46.018867492675781
v 0.22530142962932587 -1.6010559797286987 46.451828002929688
v 0.22530142962932587 -1.7052958011627197 46.01190185546875
v 0.40366575121879578 -1.670430064201355 46.474063873291016
v 0.40366575121879578 -1.7772724628448486 46.023155212402344
v 0.30865827202796936 1.1774580478668213 48.523090362548828
v 0.14644661545753479 1.1774580478668213 48.414703369140625
v 0.038060232996940613 1.1774580478668213 48.252490997314453
v 0.40366575121879578 0.22096933424472809 48.394702911376953
v 0.31094136834144592 0.69730490446090698 48.48486328125
v 0.40366575121879578 0.69280731678009033 48.512252807617188
v 0.22530142962932587 0.2442692369222641 48.325675964355469
v 0.14995503425598145 0.71445882320404053 48.380413055419922
v 0.22530142962932587 0.7046133279800415 48.440364837646484
v 0.087410174310207367 0.28755655884742737 48.197441101074219
v 0.040503870695829391 0.74036991596221924 48.222637176513672
v 0.087410174310207367 0.72654694318771362 48.306808471679688
v 0.010230633430182934 0.34570369124412537 48.025180816650391
v 0.010230633430182934 0.75600993633270264 48.127403259277344
v 0.5 25.177457809448242 48.561149597167969
v 0.5 24.034601211547852 48.561149597167969
v 0.5 22.891744613647461 48.561149597167969
v 0.5 21.748886108398438 48.561149597167969
v 0.5 20.606029510498047 48.561149597167969
v 0.5 19.463172912597656 48.561149597167969
v 0.5 18.320314407348633 48.561149597167969
v 0.5 17.177457809448242 48.561149597167969
v 0.5 16.034601211547852 48.561149597167969
v 0.5 14.891743659973145 48.561149597167969
v 0.5 13.748887062072754 48.561149597167969
v 0.5 12.606029510498047 48.561149597167969
v 0.5 11.46317195892334 48.561149597167969
v 0.5 10.320315361022949 48.561149597167969
v 0.5 9.1774578094482422 48.561149597167969
v 0.5 8.0346012115478516 48.561149597167969
v 0.5 6.8917436599731445 48.561149597167969
v 0.5 5.7488865852355957 48.561149597167969
v 0.5 4.6060295104980469 48.561149597167969
v 0.5 3.463172435760498 48.561149597167969
v 0.5 2.3203151226043701 48.561149597167969
v 0.5 1.1774580478668213 48.561149597167969
v 0.30286222696304321 24.034601211547852 48.520648956298828
v 0.30286222696304321 22.891744613647461 48.520648956298828
v 0.30286222696304321 21.748886108398438 48.520648956298828
v 0.30286222696304321 20.606029510498047 48.520648956298828
v 0.30286222696304321 19.463172912597656 48.520648956298828
v 0.30286222696304321 18.320314407348633 48.520648956298828
v 0.30286222696304321 17.177457809448242 48.520648956298828
v 0.30286222696304321 16.034601211547852 48.520648956298828
v 0.30286222696304321 14.891743659973145 48.520648956298828
v 0.30286222696304321 13.748887062072754 48.520648956298828
v 0.30286222696304321 12.606029510498047 48.520648956298828
v 0.30286222696304321 11.46317195892334 48.520648956298828
v 0.30286222696304321 10.320315361022949 48.520648956298828
v 0.30286222696304321 9.1774578094482422 48.520648956298828
v 0.30286222696304321 8.0346012115478516 48.520648956298828
v 0.30286222696304321 6.8917436599731445 48.520648956298828
v 0.30286222696304321 5.7488865852355957 48.520648956298828
v 0.30286222696304321 4.6060295104980469 48.520648956298828
v 0.30286222696304321 3.463172435760498 48.520648956298828
v 0.30286222696304321 2.3203151226043701 48.520648956298828
v 0.1429726630449295 24.034601211547852 48.411197662353516
v 0.1429726630449295 22.891744613647461 48.411197662353516
v 0.1429726630449295 21.748886108398438 48.411197662353516
v 0.1429726630449295 20.606029510498047 48.411197662353516
v 0.1429726630449295 19.463172912597656 48.411197662353516
v 0.1429726630449295 18.320314407348633 48.411197662353516
v 0.1429726630449295 17.177457809448242 48.411197662353516
v 0.1429726630449295 16.034601211547852 48.411197662353516
v 0.1429726630449295 14.891743659973145 48.411197662353516
v 0.1429726630449295 13.748887062072754 48.411197662353516
v 0.1429726630449295 12.606029510498047 48.411197662353516
v 0.1429726630449295 11.46317195892334 48.411197662353516
v 0.1429726630449295 10.320315361022949 48.411197662353516
v 0.1429726630449295 9.1774578094482422 48.411197662353516
v 0.1429726630449295 8.0346012115478516 48.411197662353516
v 0.1429726630449295 6.8917436599731445 48.411197662353516
v 0.1429726630449295 5.7488865852355957 48.411197662353516
v 0.1429726630449295 4.6060295104980469 48.411197662353516
v 0.1429726630449295 3.463172435760498 48.411197662353516
v 0.1429726630449295 2.3203151226043701 48.411197662353516
v 0.037121143192052841 24.034601211547852 48.250209808349609
v 0.037121143192052841 22.891744613647461 48.250209808349609
v 0.037121143192052841 21.748886108398438 48.250209808349609
v 0.037121143192052841 20.606029510498047 48.250209808349609
v 0.037121143192052841 19.463172912597656 48.250209808349609
v 0.037121143192052841 18.320314407348633 48.250209808349609
v 0.037121143192052841 17.177457809448242 48.250209808349609
v 0.037121143192052841 16.034601211547852 48.250209808349609
v 0.037121143192052841 14.891743659973145 48.250209808349609
v 0.037121143192052841 13.748887062072754 48.250209808349609
v 0.037121143192052841 12.606029510498047 48.250209808349609
v 0.037121143192052841 11.46317195892334 48.250209808349609
v 0.037121143192052841 10.320315361022949 48.250209808349609
v 0.037121143192052841 9.1774578094482422 48.250209808349609
v 0.037121143192052841 8.0346012115478516 48.250209808349609
v 0.037121143192052841 6.8917436599731445 48.250209808349609
v 0.037121143192052841 5.7488865852355957 48.250209808349609
v 0.037121143192052841 4.6060295104980469 48.250209808349609
v 0.037121143192052841 3.463172435760498 48.250209808349609
v 0.037121143192052841 2.3203151226043701 48.250209808349609
v 0 25.177457809448242 48.061149597167969
v 0 24.034601211547852 48.061149597167969
v 0 22.891744613647461 48.061149597167969
v 0 21.748886108398438 48.061149597167969
v 0 20.606029510498047 48.061149597167969
v 0 19.463172912597656 48.061149597167969
v 0 18.320314407348633 48.061149597167969
v 0 17.177457809448242 48.061149597167969
v 0 16.034601211547852 48.061149597167969
v 0 14.891743659973145 48.061149597167969
v 0 13.748887062072754 48.061149597167969
v 0 12.606029510498047 48.061149597167969
v 0 11.46317195892334 48.061149597167969
v 0 10.320315361022949 48.061149597167969
v 0 9.1774578094482422 48.061149597167969
v 0 8.0346012115478516 48.061149597167969
v 0 6.8917436599731445 48.061149597167969
v 0 5.7488865852355957 48.061149597167969
v 0 4.6060295104980469 48.061149597167969
v 0 3.463172435760498 48.061149597167969
v 0 2.3203151226043701 48.061149597167969
v 0 1.1774580478668213 48.061149597167969
v 0.038060232996940613 1.1774580478668213 48.252490997314453
v 0.14644661545753479 1.1774580478668213 48.414703369140625
v 0.30865827202796936 1.1774580478668213 48.523090362548828
v 0.037121143192052841 1.7488865852355957 48.250209808349609
v 0.0093680461868643761 2.3203151226043701 48.157485961914062
v 0.0093680461868643761 1.7488865852355957 48.157485961914062
v 0.1429726630449295 1.7488865852355957 48.411197662353516
v 0.082219325006008148 2.3203151226043701 48.335849761962891
v 0.082219325006008148 1.7488865852355957 48.335849761962891
v 0.30286222696304321 1.7488865852355957 48.520648956298828
v 0.21756480634212494 2.3203151226043701 48.473739624023438
v 0.21756480634212494 1.7488865852355957 48.473739624023438
v 0.39937213063240051 2.3203151226043701 48.550918579101562
v 0.39937213063240051 1.7488865852355957 48.550918579101562
v 0.30865827202796936 25.177457809448242 48.523090362548828
v 0.14644661545753479 25.177457809448242 48.414703369140625
v 0.038060232996940613 25.177457809448242 48.252490997314453
v 0.30286222696304321 24.606029510498047 48.520648956298828
v 0.39937213063240051 24.034601211547852 48.550918579101562
v 0.39937213063240051 24.606029510498047 48.550918579101562
v 0.1429726630449295 24.606029510498047 48.411197662353516
v 0.21756480634212494 24.034601211547852 48.473739624023438
v 0.21756480634212494 24.606029510498047 48.473739624023438
v 0.037121143192052841 24.606029510498047 48.250209808349609
v 0.082219325006008148 24.034601211547852 48.335849761962891
v 0.082219325006008148 24.606029510498047 48.335849761962891
v 0.0093680461868643761 24.034601211547852 48.157485961914062
v 0.0093680461868643761 24.606029510498047 48.157485961914062
v 0.5 -1.8225419521331787 45.561149597167969
v 0.5 -1.8225419521331787 44.400657653808594
v 0.5 -1.8225419521331787 43.240161895751953
v 0.5 -1.8225419521331787 42.079669952392578
v 0.5 -1.8225419521331787 40.919174194335938
v 0.5 -1.8225419521331787 39.758682250976562
v 0.5 -1.8225419521331787 38.598186492919922
v 0.5 -1.8225419521331787 37.437694549560547
v 0.5 -1.8225419521331787 36.277198791503906
v 0.5 -1.8225419521331787 35.116706848144531
v 0.5 -1.8225419521331787 33.956211090087891
v 0.5 -1.8225419521331787 32.795719146728516
v 0.5 -1.8225419521331787 31.635225296020508
v 0.5 -1.8225419521331787 30.4747314453125
v 0.5 -1.8225419521331787 29.314237594604492
v 0.5 -1.8225419521331787 28.153743743896484
v 0.5 -1.8225419521331787 26.993249893188477
v 0.5 -1.8225419521331787 25.832756042480469
v 0.5 -1.8225419521331787 24.672262191772461
v 0.5 -1.8225419521331787 23.511768341064453
v 0.5 -1.8225419521331787 22.351274490356445
v 0.5 -1.8225419521331787 21.190780639648438
v 0.5 -1.8225419521331787 20.03028678894043
v 0.5 -1.8225419521331787 18.869792938232422
v 0.5 -1.8225419521331787 17.709299087524414
v 0.5 -1.8225419521331787 16.548805236816406
v 0.5 -1.8225419521331787 15.388311386108398
v 0.5 -1.8225419521331787 14.227817535400391
v 0.5 -1.8225419521331787 13.067323684692383
v 0.5 -1.8225419521331787 11.906829833984375
v 0.5 -1.8225419521331787 10.746335983276367
v 0.5 -1.8225419521331787 9.5858421325683594
v 0.5 -1.8225419521331787 8.4253482818603516
v 0.5 -1.8225419521331787 7.264854907989502
v 0.5 -1.8225419521331787 6.1043610572814941
v 0.5 -1.8225419521331787 4.9438672065734863
v 0.5 -1.8225419521331787 3.7833733558654785
v 0.5 -1.8225419521331787 2.6228795051574707
v 0.5 -1.8225419521331787 1.4623856544494629
v 0.5 -1.8225419521331787 0.30189183354377747
v 0.5 -1.8225419521331787 -0.85860198736190796
v 0.5 -1.8225419521331787 -2.0190958976745605
v 0.5 -1.8225419521331787 -3.1795897483825684
v 0.5 -1.8225419521331787 -4.3400835990905762
v 0.5 -1.8225419521331787 -5.500577449798584
v 0.5 -1.8225419521331787 -6.6610713005065918
v 0.5 -1.8225419521331787 -7.8215651512145996
v 0.5 -1.8225419521331787 -8.9820585250854492
v 0.5 -1.8225419521331787 -10.142552375793457
v 0.5 -1.8225419521331787 -11.303046226501465
v 0.5 -1.8225419521331787 -12.463540077209473
v 0.5 -1.8225419521331787 -13.62403392791748
v 0.5 -1.8225419521331787 -14.784527778625488
v 0.5 -1.8225419521331787 -15.945021629333496
v 0.5 -1.8225419521331787 -17.10551643371582
v 0.5 -1.8225419521331787 -18.266010284423828
v 0.5 -1.8225419521331787 -19.426504135131836
v 0.5 -1.8225419521331787 -20.586997985839844
v 0.5 -1.8225419521331787 -21.747491836547852
v 0.5 -1.8225419521331787 -22.907983779907227
v 0.5 -1.8225419521331787 -24.068477630615234
v 0.5 -1.8225419521331787 -25.228971481323242
v 0.5 -1.8225419521331787 -26.38946533203125
v 0.5 -1.8225419521331787 -27.549959182739258
v 0.5 -1.8225419521331787 -28.710453033447266
v 0.5 -1.8225419521331787 -29.870946884155273
v 0.5 -1.8225419521331787 -31.031440734863281
v 0.5 -1.8225419521331787 -32.191936492919922
v 0.5 -1.8225419521331787 -33.352428436279297
v 0.5 -1.8225419521331787 -34.512924194335938
v 0.5 -1.8225419521331787 -35.673416137695312
v 0.5 -1.8225419521331787 -36.833911895751953
v 0.5 -1.8225419521331787 -37.994403839111328
v 0.5 -1.8225419521331787 -39.154899597167969
v 0.5 -1.8225419521331787 -40.315391540527344
v 0.5 -1.8225419521331787 -41.475887298583984
v 0.5 -1.8225419521331787 -42.636379241943359
v 0.5 -1.8225419521331787 -43.796875
v 0.5 -1.8225419521331787 -44.957366943359375
v 0.5 -1.8225419521331787 -46.117862701416016
v 0.5 -1.8225419521331787 -47.278354644775391
v 0.5 -1.8225419521331787 -48.438850402832031
v 0.30286222696304321 -1.7820380926132202 44.400657653808594
v 0.30286222696304321 -1.7820380926132202 43.240161895751953
v 0.30286222696304321 -1.7820380926132202 42.079669952392578
v 0.30286222696304321 -1.7820380926132202 40.919174194335938
v 0.30286222696304321 -1.7820380926132202 39.758682250976562
v 0.30286222696304321 -1.7820380926132202 38.598186492919922
v 0.30286222696304321 -1.7820380926132202 37.437694549560547
v 0.30286222696304321 -1.7820380926132202 36.277198791503906
v 0.30286222696304321 -1.7820380926132202 35.116706848144531
v 0.30286222696304321 -1.7820380926132202 33.956211090087891
v 0.30286222696304321 -1.7820380926132202 32.795719146728516
v 0.30286222696304321 -1.7820380926132202 31.635225296020508
v 0.30286222696304321 -1.7820380926132202 30.4747314453125
v 0.30286222696304321 -1.7820380926132202 29.314237594604492
v 0.30286222696304321 -1.7820380926132202 28.153743743896484
v 0.30286222696304321 -1.7820380926132202 26.993249893188477
v 0.30286222696304321 -1.7820380926132202 25.832756042480469
v 0.30286222696304321 -1.7820380926132202 24.672262191772461
v 0.30286222696304321 -1.7820380926132202 23.511768341064453
v 0.30286222696304321 -1.7820380926132202 22.351274490356445
v 0.30286222696304321 -1.7820380926132202 21.190780639648438
v 0.30286222696304321 -1.7820380926132202 20.03028678894043
v 0.30286222696304321 -1.7820380926132202 18.869792938232422
v 0.30286222696304321 -1.7820380926132202 17.709299087524414
v 0.30286222696304321 -1.7820380926132202 16.548805236816406
v 0.30286222696304321 -1.7820380926132202 15.388311386108398
v 0.30286222696304321 -1.7820380926132202 14.227817535400391
v 0.30286222696304321 -1.7820380926132202 13.067323684692383
v 0.30286222696304321 -1.7820380926132202 11.906829833984375
v 0.30286222696304321 -1.7820380926132202 10.746335983276367
v 0.30286222696304321 -1.7820380926132202 9.5858421325683594
v 0.30286222696304321 -1.7820380926132202 8.4253482818603516
v 0.30286222696304321 -1.7820380926132202 7.264854907989502
v 0.30286222696304321 -1.7820380926132202 6.1043610572814941
v 0.30286222696304321 -1.7820380926132202 4.9438672065734863
v 0.30286222696304321 -1.7820380926132202 3.7833733558654785
v 0.30286222696304321 -1.7820380926132202 2.6228795051574707
v 0.30286222696304321 -1.7820380926132202 1.4623856544494629
v 0.30286222696304321 -1.7820380926132202 0.30189183354377747
v 0.30286222696304321 -1.7820380926132202 -0.85860198736190796
v 0.30286222696304321 -1.7820380926132202 -2.0190958976745605
v 0.30286222696304321 -1.7820380926132202 -3.1795897483825684
v 0.30286222696304321 -1.7820380926132202 -4.3400835990905762
v 0.30286222696304321 -1.7820380926132202 -5.500577449798584
v 0.30286222696304321 -1.7820380926132202 -6.6610713005065918
v 0.30286222696304321 -1.7820380926132202 -7.8215651512145996
v 0.30286222696304321 -1.7820380926132202 -8.9820585250854492
v 0.30286222696304321 -1.7820380926132202 -10.142552375793457
v 0.30286222696304321 -1.7820380926132202 -11.303046226501465
v 0.30286222696304321 -1.7820380926132202 -12.463540077209473
v 0.30286222696304321 -1.7820380926132202 -13.62403392791748
v 0.30286222696304321 -1.7820380926132202 -14.784527778625488
v 0.30286222696304321 -1.7820380926132202 -15.945021629333496
v 0.30286222696304321 -1.7820380926132202 -17.10551643371582
v 0.30286222696304321 -1.7820380926132202 -18.266010284423828
v 0.30286222696304321 -1.7820380926132202 -19.426504135131836
v 0.30286222696304321 -1.7820380926132202 -20.586997985839844
v 0.30286222696304321 -1.7820380926132202 -21.747491836547852
v 0.30286222696304321 -1.7820380926132202 -22.907983779907227
v 0.30286222696304321 -1.7820380926132202 -24.068477630615234
v 0.30286222696304321 -1.7820380926132202 -25.228971481323242
v 0.30286222696304321 -1.7820380926132202 -26.38946533203125
v 0.30286222696304321 -1.7820380926132202 -27.549959182739258
v 0.30286222696304321 -1.7820380926132202 -28.710453033447266
v 0.30286222696304321 -1.7820380926132202 -29.870946884155273
v 0.30286222696304321 -1.7820380926132202 -31.031440734863281
v 0.30286222696304321 -1.7820380926132202 -32.191936492919922
v 0.30286222696304321 -1.7820380926132202 -33.352428436279297
v 0.30286222696304321 -1.7820380926132202 -34.512924194335938
v 0.30286222696304321 -1.7820380926132202 -35.673416137695312
v 0.30286222696304321 -1.7820380926132202 -36.833911895751953
v 0.30286222696304321 -1.7820380926132202 -37.994403839111328
v 0.30286222696304321 -1.7820380926132202 -39.154899597167969
v 0.30286222696304321 -1.7820380926132202 -40.315391540527344
v 0.30286222696304321 -1.7820380926132202 -41.475887298583984
v 0.30286222696304321 -1.7820380926132202 -42.636379241943359
v 0.30286222696304321 -1.7820380926132202 -43.796875
v 0.30286222696304321 -1.7820380926132202 -44.957366943359375
v 0.30286222696304321 -1.7820380926132202 -46.117862701416016
v 0.30286222696304321 -1.7820380926132202 -47.278354644775391
v 0.1429726630449295 -1.6725869178771973 44.400657653808594
v 0.1429726630449295 -1.6725869178771973 43.240161895751953
v 0.1429726630449295 -1.6725869178771973 42.079669952392578
v 0.1429726630449295 -1.6725869178771973 40.919174194335938
v 0.1429726630449295 -1.6725869178771973 39.758682250976562
v 0.1429726630449295 -1.6725869178771973 38.598186492919922
v 0.1429726630449295 -1.6725869178771973 37.437694549560547
v 0.1429726630449295 -1.6725869178771973 36.277198791503906
v 0.1429726630449295 -1.6725869178771973 35.116706848144531
v 0.1429726630449295 -1.6725869178771973 33.956211090087891
v 0.1429726630449295 -1.6725869178771973 32.795719146728516
v 0.1429726630449295 -1.6725869178771973 31.635225296020508
v 0.1429726630449295 -1.6725869178771973 30.4747314453125
v 0.1429726630449295 -1.6725869178771973 29.314237594604492
v 0.1429726630449295 -1.6725869178771973 28.153743743896484
v 0.1429726630449295 -1.6725869178771973 26.993249893188477
v 0.1429726630449295 -1.6725869178771973 25.832756042480469
v 0.1429726630449295 -1.6725869178771973 24.672262191772461
v 0.1429726630449295 -1.6725869178771973 23.511768341064453
v 0.1429726630449295 -1.6725869178771973 22.351274490356445
v 0.1429726630449295 -1.6725869178771973 21.190780639648438
v 0.1429726630449295 -1.6725869178771973 20.03028678894043
v 0.1429726630449295 -1.6725869178771973 18.869792938232422
v 0.1429726630449295 -1.6725869178771973 17.709299087524414
v 0.1429726630449295 -1.6725869178771973 16.548805236816406
v 0.1429726630449295 -1.6725869178771973 15.388311386108398
v 0.1429726630449295 -1.6725869178771973 14.227817535400391
v 0.1429726630449295 -1.6725869178771973 13.067323684692383
v 0.1429726630449295 -1.6725869178771973 11.906829833984375
v 0.1429726630449295 -1.6725869178771973 10.746335983276367
v 0.1429726630449295 -1.6725869178771973 9.5858421325683594
v 0.1429726630449295 -1.6725869178771973 8.4253482818603516
v 0.1429726630449295 -1.6725869178771973 7.264854907989502
v 0.1429726630449295 -1.6725869178771973 6.1043610572814941
v 0.1429726630449295 -1.6725869178771973 4.9438672065734863
v 0.1429726630449295 -1.6725869178771973 3.7833733558654785
v 0.1429726630449295 -1.6725869178771973 2.6228795051574707
v 0.1429726630449295 -1.6725869178771973 1.4623856544494629
v 0.1429726630449295 -1.6725869178771973 0.30189183354377747
v 0.1429726630449295 -1.6725869178771973 -0.85860198736190796
v 0.1429726630449295 -1.6725869178771973 -2.0190958976745605
v 0.1429726630449295 -1.6725869178771973 -3.1795897483825684
v 0.1429726630449295 -1.6725869178771973 -4.3400835990905762
v 0.1429726630449295 -1.6725869178771973 -5.500577449798584
v 0.1429726630449295 -1.6725869178771973 -6.6610713005065918
v 0.1429726630449295 -1.6725869178771973 -7.8215651512145996
v 0.1429726630449295 -1.6725869178771973 -8.9820585250854492
v 0.1429726630449295 -1.6725869178771973 -10.142552375793457
v 0.1429726630449295 -1.6725869178771973 -11.303046226501465
v 0.1429726630449295 -1.6725869178771973 -12.463540077209473
v 0.1429726630449295 -1.6725869178771973 -13.62403392791748
v 0.1429726630449295 -1.6725869178771973 -14.784527778625488
v 0.1429726630449295 -1.6725869178771973 -15.945021629333496
v 0.1429726630449295 -1.6725869178771973 -17.10551643371582
v 0.1429726630449295 -1.6725869178771973 -18.266010284423828
v 0.1429726630449295 -1.6725869178771973 -19.426504135131836
v 0.1429726630449295 -1.6725869178771973 -20.586997985839844
v 0.1429726630449295 -1.6725869178771973 -21.747491836547852
v 0.1429726630449295 -1.6725869178771973 -22.907983779907227
v 0.1429726630449295 -1.6725869178771973 -24.068477630615234
v 0.1429726630449295 -1.6725869178771973 -25.228971481323242
v 0.1429726630449295 -1.6725869178771973 -26.38946533203125
v 0.1429726630449295 -1.6725869178771973 -27.549959182739258
v 0.1429726630449295 -1.6725869178771973 -28.710453033447266
v 0.1429726630449295 -1.6725869178771973 -29.870946884155273
v 0.1429726630449295 -1.6725869178771973 -31.031440734863281
v 0.1429726630449295 -1.6725869178771973 -32.191936492919922
v 0.1429726630449295 -1.6725869178771973 -33.352428436279297
v 0.1429726630449295 -1.6725869178771973 -34.512924194335938
v 0.1429726630449295 -1.6725869178771973 -35.673416137695312
v 0.1429726630449295 -1.6725869178771973 -36.833911895751953
v 0.1429726630449295 -1.6725869178771973 -37.994403839111328
v 0.1429726630449295 -1.6725869178771973 -39.154899597167969
v 0.1429726630449295 -1.6725869178771973 -40.315391540527344
v 0.1429726630449295 -1.6725869178771973 -41.475887298583984
v 0.1429726630449295 -1.6725869178771973 -42.636379241943359
v 0.1429726630449295 -1.6725869178771973 -43.796875
v 0.1429726630449295 -1.6725869178771973 -44.957366943359375
v 0.1429726630449295 -1.6725869178771973 -46.117862701416016
v 0.1429726630449295 -1.6725869178771973 -47.278354644775391
v 0.037121143192052841 -1.5116006135940552 44.400657653808594
v 0.037121143192052841 -1.5116006135940552 43.240161895751953
v 0.037121143192052841 -1.5116006135940552 42.079669952392578
v 0.037121143192052841 -1.5116006135940552 40.919174194335938
v 0.037121143192052841 -1.5116006135940552 39.758682250976562
v 0.037121143192052841 -1.5116006135940552 38.598186492919922
v 0.037121143192052841 -1.5116006135940552 37.437694549560547
v 0.037121143192052841 -1.5116006135940552 36.277198791503906
v 0.037121143192052841 -1.5116006135940552 35.116706848144531
v 0.037121143192052841 -1.5116006135940552 33.956211090087891
v 0.037121143192052841 -1.5116006135940552 32.795719146728516
v 0.037121143192052841 -1.5116006135940552 31.635225296020508
v 0.037121143192052841 -1.5116006135940552 30.4747314453125
v 0.037121143192052841 -1.5116006135940552 29.314237594604492
v 0.037121143192052841 -1.5116006135940552 28.153743743896484
v 0.037121143192052841 -1.5116006135940552 26.993249893188477
v 0.037121143192052841 -1.5116006135940552 25.832756042480469
v 0.037121143192052841 -1.5116006135940552 24.672262191772461
v 0.037121143192052841 -1.5116006135940552 23.511768341064453
v 0.037121143192052841 -1.5116006135940552 22.351274490356445
v 0.037121143192052841 -1.5116006135940552 21.190780639648438
v 0.037121143192052841 -1.5116006135940552 20.03028678894043
v 0.037121143192052841 -1.5116006135940552 18.869792938232422
v 0.037121143192052841 -1.5116006135940552 17.709299087524414
v 0.037121143192052841 -1.5116006135940552 16.548805236816406
v 0.037121143192052841 -1.5116006135940552 15.388311386108398
v 0.037121143192052841 -1.5116006135940552 14.227817535400391
v 0.037121143192052841 -1.5116006135940552 13.067323684692383
v 0.037121143192052841 -1.5116006135940552 11.906829833984375
v 0.037121143192052841 -1.5116006135940552 10.746335983276367
v 0.037121143192052841 -1.5116006135940552 9.5858421325683594
v 0.037121143192052841 -1.5116006135940552 8.4253482818603516
v 0.037121143192052841 -1.5116006135940552 7.264854907989502
v 0.037121143192052841 -1.5116006135940552 6.1043610572814941
v 0.037121143192052841 -1.5116006135940552 4.9438672065734863
v 0.037121143192052841 -1.5116006135940552 3.7833733558654785
v 0.037121143192052841 -1.5116006135940552 2.6228795051574707
v 0.037121143192052841 -1.5116006135940552 1.4623856544494629
v 0.037121143192052841 -1.5116006135940552 0.30189183354377747
v 0.037121143192052841 -1.5116006135940552 -0.85860198736190796
v 0.037121143192052841 -1.5116006135940552 -2.0190958976745605
v 0.037121143192052841 -1.5116006135940552 -3.1795897483825684
v 0.037121143192052841 -1.5116006135940552 -4.3400835990905762
v 0.037121143192052841 -1.5116006135940552 -5.500577449798584
v 0.037121143192052841 -1.5116006135940552 -6.6610713005065918
v 0.037121143192052841 -1.5116006135940552 -7.8215651512145996
v 0.037121143192052841 -1.5116006135940552 -8.9820585250854492
v 0.037121143192052841 -1.5116006135940552 -10.142552375793457
v 0.037121143192052841 -1.5116006135940552 -11.303046226501465
v 0.037121143192052841 -1.5116006135940552 -12.463540077209473
v 0.037121143192052841 -1.5116006135940552 -13.62403392791748
v 0.037121143192052841 -1.5116006135940552 -14.784527778625488
v 0.037121143192052841 -1.5116006135940552 -15.945021629333496
v 0.037121143192052841 -1.5116006135940552 -17.10551643371582
v 0.037121143192052841 -1.5116006135940552 -18.266010284423828
v 0.037121143192052841 -1.5116006135940552 -19.426504135131836
v 0.037121143192052841 -1.5116006135940552 -20.586997985839844
v 0.037121143192052841 -1.5116006135940552 -21.747491836547852
v 0.037121143192052841 -1.5116006135940552 -22.907983779907227
v 0.037121143192052841 -1.5116006135940552 -24.068477630615234
v 0.037121143192052841 -1.5116006135940552 -25.228971481323242
v 0.037121143192052841 -1.5116006135940552 -26.38946533203125
v 0.037121143192052841 -1.5116006135940552 -27.549959182739258
v 0.037121143192052841 -1.5116006135940552 -28.710453033447266
v 0.037121143192052841 -1.5116006135940552 -29.870946884155273
v 0.037121143192052841 -1.5116006135940552 -31.031440734863281
v 0.037121143192052841 -1.5116006135940552 -32.191936492919922
v 0.037121143192052841 -1.5116006135940552 -33.352428436279297
v 0.037121143192052841 -1.5116006135940552 -34.512924194335938
v 0.037121143192052841 -1.5116006135940552 -35.673416137695312
v 0.037121143192052841 -1.5116006135940552 -36.833911895751953
v 0.037121143192052841 -1.5116006135940552 -37.994403839111328
v 0.037121143192052841 -1.5116006135940552 -39.154899597167969
v 0.037121143192052841 -1.5116006135940552 -40.315391540527344
v 0.037121143192052841 -1.5116006135940552 -41.475887298583984
v 0.037121143192052841 -1.5116006135940552 -42.636379241943359
v 0.037121143192052841 -1.5116006135940552 -43.796875
v 0.037121143192052841 -1.5116006135940552 -44.957366943359375
v 0.037121143192052841 -1.5116006135940552 -46.117862701416016
v 0.037121143192052841 -1.5116006135940552 -47.278354644775391
v 0 -1.3225419521331787 45.561149597167969
v 0 -1.3225419521331787 44.400657653808594
v 0 -1.3225419521331787 43.240161895751953
v 0 -1.3225419521331787 42.079669952392578
v 0 -1.3225419521331787 40.919174194335938
v 0 -1.3225419521331787 39.758682250976562
v 0 -1.3225419521331787 38.598186492919922
v 0 -1.3225419521331787 37.437694549560547
v 0 -1.3225419521331787 36.277198791503906
v 0 -1.3225419521331787 35.116706848144531
v 0 -1.3225419521331787 33.956211090087891
v 0 -1.3225419521331787 32.795719146728516
v 0 -1.3225419521331787 31.635225296020508
v 0 -1.3225419521331787 30.4747314453125
v 0 -1.3225419521331787 29.314237594604492
v 0 -1.3225419521331787 28.153743743896484
v 0 -1.3225419521331787 26.993249893188477
v 0 -1.3225419521331787 25.832756042480469
v 0 -1.3225419521331787 24.672262191772461
v 0 -1.3225419521331787 23.511768341064453
v 0 -1.3225419521331787 22.351274490356445
v 0 -1.3225419521331787 21.190780639648438
v 0 -1.3225419521331787 20.03028678894043
v 0 -1.3225419521331787 18.869792938232422
v 0 -1.3225419521331787 17.709299087524414
v 0 -1.3225419521331787 16.548805236816406
v 0 -1.3225419521331787 15.388311386108398
v 0 -1.3225419521331787 14.227817535400391
v 0 -1.3225419521331787 13.067323684692383
v 0 -1.3225419521331787 11.906829833984375
v 0 -1.3225419521331787 10.746335983276367
v 0 -1.3225419521331787 9.5858421325683594
v 0 -1.3225419521331787 8.4253482818603516
v 0 -1.3225419521331787 7.264854907989502
v 0 -1.3225419521331787 6.1043610572814941
v 0 -1.3225419521331787 4.9438672065734863
v 0 -1.3225419521331787 3.7833733558654785
v 0 -1.3225419521331787 2.6228795051574707
v 0 -1.3225419521331787 1.4623856544494629
v 0 -1.3225419521331787 0.30189183354377747
v 0 -1.3225419521331787 -0.85860198736190796
v 0 -1.3225419521331787 -2.0190958976745605
v 0 -1.3225419521331787 -3.1795897483825684
v 0 -1.3225419521331787 -4.3400835990905762
v 0 -1.3225419521331787 -5.500577449798584
v 0 -1.3225419521331787 -6.6610713005065918
v 0 -1.3225419521331787 -7.8215651512145996
v 0 -1.3225419521331787 -8.9820585250854492
v 0 -1.3225419521331787 -10.142552375793457
v 0 -1.3225419521331787 -11.303046226501465
v 0 -1.3225419521331787 -12.463540077209473
v 0 -1.3225419521331787 -13.62403392791748
v 0 -1.3225419521331787 -14.784527778625488
v 0 -1.3225419521331787 -15.945021629333496
v 0 -1.3225419521331787 -17.10551643371582
v 0 -1.3225419521331787 -18.266010284423828
v 0 -1.3225419521331787 -19.426504135131836
v 0 -1.3225419521331787 -20.586997985839844
v 0 -1.3225419521331787 -21.747491836547852
v 0 -1.3225419521331787 -22.907983779907227
v 0 -1.3225419521331787 -24.068477630615234
v 0 -1.3225419521331787 -25.228971481323242
v 0 -1.3225419521331787 -26.38946533203125
v 0 -1.3225419521331787 -27.549959182739258
v 0 -1.3225419521331787 -28.710453033447266
v 0 -1.3225419521331787 -29.870946884155273
v 0 -1.3225419521331787 -31.031440734863281
v 0 -1.3225419521331787 -32.191936492919922
v 0 -1.3225419521331787 -33.352428436279297
v 0 -1.3225419521331787 -34.512924194335938
v 0 -1.3225419521331787 -35.673416137695312
v 0 -1.3225419521331787 -36.833911895751953
v 0 -1.3225419521331787 -37.994403839111328
v 0 -1.3225419521331787 -39.154899597167969
v 0 -1.3225419521331787 -40.315391540527344
v 0 -1.3225419521331787 -41.475887298583984
v 0 -1.3225419521331787 -42.636379241943359
v 0 -1.3225419521331787 -43.796875
v 0 -1.3225419521331787 -44.957366943359375
v 0 -1.3225419521331787 -46.117862701416016
v 0 -1.3225419521331787 -47.278354644775391
v 0 -1.3225419521331787 -48.438850402832031
v 0.30865827202796936 -1.7844817638397217 45.561149597167969
v 0.14644661545753479 -1.6760953664779663 45.561149597167969
v 0.038060232996940613 -1.5138837099075317 45.561149597167969
v 0.30286222696304321 -1.7820380926132202 44.980903625488281
v 0.39937213063240051 -1.8123112916946411 44.400657653808594
v 0.39937213063240051 -1.8123112916946411 44.980903625488281
v 0.1429726630449295 -1.6725869178771973 44.980903625488281
v 0.21756480634212494 -1.7351317405700684 44.400657653808594
v 0.21756480634212494 -1.7351317405700684 44.980903625488281
v 0.037121143192052841 -1.5116006135940552 44.980903625488281
v 0.082219325006008148 -1.5972405672073364 44.400657653808594
v 0.082219325006008148 -1.5972405672073364 44.980903625488281
v 0.0093680461868643761 -1.4188761711120605 44.400657653808594
v 0.0093680461868643761 -1.4188761711120605 44.980903625488281
v 0.038060232996940613 -1.5138837099075317 -48.438850402832031
v 0.14644661545753479 -1.6760953664779663 -48.438850402832031
v 0.30865827202796936 -1.7844817638397217 -48.438850402832031
v 0.037121143192052841 -1.5116006135940552 -47.858600616455078
v 0.0093680461868643761 -1.4188761711120605 -47.278354644775391
v 0.0093680461868643761 -1.4188761711120605 -47.858600616455078
v 0.1429726630449295 -1.6725869178771973 -47.858600616455078
v 0.082219325006008148 -1.5972405672073364 -47.278354644775391
v 0.082219325006008148 -1.5972405672073364 -47.858600616455078
v 0.30286222696304321 -1.7820380926132202 -47.858600616455078
v 0.21756480634212494 -1.7351317405700684 -47.278354644775391
v 0.21756480634212494 -1.7351317405700684 -47.858600616455078
v 0.39937213063240051 -1.8123112916946411 -47.278354644775391
v 0.39937213063240051 -1.8123112916946411 -47.858600616455078
v 0 27.677457809448242 45.561149597167969
v 0.5 28.177457809448242 45.561149597167969
v 0.040503870695829391 27.656106948852539 46.624565124511719
v 0.14995503425598145 27.803043365478516 46.687606811523438
v 0.31094136834144592 27.900320053100586 46.729343414306641
v 0 26.927682876586914 47.346286773681641
v 0.040503870695829391 27.065696716308594 47.487056732177734
v 0.14995503425598145 27.177633285522461 47.601222991943359
v 0.31094136834144592 27.251739501953125 47.676807403564453
v 0 26.122751235961914 47.875545501708984
v 0.040503870695829391 26.197292327880859 48.058048248291016
v 0.14995503425598145 26.257749557495117 48.206066131591797
v 0.31094136834144592 26.297773361206055 48.304058074951172
v 0 25.177457809448242 48.061149597167969
v 0.5 25.177457809448242 48.561149597167969
v 0.5 25.953914642333984 48.458927154541016
v 0.5 26.677457809448242 48.159225463867188
v 0.5 27.298778533935547 47.682472229003906
v 0.5 27.775533676147461 47.061149597167969
v 0.5 28.075235366821289 46.337608337402344
v 0.038060232996940613 25.177457809448242 48.252490997314453
v 0.14644661545753479 25.177457809448242 48.414703369140625
v 0.30865827202796936 25.177457809448242 48.523090362548828
v 0.040503870695829391 25.697111129760742 48.207756042480469
v 0.010230633430182934 26.160800933837891 47.968704223632812
v 0.010230633430182934 25.678516387939453 48.113052368164062
v 0.14995503425598145 25.727916717529297 48.364650726318359
v 0.087410174310207367 26.229545593261719 48.137012481689453
v 0.087410174310207367 25.713544845581055 48.291454315185547
v 0.31094136834144592 25.748311996459961 48.468517303466797
v 0.22530142962932587 26.280721664428711 48.262310028076172
v 0.22530142962932587 25.739622116088867 48.424263000488281
v 0.40366575121879578 26.308267593383789 48.329750061035156
v 0.40366575121879578 25.753658294677734 48.495750427246094
v 0.30865827202796936 28.139398574829102 45.561149597167969
v 0.14644661545753479 28.031011581420898 45.561149597167969
v 0.038060232996940613 27.868799209594727 45.561149597167969
v 0.40366575121879578 27.925825119018555 46.740283966064453
v 0.31094136834144592 28.0797119140625 46.157447814941406
v 0.40366575121879578 28.106897354125977 46.163032531738281
v 0.22530142962932587 27.858875274658203 46.711559295654297
v 0.14995503425598145 27.97602653503418 46.136142730712891
v 0.22530142962932587 28.035537719726562 46.148372650146484
v 0.087410174310207367 27.734495162963867 46.658195495605469
v 0.040503870695829391 27.819408416748047 46.103965759277344
v 0.087410174310207367 27.902961730957031 46.121131896972656
v 0.010230633430182934 27.567415237426758 46.586513519287109
v 0.010230633430182934 27.724874496459961 46.084541320800781
v 0 -1.3225419521331787 -48.438850402832031
v 0.5 -1.8225419521331787 -48.438850402832031
v 0.040503870695829391 -1.3011907339096069 -49.502265930175781
v 0.14995503425598145 -1.4481279850006104 -49.565303802490234
v 0.31094136834144592 -1.5454046726226807 -49.607040405273438
v 0 -0.57276678085327148 -50.223983764648438
v 0.040503870695829391 -0.71078097820281982 -50.364753723144531
v 0.14995503425598145 -0.82271802425384521 -50.478923797607422
v 0.31094136834144592 -0.89682358503341675 -50.554508209228516
v 0 0.2321649044752121 -50.753242492675781
v 0.040503870695829391 0.15762370824813843 -50.935745239257812
v 0.14995503425598145 0.097166702151298523 -51.083763122558594
v 0.31094136834144592 0.05714242160320282 -51.181755065917969
v 0 1.1774580478668213 -50.938850402832031
v 0.5 1.1774580478668213 -51.438850402832031
v 0.5 0.40100088715553284 -51.336627960205078
v 0.5 -0.32254195213317871 -51.03692626953125
v 0.5 -0.94386231899261475 -50.560169219970703
v 0.5 -1.4206181764602661 -49.938850402832031
v 0.5 -1.720319390296936 -49.215305328369141
v 0.30865827202796936 -1.7844817638397217 -48.438850402832031
v 0.14644661545753479 -1.6760953664779663 -48.438850402832031
v 0.038060232996940613 -1.5138837099075317 -48.438850402832031
v 0.40366575121879578 -1.5709096193313599 -49.61798095703125
v 0.31094136834144592 -1.7247965335845947 -49.035144805908203
v 0.40366575121879578 -1.7519818544387817 -49.040729522705078
v 0.22530142962932587 -1.5039597749710083 -49.589260101318359
v 0.14995503425598145 -1.6211109161376953 -49.013843536376953
v 0.22530142962932587 -1.6806211471557617 -49.026069641113281
v 0.087410174310207367 -1.3795783519744873 -49.535896301269531
v 0.040503870695829391 -1.4644929170608521 -48.981662750244141
v 0.087410174310207367 -1.5480450391769409 -48.998828887939453
v 0.010230633430182934 -1.2124989032745361 -49.464214324951172
v 0.010230633430182934 -1.3699576854705811 -48.962238311767578
v 0.038060232996940613 1.1774580478668213 -51.130191802978516
v 0.14644661545753479 1.1774580478668213 -51.292404174804688
v 0.30865827202796936 1.1774580478668213 -51.400787353515625
v 0.040503870695829391 0.65780460834503174 -51.085453033447266
v 0.010230633430182934 0.1941157728433609 -50.846401214599609
v 0.010230633430182934 0.67639899253845215 -50.990749359130859
v 0.14995503425598145 0.6269989013671875 -51.242347717285156
v 0.087410174310207367 0.1253712922334671 -51.01470947265625
v 0.087410174310207367 0.64137047529220581 -51.169151306152344
v 0.31094136834144592 0.60660469532012939 -51.346214294433594
v 0.22530142962932587 0.074194818735122681 -51.140007019042969
v 0.22530142962932587 0.61529368162155151 -51.301959991455078
v 0.40366575121879578 0.046648498624563217 -51.207450866699219
v 0.40366575121879578 0.60125750303268433 -51.373447418212891
v 0.5 28.177457809448242 -48.438850402832031
v 0.5 28.177457809448242 -47.278354644775391
v 0.5 28.177457809448242 -46.117862701416016
v 0.5 28.177457809448242 -44.957366943359375
v 0.5 28.177457809448242 -43.796875
v 0.5 28.177457809448242 -42.636379241943359
v 0.5 28.177457809448242 -41.475887298583984
v 0.5 28.177457809448242 -40.315391540527344
v 0.5 28.177457809448242 -39.154899597167969
v 0.5 28.177457809448242 -37.994403839111328
v 0.5 28.177457809448242 -36.833911895751953
v 0.5 28.177457809448242 -35.673416137695312
v 0.5 28.177457809448242 -34.512924194335938
v 0.5 28.177457809448242 -33.352428436279297
v 0.5 28.177457809448242 -32.191936492919922
v 0.5 28.177457809448242 -31.031440734863281
v 0.5 28.177457809448242 -29.870946884155273
v 0.5 28.177457809448242 -28.710453033447266
v 0.5 28.177457809448242 -27.549959182739258
v 0.5 28.177457809448242 -26.38946533203125
v 0.5 28.177457809448242 -25.228971481323242
v 0.5 28.177457809448242 -24.068477630615234
v 0.5 28.177457809448242 -22.907983779907227
v 0.5 28.177457809448242 -21.747491836547852
v 0.5 28.177457809448242 -20.586997985839844
v 0.5 28.177457809448242 -19.426504135131836
v 0.5 28.177457809448242 -18.266010284423828
v 0.5 28.177457809448242 -17.10551643371582
v 0.5 28.177457809448242 -15.945021629333496
v 0.5 28.177457809448242 -14.784527778625488
v 0.5 28.177457809448242 -13.62403392791748
v 0.5 28.177457809448242 -12.463540077209473
v 0.5 28.177457809448242 -11.303046226501465
v 0.5 28.177457809448242 -10.142552375793457
v 0.5 28.177457809448242 -8.9820585250854492
v 0.5 28.177457809448242 -7.8215651512145996
v 0.5 28.177457809448242 -6.6610713005065918
v 0.5 28.177457809448242 -5.500577449798584
v 0.5 28.177457809448242 -4.3400835990905762
v 0.5 28.177457809448242 -3.1795897483825684
v 0.5 28.177457809448242 -2.0190958976745605
v 0.5 28.177457809448242 -0.85860198736190796
v 0.5 28.177457809448242 0.30189183354377747
v 0.5 28.177457809448242 1.4623856544494629
v 0.5 28.177457809448242 2.6228795051574707
v 0.5 28.177457809448242 3.7833733558654785
v 0.5 28.177457809448242 4.9438672065734863
v 0.5 28.177457809448242 6.1043610572814941
v 0.5 28.177457809448242 7.264854907989502
v 0.5 28.177457809448242 8.4253482818603516
v 0.5 28.177457809448242 9.5858421325683594
v 0.5 28.177457809448242 10.746335983276367
v 0.5 28.177457809448242 11.906829833984375
v 0.5 28.177457809448242 13.067323684692383
v 0.5 28.177457809448242 14.227817535400391
v 0.5 28.177457809448242 15.388311386108398
v 0.5 28.177457809448242 16.548805236816406
v 0.5 28.177457809448242 17.709299087524414
v 0.5 28.177457809448242 18.869792938232422
v 0.5 28.177457809448242 20.03028678894043
v 0.5 28.177457809448242 21.190780639648438
v 0.5 28.177457809448242 22.351274490356445
v 0.5 28.177457809448242 23.511768341064453
v 0.5 28.177457809448242 24.672262191772461
v 0.5 28.177457809448242 25.832756042480469
v 0.5 28.177457809448242 26.993249893188477
v 0.5 28.177457809448242 28.153743743896484
v 0.5 28.177457809448242 29.314237594604492
v 0.5 28.177457809448242 30.4747314453125
v 0.5 28.177457809448242 31.635225296020508
v 0.5 28.177457809448242 32.795719146728516
v 0.5 28.177457809448242 33.956211090087891
v 0.5 28.177457809448242 35.116706848144531
v 0.5 28.177457809448242 36.277198791503906
v 0.5 28.177457809448242 37.437694549560547
v 0.5 28.177457809448242 38.598186492919922
v 0.5 28.177457809448242 39.758682250976562
v 0.5 28.177457809448242 40.919174194335938
v 0.5 28.177457809448242 42.079669952392578
v 0.5 28.177457809448242 43.240161895751953
v 0.5 28.177457809448242 44.400657653808594
v 0.5 28.177457809448242 45.561149597167969
v 0.30286222696304321 28.136953353881836 -47.278354644775391
v 0.30286222696304321 28.136953353881836 -46.117862701416016
v 0.30286222696304321 28.136953353881836 -44.957366943359375
v 0.30286222696304321 28.136953353881836 -43.796875
v 0.30286222696304321 28.136953353881836 -42.636379241943359
v 0.30286222696304321 28.136953353881836 -41.475887298583984
v 0.30286222696304321 28.136953353881836 -40.315391540527344
v 0.30286222696304321 28.136953353881836 -39.154899597167969
v 0.30286222696304321 28.136953353881836 -37.994403839111328
v 0.30286222696304321 28.136953353881836 -36.833911895751953
v 0.30286222696304321 28.136953353881836 -35.673416137695312
v 0.30286222696304321 28.136953353881836 -34.512924194335938
v 0.30286222696304321 28.136953353881836 -33.352428436279297
v 0.30286222696304321 28.136953353881836 -32.191936492919922
v 0.30286222696304321 28.136953353881836 -31.031440734863281
v 0.30286222696304321 28.136953353881836 -29.870946884155273
v 0.30286222696304321 28.136953353881836 -28.710453033447266
v 0.30286222696304321 28.136953353881836 -27.549959182739258
v 0.30286222696304321 28.136953353881836 -26.38946533203125
v 0.30286222696304321 28.136953353881836 -25.228971481323242
v 0.30286222696304321 28.136953353881836 -24.068477630615234
v 0.30286222696304321 28.136953353881836 -22.907983779907227
v 0.30286222696304321 28.136953353881836 -21.747491836547852
v 0.30286222696304321 28.136953353881836 -20.586997985839844
v 0.30286222696304321 28.136953353881836 -19.426504135131836
v 0.30286222696304321 28.136953353881836 -18.266010284423828
v 0.30286222696304321 28.136953353881836 -17.10551643371582
v 0.30286222696304321 28.136953353881836 -15.945021629333496
v 0.30286222696304321 28.136953353881836 -14.784527778625488
v 0.30286222696304321 28.136953353881836 -13.62403392791748
v 0.30286222696304321 28.136953353881836 -12.463540077209473
v 0.30286222696304321 28.136953353881836 -11.303046226501465
v 0.30286222696304321 28.136953353881836 -10.142552375793457
v 0.30286222696304321 28.136953353881836 -8.9820585250854492
v 0.30286222696304321 28.136953353881836 -7.8215651512145996
v 0.30286222696304321 28.136953353881836 -6.6610713005065918
v 0.30286222696304321 28.136953353881836 -5.500577449798584
v 0.30286222696304321 28.136953353881836 -4.3400835990905762
v 0.30286222696304321 28.136953353881836 -3.1795897483825684
v 0.30286222696304321 28.136953353881836 -2.0190958976745605
v 0.30286222696304321 28.136953353881836 -0.85860198736190796
v 0.30286222696304321 28.136953353881836 0.30189183354377747
v 0.30286222696304321 28.136953353881836 1.4623856544494629
v 0.30286222696304321 28.136953353881836 2.6228795051574707
v 0.30286222696304321 28.136953353881836 3.7833733558654785
v 0.30286222696304321 28.136953353881836 4.9438672065734863
v 0.30286222696304321 28.136953353881836 6.1043610572814941
v 0.30286222696304321 28.136953353881836 7.264854907989502
v 0.30286222696304321 28.136953353881836 8.4253482818603516
v 0.30286222696304321 28.136953353881836 9.5858421325683594
v 0.30286222696304321 28.136953353881836 10.746335983276367
v 0.30286222696304321 28.136953353881836 11.906829833984375
v 0.30286222696304321 28.136953353881836 13.067323684692383
v 0.30286222696304321 28.136953353881836 14.227817535400391
v 0.30286222696304321 28.136953353881836 15.388311386108398
v 0.30286222696304321 28.136953353881836 16.548805236816406
v 0.30286222696304321 28.136953353881836 17.709299087524414
v 0.30286222696304321 28.136953353881836 18.869792938232422
v 0.30286222696304321 28.136953353881836 20.03028678894043
v 0.30286222696304321 28.136953353881836 21.190780639648438
v 0.30286222696304321 28.136953353881836 22.351274490356445
v 0.30286222696304321 28.136953353881836 23.511768341064453
v 0.30286222696304321 28.136953353881836 24.672262191772461
v 0.30286222696304321 28.136953353881836 25.832756042480469
v 0.30286222696304321 28.136953353881836 26.993249893188477
v 0.30286222696304321 28.136953353881836 28.153743743896484
v 0.30286222696304321 28.136953353881836 29.314237594604492
v 0.30286222696304321 28.136953353881836 30.4747314453125
v 0.30286222696304321 28.136953353881836 31.635225296020508
v 0.30286222696304321 28.136953353881836 32.795719146728516
v 0.30286222696304321 28.136953353881836 33.956211090087891
v 0.30286222696304321 28.136953353881836 35.116706848144531
v 0.30286222696304321 28.136953353881836 36.277198791503906
v 0.30286222696304321 28.136953353881836 37.437694549560547
v 0.30286222696304321 28.136953353881836 38.598186492919922
v 0.30286222696304321 28.136953353881836 39.758682250976562
v 0.30286222696304321 28.136953353881836 40.919174194335938
v 0.30286222696304321 28.136953353881836 42.079669952392578
v 0.30286222696304321 28.136953353881836 43.240161895751953
v 0.30286222696304321 28.136953353881836 44.400657653808594
v 0.1429726630449295 28.027502059936523 -47.278354644775391
v 0.1429726630449295 28.027502059936523 -46.117862701416016
v 0.1429726630449295 28.027502059936523 -44.957366943359375
v 0.1429726630449295 28.027502059936523 -43.796875
v 0.1429726630449295 28.027502059936523 -42.636379241943359
v 0.1429726630449295 28.027502059936523 -41.475887298583984
v 0.1429726630449295 28.027502059936523 -40.315391540527344
v 0.1429726630449295 28.027502059936523 -39.154899597167969
v 0.1429726630449295 28.027502059936523 -37.994403839111328
v 0.1429726630449295 28.027502059936523 -36.833911895751953
v 0.1429726630449295 28.027502059936523 -35.673416137695312
v 0.1429726630449295 28.027502059936523 -34.512924194335938
v 0.1429726630449295 28.027502059936523 -33.352428436279297
v 0.1429726630449295 28.027502059936523 -32.191936492919922
v 0.1429726630449295 28.027502059936523 -31.031440734863281
v 0.1429726630449295 28.027502059936523 -29.870946884155273
v 0.1429726630449295 28.027502059936523 -28.710453033447266
v 0.1429726630449295 28.027502059936523 -27.549959182739258
v 0.1429726630449295 28.027502059936523 -26.38946533203125
v 0.1429726630449295 28.027502059936523 -25.228971481323242
v 0.1429726630449295 28.027502059936523 -24.068477630615234
v 0.1429726630449295 28.027502059936523 -22.907983779907227
v 0.1429726630449295 28.027502059936523 -21.747491836547852
v 0.1429726630449295 28.027502059936523 -20.586997985839844
v 0.1429726630449295 28.027502059936523 -19.426504135131836
v 0.1429726630449295 28.027502059936523 -18.266010284423828
v 0.1429726630449295 28.027502059936523 -17.10551643371582
v 0.1429726630449295 28.027502059936523 -15.945021629333496
v 0.1429726630449295 28.027502059936523 -14.784527778625488
v 0.1429726630449295 28.027502059936523 -13.62403392791748
v 0.1429726630449295 28.027502059936523 -12.463540077209473
v 0.1429726630449295 28.027502059936523 -11.303046226501465
v 0.1429726630449295 28.027502059936523 -10.142552375793457
v 0.1429726630449295 28.027502059936523 -8.9820585250854492
v 0.1429726630449295 28.027502059936523 -7.8215651512145996
v 0.1429726630449295 28.027502059936523 -6.6610713005065918
v 0.1429726630449295 28.027502059936523 -5.500577449798584
v 0.1429726630449295 28.027502059936523 -4.3400835990905762
v 0.1429726630449295 28.027502059936523 -3.1795897483825684
v 0.1429726630449295 28.027502059936523 -2.0190958976745605
v 0.1429726630449295 28.027502059936523 -0.85860198736190796
v 0.1429726630449295 28.027502059936523 0.30189183354377747
v 0.1429726630449295 28.027502059936523 1.4623856544494629
v 0.1429726630449295 28.027502059936523 2.6228795051574707
v 0.1429726630449295 28.027502059936523 3.7833733558654785
v 0.1429726630449295 28.027502059936523 4.9438672065734863
v 0.1429726630449295 28.027502059936523 6.1043610572814941
v 0.1429726630449295 28.027502059936523 7.264854907989502
v 0.1429726630449295 28.027502059936523 8.4253482818603516
v 0.1429726630449295 28.027502059936523 9.5858421325683594
v 0.1429726630449295 28.027502059936523 10.746335983276367
v 0.1429726630449295 28.027502059936523 11.906829833984375
v 0.1429726630449295 28.027502059936523 13.067323684692383
v 0.1429726630449295 28.027502059936523 14.227817535400391
v 0.1429726630449295 28.027502059936523 15.388311386108398
v 0.1429726630449295 28.027502059936523 16.548805236816406
v 0.1429726630449295 28.027502059936523 17.709299087524414
v 0.1429726630449295 28.027502059936523 18.869792938232422
v 0.1429726630449295 28.027502059936523 20.03028678894043
v 0.1429726630449295 28.027502059936523 21.190780639648438
v 0.1429726630449295 28.027502059936523 22.351274490356445
v 0.1429726630449295 28.027502059936523 23.511768341064453
v 0.1429726630449295 28.027502059936523 24.672262191772461
v 0.1429726630449295 28.027502059936523 25.832756042480469
v 0.1429726630449295 28.027502059936523 26.993249893188477
v 0.1429726630449295 28.027502059936523 28.153743743896484
v 0.1429726630449295 28.027502059936523 29.314237594604492
v 0.1429726630449295 28.027502059936523 30.4747314453125
v 0.1429726630449295 28.027502059936523 31.635225296020508
v 0.1429726630449295 28.027502059936523 32.795719146728516
v 0.1429726630449295 28.027502059936523 33.956211090087891
v 0.1429726630449295 28.027502059936523 35.116706848144531
v 0.1429726630449295 28.027502059936523 36.277198791503906
v 0.1429726630449295 28.027502059936523 37.437694549560547
v 0.1429726630449295 28.027502059936523 38.598186492919922
v 0.1429726630449295 28.027502059936523 39.758682250976562
v 0.1429726630449295 28.027502059936523 40.919174194335938
v 0.1429726630449295 28.027502059936523 42.079669952392578
v 0.1429726630449295 28.027502059936523 43.240161895751953
v 0.1429726630449295 28.027502059936523 44.400657653808594
v 0.037121143192052841 27.86651611328125 -47.278354644775391
v 0.037121143192052841 27.86651611328125 -46.117862701416016
v 0.037121143192052841 27.86651611328125 -44.957366943359375
v 0.037121143192052841 27.86651611328125 -43.796875
v 0.037121143192052841 27.86651611328125 -42.636379241943359
v 0.037121143192052841 27.86651611328125 -41.475887298583984
v 0.037121143192052841 27.86651611328125 -40.315391540527344
v 0.037121143192052841 27.86651611328125 -39.154899597167969
v 0.037121143192052841 27.86651611328125 -37.994403839111328
v 0.037121143192052841 27.86651611328125 -36.833911895751953
v 0.037121143192052841 27.86651611328125 -35.673416137695312
v 0.037121143192052841 27.86651611328125 -34.512924194335938
v 0.037121143192052841 27.86651611328125 -33.352428436279297
v 0.037121143192052841 27.86651611328125 -32.191936492919922
v 0.037121143192052841 27.86651611328125 -31.031440734863281
v 0.037121143192052841 27.86651611328125 -29.870946884155273
v 0.037121143192052841 27.86651611328125 -28.710453033447266
v 0.037121143192052841 27.86651611328125 -27.549959182739258
v 0.037121143192052841 27.86651611328125 -26.38946533203125
v 0.037121143192052841 27.86651611328125 -25.228971481323242
v 0.037121143192052841 27.86651611328125 -24.068477630615234
v 0.037121143192052841 27.86651611328125 -22.907983779907227
v 0.037121143192052841 27.86651611328125 -21.747491836547852
v 0.037121143192052841 27.86651611328125 -20.586997985839844
v 0.037121143192052841 27.86651611328125 -19.426504135131836
v 0.037121143192052841 27.86651611328125 -18.266010284423828
v 0.037121143192052841 27.86651611328125 -17.10551643371582
v 0.037121143192052841 27.86651611328125 -15.945021629333496
v 0.037121143192052841 27.86651611328125 -14.784527778625488
v 0.037121143192052841 27.86651611328125 -13.62403392791748
v 0.037121143192052841 27.86651611328125 -12.463540077209473
v 0.037121143192052841 27.86651611328125 -11.303046226501465
v 0.037121143192052841 27.86651611328125 -10.142552375793457
v 0.037121143192052841 27.86651611328125 -8.9820585250854492
v 0.037121143192052841 27.86651611328125 -7.8215651512145996
v 0.037121143192052841 27.86651611328125 -6.6610713005065918
v 0.037121143192052841 27.86651611328125 -5.500577449798584
v 0.037121143192052841 27.86651611328125 -4.3400835990905762
v 0.037121143192052841 27.86651611328125 -3.1795897483825684
v 0.037121143192052841 27.86651611328125 -2.0190958976745605
v 0.037121143192052841 27.86651611328125 -0.85860198736190796
v 0.037121143192052841 27.86651611328125 0.30189183354377747
v 0.037121143192052841 27.86651611328125 1.4623856544494629
v 0.037121143192052841 27.86651611328125 2.6228795051574707
v 0.037121143192052841 27.86651611328125 3.7833733558654785
v 0.037121143192052841 27.86651611328125 4.9438672065734863
v 0.037121143192052841 27.86651611328125 6.1043610572814941
v 0.037121143192052841 27.86651611328125 7.264854907989502
v 0.037121143192052841 27.86651611328125 8.4253482818603516
v 0.037121143192052841 27.86651611328125 9.5858421325683594
v 0.037121143192052841 27.86651611328125 10.746335983276367
v 0.037121143192052841 27.86651611328125 11.906829833984375
v 0.037121143192052841 27.86651611328125 13.067323684692383
v 0.037121143192052841 27.86651611328125 14.227817535400391
v 0.037121143192052841 27.86651611328125 15.388311386108398
v 0.037121143192052841 27.86651611328125 16.548805236816406
v 0.037121143192052841 27.86651611328125 17.709299087524414
v 0.037121143192052841 27.86651611328125 18.869792938232422
v 0.037121143192052841 27.86651611328125 20.03028678894043
v 0.037121143192052841 27.86651611328125 21.190780639648438
v 0.037121143192052841 27.86651611328125 22.351274490356445
v 0.037121143192052841 27.86651611328125 23.511768341064453
v 0.037121143192052841 27.86651611328125 24.672262191772461
v 0.037121143192052841 27.86651611328125 25.832756042480469
v 0.037121143192052841 27.86651611328125 26.993249893188477
v 0.037121143192052841 27.86651611328125 28.153743743896484
v 0.037121143192052841 27.86651611328125 29.314237594604492
v 0.037121143192052841 27.86651611328125 30.4747314453125
v 0.037121143192052841 27.86651611328125 31.635225296020508
v 0.037121143192052841 27.86651611328125 32.795719146728516
v 0.037121143192052841 27.86651611328125 33.956211090087891
v 0.037121143192052841 27.86651611328125 35.116706848144531
v 0.037121143192052841 27.86651611328125 36.277198791503906
v 0.037121143192052841 27.86651611328125 37.437694549560547
v 0.037121143192052841 27.86651611328125 38.598186492919922
v 0.037121143192052841 27.86651611328125 39.758682250976562
v 0.037121143192052841 27.86651611328125 40.919174194335938
v 0.037121143192052841 27.86651611328125 42.079669952392578
v 0.037121143192052841 27.86651611328125 43.240161895751953
v 0.037121143192052841 27.86651611328125 44.400657653808594
v 0 27.677457809448242 -48.438850402832031
v 0 27.677457809448242 -47.278354644775391
v 0 27.677457809448242 -46.117862701416016
v 0 27.677457809448242 -44.957366943359375
v 0 27.677457809448242 -43.796875
v 0 27.677457809448242 -42.636379241943359
v 0 27.677457809448242 -41.475887298583984
v 0 27.677457809448242 -40.315391540527344
v 0 27.677457809448242 -39.154899597167969
v 0 27.677457809448242 -37.994403839111328
v 0 27.677457809448242 -36.833911895751953
v 0 27.677457809448242 -35.673416137695312
v 0 27.677457809448242 -34.512924194335938
v 0 27.677457809448242 -33.352428436279297
v 0 27.677457809448242 -32.191936492919922
v 0 27.677457809448242 -31.031440734863281
v 0 27.677457809448242 -29.870946884155273
v 0 27.677457809448242 -28.710453033447266
v 0 27.677457809448242 -27.549959182739258
v 0 27.677457809448242 -26.38946533203125
v 0 27.677457809448242 -25.228971481323242
v 0 27.677457809448242 -24.068477630615234
v 0 27.677457809448242 -22.907983779907227
v 0 27.677457809448242 -21.747491836547852
v 0 27.677457809448242 -20.586997985839844
v 0 27.677457809448242 -19.426504135131836
v 0 27.677457809448242 -18.266010284423828
v 0 27.677457809448242 -17.10551643371582
v 0 27.677457809448242 -15.945021629333496
v 0 27.677457809448242 -14.784527778625488
v 0 27.677457809448242 -13.62403392791748
v 0 27.677457809448242 -12.463540077209473
v 0 27.677457809448242 -11.303046226501465
v 0 27.677457809448242 -10.142552375793457
v 0 27.677457809448242 -8.9820585250854492
v 0 27.677457809448242 -7.8215651512145996
v 0 27.677457809448242 -6.6610713005065918
v 0 27.677457809448242 -5.500577449798584
v 0 27.677457809448242 -4.3400835990905762
v 0 27.677457809448242 -3.1795897483825684
v 0 27.677457809448242 -2.0190958976745605
v 0 27.677457809448242 -0.85860198736190796
v 0 27.677457809448242 0.30189183354377747
v 0 27.677457809448242 1.4623856544494629
v 0 27.677457809448242 2.6228795051574707
v 0 27.677457809448242 3.7833733558654785
v 0 27.677457809448242 4.9438672065734863
v 0 27.677457809448242 6.1043610572814941
v 0 27.677457809448242 7.264854907989502
v 0 27.677457809448242 8.4253482818603516
v 0 27.677457809448242 9.5858421325683594
v 0 27.677457809448242 10.746335983276367
v 0 27.677457809448242 11.906829833984375
v 0 27.677457809448242 13.067323684692383
v 0 27.677457809448242 14.227817535400391
v 0 27.677457809448242 15.388311386108398
v 0 27.677457809448242 16.548805236816406
v 0 27.677457809448242 17.709299087524414
v 0 27.677457809448242 18.869792938232422
v 0 27.677457809448242 20.03028678894043
v 0 27.677457809448242 21.190780639648438
v 0 27.677457809448242 22.351274490356445
v 0 27.677457809448242 23.511768341064453
v 0 27.677457809448242 24.672262191772461
v 0 27.677457809448242 25.832756042480469
v 0 27.677457809448242 26.993249893188477
v 0 27.677457809448242 28.153743743896484
v 0 27.677457809448242 29.314237594604492
v 0 27.677457809448242 30.4747314453125
v 0 27.677457809448242 31.635225296020508
v 0 27.677457809448242 32.795719146728516
v 0 27.677457809448242 33.956211090087891
v 0 27.677457809448242 35.116706848144531
v 0 27.677457809448242 36.277198791503906
v 0 27.677457809448242 37.437694549560547
v 0 27.677457809448242 38.598186492919922
v 0 27.677457809448242 39.758682250976562
v 0 27.677457809448242 40.919174194335938
v 0 27.677457809448242 42.079669952392578
v 0 27.677457809448242 43.240161895751953
v 0 27.677457809448242 44.400657653808594
v 0 27.677457809448242 45.561149597167969
v 0.038060232996940613 27.868799209594727 45.561149597167969
v 0.14644661545753479 28.031011581420898 45.561149597167969
v 0.30865827202796936 28.139398574829102 45.561149597167969
v 0.037121143192052841 27.86651611328125 44.980903625488281
v 0.0093680461868643761 27.773792266845703 44.400657653808594
v 0.0093680461868643761 27.773792266845703 44.980903625488281
v 0.1429726630449295 28.027502059936523 44.980903625488281
v 0.082219325006008148 27.952156066894531 44.400657653808594
v 0.082219325006008148 27.952156066894531 44.980903625488281
v 0.30286222696304321 28.136953353881836 44.980903625488281
v 0.21756480634212494 28.090047836303711 44.400657653808594
v 0.21756480634212494 28.090047836303711 44.980903625488281
v 0.39937213063240051 28.167226791381836 44.400657653808594
v 0.39937213063240051 28.167226791381836 44.980903625488281
v 0.30865827202796936 28.139398574829102 -48.438850402832031
v 0.14644661545753479 28.031011581420898 -48.438850402832031
v 0.038060232996940613 27.868799209594727 -48.438850402832031
v 0.30286222696304321 28.136953353881836 -47.858600616455078
v 0.39937213063240051 28.167226791381836 -47.278354644775391
v 0.39937213063240051 28.167226791381836 -47.858600616455078
v 0.1429726630449295 28.027502059936523 -47.858600616455078
v 0.21756480634212494 28.090047836303711 -47.278354644775391
v 0.21756480634212494 28.090047836303711 -47.858600616455078
v 0.037121143192052841 27.86651611328125 -47.858600616455078
v 0.082219325006008148 27.952156066894531 -47.278354644775391
v 0.082219325006008148 27.952156066894531 -47.858600616455078
v 0.0093680461868643761 27.773792266845703 -47.278354644775391
v 0.0093680461868643761 27.773792266845703 -47.858600616455078
v 0.5 1.1774580478668213 -51.438850402832031
v 0.5 2.3203151226043701 -51.438850402832031
v 0.5 3.463172435760498 -51.438850402832031
v 0.5 4.6060295104980469 -51.438850402832031
v 0.5 5.7488865852355957 -51.438850402832031
v 0.5 6.8917436599731445 -51.438850402832031
v 0.5 8.0346012115478516 -51.438850402832031
v 0.5 9.1774578094482422 -51.438850402832031
v 0.5 10.320315361022949 -51.438850402832031
v 0.5 11.46317195892334 -51.438850402832031
v 0.5 12.606029510498047 -51.438850402832031
v 0.5 13.748887062072754 -51.438850402832031
v 0.5 14.891743659973145 -51.438850402832031
v 0.5 16.034601211547852 -51.438850402832031
v 0.5 17.177457809448242 -51.438850402832031
v 0.5 18.320314407348633 -51.438850402832031
v 0.5 19.463172912597656 -51.438850402832031
v 0.5 20.606029510498047 -51.438850402832031
v 0.5 21.748886108398438 -51.438850402832031
v 0.5 22.891744613647461 -51.438850402832031
v 0.5 24.034601211547852 -51.438850402832031
v 0.5 25.177457809448242 -51.438850402832031
v 0.30286222696304321 2.3203151226043701 -51.398345947265625
v 0.30286222696304321 3.463172435760498 -51.398345947265625
v 0.30286222696304321 4.6060295104980469 -51.398345947265625
v 0.30286222696304321 5.7488865852355957 -51.398345947265625
v 0.30286222696304321 6.8917436599731445 -51.398345947265625
v 0.30286222696304321 8.0346012115478516 -51.398345947265625
v 0.30286222696304321 9.1774578094482422 -51.398345947265625
v 0.30286222696304321 10.320315361022949 -51.398345947265625
v 0.30286222696304321 11.46317195892334 -51.398345947265625
v 0.30286222696304321 12.606029510498047 -51.398345947265625
v 0.30286222696304321 13.748887062072754 -51.398345947265625
v 0.30286222696304321 14.891743659973145 -51.398345947265625
v 0.30286222696304321 16.034601211547852 -51.398345947265625
v 0.30286222696304321 17.177457809448242 -51.398345947265625
v 0.30286222696304321 18.320314407348633 -51.398345947265625
v 0.30286222696304321 19.463172912597656 -51.398345947265625
v 0.30286222696304321 20.606029510498047 -51.398345947265625
v 0.30286222696304321 21.748886108398438 -51.398345947265625
v 0.30286222696304321 22.891744613647461 -51.398345947265625
v 0.30286222696304321 24.034601211547852 -51.398345947265625
v 0.1429726630449295 2.3203151226043701 -51.288894653320312
v 0.1429726630449295 3.463172435760498 -51.288894653320312
v 0.1429726630449295 4.6060295104980469 -51.288894653320312
v 0.1429726630449295 5.7488865852355957 -51.288894653320312
v 0.1429726630449295 6.8917436599731445 -51.288894653320312
v 0.1429726630449295 8.0346012115478516 -51.288894653320312
v 0.1429726630449295 9.1774578094482422 -51.288894653320312
v 0.1429726630449295 10.320315361022949 -51.288894653320312
v 0.1429726630449295 11.46317195892334 -51.288894653320312
v 0.1429726630449295 12.606029510498047 -51.288894653320312
v 0.1429726630449295 13.748887062072754 -51.288894653320312
v 0.1429726630449295 14.891743659973145 -51.288894653320312
v 0.1429726630449295 16.034601211547852 -51.288894653320312
v 0.1429726630449295 17.177457809448242 -51.288894653320312
v 0.1429726630449295 18.320314407348633 -51.288894653320312
v 0.1429726630449295 19.463172912597656 -51.288894653320312
v 0.1429726630449295 20.606029510498047 -51.288894653320312
v 0.1429726630449295 21.748886108398438 -51.288894653320312
v 0.1429726630449295 22.891744613647461 -51.288894653320312
v 0.1429726630449295 24.034601211547852 -51.288894653320312
v 0.037121143192052841 2.3203151226043701 -51.127906799316406
v 0.037121143192052841 3.463172435760498 -51.127906799316406
v 0.037121143192052841 4.6060295104980469 -51.127906799316406
v 0.037121143192052841 5.7488865852355957 -51.127906799316406
v 0.037121143192052841 6.8917436599731445 -51.127906799316406
v 0.037121143192052841 8.0346012115478516 -51.127906799316406
v 0.037121143192052841 9.1774578094482422 -51.127906799316406
v 0.037121143192052841 10.320315361022949 -51.127906799316406
v 0.037121143192052841 11.46317195892334 -51.127906799316406
v 0.037121143192052841 12.606029510498047 -51.127906799316406
v 0.037121143192052841 13.748887062072754 -51.127906799316406
v 0.037121143192052841 14.891743659973145 -51.127906799316406
v 0.037121143192052841 16.034601211547852 -51.127906799316406
v 0.037121143192052841 17.177457809448242 -51.127906799316406
v 0.037121143192052841 18.320314407348633 -51.127906799316406
v 0.037121143192052841 19.463172912597656 -51.127906799316406
v 0.037121143192052841 20.606029510498047 -51.127906799316406
v 0.037121143192052841 21.748886108398438 -51.127906799316406
v 0.037121143192052841 22.891744613647461 -51.127906799316406
v 0.037121143192052841 24.034601211547852 -51.127906799316406
v 0 1.1774580478668213 -50.938850402832031
v 0 2.3203151226043701 -50.938850402832031
v 0 3.463172435760498 -50.938850402832031
v 0 4.6060295104980469 -50.938850402832031
v 0 5.7488865852355957 -50.938850402832031
v 0 6.8917436599731445 -50.938850402832031
v 0 8.0346012115478516 -50.938850402832031
v 0 9.1774578094482422 -50.938850402832031
v 0 10.320315361022949 -50.938850402832031
v 0 11.46317195892334 -50.938850402832031
v 0 12.606029510498047 -50.938850402832031
v 0 13.748887062072754 -50.938850402832031
v 0 14.891743659973145 -50.938850402832031
v 0 16.034601211547852 -50.938850402832031
v 0 17.177457809448242 -50.938850402832031
v 0 18.320314407348633 -50.938850402832031
v 0 19.463172912597656 -50.938850402832031
v 0 20.606029510498047 -50.938850402832031
v 0 21.748886108398438 -50.938850402832031
v 0 22.891744613647461 -50.938850402832031
v 0 24.034601211547852 -50.938850402832031
v 0 25.177457809448242 -50.938850402832031
v 0.30865827202796936 1.1774580478668213 -51.400787353515625
v 0.14644661545753479 1.1774580478668213 -51.292404174804688
v 0.038060232996940613 1.1774580478668213 -51.130191802978516
v 0.30286222696304321 1.7488865852355957 -51.398345947265625
v 0.39937213063240051 2.3203151226043701 -51.428619384765625
v 0.39937213063240051 1.7488865852355957 -51.428619384765625
v 0.1429726630449295 1.7488865852355957 -51.288894653320312
v 0.21756480634212494 2.3203151226043701 -51.3514404296875
v 0.21756480634212494 1.7488865852355957 -51.3514404296875
v 0.037121143192052841 1.7488865852355957 -51.127906799316406
v 0.082219325006008148 2.3203151226043701 -51.213546752929688
v 0.082219325006008148 1.7488865852355957 -51.213546752929688
v 0.0093680461868643761 2.3203151226043701 -51.035182952880859
v 0.0093680461868643761 1.7488865852355957 -51.035182952880859
v 0.038060232996940613 25.177457809448242 -51.130191802978516
v 0.14644661545753479 25.177457809448242 -51.292404174804688
v 0.30865827202796936 25.177457809448242 -51.400787353515625
v 0.037121143192052841 24.606029510498047 -51.127906799316406
v 0.0093680461868643761 24.034601211547852 -51.035182952880859
v 0.0093680461868643761 24.606029510498047 -51.035182952880859
v 0.1429726630449295 24.606029510498047 -51.288894653320312
v 0.082219325006008148 24.034601211547852 -51.213546752929688
v 0.082219325006008148 24.606029510498047 -51.213546752929688
v 0.30286222696304321 24.606029510498047 -51.398345947265625
v 0.21756480634212494 24.034601211547852 -51.3514404296875
v 0.21756480634212494 24.606029510498047 -51.3514404296875
v 0.39937213063240051 24.034601211547852 -51.428619384765625
v 0.39937213063240051 24.606029510498047 -51.428619384765625
v 0 25.177457809448242 -50.938850402832031
v 0.5 25.177457809448242 -51.438850402832031
v 0.040503870695829391 26.240873336791992 -50.917499542236328
v 0.14995503425598145 26.303915023803711 -51.064434051513672
v 0.31094136834144592 26.345649719238281 -51.161712646484375
v 0 26.962594985961914 -50.189075469970703
v 0.040503870695829391 27.103361129760742 -50.32708740234375
v 0.14995503425598145 27.217531204223633 -50.43902587890625
v 0.31094136834144592 27.293115615844727 -50.513130187988281
v 0 27.491851806640625 -49.384143829345703
v 0.040503870695829391 27.674354553222656 -49.458683013916016
v 0.14995503425598145 27.822372436523438 -49.519142150878906
v 0.31094136834144592 27.920366287231445 -49.559165954589844
v 0 27.677457809448242 -48.438850402832031
v 0.5 28.177457809448242 -48.438850402832031
v 0.5 28.075235366821289 -49.215305328369141
v 0.5 27.775533676147461 -49.938850402832031
v 0.5 27.298778533935547 -50.560169219970703
v 0.5 26.677457809448242 -51.03692626953125
v 0.5 25.953914642333984 -51.336627960205078
v 0.038060232996940613 27.868799209594727 -48.438850402832031
v 0.14644661545753479 28.031011581420898 -48.438850402832031
v 0.30865827202796936 28.139398574829102 -48.438850402832031
v 0.040503870695829391 27.824062347412109 -48.958503723144531
v 0.010230633430182934 27.58500862121582 -49.422191619873047
v 0.010230633430182934 27.729360580444336 -48.939907073974609
v 0.14995503425598145 27.980955123901367 -48.989307403564453
v 0.087410174310207367 27.753318786621094 -49.490936279296875
v 0.087410174310207367 27.907760620117188 -48.974937438964844
v 0.31094136834144592 28.084823608398438 -49.009700775146484
v 0.22530142962932587 27.878616333007812 -49.542110443115234
v 0.22530142962932587 28.040571212768555 -49.001014709472656
v 0.40366575121879578 27.94605827331543 -49.569660186767578
v 0.40366575121879578 28.112056732177734 -49.015048980712891
v 0.30865827202796936 25.177457809448242 -51.400787353515625
v 0.14644661545753479 25.177457809448242 -51.292404174804688
v 0.038060232996940613 25.177457809448242 -51.130191802978516
v 0.40366575121879578 26.356590270996094 -51.187217712402344
v 0.31094136834144592 25.773754119873047 -51.341102600097656
v 0.40366575121879578 25.779340744018555 -51.368289947509766
v 0.22530142962932587 26.32786750793457 -51.120265960693359
v 0.14995503425598145 25.752450942993164 -51.237419128417969
v 0.22530142962932587 25.764678955078125 -51.296928405761719
v 0.087410174310207367 26.274503707885742 -50.995883941650391
v 0.040503870695829391 25.720272064208984 -51.080799102783203
v 0.087410174310207367 25.737438201904297 -51.164352416992188
v 0.010230633430182934 26.202821731567383 -50.828804016113281
v 0.010230633430182934 25.700849533081055 -50.986263275146484
v 4.5 25.177457809448242 -51.438850402832031
v 5 25.177457809448242 -50.938850402832031
v 4.6971378326416016 26.344314575195312 -51.158603668212891
v 4.857027530670166 26.30116081237793 -51.058017730712891
v 4.9628787040710449 26.237688064575195 -50.910072326660156
v 5 26.16314697265625 -50.736328125
v 4.6971378326416016 27.290700912475586 -50.510761260986328
v 4.857027530670166 27.212545394897461 -50.434135437011719
v 4.9628787040710449 27.097593307495117 -50.321430206298828
v 5 26.962594985961914 -50.189075469970703
v 4.6971378326416016 27.917234420776367 -49.557884216308594
v 4.857027530670166 27.815908432006836 -49.516498565673828
v 4.9628787040710449 27.666873931884766 -49.45562744140625
v 4.5 28.177457809448242 -48.438850402832031
v 5 27.677457809448242 -48.438850402832031
v 4.5 25.953914642333984 -51.336627960205078
v 4.5 26.677457809448242 -51.03692626953125
v 4.5 27.298778533935547 -50.560169219970703
v 4.5 27.775533676147461 -49.938850402832031
v 4.5 28.075235366821289 -49.215305328369141
v 4.961939811706543 25.177457809448242 -51.130191802978516
v 4.853553295135498 25.177457809448242 -51.292404174804688
v 4.6913418769836426 25.177457809448242 -51.400787353515625
v 4.9906320571899414 26.201129913330078 -50.824859619140625
v 4.9628787040710449 25.718647003173828 -51.072887420654297
v 4.9906320571899414 25.699985504150391 -50.982059478759766
v 4.917780876159668 26.271453857421875 -50.988777160644531
v 4.857027530670166 25.751045227050781 -51.230579376220703
v 4.917780876159668 25.735881805419922 -51.156772613525391
v 4.782435417175293 26.325820922851562 -51.115497589111328
v 4.6971378326416016 25.773073196411133 -51.337791442871094
v 4.782435417175293 25.763633728027344 -51.291843414306641
v 4.6006278991699219 26.356250762939453 -51.186424255371094
v 4.6006278991699219 25.779167175292969 -51.367443084716797
v 4.6913418769836426 28.139398574829102 -48.438850402832031
v 4.853553295135498 28.031011581420898 -48.438850402832031
v 4.961939811706543 27.868799209594727 -48.438850402832031
v 4.6971378326416016 28.081504821777344 -49.009052276611328
v 4.6006278991699219 27.945261001586914 -49.569332122802734
v 4.6006278991699219 28.111209869384766 -49.014884948730469
v 4.857027530670166 27.974103927612305 -48.987964630126953
v 4.782435417175293 27.873809814453125 -49.540149688720703
v 4.782435417175293 28.035476684570312 -49.000011444091797
v 4.9628787040710449 27.816133499145508 -48.956947326660156
v 4.917780876159668 27.746156692504883 -49.488010406494141
v 4.917780876159668 27.900169372558594 -48.973445892333984
v 4.9906320571899414 27.581033706665039 -49.420566558837891
v 4.9906320571899414 27.725147247314453 -48.939079284667969
v 4.5 28.177457809448242 45.561149597167969
v 4.5 28.177457809448242 44.400657653808594
v 4.5 28.177457809448242 43.240161895751953
v 4.5 28.177457809448242 42.079669952392578
v 4.5 28.177457809448242 40.919174194335938
v 4.5 28.177457809448242 39.758682250976562
v 4.5 28.177457809448242 38.598186492919922
v 4.5 28.177457809448242 37.437694549560547
v 4.5 28.177457809448242 36.277198791503906
v 4.5 28.177457809448242 35.116706848144531
v 4.5 28.177457809448242 33.956211090087891
v 4.5 28.177457809448242 32.795719146728516
v 4.5 28.177457809448242 31.635225296020508
v 4.5 28.177457809448242 30.4747314453125
v 4.5 28.177457809448242 29.314237594604492
v 4.5 28.177457809448242 28.153743743896484
v 4.5 28.177457809448242 26.993249893188477
v 4.5 28.177457809448242 25.832756042480469
v 4.5 28.177457809448242 24.672262191772461
v 4.5 28.177457809448242 23.511768341064453
v 4.5 28.177457809448242 22.351274490356445
v 4.5 28.177457809448242 21.190780639648438
v 4.5 28.177457809448242 20.03028678894043
v 4.5 28.177457809448242 18.869792938232422
v 4.5 28.177457809448242 17.709299087524414
v 4.5 28.177457809448242 16.548805236816406
v 4.5 28.177457809448242 15.388311386108398
v 4.5 28.177457809448242 14.227817535400391
v 4.5 28.177457809448242 13.067323684692383
v 4.5 28.177457809448242 11.906829833984375
v 4.5 28.177457809448242 10.746335983276367
v 4.5 28.177457809448242 9.5858421325683594
v 4.5 28.177457809448242 8.4253482818603516
v 4.5 28.177457809448242 7.264854907989502
v 4.5 28.177457809448242 6.1043610572814941
v 4.5 28.177457809448242 4.9438672065734863
v 4.5 28.177457809448242 3.7833733558654785
v 4.5 28.177457809448242 2.6228795051574707
v 4.5 28.177457809448242 1.4623856544494629
v 4.5 28.177457809448242 0.30189183354377747
v 4.5 28.177457809448242 -0.85860198736190796
v 4.5 28.177457809448242 -2.0190958976745605
v 4.5 28.177457809448242 -3.1795897483825684
v 4.5 28.177457809448242 -4.3400835990905762
v 4.5 28.177457809448242 -5.500577449798584
v 4.5 28.177457809448242 -6.6610713005065918
v 4.5 28.177457809448242 -7.8215651512145996
v 4.5 28.177457809448242 -8.9820585250854492
v 4.5 28.177457809448242 -10.142552375793457
v 4.5 28.177457809448242 -11.303046226501465
v 4.5 28.177457809448242 -12.463540077209473
v 4.5 28.177457809448242 -13.62403392791748
v 4.5 28.177457809448242 -14.784527778625488
v 4.5 28.177457809448242 -15.945021629333496
v 4.5 28.177457809448242 -17.10551643371582
v 4.5 28.177457809448242 -18.266010284423828
v 4.5 28.177457809448242 -19.426504135131836
v 4.5 28.177457809448242 -20.586997985839844
v 4.5 28.177457809448242 -21.747491836547852
v 4.5 28.177457809448242 -22.907983779907227
v 4.5 28.177457809448242 -24.068477630615234
v 4.5 28.177457809448242 -25.228971481323242
v 4.5 28.177457809448242 -26.38946533203125
v 4.5 28.177457809448242 -27.549959182739258
v 4.5 28.177457809448242 -28.710453033447266
v 4.5 28.177457809448242 -29.870946884155273
v 4.5 28.177457809448242 -31.031440734863281
v 4.5 28.177457809448242 -32.191936492919922
v 4.5 28.177457809448242 -33.352428436279297
v 4.5 28.177457809448242 -34.512924194335938
v 4.5 28.177457809448242 -35.673416137695312
v 4.5 28.177457809448242 -36.833911895751953
v 4.5 28.177457809448242 -37.994403839111328
v 4.5 28.177457809448242 -39.154899597167969
v 4.5 28.177457809448242 -40.315391540527344
v 4.5 28.177457809448242 -41.475887298583984
v 4.5 28.177457809448242 -42.636379241943359
v 4.5 28.177457809448242 -43.796875
v 4.5 28.177457809448242 -44.957366943359375
v 4.5 28.177457809448242 -46.117862701416016
v 4.5 28.177457809448242 -47.278354644775391
v 4.5 28.177457809448242 -48.438850402832031
v 4.6971378326416016 28.136953353881836 44.400657653808594
v 4.6971378326416016 28.136953353881836 43.240161895751953
v 4.6971378326416016 28.136953353881836 42.079669952392578
v 4.6971378326416016 28.136953353881836 40.919174194335938
v 4.6971378326416016 28.136953353881836 39.758682250976562
v 4.6971378326416016 28.136953353881836 38.598186492919922
v 4.6971378326416016 28.136953353881836 37.437694549560547
v 4.6971378326416016 28.136953353881836 36.277198791503906
v 4.6971378326416016 28.136953353881836 35.116706848144531
v 4.6971378326416016 28.136953353881836 33.956211090087891
v 4.6971378326416016 28.136953353881836 32.795719146728516
v 4.6971378326416016 28.136953353881836 31.635225296020508
v 4.6971378326416016 28.136953353881836 30.4747314453125
v 4.6971378326416016 28.136953353881836 29.314237594604492
v 4.6971378326416016 28.136953353881836 28.153743743896484
v 4.6971378326416016 28.136953353881836 26.993249893188477
v 4.6971378326416016 28.136953353881836 25.832756042480469
v 4.6971378326416016 28.136953353881836 24.672262191772461
v 4.6971378326416016 28.136953353881836 23.511768341064453
v 4.6971378326416016 28.136953353881836 22.351274490356445
v 4.6971378326416016 28.136953353881836 21.190780639648438
v 4.6971378326416016 28.136953353881836 20.03028678894043
v 4.6971378326416016 28.136953353881836 18.869792938232422
v 4.6971378326416016 28.136953353881836 17.709299087524414
v 4.6971378326416016 28.136953353881836 16.548805236816406
v 4.6971378326416016 28.136953353881836 15.388311386108398
v 4.6971378326416016 28.136953353881836 14.227817535400391
v 4.6971378326416016 28.136953353881836 13.067323684692383
v 4.6971378326416016 28.136953353881836 11.906829833984375
v 4.6971378326416016 28.136953353881836 10.746335983276367
v 4.6971378326416016 28.136953353881836 9.5858421325683594
v 4.6971378326416016 28.136953353881836 8.4253482818603516
v 4.6971378326416016 28.136953353881836 7.264854907989502
v 4.6971378326416016 28.136953353881836 6.1043610572814941
v 4.6971378326416016 28.136953353881836 4.9438672065734863
v 4.6971378326416016 28.136953353881836 3.7833733558654785
v 4.6971378326416016 28.136953353881836 2.6228795051574707
v 4.6971378326416016 28.136953353881836 1.4623856544494629
v 4.6971378326416016 28.136953353881836 0.30189183354377747
v 4.6971378326416016 28.136953353881836 -0.85860198736190796
v 4.6971378326416016 28.136953353881836 -2.0190958976745605
v 4.6971378326416016 28.136953353881836 -3.1795897483825684
v 4.6971378326416016 28.136953353881836 -4.3400835990905762
v 4.6971378326416016 28.136953353881836 -5.500577449798584
v 4.6971378326416016 28.136953353881836 -6.6610713005065918
v 4.6971378326416016 28.136953353881836 -7.8215651512145996
v 4.6971378326416016 28.136953353881836 -8.9820585250854492
v 4.6971378326416016 28.136953353881836 -10.142552375793457
v 4.6971378326416016 28.136953353881836 -11.303046226501465
v 4.6971378326416016 28.136953353881836 -12.463540077209473
v 4.6971378326416016 28.136953353881836 -13.62403392791748
v 4.6971378326416016 28.136953353881836 -14.784527778625488
v 4.6971378326416016 28.136953353881836 -15.945021629333496
v 4.6971378326416016 28.136953353881836 -17.10551643371582
v 4.6971378326416016 28.136953353881836 -18.266010284423828
v 4.6971378326416016 28.136953353881836 -19.426504135131836
v 4.6971378326416016 28.136953353881836 -20.586997985839844
v 4.6971378326416016 28.136953353881836 -21.747491836547852
v 4.6971378326416016 28.136953353881836 -22.907983779907227
v 4.6971378326416016 28.136953353881836 -24.068477630615234
v 4.6971378326416016 28.136953353881836 -25.228971481323242
v 4.6971378326416016 28.136953353881836 -26.38946533203125
v 4.6971378326416016 28.136953353881836 -27.549959182739258
v 4.6971378326416016 28.136953353881836 -28.710453033447266
v 4.6971378326416016 28.136953353881836 -29.870946884155273
v 4.6971378326416016 28.136953353881836 -31.031440734863281
v 4.6971378326416016 28.136953353881836 -32.191936492919922
v 4.6971378326416016 28.136953353881836 -33.352428436279297
v 4.6971378326416016 28.136953353881836 -34.512924194335938
v 4.6971378326416016 28.136953353881836 -35.673416137695312
v 4.6971378326416016 28.136953353881836 -36.833911895751953
v 4.6971378326416016 28.136953353881836 -37.994403839111328
v 4.6971378326416016 28.136953353881836 -39.154899597167969
v 4.6971378326416016 28.136953353881836 -40.315391540527344
v 4.6971378326416016 28.136953353881836 -41.475887298583984
v 4.6971378326416016 28.136953353881836 -42.636379241943359
v 4.6971378326416016 28.136953353881836 -43.796875
v 4.6971378326416016 28.136953353881836 -44.957366943359375
v 4.6971378326416016 28.136953353881836 -46.117862701416016
v 4.6971378326416016 28.136953353881836 -47.278354644775391
v 4.857027530670166 28.027502059936523 44.400657653808594
v 4.857027530670166 28.027502059936523 43.240161895751953
v 4.857027530670166 28.027502059936523 42.079669952392578
v 4.857027530670166 28.027502059936523 40.919174194335938
v 4.857027530670166 28.027502059936523 39.758682250976562
v 4.857027530670166 28.027502059936523 38.598186492919922
v 4.857027530670166 28.027502059936523 37.437694549560547
v 4.857027530670166 28.027502059936523 36.277198791503906
v 4.857027530670166 28.027502059936523 35.116706848144531
v 4.857027530670166 28.027502059936523 33.956211090087891
v 4.857027530670166 28.027502059936523 32.795719146728516
v 4.857027530670166 28.027502059936523 31.635225296020508
v 4.857027530670166 28.027502059936523 30.4747314453125
v 4.857027530670166 28.027502059936523 29.314237594604492
v 4.857027530670166 28.027502059936523 28.153743743896484
v 4.857027530670166 28.027502059936523 26.993249893188477
v 4.857027530670166 28.027502059936523 25.832756042480469
v 4.857027530670166 28.027502059936523 24.672262191772461
v 4.857027530670166 28.027502059936523 23.511768341064453
v 4.857027530670166 28.027502059936523 22.351274490356445
v 4.857027530670166 28.027502059936523 21.190780639648438
v 4.857027530670166 28.027502059936523 20.03028678894043
v 4.857027530670166 28.027502059936523 18.869792938232422
v 4.857027530670166 28.027502059936523 17.709299087524414
v 4.857027530670166 28.027502059936523 16.548805236816406
v 4.857027530670166 28.027502059936523 15.388311386108398
v 4.857027530670166 28.027502059936523 14.227817535400391
v 4.857027530670166 28.027502059936523 13.067323684692383
v 4.857027530670166 28.027502059936523 11.906829833984375
v 4.857027530670166 28.027502059936523 10.746335983276367
v 4.857027530670166 28.027502059936523 9.5858421325683594
v 4.857027530670166 28.027502059936523 8.4253482818603516
v 4.857027530670166 28.027502059936523 7.264854907989502
v 4.857027530670166 28.027502059936523 6.1043610572814941
v 4.857027530670166 28.027502059936523 4.9438672065734863
v 4.857027530670166 28.027502059936523 3.7833733558654785
v 4.857027530670166 28.027502059936523 2.6228795051574707
v 4.857027530670166 28.027502059936523 1.4623856544494629
v 4.857027530670166 28.027502059936523 0.30189183354377747
v 4.857027530670166 28.027502059936523 -0.85860198736190796
v 4.857027530670166 28.027502059936523 -2.0190958976745605
v 4.857027530670166 28.027502059936523 -3.1795897483825684
v 4.857027530670166 28.027502059936523 -4.3400835990905762
v 4.857027530670166 28.027502059936523 -5.500577449798584
v 4.857027530670166 28.027502059936523 -6.6610713005065918
v 4.857027530670166 28.027502059936523 -7.8215651512145996
v 4.857027530670166 28.027502059936523 -8.9820585250854492
v 4.857027530670166 28.027502059936523 -10.142552375793457
v 4.857027530670166 28.027502059936523 -11.303046226501465
v 4.857027530670166 28.027502059936523 -12.463540077209473
v 4.857027530670166 28.027502059936523 -13.62403392791748
v 4.857027530670166 28.027502059936523 -14.784527778625488
v 4.857027530670166 28.027502059936523 -15.945021629333496
v 4.857027530670166 28.027502059936523 -17.10551643371582
v 4.857027530670166 28.027502059936523 -18.266010284423828
v 4.857027530670166 28.027502059936523 -19.426504135131836
v 4.857027530670166 28.027502059936523 -20.586997985839844
v 4.857027530670166 28.027502059936523 -21.747491836547852
v 4.857027530670166 28.027502059936523 -22.907983779907227
v 4.857027530670166 28.027502059936523 -24.068477630615234
v 4.857027530670166 28.027502059936523 -25.228971481323242
v 4.857027530670166 28.027502059936523 -26.38946533203125
v 4.857027530670166 28.027502059936523 -27.549959182739258
v 4.857027530670166 28.027502059936523 -28.710453033447266
v 4.857027530670166 28.027502059936523 -29.870946884155273
v 4.857027530670166 28.027502059936523 -31.031440734863281
v 4.857027530670166 28.027502059936523 -32.191936492919922
v 4.857027530670166 28.027502059936523 -33.352428436279297
v 4.857027530670166 28.027502059936523 -34.512924194335938
v 4.857027530670166 28.027502059936523 -35.673416137695312
v 4.857027530670166 28.027502059936523 -36.833911895751953
v 4.857027530670166 28.027502059936523 -37.994403839111328
v 4.857027530670166 28.027502059936523 -39.154899597167969
v 4.857027530670166 28.027502059936523 -40.315391540527344
v 4.857027530670166 28.027502059936523 -41.475887298583984
v 4.857027530670166 28.027502059936523 -42.636379241943359
v 4.857027530670166 28.027502059936523 -43.796875
v 4.857027530670166 28.027502059936523 -44.957366943359375
v 4.857027530670166 28.027502059936523 -46.117862701416016
v 4.857027530670166 28.027502059936523 -47.278354644775391
v 4.9628787040710449 27.86651611328125 44.400657653808594
v 4.9628787040710449 27.86651611328125 43.240161895751953
v 4.9628787040710449 27.86651611328125 42.079669952392578
v 4.9628787040710449 27.86651611328125 40.919174194335938
v 4.9628787040710449 27.86651611328125 39.758682250976562
v 4.9628787040710449 27.86651611328125 38.598186492919922
v 4.9628787040710449 27.86651611328125 37.437694549560547
v 4.9628787040710449 27.86651611328125 36.277198791503906
v 4.9628787040710449 27.86651611328125 35.116706848144531
v 4.9628787040710449 27.86651611328125 33.956211090087891
v 4.9628787040710449 27.86651611328125 32.795719146728516
v 4.9628787040710449 27.86651611328125 31.635225296020508
v 4.9628787040710449 27.86651611328125 30.4747314453125
v 4.9628787040710449 27.86651611328125 29.314237594604492
v 4.9628787040710449 27.86651611328125 28.153743743896484
v 4.9628787040710449 27.86651611328125 26.993249893188477
v 4.9628787040710449 27.86651611328125 25.832756042480469
v 4.9628787040710449 27.86651611328125 24.672262191772461
v 4.9628787040710449 27.86651611328125 23.511768341064453
v 4.9628787040710449 27.86651611328125 22.351274490356445
v 4.9628787040710449 27.86651611328125 21.190780639648438
v 4.9628787040710449 27.86651611328125 20.03028678894043
v 4.9628787040710449 27.86651611328125 18.869792938232422
v 4.9628787040710449 27.86651611328125 17.709299087524414
v 4.9628787040710449 27.86651611328125 16.548805236816406
v 4.9628787040710449 27.86651611328125 15.388311386108398
v 4.9628787040710449 27.86651611328125 14.227817535400391
v 4.9628787040710449 27.86651611328125 13.067323684692383
v 4.9628787040710449 27.86651611328125 11.906829833984375
v 4.9628787040710449 27.86651611328125 10.746335983276367
v 4.9628787040710449 27.86651611328125 9.5858421325683594
v 4.9628787040710449 27.86651611328125 8.4253482818603516
v 4.9628787040710449 27.86651611328125 7.264854907989502
v 4.9628787040710449 27.86651611328125 6.1043610572814941
v 4.9628787040710449 27.86651611328125 4.9438672065734863
v 4.9628787040710449 27.86651611328125 3.7833733558654785
v 4.9628787040710449 27.86651611328125 2.6228795051574707
v 4.9628787040710449 27.86651611328125 1.4623856544494629
v 4.9628787040710449 27.86651611328125 0.30189183354377747
v 4.9628787040710449 27.86651611328125 -0.85860198736190796
v 4.9628787040710449 27.86651611328125 -2.0190958976745605
v 4.9628787040710449 27.86651611328125 -3.1795897483825684
v 4.9628787040710449 27.86651611328125 -4.3400835990905762
v 4.9628787040710449 27.86651611328125 -5.500577449798584
v 4.9628787040710449 27.86651611328125 -6.6610713005065918
v 4.9628787040710449 27.86651611328125 -7.8215651512145996
v 4.9628787040710449 27.86651611328125 -8.9820585250854492
v 4.9628787040710449 27.86651611328125 -10.142552375793457
v 4.9628787040710449 27.86651611328125 -11.303046226501465
v 4.9628787040710449 27.86651611328125 -12.463540077209473
v 4.9628787040710449 27.86651611328125 -13.62403392791748
v 4.9628787040710449 27.86651611328125 -14.784527778625488
v 4.9628787040710449 27.86651611328125 -15.945021629333496
v 4.9628787040710449 27.86651611328125 -17.10551643371582
v 4.9628787040710449 27.86651611328125 -18.266010284423828
v 4.9628787040710449 27.86651611328125 -19.426504135131836
v 4.9628787040710449 27.86651611328125 -20.586997985839844
v 4.9628787040710449 27.86651611328125 -21.747491836547852
v 4.9628787040710449 27.86651611328125 -22.907983779907227
v 4.9628787040710449 27.86651611328125 -24.068477630615234
v 4.9628787040710449 27.86651611328125 -25.228971481323242
v 4.9628787040710449 27.86651611328125 -26.38946533203125
v 4.9628787040710449 27.86651611328125 -27.549959182739258
v 4.9628787040710449 27.86651611328125 -28.710453033447266
v 4.9628787040710449 27.86651611328125 -29.870946884155273
v 4.9628787040710449 27.86651611328125 -31.031440734863281
v 4.9628787040710449 27.86651611328125 -32.191936492919922
v 4.9628787040710449 27.86651611328125 -33.352428436279297
v 4.9628787040710449 27.86651611328125 -34.512924194335938
v 4.9628787040710449 27.86651611328125 -35.673416137695312
v 4.9628787040710449 27.86651611328125 -36.833911895751953
v 4.9628787040710449 27.86651611328125 -37.994403839111328
v 4.9628787040710449 27.86651611328125 -39.154899597167969
v 4.9628787040710449 27.86651611328125 -40.315391540527344
v 4.9628787040710449 27.86651611328125 -41.475887298583984
v 4.9628787040710449 27.86651611328125 -42.636379241943359
v 4.9628787040710449 27.86651611328125 -43.796875
v 4.9628787040710449 27.86651611328125 -44.957366943359375
v 4.9628787040710449 27.86651611328125 -46.117862701416016
v 4.9628787040710449 27.86651611328125 -47.278354644775391
v 5 27.677457809448242 45.561149597167969
v 5 27.677457809448242 44.400657653808594
v 5 27.677457809448242 43.240161895751953
v 5 27.677457809448242 42.079669952392578
v 5 27.677457809448242 40.919174194335938
v 5 27.677457809448242 39.758682250976562
v 5 27.677457809448242 38.598186492919922
v 5 27.677457809448242 37.437694549560547
v 5 27.677457809448242 36.277198791503906
v 5 27.677457809448242 35.116706848144531
v 5 27.677457809448242 33.956211090087891
v 5 27.677457809448242 32.795719146728516
v 5 27.677457809448242 31.635225296020508
v 5 27.677457809448242 30.4747314453125
v 5 27.677457809448242 29.314237594604492
v 5 27.677457809448242 28.153743743896484
v 5 27.677457809448242 26.993249893188477
v 5 27.677457809448242 25.832756042480469
v 5 27.677457809448242 24.672262191772461
v 5 27.677457809448242 23.511768341064453
v 5 27.677457809448242 22.351274490356445
v 5 27.677457809448242 21.190780639648438
v 5 27.677457809448242 20.03028678894043
v 5 27.677457809448242 18.869792938232422
v 5 27.677457809448242 17.709299087524414
v 5 27.677457809448242 16.548805236816406
v 5 27.677457809448242 15.388311386108398
v 5 27.677457809448242 14.227817535400391
v 5 27.677457809448242 13.067323684692383
v 5 27.677457809448242 11.906829833984375
v 5 27.677457809448242 10.746335983276367
v 5 27.677457809448242 9.5858421325683594
v 5 27.677457809448242 8.4253482818603516
v 5 27.677457809448242 7.264854907989502
v 5 27.677457809448242 6.1043610572814941
v 5 27.677457809448242 4.9438672065734863
v 5 27.677457809448242 3.7833733558654785
v 5 27.677457809448242 2.6228795051574707
v 5 27.677457809448242 1.4623856544494629
v 5 27.677457809448242 0.30189183354377747
v 5 27.677457809448242 -0.85860198736190796
v 5 27.677457809448242 -2.0190958976745605
v 5 27.677457809448242 -3.1795897483825684
v 5 27.677457809448242 -4.3400835990905762
v 5 27.677457809448242 -5.500577449798584
v 5 27.677457809448242 -6.6610713005065918
v 5 27.677457809448242 -7.8215651512145996
v 5 27.677457809448242 -8.9820585250854492
v 5 27.677457809448242 -10.142552375793457
v 5 27.677457809448242 -11.303046226501465
v 5 27.677457809448242 -12.463540077209473
v 5 27.677457809448242 -13.62403392791748
v 5 27.677457809448242 -14.784527778625488
v 5 27.677457809448242 -15.945021629333496
v 5 27.677457809448242 -17.10551643371582
v 5 27.677457809448242 -18.266010284423828
v 5 27.677457809448242 -19.426504135131836
v 5 27.677457809448242 -20.586997985839844
v 5 27.677457809448242 -21.747491836547852
v 5 27.677457809448242 -22.907983779907227
v 5 27.677457809448242 -24.068477630615234
v 5 27.677457809448242 -25.228971481323242
v 5 27.677457809448242 -26.38946533203125
v 5 27.677457809448242 -27.549959182739258
v 5 27.677457809448242 -28.710453033447266
v 5 27.677457809448242 -29.870946884155273
v 5 27.677457809448242 -31.031440734863281
v 5 27.677457809448242 -32.191936492919922
v 5 27.677457809448242 -33.352428436279297
v 5 27.677457809448242 -34.512924194335938
v 5 27.677457809448242 -35.673416137695312
v 5 27.677457809448242 -36.833911895751953
v 5 27.677457809448242 -37.994403839111328
v 5 27.677457809448242 -39.154899597167969
v 5 27.677457809448242 -40.315391540527344
v 5 27.677457809448242 -41.475887298583984
v 5 27.677457809448242 -42.636379241943359
v 5 27.677457809448242 -43.796875
v 5 27.677457809448242 -44.957366943359375
v 5 27.677457809448242 -46.117862701416016
v 5 27.677457809448242 -47.278354644775391
v 5 27.677457809448242 -48.438850402832031
v 4.961939811706543 27.868799209594727 -48.438850402832031
v 4.853553295135498 28.031011581420898 -48.438850402832031
v 4.6913418769836426 28.139398574829102 -48.438850402832031
v 4.9628787040710449 27.86651611328125 -47.858600616455078
v 4.9906320571899414 27.773792266845703 -47.278354644775391
v 4.9906320571899414 27.773792266845703 -47.858600616455078
v 4.857027530670166 28.027502059936523 -47.858600616455078
v 4.917780876159668 27.952156066894531 -47.278354644775391
v 4.917780876159668 27.952156066894531 -47.858600616455078
v 4.6971378326416016 28.136953353881836 -47.858600616455078
v 4.782435417175293 28.090047836303711 -47.278354644775391
v 4.782435417175293 28.090047836303711 -47.858600616455078
v 4.6006278991699219 28.167226791381836 -47.278354644775391
v 4.6006278991699219 28.167226791381836 -47.858600616455078
v 4.6913418769836426 28.139398574829102 45.561149597167969
v 4.853553295135498 28.031011581420898 45.561149597167969
v 4.961939811706543 27.868799209594727 45.561149597167969
v 4.6971378326416016 28.136953353881836 44.980903625488281
v 4.6006278991699219 28.167226791381836 44.400657653808594
v 4.6006278991699219 28.167226791381836 44.980903625488281
v 4.857027530670166 28.027502059936523 44.980903625488281
v 4.782435417175293 28.090047836303711 44.400657653808594
v 4.782435417175293 28.090047836303711 44.980903625488281
v 4.9628787040710449 27.86651611328125 44.980903625488281
v 4.917780876159668 27.952156066894531 44.400657653808594
v 4.917780876159668 27.952156066894531 44.980903625488281
v 4.9906320571899414 27.773792266845703 44.400657653808594
v 4.9906320571899414 27.773792266845703 44.980903625488281
v 4.5 25.177457809448242 -51.438850402832031
v 4.5 24.034601211547852 -51.438850402832031
v 4.5 22.891744613647461 -51.438850402832031
v 4.5 21.748886108398438 -51.438850402832031
v 4.5 20.606029510498047 -51.438850402832031
v 4.5 19.463172912597656 -51.438850402832031
v 4.5 18.320314407348633 -51.438850402832031
v 4.5 17.177457809448242 -51.438850402832031
v 4.5 16.034601211547852 -51.438850402832031
v 4.5 14.891743659973145 -51.438850402832031
v 4.5 13.748887062072754 -51.438850402832031
v 4.5 12.606029510498047 -51.438850402832031
v 4.5 11.46317195892334 -51.438850402832031
v 4.5 10.320315361022949 -51.438850402832031
v 4.5 9.1774578094482422 -51.438850402832031
v 4.5 8.0346012115478516 -51.438850402832031
v 4.5 6.8917436599731445 -51.438850402832031
v 4.5 5.7488865852355957 -51.438850402832031
v 4.5 4.6060295104980469 -51.438850402832031
v 4.5 3.463172435760498 -51.438850402832031
v 4.5 1.1774580478668213 -51.438850402832031
v 4.6971378326416016 24.034601211547852 -51.398345947265625
v 4.6971378326416016 22.891744613647461 -51.398345947265625
v 4.6971378326416016 21.748886108398438 -51.398345947265625
v 4.6971378326416016 20.606029510498047 -51.398345947265625
v 4.6971378326416016 19.463172912597656 -51.398345947265625
v 4.6971378326416016 18.320314407348633 -51.398345947265625
v 4.6971378326416016 17.177457809448242 -51.398345947265625
v 4.6971378326416016 16.034601211547852 -51.398345947265625
v 4.6971378326416016 14.891743659973145 -51.398345947265625
v 4.6971378326416016 13.748887062072754 -51.398345947265625
v 4.6971378326416016 12.606029510498047 -51.398345947265625
v 4.6971378326416016 11.46317195892334 -51.398345947265625
v 4.6971378326416016 10.320315361022949 -51.398345947265625
v 4.6971378326416016 9.1774578094482422 -51.398345947265625
v 4.6971378326416016 8.0346012115478516 -51.398345947265625
v 4.6971378326416016 6.8917436599731445 -51.398345947265625
v 4.6971378326416016 5.7488865852355957 -51.398345947265625
v 4.6971378326416016 4.6060295104980469 -51.398345947265625
v 4.6971378326416016 3.463172435760498 -51.398345947265625
v 4.6971378326416016 2.3203151226043701 -51.398345947265625
v 4.857027530670166 24.034601211547852 -51.288894653320312
v 4.857027530670166 22.891744613647461 -51.288894653320312
v 4.857027530670166 21.748886108398438 -51.288894653320312
v 4.857027530670166 20.606029510498047 -51.288894653320312
v 4.857027530670166 19.463172912597656 -51.288894653320312
v 4.857027530670166 18.320314407348633 -51.288894653320312
v 4.857027530670166 17.177457809448242 -51.288894653320312
v 4.857027530670166 16.034601211547852 -51.288894653320312
v 4.857027530670166 14.891743659973145 -51.288894653320312
v 4.857027530670166 13.748887062072754 -51.288894653320312
v 4.857027530670166 12.606029510498047 -51.288894653320312
v 4.857027530670166 11.46317195892334 -51.288894653320312
v 4.857027530670166 10.320315361022949 -51.288894653320312
v 4.857027530670166 9.1774578094482422 -51.288894653320312
v 4.857027530670166 8.0346012115478516 -51.288894653320312
v 4.857027530670166 6.8917436599731445 -51.288894653320312
v 4.857027530670166 5.7488865852355957 -51.288894653320312
v 4.857027530670166 4.6060295104980469 -51.288894653320312
v 4.857027530670166 3.463172435760498 -51.288894653320312
v 4.857027530670166 2.3203151226043701 -51.288894653320312
v 4.9628787040710449 24.034601211547852 -51.127906799316406
v 4.9628787040710449 22.891744613647461 -51.127906799316406
v 4.9628787040710449 21.748886108398438 -51.127906799316406
v 4.9628787040710449 20.606029510498047 -51.127906799316406
v 4.9628787040710449 19.463172912597656 -51.127906799316406
v 4.9628787040710449 18.320314407348633 -51.127906799316406
v 4.9628787040710449 17.177457809448242 -51.127906799316406
v 4.9628787040710449 16.034601211547852 -51.127906799316406
v 4.9628787040710449 14.891743659973145 -51.127906799316406
v 4.9628787040710449 13.748887062072754 -51.127906799316406
v 4.9628787040710449 12.606029510498047 -51.127906799316406
v 4.9628787040710449 11.46317195892334 -51.127906799316406
v 4.9628787040710449 10.320315361022949 -51.127906799316406
v 4.9628787040710449 9.1774578094482422 -51.127906799316406
v 4.9628787040710449 8.0346012115478516 -51.127906799316406
v 4.9628787040710449 6.8917436599731445 -51.127906799316406
v 4.9628787040710449 5.7488865852355957 -51.127906799316406
v 4.9628787040710449 4.6060295104980469 -51.127906799316406
v 4.9628787040710449 3.463172435760498 -51.127906799316406
v 4.9628787040710449 2.3203151226043701 -51.127906799316406
v 5 25.177457809448242 -50.938850402832031
v 5 24.034601211547852 -50.938850402832031
v 5 22.891744613647461 -50.938850402832031
v 5 21.748886108398438 -50.938850402832031
v 5 20.606029510498047 -50.938850402832031
v 5 19.463172912597656 -50.938850402832031
v 5 18.320314407348633 -50.938850402832031
v 5 17.177457809448242 -50.938850402832031
v 5 16.034601211547852 -50.938850402832031
v 5 14.891743659973145 -50.938850402832031
v 5 13.748887062072754 -50.938850402832031
v 5 12.606029510498047 -50.938850402832031
v 5 11.46317195892334 -50.938850402832031
v 5 10.320315361022949 -50.938850402832031
v 5 9.1774578094482422 -50.938850402832031
v 5 8.0346012115478516 -50.938850402832031
v 5 6.8917436599731445 -50.938850402832031
v 5 5.7488865852355957 -50.938850402832031
v 5 4.6060295104980469 -50.938850402832031
v 5 3.463172435760498 -50.938850402832031
v 5 2.3203151226043701 -50.938850402832031
v 5 1.1774580478668213 -50.938850402832031
v 4.6913418769836426 25.177457809448242 -51.400787353515625
v 4.853553295135498 25.177457809448242 -51.292404174804688
v 4.961939811706543 25.177457809448242 -51.130191802978516
v 4.6971378326416016 24.606029510498047 -51.398345947265625
v 4.6006278991699219 24.034601211547852 -51.428619384765625
v 4.6006278991699219 24.606029510498047 -51.428619384765625
v 4.857027530670166 24.606029510498047 -51.288894653320312
v 4.782435417175293 24.034601211547852 -51.3514404296875
v 4.782435417175293 24.606029510498047 -51.3514404296875
v 4.9628787040710449 24.606029510498047 -51.127906799316406
v 4.917780876159668 24.034601211547852 -51.213546752929688
v 4.917780876159668 24.606029510498047 -51.213546752929688
v 4.9906320571899414 24.034601211547852 -51.035182952880859
v 4.9906320571899414 24.606029510498047 -51.035182952880859
v 4.961939811706543 1.1774580478668213 -51.130191802978516
v 4.853553295135498 1.1774580478668213 -51.292404174804688
v 4.6913418769836426 1.1774580478668213 -51.400787353515625
v 4.9628787040710449 1.7488865852355957 -51.127906799316406
v 4.9906320571899414 2.3203151226043701 -51.035182952880859
v 4.9906320571899414 1.7488865852355957 -51.035182952880859
v 4.857027530670166 1.7488865852355957 -51.288894653320312
v 4.917780876159668 2.3203151226043701 -51.213546752929688
v 4.917780876159668 1.7488865852355957 -51.213546752929688
v 4.6971378326416016 1.7488865852355957 -51.398345947265625
v 4.782435417175293 2.3203151226043701 -51.3514404296875
v 4.782435417175293 1.7488865852355957 -51.3514404296875
v 4.6006278991699219 2.3203151226043701 -51.428619384765625
v 4.6006278991699219 1.7488865852355957 -51.428619384765625
v 4.5 28.177457809448242 45.561149597167969
v 5 27.677457809448242 45.561149597167969
v 4.6971378326416016 27.981508255004883 46.507682800292969
v 4.857027530670166 27.877805709838867 46.472675323486328
v 4.9628787040710449 27.725275039672852 46.421188354492188
v 5 27.546146392822266 46.360721588134766
v 4.6971378326416016 27.550960540771484 47.328948974609375
v 4.857027530670166 27.463180541992188 47.263568878173828
v 4.9628787040710449 27.334070205688477 47.167407989501953
v 5 27.182445526123047 47.054477691650391
v 4.6971378326416016 26.898036956787109 47.969100952148438
v 4.857027530670166 26.834405899047852 47.880046844482422
v 4.9628787040710449 26.740812301635742 47.749065399169922
v 5 26.630897521972656 47.595237731933594
v 4.6971378326416016 26.080867767333984 48.379390716552734
v 4.857027530670166 26.047456741333008 48.275161743164062
v 4.9628787040710449 25.998313903808594 48.121860504150391
v 4.5 25.177457809448242 48.561149597167969
v 5 25.177457809448242 48.061149597167969
v 4.5 28.102241516113281 46.228713989257812
v 4.5 27.880365371704102 46.862800598144531
v 4.5 27.522953033447266 47.431621551513672
v 4.5 27.047927856445312 47.906646728515625
v 4.5 26.479108810424805 48.264057159423828
v 4.5 25.845020294189453 48.485935211181641
v 4.961939811706543 27.868799209594727 45.561149597167969
v 4.853553295135498 28.031011581420898 45.561149597167969
v 4.6913418769836426 28.139398574829102 45.561149597167969
v 4.9906320571899414 27.637420654296875 46.391532897949219
v 4.9628787040710449 27.830970764160156 45.996929168701172
v 4.9906320571899414 27.739473342895508 45.981903076171875
v 4.917780876159668 27.806417465209961 46.448577880859375
v 4.857027530670166 27.989830017089844 46.023017883300781
v 4.917780876159668 27.91547966003418 46.010807037353516
v 4.782435417175293 27.937065124511719 46.492679595947266
v 4.6971378326416016 28.097833633422852 46.040756225585938
v 4.782435417175293 28.051548004150391 46.033153533935547
v 4.6006278991699219 28.010190963745117 46.517364501953125
v 4.6006278991699219 28.127706527709961 46.045661926269531
v 4.6913418769836426 25.177457809448242 48.523090362548828
v 4.853553295135498 25.177457809448242 48.414703369140625
v 4.961939811706543 25.177457809448242 48.252490997314453
v 4.6971378326416016 25.634651184082031 48.485118865966797
v 4.6006278991699219 26.090108871459961 48.408218383789062
v 4.6006278991699219 25.639328002929688 48.515029907226562
v 4.857027530670166 25.617742538452148 48.376983642578125
v 4.782435417175293 26.066549301147461 48.334720611572266
v 4.782435417175293 25.627405166625977 48.438777923583984
v 4.9628787040710449 25.592872619628906 48.217929840087891
v 4.917780876159668 26.024457931518555 48.203411102294922
v 4.917780876159668 25.606103897094727 48.302539825439453
v 4.5 -1.8225419521331787 -48.438850402832031
v 5 -1.3225419521331787 -48.438850402832031
v 4.6971378326416016 -1.6265921592712402 -49.385379791259766
v 4.857027530670166 -1.5228898525238037 -49.350372314453125
v 4.9628787040710449 -1.3703591823577881 -49.298885345458984
v 5 -1.1912307739257812 -49.238418579101562
v 4.6971378326416016 -1.1960439682006836 -50.206645965576172
v 4.857027530670166 -1.1082645654678345 -50.141265869140625
v 4.9628787040710449 -0.97915428876876831 -50.04510498046875
v 5 -0.82753020524978638 -49.932174682617188
v 4.6971378326416016 -0.54312175512313843 -50.846797943115234
v 4.857027530670166 -0.47948944568634033 -50.757743835449219
v 4.9628787040710449 -0.38589587807655334 -50.626762390136719
v 5 -0.27598175406455994 -50.472934722900391
v 4.6971378326416016 0.27404811978340149 -51.257087707519531
v 4.857027530670166 0.30745896697044373 -51.152858734130859
v 4.9628787040710449 0.35660132765769958 -50.999557495117188
v 4.5 1.1774580478668213 -51.438850402832031
v 5 1.1774580478668213 -50.938850402832031
v 4.5 -1.7473256587982178 -49.106410980224609
v 4.5 -1.5254485607147217 -49.740501403808594
v 4.5 -1.1680364608764648 -50.309318542480469
v 4.5 -0.69301134347915649 -50.784343719482422
v 4.5 -0.12419318407773972 -51.141754150390625
v 4.5 0.5098952054977417 -51.363632202148438
v 4.6913418769836426 1.1774580478668213 -51.400787353515625
v 4.853553295135498 1.1774580478668213 -51.292404174804688
v 4.961939811706543 1.1774580478668213 -51.130191802978516
v 4.6971378326416016 0.72026461362838745 -51.362815856933594
v 4.6006278991699219 0.26480695605278015 -51.285915374755859
v 4.6006278991699219 0.71558791399002075 -51.392726898193359
v 4.857027530670166 0.73717302083969116 -51.254680633544922
v 4.782435417175293 0.2883666455745697 -51.212421417236328
v 4.782435417175293 0.72751086950302124 -51.316474914550781
v 4.9628787040710449 0.76204276084899902 -51.095626831054688
v 4.917780876159668 0.33045902848243713 -51.081111907958984
v 4.917780876159668 0.74881279468536377 -51.18023681640625
v 4.961939811706543 -1.5138837099075317 -48.438850402832031
v 4.853553295135498 -1.6760953664779663 -48.438850402832031
v 4.6913418769836426 -1.7844817638397217 -48.438850402832031
v 4.9906320571899414 -1.2825051546096802 -49.269229888916016
v 4.9628787040710449 -1.4760552644729614 -48.874626159667969
v 4.9906320571899414 -1.3845566511154175 -48.859600067138672
v 4.917780876159668 -1.4515008926391602 -49.326274871826172
v 4.857027530670166 -1.6349136829376221 -48.900714874267578
v 4.917780876159668 -1.5605632066726685 -48.888507843017578
v 4.782435417175293 -1.5821495056152344 -49.370376586914062
v 4.6971378326416016 -1.7429180145263672 -48.918453216552734
v 4.782435417175293 -1.6966317892074585 -48.910850524902344
v 4.6006278991699219 -1.6552752256393433 -49.395061492919922
v 4.6006278991699219 -1.7727911472320557 -48.923358917236328
v 4.5 1.1774580478668213 48.561149597167969
v 4.5 2.3203151226043701 48.561149597167969
v 4.5 3.463172435760498 48.561149597167969
v 4.5 4.6060295104980469 48.561149597167969
v 4.5 5.7488865852355957 48.561149597167969
v 4.5 6.8917436599731445 48.561149597167969
v 4.5 8.0346012115478516 48.561149597167969
v 4.5 9.1774578094482422 48.561149597167969
v 4.5 10.320315361022949 48.561149597167969
v 4.5 11.46317195892334 48.561149597167969
v 4.5 12.606029510498047 48.561149597167969
v 4.5 13.748887062072754 48.561149597167969
v 4.5 14.891743659973145 48.561149597167969
v 4.5 16.034601211547852 48.561149597167969
v 4.5 17.177457809448242 48.561149597167969
v 4.5 18.320314407348633 48.561149597167969
v 4.5 19.463172912597656 48.561149597167969
v 4.5 20.606029510498047 48.561149597167969
v 4.5 21.748886108398438 48.561149597167969
v 4.5 22.891744613647461 48.561149597167969
v 4.5 24.034601211547852 48.561149597167969
v 4.5 25.177457809448242 48.561149597167969
v 4.6971378326416016 2.3203151226043701 48.520648956298828
v 4.6971378326416016 3.463172435760498 48.520648956298828
v 4.6971378326416016 4.6060295104980469 48.520648956298828
v 4.6971378326416016 5.7488865852355957 48.520648956298828
v 4.6971378326416016 6.8917436599731445 48.520648956298828
v 4.6971378326416016 8.0346012115478516 48.520648956298828
v 4.6971378326416016 9.1774578094482422 48.520648956298828
v 4.6971378326416016 10.320315361022949 48.520648956298828
v 4.6971378326416016 11.46317195892334 48.520648956298828
v 4.6971378326416016 12.606029510498047 48.520648956298828
v 4.6971378326416016 13.748887062072754 48.520648956298828
v 4.6971378326416016 14.891743659973145 48.520648956298828
v 4.6971378326416016 16.034601211547852 48.520648956298828
v 4.6971378326416016 17.177457809448242 48.520648956298828
v 4.6971378326416016 18.320314407348633 48.520648956298828
v 4.6971378326416016 19.463172912597656 48.520648956298828
v 4.6971378326416016 20.606029510498047 48.520648956298828
v 4.6971378326416016 21.748886108398438 48.520648956298828
v 4.6971378326416016 22.891744613647461 48.520648956298828
v 4.6971378326416016 24.034601211547852 48.520648956298828
v 4.857027530670166 2.3203151226043701 48.411197662353516
v 4.857027530670166 3.463172435760498 48.411197662353516
v 4.857027530670166 4.6060295104980469 48.411197662353516
v 4.857027530670166 5.7488865852355957 48.411197662353516
v 4.857027530670166 6.8917436599731445 48.411197662353516
v 4.857027530670166 8.0346012115478516 48.411197662353516
v 4.857027530670166 9.1774578094482422 48.411197662353516
v 4.857027530670166 10.320315361022949 48.411197662353516
v 4.857027530670166 11.46317195892334 48.411197662353516
v 4.857027530670166 12.606029510498047 48.411197662353516
v 4.857027530670166 13.748887062072754 48.411197662353516
v 4.857027530670166 14.891743659973145 48.411197662353516
v 4.857027530670166 16.034601211547852 48.411197662353516
v 4.857027530670166 17.177457809448242 48.411197662353516
v 4.857027530670166 18.320314407348633 48.411197662353516
v 4.857027530670166 19.463172912597656 48.411197662353516
v 4.857027530670166 20.606029510498047 48.411197662353516
v 4.857027530670166 21.748886108398438 48.411197662353516
v 4.857027530670166 22.891744613647461 48.411197662353516
v 4.857027530670166 24.034601211547852 48.411197662353516
v 4.9628787040710449 2.3203151226043701 48.250209808349609
v 4.9628787040710449 3.463172435760498 48.250209808349609
v 4.9628787040710449 4.6060295104980469 48.250209808349609
v 4.9628787040710449 5.7488865852355957 48.250209808349609
v 4.9628787040710449 6.8917436599731445 48.250209808349609
v 4.9628787040710449 8.0346012115478516 48.250209808349609
v 4.9628787040710449 9.1774578094482422 48.250209808349609
v 4.9628787040710449 10.320315361022949 48.250209808349609
v 4.9628787040710449 11.46317195892334 48.250209808349609
v 4.9628787040710449 12.606029510498047 48.250209808349609
v 4.9628787040710449 13.748887062072754 48.250209808349609
v 4.9628787040710449 14.891743659973145 48.250209808349609
v 4.9628787040710449 16.034601211547852 48.250209808349609
v 4.9628787040710449 17.177457809448242 48.250209808349609
v 4.9628787040710449 18.320314407348633 48.250209808349609
v 4.9628787040710449 19.463172912597656 48.250209808349609
v 4.9628787040710449 20.606029510498047 48.250209808349609
v 4.9628787040710449 21.748886108398438 48.250209808349609
v 4.9628787040710449 22.891744613647461 48.250209808349609
v 4.9628787040710449 24.034601211547852 48.250209808349609
v 5 1.1774580478668213 48.061149597167969
v 5 3.463172435760498 48.061149597167969
v 5 4.6060295104980469 48.061149597167969
v 5 5.7488865852355957 48.061149597167969
v 5 6.8917436599731445 48.061149597167969
v 5 8.0346012115478516 48.061149597167969
v 5 9.1774578094482422 48.061149597167969
v 5 10.320315361022949 48.061149597167969
v 5 11.46317195892334 48.061149597167969
v 5 12.606029510498047 48.061149597167969
v 5 13.748887062072754 48.061149597167969
v 5 14.891743659973145 48.061149597167969
v 5 16.034601211547852 48.061149597167969
v 5 17.177457809448242 48.061149597167969
v 5 18.320314407348633 48.061149597167969
v 5 19.463172912597656 48.061149597167969
v 5 20.606029510498047 48.061149597167969
v 5 21.748886108398438 48.061149597167969
v 5 22.891744613647461 48.061149597167969
v 5 24.034601211547852 48.061149597167969
v 5 25.177457809448242 48.061149597167969
v 4.961939811706543 25.177457809448242 48.252490997314453
v 4.853553295135498 25.177457809448242 48.414703369140625
v 4.6913418769836426 25.177457809448242 48.523090362548828
v 4.9628787040710449 24.606029510498047 48.250209808349609
v 4.9906320571899414 24.034601211547852 48.157485961914062
v 4.9906320571899414 24.606029510498047 48.157485961914062
v 4.857027530670166 24.606029510498047 48.411197662353516
v 4.917780876159668 24.034601211547852 48.335849761962891
v 4.917780876159668 24.606029510498047 48.335849761962891
v 4.6971378326416016 24.606029510498047 48.520648956298828
v 4.782435417175293 24.034601211547852 48.473739624023438
v 4.782435417175293 24.606029510498047 48.473739624023438
v 4.6006278991699219 24.034601211547852 48.550918579101562
v 4.6006278991699219 24.606029510498047 48.550918579101562
v 4.6913418769836426 1.1774580478668213 48.523090362548828
v 4.853553295135498 1.1774580478668213 48.414703369140625
v 4.961939811706543 1.1774580478668213 48.252490997314453
v 4.6971378326416016 1.7488865852355957 48.520648956298828
v 4.6006278991699219 2.3203151226043701 48.550918579101562
v 4.6006278991699219 1.7488865852355957 48.550918579101562
v 4.857027530670166 1.7488865852355957 48.411197662353516
v 4.782435417175293 2.3203151226043701 48.473739624023438
v 4.782435417175293 1.7488865852355957 48.473739624023438
v 4.9628787040710449 1.7488865852355957 48.250209808349609
v 4.917780876159668 2.3203151226043701 48.335849761962891
v 4.917780876159668 1.7488865852355957 48.335849761962891
v 4.9906320571899414 2.3203151226043701 48.157485961914062
v 4.9906320571899414 1.7488865852355957 48.157485961914062
v 4.5 -1.8225419521331787 -48.438850402832031
v 4.5 -1.8225419521331787 -47.278354644775391
v 4.5 -1.8225419521331787 -46.117862701416016
v 4.5 -1.8225419521331787 -44.957366943359375
v 4.5 -1.8225419521331787 -43.796875
v 4.5 -1.8225419521331787 -42.636379241943359
v 4.5 -1.8225419521331787 -41.475887298583984
v 4.5 -1.8225419521331787 -40.315391540527344
v 4.5 -1.8225419521331787 -39.154899597167969
v 4.5 -1.8225419521331787 -37.994403839111328
v 4.5 -1.8225419521331787 -36.833911895751953
v 4.5 -1.8225419521331787 -35.673416137695312
v 4.5 -1.8225419521331787 -34.512924194335938
v 4.5 -1.8225419521331787 -33.352428436279297
v 4.5 -1.8225419521331787 -32.191936492919922
v 4.5 -1.8225419521331787 -31.031440734863281
v 4.5 -1.8225419521331787 -29.870946884155273
v 4.5 -1.8225419521331787 -28.710453033447266
v 4.5 -1.8225419521331787 -27.549959182739258
v 4.5 -1.8225419521331787 -26.38946533203125
v 4.5 -1.8225419521331787 -25.228971481323242
v 4.5 -1.8225419521331787 -24.068477630615234
v 4.5 -1.8225419521331787 -22.907983779907227
v 4.5 -1.8225419521331787 -21.747491836547852
v 4.5 -1.8225419521331787 -20.586997985839844
v 4.5 -1.8225419521331787 -19.426504135131836
v 4.5 -1.8225419521331787 -18.266010284423828
v 4.5 -1.8225419521331787 -17.10551643371582
v 4.5 -1.8225419521331787 -15.945021629333496
v 4.5 -1.8225419521331787 -14.784527778625488
v 4.5 -1.8225419521331787 -13.62403392791748
v 4.5 -1.8225419521331787 -12.463540077209473
v 4.5 -1.8225419521331787 -11.303046226501465
v 4.5 -1.8225419521331787 -10.142552375793457
v 4.5 -1.8225419521331787 -8.9820585250854492
v 4.5 -1.8225419521331787 -7.8215651512145996
v 4.5 -1.8225419521331787 -6.6610713005065918
v 4.5 -1.8225419521331787 -5.500577449798584
v 4.5 -1.8225419521331787 -4.3400835990905762
v 4.5 -1.8225419521331787 -3.1795897483825684
v 4.5 -1.8225419521331787 -2.0190958976745605
v 4.5 -1.8225419521331787 -0.85860198736190796
v 4.5 -1.8225419521331787 0.30189183354377747
v 4.5 -1.8225419521331787 1.4623856544494629
v 4.5 -1.8225419521331787 2.6228795051574707
v 4.5 -1.8225419521331787 3.7833733558654785
v 4.5 -1.8225419521331787 4.9438672065734863
v 4.5 -1.8225419521331787 6.1043610572814941
v 4.5 -1.8225419521331787 7.264854907989502
v 4.5 -1.8225419521331787 8.4253482818603516
v 4.5 -1.8225419521331787 9.5858421325683594
v 4.5 -1.8225419521331787 10.746335983276367
v 4.5 -1.8225419521331787 11.906829833984375
v 4.5 -1.8225419521331787 13.067323684692383
v 4.5 -1.8225419521331787 14.227817535400391
v 4.5 -1.8225419521331787 15.388311386108398
v 4.5 -1.8225419521331787 16.548805236816406
v 4.5 -1.8225419521331787 17.709299087524414
v 4.5 -1.8225419521331787 18.869792938232422
v 4.5 -1.8225419521331787 20.03028678894043
v 4.5 -1.8225419521331787 21.190780639648438
v 4.5 -1.8225419521331787 22.351274490356445
v 4.5 -1.8225419521331787 23.511768341064453
v 4.5 -1.8225419521331787 24.672262191772461
v 4.5 -1.8225419521331787 25.832756042480469
v 4.5 -1.8225419521331787 26.993249893188477
v 4.5 -1.8225419521331787 28.153743743896484
v 4.5 -1.8225419521331787 29.314237594604492
v 4.5 -1.8225419521331787 30.4747314453125
v 4.5 -1.8225419521331787 31.635225296020508
v 4.5 -1.8225419521331787 32.795719146728516
v 4.5 -1.8225419521331787 33.956211090087891
v 4.5 -1.8225419521331787 35.116706848144531
v 4.5 -1.8225419521331787 36.277198791503906
v 4.5 -1.8225419521331787 37.437694549560547
v 4.5 -1.8225419521331787 38.598186492919922
v 4.5 -1.8225419521331787 39.758682250976562
v 4.5 -1.8225419521331787 40.919174194335938
v 4.5 -1.8225419521331787 42.079669952392578
v 4.5 -1.8225419521331787 43.240161895751953
v 4.5 -1.8225419521331787 44.400657653808594
v 4.5 -1.8225419521331787 45.561149597167969
v 4.6971378326416016 -1.7820380926132202 -47.278354644775391
v 4.6971378326416016 -1.7820380926132202 -46.117862701416016
v 4.6971378326416016 -1.7820380926132202 -44.957366943359375
v 4.6971378326416016 -1.7820380926132202 -43.796875
v 4.6971378326416016 -1.7820380926132202 -42.636379241943359
v 4.6971378326416016 -1.7820380926132202 -41.475887298583984
v 4.6971378326416016 -1.7820380926132202 -40.315391540527344
v 4.6971378326416016 -1.7820380926132202 -39.154899597167969
v 4.6971378326416016 -1.7820380926132202 -37.994403839111328
v 4.6971378326416016 -1.7820380926132202 -36.833911895751953
v 4.6971378326416016 -1.7820380926132202 -35.673416137695312
v 4.6971378326416016 -1.7820380926132202 -34.512924194335938
v 4.6971378326416016 -1.7820380926132202 -33.352428436279297
v 4.6971378326416016 -1.7820380926132202 -32.191936492919922
v 4.6971378326416016 -1.7820380926132202 -31.031440734863281
v 4.6971378326416016 -1.7820380926132202 -29.870946884155273
v 4.6971378326416016 -1.7820380926132202 -28.710453033447266
v 4.6971378326416016 -1.7820380926132202 -27.549959182739258
v 4.6971378326416016 -1.7820380926132202 -26.38946533203125
v 4.6971378326416016 -1.7820380926132202 -25.228971481323242
v 4.6971378326416016 -1.7820380926132202 -24.068477630615234
v 4.6971378326416016 -1.7820380926132202 -22.907983779907227
v 4.6971378326416016 -1.7820380926132202 -21.747491836547852
v 4.6971378326416016 -1.7820380926132202 -20.586997985839844
v 4.6971378326416016 -1.7820380926132202 -19.426504135131836
v 4.6971378326416016 -1.7820380926132202 -18.266010284423828
v 4.6971378326416016 -1.7820380926132202 -17.10551643371582
v 4.6971378326416016 -1.7820380926132202 -15.945021629333496
v 4.6971378326416016 -1.7820380926132202 -14.784527778625488
v 4.6971378326416016 -1.7820380926132202 -13.62403392791748
v 4.6971378326416016 -1.7820380926132202 -12.463540077209473
v 4.6971378326416016 -1.7820380926132202 -11.303046226501465
v 4.6971378326416016 -1.7820380926132202 -10.142552375793457
v 4.6971378326416016 -1.7820380926132202 -8.9820585250854492
v 4.6971378326416016 -1.7820380926132202 -7.8215651512145996
v 4.6971378326416016 -1.7820380926132202 -6.6610713005065918
v 4.6971378326416016 -1.7820380926132202 -5.500577449798584
v 4.6971378326416016 -1.7820380926132202 -4.3400835990905762
v 4.6971378326416016 -1.7820380926132202 -3.1795897483825684
v 4.6971378326416016 -1.7820380926132202 -2.0190958976745605
v 4.6971378326416016 -1.7820380926132202 -0.85860198736190796
v 4.6971378326416016 -1.7820380926132202 0.30189183354377747
v 4.6971378326416016 -1.7820380926132202 1.4623856544494629
v 4.6971378326416016 -1.7820380926132202 2.6228795051574707
v 4.6971378326416016 -1.7820380926132202 3.7833733558654785
v 4.6971378326416016 -1.7820380926132202 4.9438672065734863
v 4.6971378326416016 -1.7820380926132202 6.1043610572814941
v 4.6971378326416016 -1.7820380926132202 7.264854907989502
v 4.6971378326416016 -1.7820380926132202 8.4253482818603516
v 4.6971378326416016 -1.7820380926132202 9.5858421325683594
v 4.6971378326416016 -1.7820380926132202 10.746335983276367
v 4.6971378326416016 -1.7820380926132202 11.906829833984375
v 4.6971378326416016 -1.7820380926132202 13.067323684692383
v 4.6971378326416016 -1.7820380926132202 14.227817535400391
v 4.6971378326416016 -1.7820380926132202 15.388311386108398
v 4.6971378326416016 -1.7820380926132202 16.548805236816406
v 4.6971378326416016 -1.7820380926132202 17.709299087524414
v 4.6971378326416016 -1.7820380926132202 18.869792938232422
v 4.6971378326416016 -1.7820380926132202 20.03028678894043
v 4.6971378326416016 -1.7820380926132202 21.190780639648438
v 4.6971378326416016 -1.7820380926132202 22.351274490356445
v 4.6971378326416016 -1.7820380926132202 23.511768341064453
v 4.6971378326416016 -1.7820380926132202 24.672262191772461
v 4.6971378326416016 -1.7820380926132202 25.832756042480469
v 4.6971378326416016 -1.7820380926132202 26.993249893188477
v 4.6971378326416016 -1.7820380926132202 28.153743743896484
v 4.6971378326416016 -1.7820380926132202 29.314237594604492
v 4.6971378326416016 -1.7820380926132202 30.4747314453125
v 4.6971378326416016 -1.7820380926132202 31.635225296020508
v 4.6971378326416016 -1.7820380926132202 32.795719146728516
v 4.6971378326416016 -1.7820380926132202 33.956211090087891
v 4.6971378326416016 -1.7820380926132202 35.116706848144531
v 4.6971378326416016 -1.7820380926132202 36.277198791503906
v 4.6971378326416016 -1.7820380926132202 37.437694549560547
v 4.6971378326416016 -1.7820380926132202 38.598186492919922
v 4.6971378326416016 -1.7820380926132202 39.758682250976562
v 4.6971378326416016 -1.7820380926132202 40.919174194335938
v 4.6971378326416016 -1.7820380926132202 42.079669952392578
v 4.6971378326416016 -1.7820380926132202 43.240161895751953
v 4.6971378326416016 -1.7820380926132202 44.400657653808594
v 4.857027530670166 -1.6725869178771973 -47.278354644775391
v 4.857027530670166 -1.6725869178771973 -46.117862701416016
v 4.857027530670166 -1.6725869178771973 -44.957366943359375
v 4.857027530670166 -1.6725869178771973 -43.796875
v 4.857027530670166 -1.6725869178771973 -42.636379241943359
v 4.857027530670166 -1.6725869178771973 -41.475887298583984
v 4.857027530670166 -1.6725869178771973 -40.315391540527344
v 4.857027530670166 -1.6725869178771973 -39.154899597167969
v 4.857027530670166 -1.6725869178771973 -37.994403839111328
v 4.857027530670166 -1.6725869178771973 -36.833911895751953
v 4.857027530670166 -1.6725869178771973 -35.673416137695312
v 4.857027530670166 -1.6725869178771973 -34.512924194335938
v 4.857027530670166 -1.6725869178771973 -33.352428436279297
v 4.857027530670166 -1.6725869178771973 -32.191936492919922
v 4.857027530670166 -1.6725869178771973 -31.031440734863281
v 4.857027530670166 -1.6725869178771973 -29.870946884155273
v 4.857027530670166 -1.6725869178771973 -28.710453033447266
v 4.857027530670166 -1.6725869178771973 -27.549959182739258
v 4.857027530670166 -1.6725869178771973 -26.38946533203125
v 4.857027530670166 -1.6725869178771973 -25.228971481323242
v 4.857027530670166 -1.6725869178771973 -24.068477630615234
v 4.857027530670166 -1.6725869178771973 -22.907983779907227
v 4.857027530670166 -1.6725869178771973 -21.747491836547852
v 4.857027530670166 -1.6725869178771973 -20.586997985839844
v 4.857027530670166 -1.6725869178771973 -19.426504135131836
v 4.857027530670166 -1.6725869178771973 -18.266010284423828
v 4.857027530670166 -1.6725869178771973 -17.10551643371582
v 4.857027530670166 -1.6725869178771973 -15.945021629333496
v 4.857027530670166 -1.6725869178771973 -14.784527778625488
v 4.857027530670166 -1.6725869178771973 -13.62403392791748
v 4.857027530670166 -1.6725869178771973 -12.463540077209473
v 4.857027530670166 -1.6725869178771973 -11.303046226501465
v 4.857027530670166 -1.6725869178771973 -10.142552375793457
v 4.857027530670166 -1.6725869178771973 -8.9820585250854492
v 4.857027530670166 -1.6725869178771973 -7.8215651512145996
v 4.857027530670166 -1.6725869178771973 -6.6610713005065918
v 4.857027530670166 -1.6725869178771973 -5.500577449798584
v 4.857027530670166 -1.6725869178771973 -4.3400835990905762
v 4.857027530670166 -1.6725869178771973 -3.1795897483825684
v 4.857027530670166 -1.6725869178771973 -2.0190958976745605
v 4.857027530670166 -1.6725869178771973 -0.85860198736190796
v 4.857027530670166 -1.6725869178771973 0.30189183354377747
v 4.857027530670166 -1.6725869178771973 1.4623856544494629
v 4.857027530670166 -1.6725869178771973 2.6228795051574707
v 4.857027530670166 -1.6725869178771973 3.7833733558654785
v 4.857027530670166 -1.6725869178771973 4.9438672065734863
v 4.857027530670166 -1.6725869178771973 6.1043610572814941
v 4.857027530670166 -1.6725869178771973 7.264854907989502
v 4.857027530670166 -1.6725869178771973 8.4253482818603516
v 4.857027530670166 -1.6725869178771973 9.5858421325683594
v 4.857027530670166 -1.6725869178771973 10.746335983276367
v 4.857027530670166 -1.6725869178771973 11.906829833984375
v 4.857027530670166 -1.6725869178771973 13.067323684692383
v 4.857027530670166 -1.6725869178771973 14.227817535400391
v 4.857027530670166 -1.6725869178771973 15.388311386108398
v 4.857027530670166 -1.6725869178771973 16.548805236816406
v 4.857027530670166 -1.6725869178771973 17.709299087524414
v 4.857027530670166 -1.6725869178771973 18.869792938232422
v 4.857027530670166 -1.6725869178771973 20.03028678894043
v 4.857027530670166 -1.6725869178771973 21.190780639648438
v 4.857027530670166 -1.6725869178771973 22.351274490356445
v 4.857027530670166 -1.6725869178771973 23.511768341064453
v 4.857027530670166 -1.6725869178771973 24.672262191772461
v 4.857027530670166 -1.6725869178771973 25.832756042480469
v 4.857027530670166 -1.6725869178771973 26.993249893188477
v 4.857027530670166 -1.6725869178771973 28.153743743896484
v 4.857027530670166 -1.6725869178771973 29.314237594604492
v 4.857027530670166 -1.6725869178771973 30.4747314453125
v 4.857027530670166 -1.6725869178771973 31.635225296020508
v 4.857027530670166 -1.6725869178771973 32.795719146728516
v 4.857027530670166 -1.6725869178771973 33.956211090087891
v 4.857027530670166 -1.6725869178771973 35.116706848144531
v 4.857027530670166 -1.6725869178771973 36.277198791503906
v 4.857027530670166 -1.6725869178771973 37.437694549560547
v 4.857027530670166 -1.6725869178771973 38.598186492919922
v 4.857027530670166 -1.6725869178771973 39.758682250976562
v 4.857027530670166 -1.6725869178771973 40.919174194335938
v 4.857027530670166 -1.6725869178771973 42.079669952392578
v 4.857027530670166 -1.6725869178771973 43.240161895751953
v 4.857027530670166 -1.6725869178771973 44.400657653808594
v 4.9628787040710449 -1.5116006135940552 -47.278354644775391
v 4.9628787040710449 -1.5116006135940552 -46.117862701416016
v 4.9628787040710449 -1.5116006135940552 -44.957366943359375
v 4.9628787040710449 -1.5116006135940552 -43.796875
v 4.9628787040710449 -1.5116006135940552 -42.636379241943359
v 4.9628787040710449 -1.5116006135940552 -41.475887298583984
v 4.9628787040710449 -1.5116006135940552 -40.315391540527344
v 4.9628787040710449 -1.5116006135940552 -39.154899597167969
v 4.9628787040710449 -1.5116006135940552 -37.994403839111328
v 4.9628787040710449 -1.5116006135940552 -36.833911895751953
v 4.9628787040710449 -1.5116006135940552 -35.673416137695312
v 4.9628787040710449 -1.5116006135940552 -34.512924194335938
v 4.9628787040710449 -1.5116006135940552 -33.352428436279297
v 4.9628787040710449 -1.5116006135940552 -32.191936492919922
v 4.9628787040710449 -1.5116006135940552 -31.031440734863281
v 4.9628787040710449 -1.5116006135940552 -29.870946884155273
v 4.9628787040710449 -1.5116006135940552 -28.710453033447266
v 4.9628787040710449 -1.5116006135940552 -27.549959182739258
v 4.9628787040710449 -1.5116006135940552 -26.38946533203125
v 4.9628787040710449 -1.5116006135940552 -25.228971481323242
v 4.9628787040710449 -1.5116006135940552 -24.068477630615234
v 4.9628787040710449 -1.5116006135940552 -22.907983779907227
v 4.9628787040710449 -1.5116006135940552 -21.747491836547852
v 4.9628787040710449 -1.5116006135940552 -20.586997985839844
v 4.9628787040710449 -1.5116006135940552 -19.426504135131836
v 4.9628787040710449 -1.5116006135940552 -18.266010284423828
v 4.9628787040710449 -1.5116006135940552 -17.10551643371582
v 4.9628787040710449 -1.5116006135940552 -15.945021629333496
v 4.9628787040710449 -1.5116006135940552 -14.784527778625488
v 4.9628787040710449 -1.5116006135940552 -13.62403392791748
v 4.9628787040710449 -1.5116006135940552 -12.463540077209473
v 4.9628787040710449 -1.5116006135940552 -11.303046226501465
v 4.9628787040710449 -1.5116006135940552 -10.142552375793457
v 4.9628787040710449 -1.5116006135940552 -8.9820585250854492
v 4.9628787040710449 -1.5116006135940552 -7.8215651512145996
v 4.9628787040710449 -1.5116006135940552 -6.6610713005065918
v 4.9628787040710449 -1.5116006135940552 -5.500577449798584
v 4.9628787040710449 -1.5116006135940552 -4.3400835990905762
v 4.9628787040710449 -1.5116006135940552 -3.1795897483825684
v 4.9628787040710449 -1.5116006135940552 -2.0190958976745605
v 4.9628787040710449 -1.5116006135940552 -0.85860198736190796
v 4.9628787040710449 -1.5116006135940552 0.30189183354377747
v 4.9628787040710449 -1.5116006135940552 1.4623856544494629
v 4.9628787040710449 -1.5116006135940552 2.6228795051574707
v 4.9628787040710449 -1.5116006135940552 3.7833733558654785
v 4.9628787040710449 -1.5116006135940552 4.9438672065734863
v 4.9628787040710449 -1.5116006135940552 6.1043610572814941
v 4.9628787040710449 -1.5116006135940552 7.264854907989502
v 4.9628787040710449 -1.5116006135940552 8.4253482818603516
v 4.9628787040710449 -1.5116006135940552 9.5858421325683594
v 4.9628787040710449 -1.5116006135940552 10.746335983276367
v 4.9628787040710449 -1.5116006135940552 11.906829833984375
v 4.9628787040710449 -1.5116006135940552 13.067323684692383
v 4.9628787040710449 -1.5116006135940552 14.227817535400391
v 4.9628787040710449 -1.5116006135940552 15.388311386108398
v 4.9628787040710449 -1.5116006135940552 16.548805236816406
v 4.9628787040710449 -1.5116006135940552 17.709299087524414
v 4.9628787040710449 -1.5116006135940552 18.869792938232422
v 4.9628787040710449 -1.5116006135940552 20.03028678894043
v 4.9628787040710449 -1.5116006135940552 21.190780639648438
v 4.9628787040710449 -1.5116006135940552 22.351274490356445
v 4.9628787040710449 -1.5116006135940552 23.511768341064453
v 4.9628787040710449 -1.5116006135940552 24.672262191772461
v 4.9628787040710449 -1.5116006135940552 25.832756042480469
v 4.9628787040710449 -1.5116006135940552 26.993249893188477
v 4.9628787040710449 -1.5116006135940552 28.153743743896484
v 4.9628787040710449 -1.5116006135940552 29.314237594604492
v 4.9628787040710449 -1.5116006135940552 30.4747314453125
v 4.9628787040710449 -1.5116006135940552 31.635225296020508
v 4.9628787040710449 -1.5116006135940552 32.795719146728516
v 4.9628787040710449 -1.5116006135940552 33.956211090087891
v 4.9628787040710449 -1.5116006135940552 35.116706848144531
v 4.9628787040710449 -1.5116006135940552 36.277198791503906
v 4.9628787040710449 -1.5116006135940552 37.437694549560547
v 4.9628787040710449 -1.5116006135940552 38.598186492919922
v 4.9628787040710449 -1.5116006135940552 39.758682250976562
v 4.9628787040710449 -1.5116006135940552 40.919174194335938
v 4.9628787040710449 -1.5116006135940552 42.079669952392578
v 4.9628787040710449 -1.5116006135940552 43.240161895751953
v 4.9628787040710449 -1.5116006135940552 44.400657653808594
v 5 -1.3225419521331787 -48.438850402832031
v 5 -1.3225419521331787 -47.278354644775391
v 5 -1.3225419521331787 -46.117862701416016
v 5 -1.3225419521331787 -44.957366943359375
v 5 -1.3225419521331787 -43.796875
v 5 -1.3225419521331787 -42.636379241943359
v 5 -1.3225419521331787 -41.475887298583984
v 5 -1.3225419521331787 -40.315391540527344
v 5 -1.3225419521331787 -39.154899597167969
v 5 -1.3225419521331787 -37.994403839111328
v 5 -1.3225419521331787 -36.833911895751953
v 5 -1.3225419521331787 -35.673416137695312
v 5 -1.3225419521331787 -34.512924194335938
v 5 -1.3225419521331787 -33.352428436279297
v 5 -1.3225419521331787 -32.191936492919922
v 5 -1.3225419521331787 -31.031440734863281
v 5 -1.3225419521331787 -29.870946884155273
v 5 -1.3225419521331787 -28.710453033447266
v 5 -1.3225419521331787 -27.549959182739258
v 5 -1.3225419521331787 -26.38946533203125
v 5 -1.3225419521331787 -25.228971481323242
v 5 -1.3225419521331787 -24.068477630615234
v 5 -1.3225419521331787 -22.907983779907227
v 5 -1.3225419521331787 -21.747491836547852
v 5 -1.3225419521331787 -20.586997985839844
v 5 -1.3225419521331787 -19.426504135131836
v 5 -1.3225419521331787 -18.266010284423828
v 5 -1.3225419521331787 -17.10551643371582
v 5 -1.3225419521331787 -15.945021629333496
v 5 -1.3225419521331787 -14.784527778625488
v 5 -1.3225419521331787 -13.62403392791748
v 5 -1.3225419521331787 -12.463540077209473
v 5 -1.3225419521331787 -11.303046226501465
v 5 -1.3225419521331787 -10.142552375793457
v 5 -1.3225419521331787 -8.9820585250854492
v 5 -1.3225419521331787 -7.8215651512145996
v 5 -1.3225419521331787 -6.6610713005065918
v 5 -1.3225419521331787 -5.500577449798584
v 5 -1.3225419521331787 -4.3400835990905762
v 5 -1.3225419521331787 -3.1795897483825684
v 5 -1.3225419521331787 -2.0190958976745605
v 5 -1.3225419521331787 -0.85860198736190796
v 5 -1.3225419521331787 0.30189183354377747
v 5 -1.3225419521331787 1.4623856544494629
v 5 -1.3225419521331787 2.6228795051574707
v 5 -1.3225419521331787 3.7833733558654785
v 5 -1.3225419521331787 4.9438672065734863
v 5 -1.3225419521331787 6.1043610572814941
v 5 -1.3225419521331787 7.264854907989502
v 5 -1.3225419521331787 8.4253482818603516
v 5 -1.3225419521331787 9.5858421325683594
v 5 -1.3225419521331787 10.746335983276367
v 5 -1.3225419521331787 11.906829833984375
v 5 -1.3225419521331787 13.067323684692383
v 5 -1.3225419521331787 14.227817535400391
v 5 -1.3225419521331787 15.388311386108398
v 5 -1.3225419521331787 16.548805236816406
v 5 -1.3225419521331787 17.709299087524414
v 5 -1.3225419521331787 18.869792938232422
v 5 -1.3225419521331787 20.03028678894043
v 5 -1.3225419521331787 21.190780639648438
v 5 -1.3225419521331787 22.351274490356445
v 5 -1.3225419521331787 23.511768341064453
v 5 -1.3225419521331787 24.672262191772461
v 5 -1.3225419521331787 25.832756042480469
v 5 -1.3225419521331787 26.993249893188477
v 5 -1.3225419521331787 28.153743743896484
v 5 -1.3225419521331787 29.314237594604492
v 5 -1.3225419521331787 30.4747314453125
v 5 -1.3225419521331787 31.635225296020508
v 5 -1.3225419521331787 32.795719146728516
v 5 -1.3225419521331787 33.956211090087891
v 5 -1.3225419521331787 35.116706848144531
v 5 -1.3225419521331787 36.277198791503906
v 5 -1.3225419521331787 37.437694549560547
v 5 -1.3225419521331787 38.598186492919922
v 5 -1.3225419521331787 39.758682250976562
v 5 -1.3225419521331787 40.919174194335938
v 5 -1.3225419521331787 42.079669952392578
v 5 -1.3225419521331787 43.240161895751953
v 5 -1.3225419521331787 44.400657653808594
v 5 -1.3225419521331787 45.561149597167969
v 4.6913418769836426 -1.7844817638397217 -48.438850402832031
v 4.853553295135498 -1.6760953664779663 -48.438850402832031
v 4.961939811706543 -1.5138837099075317 -48.438850402832031
v 4.6971378326416016 -1.7820380926132202 -47.858600616455078
v 4.6006278991699219 -1.8123112916946411 -47.278354644775391
v 4.6006278991699219 -1.8123112916946411 -47.858600616455078
v 4.857027530670166 -1.6725869178771973 -47.858600616455078
v 4.782435417175293 -1.7351317405700684 -47.278354644775391
v 4.782435417175293 -1.7351317405700684 -47.858600616455078
v 4.9628787040710449 -1.5116006135940552 -47.858600616455078
v 4.917780876159668 -1.5972405672073364 -47.278354644775391
v 4.917780876159668 -1.5972405672073364 -47.858600616455078
v 4.9906320571899414 -1.4188761711120605 -47.278354644775391
v 4.9906320571899414 -1.4188761711120605 -47.858600616455078
v 4.961939811706543 -1.5138837099075317 45.561149597167969
v 4.853553295135498 -1.6760953664779663 45.561149597167969
v 4.6913418769836426 -1.7844817638397217 45.561149597167969
v 4.9628787040710449 -1.5116006135940552 44.980903625488281
v 4.9906320571899414 -1.4188761711120605 44.400657653808594
v 4.9906320571899414 -1.4188761711120605 44.980903625488281
v 4.857027530670166 -1.6725869178771973 44.980903625488281
v 4.917780876159668 -1.5972405672073364 44.400657653808594
v 4.917780876159668 -1.5972405672073364 44.980903625488281
v 4.6971378326416016 -1.7820380926132202 44.980903625488281
v 4.782435417175293 -1.7351317405700684 44.400657653808594
v 4.782435417175293 -1.7351317405700684 44.980903625488281
v 4.6006278991699219 -1.8123112916946411 44.400657653808594
v 4.6006278991699219 -1.8123112916946411 44.980903625488281
v 4.5 1.1774580478668213 48.561149597167969
v 5 1.1774580478668213 48.061149597167969
v 4.6971378326416016 0.23092745244503021 48.365200042724609
v 4.857027530670166 0.26593303680419922 48.261497497558594
v 4.9628787040710449 0.31742101907730103 48.108966827392578
v 5 0.3778873085975647 47.929840087890625
v 4.6971378326416016 -0.59033882617950439 47.934654235839844
v 4.857027530670166 -0.52496033906936646 47.846874237060547
v 4.9628787040710449 -0.42879831790924072 47.717761993408203
v 5 -0.31586787104606628 47.566139221191406
v 4.6971378326416016 -1.2304918766021729 47.281730651855469
v 4.857027530670166 -1.1414384841918945 47.218097686767578
v 4.9628787040710449 -1.0104544162750244 47.124504089355469
v 5 -0.85662966966629028 47.014591217041016
v 4.6971378326416016 -1.6407804489135742 46.464561462402344
v 4.857027530670166 -1.5365533828735352 46.431148529052734
v 4.9628787040710449 -1.3832509517669678 46.382007598876953
v 4.5 -1.8225419521331787 45.561149597167969
v 5 -1.3225419521331787 45.561149597167969
v 4.5 0.5098952054977417 48.485935211181641
v 4.5 -0.12419318407773972 48.264057159423828
v 4.5 -0.69301134347915649 47.906646728515625
v 4.5 -1.1680364608764648 47.431621551513672
v 4.5 -1.5254485607147217 46.862800598144531
v 4.5 -1.7473256587982178 46.228713989257812
v 4.961939811706543 1.1774580478668213 48.252490997314453
v 4.853553295135498 1.1774580478668213 48.414703369140625
v 4.6913418769836426 1.1774580478668213 48.523090362548828
v 4.9906320571899414 0.3470768928527832 48.021114349365234
v 4.9628787040710449 0.74167919158935547 48.214664459228516
v 4.9906320571899414 0.75670576095581055 48.123165130615234
v 4.917780876159668 0.29003095626831055 48.190109252929688
v 4.857027530670166 0.71559035778045654 48.373523712158203
v 4.917780876159668 0.72780072689056396 48.299171447753906
v 4.782435417175293 0.24592941999435425 48.320758819580078
v 4.6971378326416016 0.69785308837890625 48.481525421142578
v 4.782435417175293 0.70545452833175659 48.43524169921875
v 4.6006278991699219 0.22124521434307098 48.393882751464844
v 4.6006278991699219 0.6929471492767334 48.511402130126953
v 4.6913418769836426 -1.7844817638397217 45.561149597167969
v 4.853553295135498 -1.6760953664779663 45.561149597167969
v 4.961939811706543 -1.5138837099075317 45.561149597167969
v 4.6971378326416016 -1.74651038646698 46.018344879150391
v 4.6006278991699219 -1.6696087121963501 46.473800659179688
v 4.6006278991699219 -1.7764202356338501 46.023021697998047
v 4.857027530670166 -1.6383731365203857 46.001434326171875
v 4.782435417175293 -1.5961129665374756 46.450241088867188
v 4.782435417175293 -1.700167179107666 46.011096954345703
v 4.9628787040710449 -1.4793194532394409 45.976566314697266
v 4.917780876159668 -1.4648033380508423 46.408149719238281
v 4.917780876159668 -1.5639313459396362 45.989795684814453
v 2.5 43.177459716796875 -26.688848495483398
v 2.5 28.177457809448242 -26.688848495483398
v 1.8100177049636841 43.177459716796875 -26.830612182617188
v 1.8100177049636841 39.427459716796875 -26.830612182617188
v 1.8100177049636841 35.677459716796875 -26.830612182617188
v 1.8100177049636841 31.927457809448242 -26.830612182617188
v 1.8100177049636841 28.177457809448242 -26.830612182617188
v 1.2504042387008667 43.177459716796875 -27.213691711425781
v 1.2504042387008667 39.427459716796875 -27.213691711425781
v 1.2504042387008667 35.677459716796875 -27.213691711425781
v 1.2504042387008667 31.927457809448242 -27.213691711425781
v 1.2504042387008667 28.177457809448242 -27.213691711425781
v 0.87992399930953979 43.177459716796875 -27.777143478393555
v 0.87992399930953979 39.427459716796875 -27.777143478393555
v 0.87992399930953979 35.677459716796875 -27.777143478393555
v 0.87992399930953979 31.927457809448242 -27.777143478393555
v 0.87992399930953979 28.177457809448242 -27.777143478393555
v 0.75 43.177459716796875 -28.438848495483398
v 0.75 39.427459716796875 -28.438848495483398
v 0.75 35.677459716796875 -28.438848495483398
v 0.75 31.927457809448242 -28.438848495483398
v 0.75 28.177457809448242 -28.438848495483398
v 0.89176356792449951 43.177459716796875 -29.12883186340332
v 0.89176356792449951 39.427459716796875 -29.12883186340332
v 0.89176356792449951 35.677459716796875 -29.12883186340332
v 0.89176356792449951 31.927457809448242 -29.12883186340332
v 0.89176356792449951 28.177457809448242 -29.12883186340332
v 1.2748426198959351 43.177459716796875 -29.688444137573242
v 1.2748426198959351 39.427459716796875 -29.688444137573242
v 1.2748426198959351 35.677459716796875 -29.688444137573242
v 1.2748426198959351 31.927457809448242 -29.688444137573242
v 1.2748426198959351 28.177457809448242 -29.688444137573242
v 1.8382948637008667 43.177459716796875 -30.058925628662109
v 1.8382948637008667 39.427459716796875 -30.058925628662109
v 1.8382948637008667 35.677459716796875 -30.058925628662109
v 1.8382948637008667 31.927457809448242 -30.058925628662109
v 1.8382948637008667 28.177457809448242 -30.058925628662109
v 2.5 43.177459716796875 -30.188848495483398
v 2.5 28.177457809448242 -30.188848495483398
v 1.8382948637008667 30.052457809448242 -30.058925628662109
v 2.162830114364624 31.927457809448242 -30.156061172485352
v 2.162830114364624 30.052457809448242 -30.156061172485352
v 1.2748426198959351 30.052457809448242 -29.688444137573242
v 1.5385550260543823 31.927457809448242 -29.901081085205078
v 1.5385550260543823 30.052457809448242 -29.901081085205078
v 0.89176356792449951 30.052457809448242 -29.12883186340332
v 1.0559356212615967 31.927457809448242 -29.427371978759766
v 1.0559356212615967 30.052457809448242 -29.427371978759766
v 0.75 30.052457809448242 -28.438848495483398
v 0.87992399930953979 30.052457809448242 -27.777143478393555
v 0.78278815746307373 31.927457809448242 -28.101678848266602
v 0.78278815746307373 30.052457809448242 -28.101678848266602
v 1.2504042387008667 30.052457809448242 -27.213691711425781
v 1.0377676486968994 31.927457809448242 -27.47740364074707
v 1.0377676486968994 30.052457809448242 -27.47740364074707
v 1.8100177049636841 30.052457809448242 -26.830612182617188
v 1.5114768743515015 31.927457809448242 -26.994785308837891
v 1.5114768743515015 30.052457809448242 -26.994785308837891
v 2.1478023529052734 31.927457809448242 -26.72465705871582
v 2.1478023529052734 30.052457809448242 -26.72465705871582
v 2.5 30.677457809448242 -26.688848495483398
v 2.5 33.177459716796875 -26.688848495483398
v 2.5 35.677459716796875 -26.688848495483398
v 2.5 38.177459716796875 -26.688848495483398
v 2.5 40.677459716796875 -26.688848495483398
v 1.8100177049636841 41.302459716796875 -26.830612182617188
v 2.1478023529052734 39.427459716796875 -26.72465705871582
v 2.1478023529052734 41.302459716796875 -26.72465705871582
v 1.2504042387008667 41.302459716796875 -27.213691711425781
v 1.5114768743515015 39.427459716796875 -26.994785308837891
v 1.5114768743515015 41.302459716796875 -26.994785308837891
v 0.87992399930953979 41.302459716796875 -27.777143478393555
v 1.0377676486968994 39.427459716796875 -27.47740364074707
v 1.0377676486968994 41.302459716796875 -27.47740364074707
v 0.75 41.302459716796875 -28.438848495483398
v 0.78278815746307373 39.427459716796875 -28.101678848266602
v 0.78278815746307373 41.302459716796875 -28.101678848266602
v 1.2748426198959351 41.302459716796875 -29.688444137573242
v 1.0559356212615967 39.427459716796875 -29.427371978759766
v 0.89176356792449951 41.302459716796875 -29.12883186340332
v 1.0559356212615967 41.302459716796875 -29.427371978759766
v 1.8382948637008667 41.302459716796875 -30.058925628662109
v 1.5385550260543823 39.427459716796875 -29.901081085205078
v 1.5385550260543823 41.302459716796875 -29.901081085205078
v 2.162830114364624 39.427459716796875 -30.156061172485352
v 2.162830114364624 41.302459716796875 -30.156061172485352
v 2.5 40.677459716796875 -30.188848495483398
v 2.5 38.177459716796875 -30.188848495483398
v 2.5 35.677459716796875 -30.188848495483398
v 2.5 33.177459716796875 -30.188848495483398
v 2.5 30.677457809448242 -30.188848495483398
v 1.625 43.177459716796875 -29.313848495483398
v 2.5 43.177459716796875 -29.313848495483398
v 3.375 43.177459716796875 -29.313848495483398
v 0.75 43.177459716796875 -28.438848495483398
v 1.625 43.177459716796875 -28.438848495483398
v 2.5 43.177459716796875 -28.438848495483398
v 3.375 43.177459716796875 -28.438848495483398
v 4.25 43.177459716796875 -28.438848495483398
v 1.625 43.177459716796875 -27.563848495483398
v 2.5 43.177459716796875 -27.563848495483398
v 3.375 43.177459716796875 -27.563848495483398
v 2.5 43.177459716796875 -30.188848495483398
v 1.8382948637008667 43.177459716796875 -30.058925628662109
v 1.2748426198959351 43.177459716796875 -29.688444137573242
v 0.89176356792449951 43.177459716796875 -29.12883186340332
v 0.87992399930953979 43.177459716796875 -27.777143478393555
v 1.2504042387008667 43.177459716796875 -27.213691711425781
v 1.8100177049636841 43.177459716796875 -26.830612182617188
v 2.5 43.177459716796875 -26.688848495483398
v 3.1617052555084229 43.177459716796875 -26.81877326965332
v 3.7251572608947754 43.177459716796875 -27.189252853393555
v 4.1082363128662109 43.177459716796875 -27.748867034912109
v 4.1200761795043945 43.177459716796875 -29.100553512573242
v 3.7495956420898438 43.177459716796875 -29.664007186889648
v 3.1899821758270264 43.177459716796875 -30.047084808349609
v 2.5 43.177459716796875 27.311151504516602
v 2.5 28.177457809448242 27.311151504516602
v 1.8100177049636841 43.177459716796875 27.169387817382812
v 1.8100177049636841 39.427459716796875 27.169387817382812
v 1.8100177049636841 35.677459716796875 27.169387817382812
v 1.8100177049636841 31.927457809448242 27.169387817382812
v 1.8100177049636841 28.177457809448242 27.169387817382812
v 1.2504042387008667 43.177459716796875 26.786308288574219
v 1.2504042387008667 39.427459716796875 26.786308288574219
v 1.2504042387008667 35.677459716796875 26.786308288574219
v 1.2504042387008667 31.927457809448242 26.786308288574219
v 1.2504042387008667 28.177457809448242 26.786308288574219
v 0.87992399930953979 43.177459716796875 26.222856521606445
v 0.87992399930953979 39.427459716796875 26.222856521606445
v 0.87992399930953979 35.677459716796875 26.222856521606445
v 0.87992399930953979 31.927457809448242 26.222856521606445
v 0.87992399930953979 28.177457809448242 26.222856521606445
v 0.75 43.177459716796875 25.561151504516602
v 0.75 39.427459716796875 25.561151504516602
v 0.75 35.677459716796875 25.561151504516602
v 0.75 31.927457809448242 25.561151504516602
v 0.75 28.177457809448242 25.561151504516602
v 0.89176356792449951 43.177459716796875 24.87116813659668
v 0.89176356792449951 39.427459716796875 24.87116813659668
v 0.89176356792449951 35.677459716796875 24.87116813659668
v 0.89176356792449951 31.927457809448242 24.87116813659668
v 0.89176356792449951 28.177457809448242 24.87116813659668
v 1.2748426198959351 43.177459716796875 24.311555862426758
v 1.2748426198959351 39.427459716796875 24.311555862426758
v 1.2748426198959351 35.677459716796875 24.311555862426758
v 1.2748426198959351 31.927457809448242 24.311555862426758
v 1.2748426198959351 28.177457809448242 24.311555862426758
v 1.8382948637008667 43.177459716796875 23.941074371337891
v 1.8382948637008667 39.427459716796875 23.941074371337891
v 1.8382948637008667 35.677459716796875 23.941074371337891
v 1.8382948637008667 31.927457809448242 23.941074371337891
v 1.8382948637008667 28.177457809448242 23.941074371337891
v 2.5 43.177459716796875 23.811151504516602
v 2.5 28.177457809448242 23.811151504516602
v 1.8382948637008667 30.052457809448242 23.941074371337891
v 2.162830114364624 31.927457809448242 23.843938827514648
v 2.162830114364624 30.052457809448242 23.843938827514648
v 1.2748426198959351 30.052457809448242 24.311555862426758
v 1.5385550260543823 31.927457809448242 24.098918914794922
v 1.5385550260543823 30.052457809448242 24.098918914794922
v 0.89176356792449951 30.052457809448242 24.87116813659668
v 1.0559356212615967 31.927457809448242 24.572628021240234
v 1.0559356212615967 30.052457809448242 24.572628021240234
v 0.75 30.052457809448242 25.561151504516602
v 0.87992399930953979 30.052457809448242 26.222856521606445
v 0.78278815746307373 31.927457809448242 25.898321151733398
v 0.78278815746307373 30.052457809448242 25.898321151733398
v 1.2504042387008667 30.052457809448242 26.786308288574219
v 1.0377676486968994 31.927457809448242 26.52259635925293
v 1.0377676486968994 30.052457809448242 26.52259635925293
v 1.8100177049636841 30.052457809448242 27.169387817382812
v 1.5114768743515015 31.927457809448242 27.005214691162109
v 1.5114768743515015 30.052457809448242 27.005214691162109
v 2.1478023529052734 31.927457809448242 27.27534294128418
v 2.1478023529052734 30.052457809448242 27.27534294128418
v 2.5 30.677457809448242 27.311151504516602
v 2.5 33.177459716796875 27.311151504516602
v 2.5 35.677459716796875 27.311151504516602
v 2.5 38.177459716796875 27.311151504516602
v 2.5 40.677459716796875 27.311151504516602
v 1.8100177049636841 41.302459716796875 27.169387817382812
v 2.1478023529052734 39.427459716796875 27.27534294128418
v 2.1478023529052734 41.302459716796875 27.27534294128418
v 1.2504042387008667 41.302459716796875 26.786308288574219
v 1.5114768743515015 39.427459716796875 27.005214691162109
v 1.5114768743515015 41.302459716796875 27.005214691162109
v 0.87992399930953979 41.302459716796875 26.222856521606445
v 1.0377676486968994 39.427459716796875 26.52259635925293
v 1.0377676486968994 41.302459716796875 26.52259635925293
v 0.75 41.302459716796875 25.561151504516602
v 0.78278815746307373 39.427459716796875 25.898321151733398
v 0.78278815746307373 41.302459716796875 25.898321151733398
v 1.2748426198959351 41.302459716796875 24.311555862426758
v 1.0559356212615967 39.427459716796875 24.572628021240234
v 0.89176356792449951 41.302459716796875 24.87116813659668
v 1.0559356212615967 41.302459716796875 24.572628021240234
v 1.8382948637008667 41.302459716796875 23.941074371337891
v 1.5385550260543823 39.427459716796875 24.098918914794922
v 1.5385550260543823 41.302459716796875 24.098918914794922
v 2.162830114364624 39.427459716796875 23.843938827514648
v 2.162830114364624 41.302459716796875 23.843938827514648
v 2.5 40.677459716796875 23.811151504516602
v 2.5 38.177459716796875 23.811151504516602
v 2.5 35.677459716796875 23.811151504516602
v 2.5 33.177459716796875 23.811151504516602
v 2.5 30.677457809448242 23.811151504516602
v 2.5 43.177459716796875 23.811151504516602
v 1.8382948637008667 43.177459716796875 23.941074371337891
v 1.2748426198959351 43.177459716796875 24.311555862426758
v 0.89176356792449951 43.177459716796875 24.87116813659668
v 0.75 43.177459716796875 25.561151504516602
v 0.87992399930953979 43.177459716796875 26.222856521606445
v 1.2504042387008667 43.177459716796875 26.786308288574219
v 1.8100177049636841 43.177459716796875 27.169387817382812
v 2.5 43.177459716796875 27.311151504516602
v 4.25 43.177459716796875 25.561151504516602
v 3.1617052555084229 43.177459716796875 27.18122673034668
v 3.7251572608947754 43.177459716796875 26.810747146606445
v 4.1082363128662109 43.177459716796875 26.251132965087891
v 4.1200761795043945 43.177459716796875 24.899446487426758
v 3.7495956420898438 43.177459716796875 24.335992813110352
v 3.1899821758270264 43.177459716796875 23.952915191650391
v 2.5 43.177459716796875 -30.188848495483398
v 2.5 28.177457809448242 -30.188848495483398
v 3.1899821758270264 43.177459716796875 -30.047084808349609
v 3.1899821758270264 39.427459716796875 -30.047084808349609
v 3.1899821758270264 35.677459716796875 -30.047084808349609
v 3.1899821758270264 31.927457809448242 -30.047084808349609
v 3.1899821758270264 28.177457809448242 -30.047084808349609
v 3.7495956420898438 43.177459716796875 -29.664007186889648
v 3.7495956420898438 39.427459716796875 -29.664007186889648
v 3.7495956420898438 35.677459716796875 -29.664007186889648
v 3.7495956420898438 31.927457809448242 -29.664007186889648
v 3.7495956420898438 28.177457809448242 -29.664007186889648
v 4.1200761795043945 43.177459716796875 -29.100553512573242
v 4.1200761795043945 39.427459716796875 -29.100553512573242
v 4.1200761795043945 35.677459716796875 -29.100553512573242
v 4.1200761795043945 31.927457809448242 -29.100553512573242
v 4.1200761795043945 28.177457809448242 -29.100553512573242
v 4.25 43.177459716796875 -28.438848495483398
v 4.25 39.427459716796875 -28.438848495483398
v 4.25 35.677459716796875 -28.438848495483398
v 4.25 31.927457809448242 -28.438848495483398
v 4.25 28.177457809448242 -28.438848495483398
v 4.1082363128662109 43.177459716796875 -27.748867034912109
v 4.1082363128662109 39.427459716796875 -27.748867034912109
v 4.1082363128662109 35.677459716796875 -27.748867034912109
v 4.1082363128662109 31.927457809448242 -27.748867034912109
v 4.1082363128662109 28.177457809448242 -27.748867034912109
v 3.7251572608947754 43.177459716796875 -27.189252853393555
v 3.7251572608947754 39.427459716796875 -27.189252853393555
v 3.7251572608947754 35.677459716796875 -27.189252853393555
v 3.7251572608947754 31.927457809448242 -27.189252853393555
v 3.7251572608947754 28.177457809448242 -27.189252853393555
v 3.1617052555084229 43.177459716796875 -26.81877326965332
v 3.1617052555084229 39.427459716796875 -26.81877326965332
v 3.1617052555084229 35.677459716796875 -26.81877326965332
v 3.1617052555084229 31.927457809448242 -26.81877326965332
v 3.1617052555084229 28.177457809448242 -26.81877326965332
v 2.5 43.177459716796875 -26.688848495483398
v 2.5 28.177457809448242 -26.688848495483398
v 3.1617052555084229 30.052457809448242 -26.81877326965332
v 2.837169885635376 31.927457809448242 -26.721637725830078
v 2.837169885635376 30.052457809448242 -26.721637725830078
v 3.7251572608947754 30.052457809448242 -27.189252853393555
v 3.4614450931549072 31.927457809448242 -26.976615905761719
v 3.4614450931549072 30.052457809448242 -26.976615905761719
v 4.1082363128662109 30.052457809448242 -27.748867034912109
v 3.9440643787384033 31.927457809448242 -27.450325012207031
v 3.9440643787384033 30.052457809448242 -27.450325012207031
v 4.25 30.052457809448242 -28.438848495483398
v 4.1200761795043945 30.052457809448242 -29.100553512573242
v 4.2172117233276367 31.927457809448242 -28.776018142700195
v 4.2172117233276367 30.052457809448242 -28.776018142700195
v 3.7495956420898438 30.052457809448242 -29.664007186889648
v 3.9622323513031006 31.927457809448242 -29.400293350219727
v 3.9622323513031006 30.052457809448242 -29.400293350219727
v 3.1899821758270264 30.052457809448242 -30.047084808349609
v 3.4885232448577881 31.927457809448242 -29.882913589477539
v 3.4885232448577881 30.052457809448242 -29.882913589477539
v 2.8521976470947266 31.927457809448242 -30.153041839599609
v 2.8521976470947266 30.052457809448242 -30.153041839599609
v 2.5 40.677459716796875 -26.688848495483398
v 2.5 38.177459716796875 -26.688848495483398
v 2.5 35.677459716796875 -26.688848495483398
v 2.5 33.177459716796875 -26.688848495483398
v 2.5 30.677457809448242 -26.688848495483398
v 2.5 30.677457809448242 -30.188848495483398
v 2.5 33.177459716796875 -30.188848495483398
v 2.5 35.677459716796875 -30.188848495483398
v 2.5 38.177459716796875 -30.188848495483398
v 2.5 40.677459716796875 -30.188848495483398
v 3.1899821758270264 41.302459716796875 -30.047084808349609
v 2.8521976470947266 39.427459716796875 -30.153041839599609
v 2.8521976470947266 41.302459716796875 -30.153041839599609
v 3.7495956420898438 41.302459716796875 -29.664007186889648
v 3.4885232448577881 39.427459716796875 -29.882913589477539
v 3.4885232448577881 41.302459716796875 -29.882913589477539
v 4.1200761795043945 41.302459716796875 -29.100553512573242
v 3.9622323513031006 39.427459716796875 -29.400293350219727
v 3.9622323513031006 41.302459716796875 -29.400293350219727
v 4.25 41.302459716796875 -28.438848495483398
v 4.2172117233276367 39.427459716796875 -28.776018142700195
v 4.2172117233276367 41.302459716796875 -28.776018142700195
v 3.7251572608947754 41.302459716796875 -27.189252853393555
v 3.9440643787384033 39.427459716796875 -27.450325012207031
v 4.1082363128662109 41.302459716796875 -27.748867034912109
v 3.9440643787384033 41.302459716796875 -27.450325012207031
v 3.1617052555084229 41.302459716796875 -26.81877326965332
v 3.4614450931549072 39.427459716796875 -26.976615905761719
v 3.4614450931549072 41.302459716796875 -26.976615905761719
v 2.837169885635376 39.427459716796875 -26.721637725830078
v 2.837169885635376 41.302459716796875 -26.721637725830078
v 2.5 43.177459716796875 23.811151504516602
v 2.5 28.177457809448242 23.811151504516602
v 3.1899821758270264 43.177459716796875 23.952915191650391
v 3.1899821758270264 39.427459716796875 23.952915191650391
v 3.1899821758270264 35.677459716796875 23.952915191650391
v 3.1899821758270264 31.927457809448242 23.952915191650391
v 3.1899821758270264 28.177457809448242 23.952915191650391
v 3.7495956420898438 43.177459716796875 24.335992813110352
v 3.7495956420898438 39.427459716796875 24.335992813110352
v 3.7495956420898438 35.677459716796875 24.335992813110352
v 3.7495956420898438 31.927457809448242 24.335992813110352
v 3.7495956420898438 28.177457809448242 24.335992813110352
v 4.1200761795043945 43.177459716796875 24.899446487426758
v 4.1200761795043945 39.427459716796875 24.899446487426758
v 4.1200761795043945 35.677459716796875 24.899446487426758
v 4.1200761795043945 31.927457809448242 24.899446487426758
v 4.1200761795043945 28.177457809448242 24.899446487426758
v 4.25 43.177459716796875 25.561151504516602
v 4.25 39.427459716796875 25.561151504516602
v 4.25 35.677459716796875 25.561151504516602
v 4.25 31.927457809448242 25.561151504516602
v 4.25 28.177457809448242 25.561151504516602
v 4.1082363128662109 43.177459716796875 26.251132965087891
v 4.1082363128662109 39.427459716796875 26.251132965087891
v 4.1082363128662109 35.677459716796875 26.251132965087891
v 4.1082363128662109 31.927457809448242 26.251132965087891
v 4.1082363128662109 28.177457809448242 26.251132965087891
v 3.7251572608947754 43.177459716796875 26.810747146606445
v 3.7251572608947754 39.427459716796875 26.810747146606445
v 3.7251572608947754 35.677459716796875 26.810747146606445
v 3.7251572608947754 31.927457809448242 26.810747146606445
v 3.7251572608947754 28.177457809448242 26.810747146606445
v 3.1617052555084229 43.177459716796875 27.18122673034668
v 3.1617052555084229 39.427459716796875 27.18122673034668
v 3.1617052555084229 35.677459716796875 27.18122673034668
v 3.1617052555084229 31.927457809448242 27.18122673034668
v 3.1617052555084229 28.177457809448242 27.18122673034668
v 2.5 43.177459716796875 27.311151504516602
v 2.5 28.177457809448242 27.311151504516602
v 3.1617052555084229 30.052457809448242 27.18122673034668
v 2.837169885635376 31.927457809448242 27.278362274169922
v 2.837169885635376 30.052457809448242 27.278362274169922
v 3.7251572608947754 30.052457809448242 26.810747146606445
v 3.4614450931549072 31.927457809448242 27.023384094238281
v 3.4614450931549072 30.052457809448242 27.023384094238281
v 4.1082363128662109 30.052457809448242 26.251132965087891
v 3.9440643787384033 31.927457809448242 26.549674987792969
v 3.9440643787384033 30.052457809448242 26.549674987792969
v 4.25 30.052457809448242 25.561151504516602
v 4.1200761795043945 30.052457809448242 24.899446487426758
v 4.2172117233276367 31.927457809448242 25.223981857299805
v 4.2172117233276367 30.052457809448242 25.223981857299805
v 3.7495956420898438 30.052457809448242 24.335992813110352
v 3.9622323513031006 31.927457809448242 24.599706649780273
v 3.9622323513031006 30.052457809448242 24.599706649780273
v 3.1899821758270264 30.052457809448242 23.952915191650391
v 3.4885232448577881 31.927457809448242 24.117086410522461
v 3.4885232448577881 30.052457809448242 24.117086410522461
v 2.8521976470947266 31.927457809448242 23.846958160400391
v 2.8521976470947266 30.052457809448242 23.846958160400391
v 2.5 40.677459716796875 27.311151504516602
v 2.5 38.177459716796875 27.311151504516602
v 2.5 35.677459716796875 27.311151504516602
v 2.5 33.177459716796875 27.311151504516602
v 2.5 30.677457809448242 27.311151504516602
v 2.5 30.677457809448242 23.811151504516602
v 2.5 33.177459716796875 23.811151504516602
v 2.5 35.677459716796875 23.811151504516602
v 2.5 38.177459716796875 23.811151504516602
v 2.5 40.677459716796875 23.811151504516602
v 3.1899821758270264 41.302459716796875 23.952915191650391
v 2.8521976470947266 39.427459716796875 23.846958160400391
v 2.8521976470947266 41.302459716796875 23.846958160400391
v 3.7495956420898438 41.302459716796875 24.335992813110352
v 3.4885232448577881 39.427459716796875 24.117086410522461
v 3.4885232448577881 41.302459716796875 24.117086410522461
v 4.1200761795043945 41.302459716796875 24.899446487426758
v 3.9622323513031006 39.427459716796875 24.599706649780273
v 3.9622323513031006 41.302459716796875 24.599706649780273
v 4.25 41.302459716796875 25.561151504516602
v 4.2172117233276367 39.427459716796875 25.223981857299805
v 4.2172117233276367 41.302459716796875 25.223981857299805
v 3.7251572608947754 41.302459716796875 26.810747146606445
v 3.9440643787384033 39.427459716796875 26.549674987792969
v 4.1082363128662109 41.302459716796875 26.251132965087891
v 3.9440643787384033 41.302459716796875 26.549674987792969
v 3.1617052555084229 41.302459716796875 27.18122673034668
v 3.4614450931549072 39.427459716796875 27.023384094238281
v 3.4614450931549072 41.302459716796875 27.023384094238281
v 2.837169885635376 39.427459716796875 27.278362274169922
v 2.837169885635376 41.302459716796875 27.278362274169922
vt 0.12415584176778793 0
vt 0.090441040694713593 0
vt 0.12415584176778793 0.21107791364192963
vt 0.090441040694713593 0.21107791364192963
vt 0.090441040694713593 0.20102657377719879
vt 0.090441040694713593 0.19097524881362915
vt 0.090441040694713593 0.18092392385005951
vt 0.090441040694713593 0.17087259888648987
vt 0.090441040694713593 0.16082125902175903
vt 0.090441040694713593 0.15076993405818939
vt 0.090441040694713593 0.14071860909461975
vt 0.090441040694713593 0.13066728413105011
vt 0.090441040694713593 0.12061595171689987
vt 0.090441040694713593 0.11056462675333023
vt 0.090441040694713593 0.1005132868885994
vt 0.090441040694713593 0.090461961925029755
vt 0.090441040694713593 0.080410629510879517
vt 0.090441040694713593 0.070359304547309875
vt 0.090441040694713593 0.060307975858449936
vt 0.090441040694713593 0.050256643444299698
vt 0.090441040694713593 0.040205314755439758
vt 0.090441040694713593 0.030153987929224968
vt 0.090441040694713593 0.020102657377719879
vt 0.090441040694713593 0.01005132868885994
vt 0.10729844123125076 0.10553895682096481
vt 0.098869740962982178 0.10553895682096481
vt 0.10729844123125076 0.15830843150615692
vt 0.098869740962982178 0.15830843150615692
vt 0.094655387103557587 0.15830843150615692
vt 0.098869740962982178 0.18469317257404327
vt 0.094655387103557587 0.18469317257404327
vt 0.094655387103557587 0.10553895682096481
vt 0.098869740962982178 0.13192369043827057
vt 0.094655387103557587 0.13192369043827057
vt 0.10729844123125076 0.052769478410482407
vt 0.098869740962982178 0.052769478410482407
vt 0.094655387103557587 0.052769478410482407
vt 0.098869740962982178 0.079154215753078461
vt 0.094655387103557587 0.079154215753078461
vt 0.098869740962982178 0.026384739205241203
vt 0.094655387103557587 0.026384739205241203
vt 0.12415584176778793 0.01005132868885994
vt 0.12415584176778793 0.020102657377719879
vt 0.12415584176778793 0.030153987929224968
vt 0.12415584176778793 0.040205314755439758
vt 0.12415584176778793 0.050256643444299698
vt 0.12415584176778793 0.060307975858449936
vt 0.12415584176778793 0.070359304547309875
vt 0.12415584176778793 0.080410629510879517
vt 0.12415584176778793 0.090461961925029755
vt 0.12415584176778793 0.1005132868885994
vt 0.12415584176778793 0.11056462675333023
vt 0.12415584176778793 0.12061595171689987
vt 0.12415584176778793 0.13066728413105011
vt 0.12415584176778793 0.14071860909461975
vt 0.12415584176778793 0.15076993405818939
vt 0.12415584176778793 0.16082125902175903
vt 0.12415584176778793 0.17087259888648987
vt 0.12415584176778793 0.18092392385005951
vt 0.12415584176778793 0.19097524881362915
vt 0.12415584176778793 0.20102657377719879
vt 0.11572714149951935 0.10553895682096481
vt 0.11572714149951935 0.052769478410482407
vt 0.11994149535894394 0.052769478410482407
vt 0.11572714149951935 0.026384739205241203
vt 0.11994149535894394 0.026384739205241203
vt 0.11994149535894394 0.10553895682096481
vt 0.11572714149951935 0.079154215753078461
vt 0.11994149535894394 0.079154215753078461
vt 0.11572714149951935 0.15830843150615692
vt 0.11994149535894394 0.15830843150615692
vt 0.11572714149951935 0.13192369043827057
vt 0.11994149535894394 0.13192369043827057
vt 0.11572714149951935 0.18469317257404327
vt 0.11994149535894394 0.18469317257404327
vt 0.82895821332931519 0
vt 0.79524338245391846 0
vt 0.82895821332931519 0.82672178745269775
vt 0.79524338245391846 0.82672178745269775
vt 0.79524338245391846 0.81651538610458374
vt 0.79524338245391846 0.80630892515182495
vt 0.79524338245391846 0.79610252380371094
vt 0.79524338245391846 0.78589606285095215
vt 0.79524338245391846 0.77568960189819336
vt 0.79524338245391846 0.76548314094543457
vt 0.79524338245391846 0.75527667999267578
vt 0.79524338245391846 0.74507027864456177
vt 0.79524338245391846 0.73486381769180298
vt 0.79524338245391846 0.72465741634368896
vt 0.79524338245391846 0.71445095539093018
vt 0.79524338245391846 0.70424449443817139
vt 0.79524338245391846 0.6940380334854126
vt 0.79524338245391846 0.68383163213729858
vt 0.79524338245391846 0.67362517118453979
vt 0.79524338245391846 0.66341871023178101
vt 0.79524338245391846 0.65321230888366699
vt 0.79524338245391846 0.6430058479309082
vt 0.79524338245391846 0.63279944658279419
vt 0.79524338245391846 0.6225929856300354
vt 0.79524338245391846 0.61238652467727661
vt 0.79524338245391846 0.60218006372451782
vt 0.79524338245391846 0.59197360277175903
vt 0.79524338245391846 0.58176720142364502
vt 0.79524338245391846 0.57156074047088623
vt 0.79524338245391846 0.56135433912277222
vt 0.79524338245391846 0.55114787817001343
vt 0.79524338245391846 0.54094147682189941
vt 0.79524338245391846 0.53073495626449585
vt 0.79524338245391846 0.52052855491638184
vt 0.79524338245391846 0.51032209396362305
vt 0.79524338245391846 0.50011563301086426
vt 0.79524338245391846 0.48990923166275024
vt 0.79524338245391846 0.47970277070999146
vt 0.79524338245391846 0.46949633955955505
vt 0.79524338245391846 0.45928990840911865
vt 0.79524338245391846 0.44908341765403748
vt 0.79524338245391846 0.43887698650360107
vt 0.79524338245391846 0.42867055535316467
vt 0.79524338245391846 0.41846412420272827
vt 0.79524338245391846 0.40825769305229187
vt 0.79524338245391846 0.39805126190185547
vt 0.79524338245391846 0.38784480094909668
vt 0.79524338245391846 0.37763833999633789
vt 0.79524338245391846 0.36743190884590149
vt 0.79524338245391846 0.35722547769546509
vt 0.79524338245391846 0.3470190167427063
vt 0.79524338245391846 0.3368125855922699
vt 0.79524338245391846 0.3266061544418335
vt 0.79524338245391846 0.31639972329139709
vt 0.79524338245391846 0.30619326233863831
vt 0.79524338245391846 0.29598680138587952
vt 0.79524338245391846 0.28578037023544312
vt 0.79524338245391846 0.27557393908500671
vt 0.79524338245391846 0.26536747813224792
vt 0.79524338245391846 0.25516104698181152
vt 0.79524338245391846 0.24495461583137512
vt 0.79524338245391846 0.23474816977977753
vt 0.79524338245391846 0.22454170882701874
vt 0.79524338245391846 0.21433527767658234
vt 0.79524338245391846 0.20412884652614594
vt 0.79524338245391846 0.19392240047454834
vt 0.79524338245391846 0.18371595442295074
vt 0.79524338245391846 0.17350950837135315
vt 0.79524338245391846 0.16330307722091675
vt 0.79524338245391846 0.15309663116931915
vt 0.79524338245391846 0.14289018511772156
vt 0.79524338245391846 0.13268373906612396
vt 0.79524338245391846 0.12247730791568756
vt 0.79524338245391846 0.11227085441350937
vt 0.79524338245391846 0.10206442326307297
vt 0.79524338245391846 0.091857977211475372
vt 0.79524338245391846 0.081651538610458374
vt 0.79524338245391846 0.071445092558860779
vt 0.79524338245391846 0.061238653957843781
vt 0.79524338245391846 0.051032211631536484
vt 0.79524338245391846 0.040825769305229187
vt 0.79524338245391846 0.03061932697892189
vt 0.79524338245391846 0.020412884652614594
vt 0.79524338245391846 0.010206442326307297
vt 0.81210082769393921 0.6200413703918457
vt 0.81210082769393921 0.72338157892227173
vt 0.80367207527160645 0.72338157892227173
vt 0.81210082769393921 0.77505171298980713
vt 0.80367207527160645 0.77505171298980713
vt 0.79945772886276245 0.77505171298980713
vt 0.80367207527160645 0.80088675022125244
vt 0.79945772886276245 0.80088675022125244
vt 0.79945772886276245 0.72338157892227173
vt 0.80367207527160645 0.74921661615371704
vt 0.79945772886276245 0.74921661615371704
vt 0.80367207527160645 0.6200413703918457
vt 0.81210082769393921 0.67171144485473633
vt 0.80367207527160645 0.67171144485473633
vt 0.81210082769393921 0.41336089372634888
vt 0.81210082769393921 0.5167011022567749
vt 0.79945772886276245 0.67171144485473633
vt 0.80367207527160645 0.69754654169082642
vt 0.79945772886276245 0.69754654169082642
vt 0.79945772886276245 0.6200413703918457
vt 0.80367207527160645 0.64587640762329102
vt 0.79945772886276245 0.64587640762329102
vt 0.80367207527160645 0.5167011022567749
vt 0.81210082769393921 0.5683712363243103
vt 0.80367207527160645 0.5683712363243103
vt 0.79945772886276245 0.5683712363243103
vt 0.80367207527160645 0.59420627355575562
vt 0.79945772886276245 0.59420627355575562
vt 0.79945772886276245 0.5167011022567749
vt 0.80367207527160645 0.54253619909286499
vt 0.79945772886276245 0.54253619909286499
vt 0.80367207527160645 0.41336089372634888
vt 0.81210082769393921 0.46503102779388428
vt 0.80367207527160645 0.46503102779388428
vt 0.81210082769393921 0.20668044686317444
vt 0.81210082769393921 0.31002068519592285
vt 0.79945772886276245 0.46503102779388428
vt 0.80367207527160645 0.49086606502532959
vt 0.79945772886276245 0.49086606502532959
vt 0.79945772886276245 0.41336089372634888
vt 0.80367207527160645 0.43919596076011658
vt 0.79945772886276245 0.43919596076011658
vt 0.80367207527160645 0.31002068519592285
vt 0.81210082769393921 0.36169078946113586
vt 0.80367207527160645 0.36169078946113586
vt 0.79945772886276245 0.36169078946113586
vt 0.80367207527160645 0.38752585649490356
vt 0.79945772886276245 0.38752585649490356
vt 0.79945772886276245 0.31002068519592285
vt 0.80367207527160645 0.33585572242736816
vt 0.79945772886276245 0.33585572242736816
vt 0.80367207527160645 0.20668044686317444
vt 0.81210082769393921 0.25835055112838745
vt 0.80367207527160645 0.25835055112838745
vt 0.81210082769393921 0.10334022343158722
vt 0.79945772886276245 0.25835055112838745
vt 0.80367207527160645 0.28418561816215515
vt 0.79945772886276245 0.28418561816215515
vt 0.79945772886276245 0.20668044686317444
vt 0.80367207527160645 0.23251551389694214
vt 0.79945772886276245 0.23251551389694214
vt 0.80367207527160645 0.10334022343158722
vt 0.81210082769393921 0.15501034259796143
vt 0.80367207527160645 0.15501034259796143
vt 0.79945772886276245 0.15501034259796143
vt 0.80367207527160645 0.18084539473056793
vt 0.79945772886276245 0.18084539473056793
vt 0.79945772886276245 0.10334022343158722
vt 0.80367207527160645 0.12917527556419373
vt 0.79945772886276245 0.12917527556419373
vt 0.81210082769393921 0.05167011171579361
vt 0.80367207527160645 0.05167011171579361
vt 0.79945772886276245 0.05167011171579361
vt 0.80367207527160645 0.077505171298980713
vt 0.79945772886276245 0.077505171298980713
vt 0.80367207527160645 0.025835055857896805
vt 0.79945772886276245 0.025835055857896805
vt 0.82895821332931519 0.010206442326307297
vt 0.82895821332931519 0.020412884652614594
vt 0.82895821332931519 0.03061932697892189
vt 0.82895821332931519 0.040825769305229187
vt 0.82895821332931519 0.051032211631536484
vt 0.82895821332931519 0.061238653957843781
vt 0.82895821332931519 0.071445092558860779
vt 0.82895821332931519 0.081651538610458374
vt 0.82895821332931519 0.091857977211475372
vt 0.82895821332931519 0.10206442326307297
vt 0.82895821332931519 0.11227085441350937
vt 0.82895821332931519 0.12247730791568756
vt 0.82895821332931519 0.13268373906612396
vt 0.82895821332931519 0.14289018511772156
vt 0.82895821332931519 0.15309663116931915
vt 0.82895821332931519 0.16330307722091675
vt 0.82895821332931519 0.17350950837135315
vt 0.82895821332931519 0.18371595442295074
vt 0.82895821332931519 0.19392240047454834
vt 0.82895821332931519 0.20412884652614594
vt 0.82895821332931519 0.21433527767658234
vt 0.82895821332931519 0.22454170882701874
vt 0.82895821332931519 0.23474816977977753
vt 0.82895821332931519 0.24495461583137512
vt 0.82895821332931519 0.25516104698181152
vt 0.82895821332931519 0.26536747813224792
vt 0.82895821332931519 0.27557393908500671
vt 0.82895821332931519 0.28578037023544312
vt 0.82895821332931519 0.29598680138587952
vt 0.82895821332931519 0.30619326233863831
vt 0.82895821332931519 0.31639972329139709
vt 0.82895821332931519 0.3266061544418335
vt 0.82895821332931519 0.3368125855922699
vt 0.82895821332931519 0.3470190167427063
vt 0.82895821332931519 0.35722547769546509
vt 0.82895821332931519 0.36743190884590149
vt 0.82895821332931519 0.37763833999633789
vt 0.82895821332931519 0.38784480094909668
vt 0.82895821332931519 0.39805126190185547
vt 0.82895821332931519 0.40825769305229187
vt 0.82895821332931519 0.41846412420272827
vt 0.82895821332931519 0.42867055535316467
vt 0.82895821332931519 0.43887698650360107
vt 0.82895821332931519 0.44908341765403748
vt 0.82895821332931519 0.45928990840911865
vt 0.82895821332931519 0.46949633955955505
vt 0.82895821332931519 0.47970277070999146
vt 0.82895821332931519 0.48990923166275024
vt 0.82895821332931519 0.50011563301086426
vt 0.82895821332931519 0.51032209396362305
vt 0.82895821332931519 0.52052855491638184
vt 0.82895821332931519 0.53073495626449585
vt 0.82895821332931519 0.54094147682189941
vt 0.82895821332931519 0.55114787817001343
vt 0.82895821332931519 0.56135433912277222
vt 0.82895821332931519 0.57156074047088623
vt 0.82895821332931519 0.58176720142364502
vt 0.82895821332931519 0.59197360277175903
vt 0.82895821332931519 0.60218006372451782
vt 0.82895821332931519 0.61238652467727661
vt 0.82895821332931519 0.6225929856300354
vt 0.82895821332931519 0.63279944658279419
vt 0.82895821332931519 0.6430058479309082
vt 0.82895821332931519 0.65321230888366699
vt 0.82895821332931519 0.66341871023178101
vt 0.82895821332931519 0.67362517118453979
vt 0.82895821332931519 0.68383163213729858
vt 0.82895821332931519 0.6940380334854126
vt 0.82895821332931519 0.70424449443817139
vt 0.82895821332931519 0.71445095539093018
vt 0.82895821332931519 0.72465741634368896
vt 0.82895821332931519 0.73486381769180298
vt 0.82895821332931519 0.74507027864456177
vt 0.82895821332931519 0.75527667999267578
vt 0.82895821332931519 0.76548314094543457
vt 0.82895821332931519 0.77568960189819336
vt 0.82895821332931519 0.78589606285095215
vt 0.82895821332931519 0.79610252380371094
vt 0.82895821332931519 0.80630892515182495
vt 0.82895821332931519 0.81651538610458374
vt 0.8205295205116272 0.10334022343158722
vt 0.8205295205116272 0.05167011171579361
vt 0.82474386692047119 0.05167011171579361
vt 0.8205295205116272 0.025835055857896805
vt 0.82474386692047119 0.025835055857896805
vt 0.82474386692047119 0.10334022343158722
vt 0.8205295205116272 0.077505171298980713
vt 0.82474386692047119 0.077505171298980713
vt 0.8205295205116272 0.20668044686317444
vt 0.8205295205116272 0.15501034259796143
vt 0.82474386692047119 0.15501034259796143
vt 0.8205295205116272 0.12917527556419373
vt 0.82474386692047119 0.12917527556419373
vt 0.82474386692047119 0.20668044686317444
vt 0.8205295205116272 0.18084539473056793
vt 0.82474386692047119 0.18084539473056793
vt 0.8205295205116272 0.31002068519592285
vt 0.8205295205116272 0.25835055112838745
vt 0.82474386692047119 0.25835055112838745
vt 0.8205295205116272 0.23251551389694214
vt 0.82474386692047119 0.23251551389694214
vt 0.82474386692047119 0.31002068519592285
vt 0.8205295205116272 0.28418561816215515
vt 0.82474386692047119 0.28418561816215515
vt 0.8205295205116272 0.41336089372634888
vt 0.8205295205116272 0.36169078946113586
vt 0.82474386692047119 0.36169078946113586
vt 0.8205295205116272 0.33585572242736816
vt 0.82474386692047119 0.33585572242736816
vt 0.82474386692047119 0.41336089372634888
vt 0.8205295205116272 0.38752585649490356
vt 0.82474386692047119 0.38752585649490356
vt 0.8205295205116272 0.5167011022567749
vt 0.8205295205116272 0.46503102779388428
vt 0.82474386692047119 0.46503102779388428
vt 0.8205295205116272 0.43919596076011658
vt 0.82474386692047119 0.43919596076011658
vt 0.82474386692047119 0.5167011022567749
vt 0.8205295205116272 0.49086606502532959
vt 0.82474386692047119 0.49086606502532959
vt 0.8205295205116272 0.6200413703918457
vt 0.8205295205116272 0.5683712363243103
vt 0.82474386692047119 0.5683712363243103
vt 0.8205295205116272 0.54253619909286499
vt 0.82474386692047119 0.54253619909286499
vt 0.82474386692047119 0.6200413703918457
vt 0.8205295205116272 0.59420627355575562
vt 0.82474386692047119 0.59420627355575562
vt 0.8205295205116272 0.72338157892227173
vt 0.8205295205116272 0.67171144485473633
vt 0.82474386692047119 0.67171144485473633
vt 0.8205295205116272 0.64587640762329102
vt 0.82474386692047119 0.64587640762329102
vt 0.82474386692047119 0.72338157892227173
vt 0.8205295205116272 0.69754654169082642
vt 0.82474386692047119 0.69754654169082642
vt 0.8205295205116272 0.77505171298980713
vt 0.82474386692047119 0.77505171298980713
vt 0.8205295205116272 0.74921661615371704
vt 0.82474386692047119 0.74921661615371704
vt 0.8205295205116272 0.80088675022125244
vt 0.82474386692047119 0.80088675022125244
vt 0.99162745475769043 0.16228322684764862
vt 0.95791268348693848 0.16228322684764862
vt 0.99162745475769043 0.37336114048957825
vt 0.95791268348693848 0.37336114048957825
vt 0.95791268348693848 0.35325849056243896
vt 0.95791268348693848 0.34320715069770813
vt 0.95791268348693848 0.33315584063529968
vt 0.95791268348693848 0.32310450077056885
vt 0.95791268348693848 0.31305316090583801
vt 0.95791268348693848 0.30300185084342957
vt 0.95791268348693848 0.29295051097869873
vt 0.95791268348693848 0.28289920091629028
vt 0.95791268348693848 0.27284786105155945
vt 0.95791268348693848 0.26279652118682861
vt 0.95791268348693848 0.25274518132209778
vt 0.95791268348693848 0.24269387125968933
vt 0.95791268348693848 0.2326425313949585
vt 0.95791268348693848 0.22259120643138885
vt 0.95791268348693848 0.21253988146781921
vt 0.95791268348693848 0.20248855650424957
vt 0.95791268348693848 0.19243721663951874
vt 0.95791268348693848 0.1823858916759491
vt 0.95791268348693848 0.17233456671237946
vt 0.97477006912231445 0.26782217621803284
vt 0.96634137630462646 0.26782217621803284
vt 0.97477006912231445 0.32059165835380554
vt 0.96634137630462646 0.32059165835380554
vt 0.96212702989578247 0.32059165835380554
vt 0.96634137630462646 0.34697639942169189
vt 0.96212702989578247 0.34697639942169189
vt 0.96212702989578247 0.26782217621803284
vt 0.96634137630462646 0.29420691728591919
vt 0.96212702989578247 0.29420691728591919
vt 0.97477006912231445 0.21505270898342133
vt 0.96634137630462646 0.21505270898342133
vt 0.96212702989578247 0.21505270898342133
vt 0.96634137630462646 0.24143745005130768
vt 0.96212702989578247 0.24143745005130768
vt 0.96634137630462646 0.18866796791553497
vt 0.96212702989578247 0.18866796791553497
vt 0.99162745475769043 0.17233456671237946
vt 0.99162745475769043 0.1823858916759491
vt 0.99162745475769043 0.19243721663951874
vt 0.99162745475769043 0.20248855650424957
vt 0.99162745475769043 0.21253988146781921
vt 0.99162745475769043 0.22259120643138885
vt 0.99162745475769043 0.2326425313949585
vt 0.99162745475769043 0.24269387125968933
vt 0.99162745475769043 0.25274518132209778
vt 0.99162745475769043 0.26279652118682861
vt 0.99162745475769043 0.27284786105155945
vt 0.99162745475769043 0.28289920091629028
vt 0.99162745475769043 0.29295051097869873
vt 0.99162745475769043 0.30300185084342957
vt 0.99162745475769043 0.31305316090583801
vt 0.99162745475769043 0.32310450077056885
vt 0.99162745475769043 0.33315584063529968
vt 0.99162745475769043 0.34320715069770813
vt 0.99162745475769043 0.35325849056243896
vt 0.99162745475769043 0.36330980062484741
vt 0.98319876194000244 0.26782217621803284
vt 0.98319876194000244 0.21505270898342133
vt 0.98741310834884644 0.21505270898342133
vt 0.98319876194000244 0.18866796791553497
vt 0.98741310834884644 0.18866796791553497
vt 0.98741310834884644 0.26782217621803284
vt 0.98319876194000244 0.24143745005130768
vt 0.98741310834884644 0.24143745005130768
vt 0.98319876194000244 0.32059165835380554
vt 0.98741310834884644 0.32059165835380554
vt 0.98319876194000244 0.29420691728591919
vt 0.98741310834884644 0.29420691728591919
vt 0.98319876194000244 0.34697639942169189
vt 0.98741310834884644 0.34697639942169189
vt 0.79377853870391846 0
vt 0.7600637674331665 0
vt 0.78703558444976807 0.041336089372634888
vt 0.78029263019561768 0.041336089372634888
vt 0.77354967594146729 0.041336089372634888
vt 0.76680672168731689 0.041336089372634888
vt 0.78703558444976807 0.082672178745269775
vt 0.78029263019561768 0.082672178745269775
vt 0.77354967594146729 0.082672178745269775
vt 0.76680672168731689 0.082672178745269775
vt 0.78703558444976807 0.12400827556848526
vt 0.78029263019561768 0.12400827556848526
vt 0.77354967594146729 0.12400827556848526
vt 0.76680672168731689 0.12400827556848526
vt 0.78703558444976807 0.20668044686317444
vt 0.78029263019561768 0.20668044686317444
vt 0.77354967594146729 0.20668044686317444
vt 0.76680672168731689 0.20668044686317444
vt 0.78703558444976807 0.24801655113697052
vt 0.78029263019561768 0.24801655113697052
vt 0.77354967594146729 0.24801655113697052
vt 0.76680672168731689 0.24801655113697052
vt 0.78703558444976807 0.28935262560844421
vt 0.78029263019561768 0.28935262560844421
vt 0.77354967594146729 0.28935262560844421
vt 0.76680672168731689 0.28935262560844421
vt 0.78703558444976807 0.3306887149810791
vt 0.78029263019561768 0.3306887149810791
vt 0.77354967594146729 0.3306887149810791
vt 0.76680672168731689 0.3306887149810791
vt 0.78703558444976807 0.37202480435371399
vt 0.78029263019561768 0.37202480435371399
vt 0.77354967594146729 0.37202480435371399
vt 0.76680672168731689 0.37202480435371399
vt 0.78703558444976807 0.41336089372634888
vt 0.78029263019561768 0.41336089372634888
vt 0.77354967594146729 0.41336089372634888
vt 0.76680672168731689 0.41336089372634888
vt 0.78703558444976807 0.45469701290130615
vt 0.78029263019561768 0.45469701290130615
vt 0.77354967594146729 0.45469701290130615
vt 0.76680672168731689 0.45469701290130615
vt 0.78703558444976807 0.49603310227394104
vt 0.78029263019561768 0.49603310227394104
vt 0.77354967594146729 0.49603310227394104
vt 0.76680672168731689 0.49603310227394104
vt 0.78703558444976807 0.53736913204193115
vt 0.78029263019561768 0.53736913204193115
vt 0.77354967594146729 0.53736913204193115
vt 0.76680672168731689 0.53736913204193115
vt 0.78703558444976807 0.57870525121688843
vt 0.78029263019561768 0.57870525121688843
vt 0.77354967594146729 0.57870525121688843
vt 0.76680672168731689 0.57870525121688843
vt 0.78703558444976807 0.6200413703918457
vt 0.78029263019561768 0.6200413703918457
vt 0.77354967594146729 0.6200413703918457
vt 0.76680672168731689 0.6200413703918457
vt 0.78703558444976807 0.70271354913711548
vt 0.78029263019561768 0.70271354913711548
vt 0.77354967594146729 0.70271354913711548
vt 0.76680672168731689 0.70271354913711548
vt 0.78703558444976807 0.74404960870742798
vt 0.78029263019561768 0.74404960870742798
vt 0.77354967594146729 0.74404960870742798
vt 0.76680672168731689 0.74404960870742798
vt 0.78703558444976807 0.78538572788238525
vt 0.78029263019561768 0.78538572788238525
vt 0.77354967594146729 0.78538572788238525
vt 0.76680672168731689 0.78538572788238525
vt 0.79377853870391846 0.82672178745269775
vt 0.7600637674331665 0.82672178745269775
vt 0.7600637674331665 0.81651538610458374
vt 0.7600637674331665 0.80630892515182495
vt 0.7600637674331665 0.79610252380371094
vt 0.7600637674331665 0.78589606285095215
vt 0.7600637674331665 0.77568960189819336
vt 0.7600637674331665 0.76548314094543457
vt 0.7600637674331665 0.75527667999267578
vt 0.7600637674331665 0.74507027864456177
vt 0.7600637674331665 0.73486381769180298
vt 0.7600637674331665 0.72465741634368896
vt 0.7600637674331665 0.71445095539093018
vt 0.7600637674331665 0.70424449443817139
vt 0.7600637674331665 0.6940380334854126
vt 0.7600637674331665 0.68383163213729858
vt 0.7600637674331665 0.67362517118453979
vt 0.7600637674331665 0.66341871023178101
vt 0.7600637674331665 0.65321230888366699
vt 0.7600637674331665 0.6430058479309082
vt 0.7600637674331665 0.63279944658279419
vt 0.7600637674331665 0.6225929856300354
vt 0.7600637674331665 0.61238652467727661
vt 0.7600637674331665 0.60218006372451782
vt 0.7600637674331665 0.59197360277175903
vt 0.7600637674331665 0.58176720142364502
vt 0.7600637674331665 0.57156074047088623
vt 0.7600637674331665 0.56135433912277222
vt 0.7600637674331665 0.55114787817001343
vt 0.7600637674331665 0.54094147682189941
vt 0.7600637674331665 0.53073495626449585
vt 0.7600637674331665 0.52052855491638184
vt 0.7600637674331665 0.51032209396362305
vt 0.7600637674331665 0.50011563301086426
vt 0.7600637674331665 0.48990923166275024
vt 0.7600637674331665 0.47970277070999146
vt 0.7600637674331665 0.46949633955955505
vt 0.7600637674331665 0.45928990840911865
vt 0.7600637674331665 0.44908341765403748
vt 0.7600637674331665 0.43887698650360107
vt 0.7600637674331665 0.42867055535316467
vt 0.7600637674331665 0.41846412420272827
vt 0.7600637674331665 0.40825769305229187
vt 0.7600637674331665 0.39805126190185547
vt 0.7600637674331665 0.38784480094909668
vt 0.7600637674331665 0.37763833999633789
vt 0.7600637674331665 0.36743190884590149
vt 0.7600637674331665 0.35722547769546509
vt 0.7600637674331665 0.3470190167427063
vt 0.7600637674331665 0.3368125855922699
vt 0.7600637674331665 0.3266061544418335
vt 0.7600637674331665 0.31639972329139709
vt 0.7600637674331665 0.30619326233863831
vt 0.7600637674331665 0.29598680138587952
vt 0.7600637674331665 0.28578037023544312
vt 0.7600637674331665 0.27557393908500671
vt 0.7600637674331665 0.26536747813224792
vt 0.7600637674331665 0.25516104698181152
vt 0.7600637674331665 0.24495461583137512
vt 0.7600637674331665 0.23474816977977753
vt 0.7600637674331665 0.22454170882701874
vt 0.7600637674331665 0.21433527767658234
vt 0.7600637674331665 0.20412884652614594
vt 0.7600637674331665 0.19392240047454834
vt 0.7600637674331665 0.18371595442295074
vt 0.7600637674331665 0.17350950837135315
vt 0.7600637674331665 0.16330307722091675
vt 0.7600637674331665 0.15309663116931915
vt 0.7600637674331665 0.14289018511772156
vt 0.7600637674331665 0.13268373906612396
vt 0.7600637674331665 0.12247730791568756
vt 0.7600637674331665 0.11227085441350937
vt 0.7600637674331665 0.10206442326307297
vt 0.7600637674331665 0.091857977211475372
vt 0.7600637674331665 0.081651538610458374
vt 0.7600637674331665 0.071445092558860779
vt 0.7600637674331665 0.061238653957843781
vt 0.7600637674331665 0.051032211631536484
vt 0.7600637674331665 0.040825769305229187
vt 0.7600637674331665 0.03061932697892189
vt 0.7600637674331665 0.020412884652614594
vt 0.7600637674331665 0.010206442326307297
vt 0.79377853870391846 0.010206442326307297
vt 0.79377853870391846 0.020412884652614594
vt 0.79377853870391846 0.03061932697892189
vt 0.79377853870391846 0.040825769305229187
vt 0.79377853870391846 0.051032211631536484
vt 0.79377853870391846 0.061238653957843781
vt 0.79377853870391846 0.071445092558860779
vt 0.79377853870391846 0.081651538610458374
vt 0.79377853870391846 0.091857977211475372
vt 0.79377853870391846 0.10206442326307297
vt 0.79377853870391846 0.11227085441350937
vt 0.79377853870391846 0.12247730791568756
vt 0.79377853870391846 0.13268373906612396
vt 0.79377853870391846 0.14289018511772156
vt 0.79377853870391846 0.15309663116931915
vt 0.79377853870391846 0.16330307722091675
vt 0.79377853870391846 0.17350950837135315
vt 0.79377853870391846 0.18371595442295074
vt 0.79377853870391846 0.19392240047454834
vt 0.79377853870391846 0.20412884652614594
vt 0.79377853870391846 0.21433527767658234
vt 0.79377853870391846 0.22454170882701874
vt 0.79377853870391846 0.23474816977977753
vt 0.79377853870391846 0.24495461583137512
vt 0.79377853870391846 0.25516104698181152
vt 0.79377853870391846 0.26536747813224792
vt 0.79377853870391846 0.27557393908500671
vt 0.79377853870391846 0.28578037023544312
vt 0.79377853870391846 0.29598680138587952
vt 0.79377853870391846 0.30619326233863831
vt 0.79377853870391846 0.31639972329139709
vt 0.79377853870391846 0.3266061544418335
vt 0.79377853870391846 0.3368125855922699
vt 0.79377853870391846 0.3470190167427063
vt 0.79377853870391846 0.35722547769546509
vt 0.79377853870391846 0.36743190884590149
vt 0.79377853870391846 0.37763833999633789
vt 0.79377853870391846 0.38784480094909668
vt 0.79377853870391846 0.39805126190185547
vt 0.79377853870391846 0.40825769305229187
vt 0.79377853870391846 0.41846412420272827
vt 0.79377853870391846 0.42867055535316467
vt 0.79377853870391846 0.43887698650360107
vt 0.79377853870391846 0.44908341765403748
vt 0.79377853870391846 0.45928990840911865
vt 0.79377853870391846 0.46949633955955505
vt 0.79377853870391846 0.47970277070999146
vt 0.79377853870391846 0.48990923166275024
vt 0.79377853870391846 0.50011563301086426
vt 0.79377853870391846 0.51032209396362305
vt 0.79377853870391846 0.52052855491638184
vt 0.79377853870391846 0.53073495626449585
vt 0.79377853870391846 0.54094147682189941
vt 0.79377853870391846 0.55114787817001343
vt 0.79377853870391846 0.56135433912277222
vt 0.79377853870391846 0.57156074047088623
vt 0.79377853870391846 0.58176720142364502
vt 0.79377853870391846 0.59197360277175903
vt 0.79377853870391846 0.60218006372451782
vt 0.79377853870391846 0.61238652467727661
vt 0.79377853870391846 0.6225929856300354
vt 0.79377853870391846 0.63279944658279419
vt 0.79377853870391846 0.6430058479309082
vt 0.79377853870391846 0.65321230888366699
vt 0.79377853870391846 0.66341871023178101
vt 0.79377853870391846 0.67362517118453979
vt 0.79377853870391846 0.68383163213729858
vt 0.79377853870391846 0.6940380334854126
vt 0.79377853870391846 0.70424449443817139
vt 0.79377853870391846 0.71445095539093018
vt 0.79377853870391846 0.72465741634368896
vt 0.79377853870391846 0.73486381769180298
vt 0.79377853870391846 0.74507027864456177
vt 0.79377853870391846 0.75527667999267578
vt 0.79377853870391846 0.76548314094543457
vt 0.79377853870391846 0.77568960189819336
vt 0.79377853870391846 0.78589606285095215
vt 0.79377853870391846 0.79610252380371094
vt 0.79377853870391846 0.80630892515182495
vt 0.79377853870391846 0.81651538610458374
vt 0.77692115306854248 0.19128935039043427
vt 0.78249847888946533 0.19014668464660645
vt 0.78724765777587891 0.18688833713531494
vt 0.79047650098800659 0.18196658790111542
vt 0.79167139530181885 0.17589825391769409
vt 0.7905762791633606 0.17007860541343689
vt 0.78745365142822266 0.1651231050491333
vt 0.78273683786392212 0.16175395250320435
vt 0.77692115306854248 0.16050715744495392
vt 0.77692115306854248 0.20668044686317444
vt 0.78366410732269287 0.20668044686317444
vt 0.78703558444976807 0.14467631280422211
vt 0.79040706157684326 0.12400827556848526
vt 0.79040706157684326 0.14467631280422211
vt 0.78029263019561768 0.14467631280422211
vt 0.78366410732269287 0.12400827556848526
vt 0.78366410732269287 0.14467631280422211
vt 0.77354967594146729 0.14467631280422211
vt 0.77692115306854248 0.12400827556848526
vt 0.77692115306854248 0.14467631280422211
vt 0.77134382724761963 0.16164982318878174
vt 0.76659464836120605 0.16490817070007324
vt 0.76336580514907837 0.16982991993427277
vt 0.76217091083526611 0.17589825391769409
vt 0.76326602697372437 0.18171790242195129
vt 0.76638871431350708 0.18667340278625488
vt 0.77110552787780762 0.19004255533218384
vt 0.76680672168731689 0.14467631280422211
vt 0.77017819881439209 0.12400827556848526
vt 0.77017819881439209 0.14467631280422211
vt 0.7634352445602417 0.12400827556848526
vt 0.7634352445602417 0.14467631280422211
vt 0.77017819881439209 0.20668044686317444
vt 0.77692115306854248 0.66621464490890503
vt 0.78249847888946533 0.66507196426391602
vt 0.78724765777587891 0.66181367635726929
vt 0.79047650098800659 0.65689188241958618
vt 0.79167139530181885 0.65082359313964844
vt 0.7905762791633606 0.64500391483306885
vt 0.78745365142822266 0.64004838466644287
vt 0.78273683786392212 0.63667923212051392
vt 0.77692115306854248 0.63543248176574707
vt 0.77692115306854248 0.70271354913711548
vt 0.77354967594146729 0.68204545974731445
vt 0.78029263019561768 0.68204545974731445
vt 0.77692115306854248 0.68204545974731445
vt 0.78366410732269287 0.70271354913711548
vt 0.78703558444976807 0.68204545974731445
vt 0.78366410732269287 0.68204545974731445
vt 0.79040706157684326 0.70271354913711548
vt 0.79040706157684326 0.68204545974731445
vt 0.78366410732269287 0.6200413703918457
vt 0.77692115306854248 0.6200413703918457
vt 0.77134382724761963 0.63657516241073608
vt 0.76659464836120605 0.63983345031738281
vt 0.76336580514907837 0.64475524425506592
vt 0.76217091083526611 0.65082359313964844
vt 0.76326602697372437 0.65664315223693848
vt 0.76638871431350708 0.66159868240356445
vt 0.77110552787780762 0.66496783494949341
vt 0.77017819881439209 0.6200413703918457
vt 0.7634352445602417 0.70271354913711548
vt 0.76680672168731689 0.68204545974731445
vt 0.7634352445602417 0.68204545974731445
vt 0.77017819881439209 0.70271354913711548
vt 0.77017819881439209 0.68204545974731445
vt 0.6261252760887146 0.21730788052082062
vt 0.56272834539413452 0.21730788052082062
vt 0.49933144450187683 0.21730788052082062
vt 0.6261252760887146 0.43461576104164124
vt 0.56272834539413452 0.43461576104164124
vt 0.49933144450187683 0.43461576104164124
vt 0.6261252760887146 0.65192365646362305
vt 0.56272834539413452 0.65192365646362305
vt 0.49933144450187683 0.65192365646362305
vt 0.45779556035995483 0
vt 0.46778914332389832 0
vt 0.47778275609016418 0
vt 0.48777633905410767 0
vt 0.49776995182037354 0
vt 0.5077635645866394 0
vt 0.51775717735290527 0
vt 0.52775073051452637 0
vt 0.53774434328079224 0
vt 0.54773795604705811 0
vt 0.55773156881332397 0
vt 0.56772518157958984 0
vt 0.57771873474121094 0
vt 0.58771234750747681 0
vt 0.59770596027374268 0
vt 0.60769957304000854 0
vt 0.61769318580627441 0
vt 0.62768673896789551 0
vt 0.63768035173416138 0
vt 0.64767396450042725 0
vt 0.66766119003295898 0
vt 0.46763300895690918 0.21730788052082062
vt 0.49933144450187683 0.10865394026041031
vt 0.46763300895690918 0.10865394026041031
vt 0.45178377628326416 0.10865394026041031
vt 0.46763300895690918 0.054326970130205154
vt 0.45178377628326416 0.054326970130205154
vt 0.45970839262008667 0.054326970130205154
vt 0.45178377628326416 0.027163485065102577
vt 0.46763300895690918 0.027163485065102577
vt 0.45970839262008667 0.027163485065102577
vt 0.4834822416305542 0.10865394026041031
vt 0.49933144450187683 0.054326970130205154
vt 0.4834822416305542 0.054326970130205154
vt 0.53102988004684448 0.21730788052082062
vt 0.56272834539413452 0.10865394026041031
vt 0.53102988004684448 0.10865394026041031
vt 0.47555762529373169 0.054326970130205154
vt 0.4834822416305542 0.027163485065102577
vt 0.47555762529373169 0.027163485065102577
vt 0.49140682816505432 0.054326970130205154
vt 0.49933144450187683 0.027163485065102577
vt 0.49140682816505432 0.027163485065102577
vt 0.51518070697784424 0.10865394026041031
vt 0.53102988004684448 0.054326970130205154
vt 0.51518070697784424 0.054326970130205154
vt 0.50725609064102173 0.054326970130205154
vt 0.51518070697784424 0.027163485065102577
vt 0.50725609064102173 0.027163485065102577
vt 0.52310532331466675 0.054326970130205154
vt 0.53102988004684448 0.027163485065102577
vt 0.52310532331466675 0.027163485065102577
vt 0.5468791127204895 0.10865394026041031
vt 0.56272834539413452 0.054326970130205154
vt 0.5468791127204895 0.054326970130205154
vt 0.59442681074142456 0.21730788052082062
vt 0.6261252760887146 0.10865394026041031
vt 0.59442681074142456 0.10865394026041031
vt 0.53895449638366699 0.054326970130205154
vt 0.5468791127204895 0.027163485065102577
vt 0.53895449638366699 0.027163485065102577
vt 0.55480372905731201 0.054326970130205154
vt 0.56272834539413452 0.027163485065102577
vt 0.55480372905731201 0.027163485065102577
vt 0.57857757806777954 0.10865394026041031
vt 0.59442681074142456 0.054326970130205154
vt 0.57857757806777954 0.054326970130205154
vt 0.57065296173095703 0.054326970130205154
vt 0.57857757806777954 0.027163485065102577
vt 0.57065296173095703 0.027163485065102577
vt 0.58650219440460205 0.054326970130205154
vt 0.59442681074142456 0.027163485065102577
vt 0.58650219440460205 0.027163485065102577
vt 0.61027604341506958 0.10865394026041031
vt 0.6261252760887146 0.054326970130205154
vt 0.61027604341506958 0.054326970130205154
vt 0.65782374143600464 0.21730788052082062
vt 0.65782374143600464 0.10865394026041031
vt 0.60235142707824707 0.054326970130205154
vt 0.61027604341506958 0.027163485065102577
vt 0.60235142707824707 0.027163485065102577
vt 0.61820065975189209 0.054326970130205154
vt 0.6261252760887146 0.027163485065102577
vt 0.61820065975189209 0.027163485065102577
vt 0.64197450876235962 0.10865394026041031
vt 0.65782374143600464 0.054326970130205154
vt 0.64197450876235962 0.054326970130205154
vt 0.63404989242553711 0.054326970130205154
vt 0.64197450876235962 0.027163485065102577
vt 0.63404989242553711 0.027163485065102577
vt 0.64989912509918213 0.054326970130205154
vt 0.65782374143600464 0.027163485065102577
vt 0.64989912509918213 0.027163485065102577
vt 0.67367297410964966 0.10865394026041031
vt 0.67367297410964966 0.054326970130205154
vt 0.67465293407440186 0.0011529275216162205
vt 0.68071943521499634 0.0043462612666189671
vt 0.6854480504989624 0.009188920259475708
vt 0.6895221471786499 0.021950291469693184
vt 0.66574835777282715 0.054326970130205154
vt 0.67367297410964966 0.027163485065102577
vt 0.66574835777282715 0.027163485065102577
vt 0.68159759044647217 0.054326970130205154
vt 0.68159759044647217 0.027163485065102577
vt 0.6895221471786499 0.03213956207036972
vt 0.6895221471786499 0.042328834533691406
vt 0.6895221471786499 0.052518103271722794
vt 0.6895221471786499 0.062707372009754181
vt 0.6895221471786499 0.072896644473075867
vt 0.6895221471786499 0.083085916936397552
vt 0.6895221471786499 0.093275189399719238
vt 0.6895221471786499 0.10346446186304092
vt 0.6895221471786499 0.11365373432636261
vt 0.6895221471786499 0.1238430067896843
vt 0.6895221471786499 0.13403226435184479
vt 0.6895221471786499 0.14422154426574707
vt 0.6895221471786499 0.15441080927848816
vt 0.6895221471786499 0.16460008919239044
vt 0.6895221471786499 0.17478935420513153
vt 0.6895221471786499 0.18497863411903381
vt 0.6895221471786499 0.19516788423061371
vt 0.6895221471786499 0.20535716414451599
vt 0.6895221471786499 0.21554644405841827
vt 0.6895221471786499 0.22573569416999817
vt 0.6895221471786499 0.23592498898506165
vt 0.6895221471786499 0.24611423909664154
vt 0.6895221471786499 0.25630351901054382
vt 0.6895221471786499 0.26649278402328491
vt 0.6895221471786499 0.27668207883834839
vt 0.6895221471786499 0.28687134385108948
vt 0.6895221471786499 0.29706060886383057
vt 0.6895221471786499 0.30724987387657166
vt 0.6895221471786499 0.31743913888931274
vt 0.6895221471786499 0.32762843370437622
vt 0.6895221471786499 0.33781769871711731
vt 0.6895221471786499 0.34800693392753601
vt 0.6895221471786499 0.35819622874259949
vt 0.6895221471786499 0.36838549375534058
vt 0.6895221471786499 0.37857478857040405
vt 0.6895221471786499 0.38876405358314514
vt 0.6895221471786499 0.39895331859588623
vt 0.6895221471786499 0.40914258360862732
vt 0.6895221471786499 0.41933184862136841
vt 0.6895221471786499 0.42952114343643188
vt 0.6895221471786499 0.43971040844917297
vt 0.6895221471786499 0.44989967346191406
vt 0.6895221471786499 0.46008893847465515
vt 0.6895221471786499 0.47027820348739624
vt 0.6895221471786499 0.48046746850013733
vt 0.6895221471786499 0.49065676331520081
vt 0.6895221471786499 0.50084602832794189
vt 0.6895221471786499 0.5110352635383606
vt 0.6895221471786499 0.52122455835342407
vt 0.6895221471786499 0.53141379356384277
vt 0.6895221471786499 0.54160314798355103
vt 0.6895221471786499 0.55179238319396973
vt 0.6895221471786499 0.56198161840438843
vt 0.6895221471786499 0.5721709132194519
vt 0.6895221471786499 0.58236020803451538
vt 0.6895221471786499 0.59254950284957886
vt 0.6895221471786499 0.60273873805999756
vt 0.6895221471786499 0.61292797327041626
vt 0.6895221471786499 0.62311726808547974
vt 0.6895221471786499 0.63330656290054321
vt 0.6895221471786499 0.64349585771560669
vt 0.6895221471786499 0.65368509292602539
vt 0.6895221471786499 0.66387432813644409
vt 0.6895221471786499 0.67406362295150757
vt 0.6895221471786499 0.68425291776657104
vt 0.6895221471786499 0.69444215297698975
vt 0.6895221471786499 0.70463144779205322
vt 0.6895221471786499 0.71482068300247192
vt 0.6895221471786499 0.7250099778175354
vt 0.6895221471786499 0.73519927263259888
vt 0.6895221471786499 0.74538850784301758
vt 0.6895221471786499 0.75557780265808105
vt 0.6895221471786499 0.76576703786849976
vt 0.6895221471786499 0.77595633268356323
vt 0.6895221471786499 0.78614562749862671
vt 0.6895221471786499 0.79633486270904541
vt 0.6895221471786499 0.80652415752410889
vt 0.6895221471786499 0.81671339273452759
vt 0.6895221471786499 0.82690274715423584
vt 0.6895221471786499 0.83709198236465454
vt 0.6895221471786499 0.84728121757507324
vt 0.68159759044647217 0.10865394026041031
vt 0.67367297410964966 0.081490457057952881
vt 0.68159759044647217 0.081490457057952881
vt 0.67367297410964966 0.21730788052082062
vt 0.65782374143600464 0.16298091411590576
vt 0.67367297410964966 0.16298091411590576
vt 0.65782374143600464 0.43461576104164124
vt 0.6261252760887146 0.32596182823181152
vt 0.65782374143600464 0.32596182823181152
vt 0.68159759044647217 0.16298091411590576
vt 0.67367297410964966 0.13581742346286774
vt 0.68159759044647217 0.13581742346286774
vt 0.68159759044647217 0.21730788052082062
vt 0.67367297410964966 0.19014438986778259
vt 0.68159759044647217 0.19014438986778259
vt 0.67367297410964966 0.32596182823181152
vt 0.65782374143600464 0.27163484692573547
vt 0.67367297410964966 0.27163484692573547
vt 0.68159759044647217 0.27163484692573547
vt 0.67367297410964966 0.24447137117385864
vt 0.68159759044647217 0.24447137117385864
vt 0.68159759044647217 0.32596182823181152
vt 0.67367297410964966 0.2987983226776123
vt 0.68159759044647217 0.2987983226776123
vt 0.67367297410964966 0.43461576104164124
vt 0.65782374143600464 0.38028877973556519
vt 0.67367297410964966 0.38028877973556519
vt 0.65782374143600464 0.65192365646362305
vt 0.6261252760887146 0.54326969385147095
vt 0.65782374143600464 0.54326969385147095
vt 0.68159759044647217 0.38028877973556519
vt 0.67367297410964966 0.35312530398368835
vt 0.68159759044647217 0.35312530398368835
vt 0.68159759044647217 0.43461576104164124
vt 0.67367297410964966 0.4074522852897644
vt 0.68159759044647217 0.4074522852897644
vt 0.67367297410964966 0.54326969385147095
vt 0.65782374143600464 0.48894274234771729
vt 0.67367297410964966 0.48894274234771729
vt 0.68159759044647217 0.48894274234771729
vt 0.67367297410964966 0.46177923679351807
vt 0.68159759044647217 0.46177923679351807
vt 0.68159759044647217 0.54326969385147095
vt 0.67367297410964966 0.51610618829727173
vt 0.68159759044647217 0.51610618829727173
vt 0.67367297410964966 0.65192365646362305
vt 0.65782374143600464 0.59759664535522461
vt 0.67367297410964966 0.59759664535522461
vt 0.6261252760887146 0.76057755947113037
vt 0.65782374143600464 0.76057755947113037
vt 0.68159759044647217 0.59759664535522461
vt 0.67367297410964966 0.57043319940567017
vt 0.68159759044647217 0.57043319940567017
vt 0.68159759044647217 0.65192365646362305
vt 0.67367297410964966 0.62476015090942383
vt 0.68159759044647217 0.62476015090942383
vt 0.67367297410964966 0.76057755947113037
vt 0.65782374143600464 0.70625060796737671
vt 0.67367297410964966 0.70625060796737671
vt 0.68159759044647217 0.70625060796737671
vt 0.67367297410964966 0.67908710241317749
vt 0.68159759044647217 0.67908710241317749
vt 0.68159759044647217 0.76057755947113037
vt 0.67367297410964966 0.73341411352157593
vt 0.68159759044647217 0.73341411352157593
vt 0.65782374143600464 0.81490457057952881
vt 0.67367297410964966 0.81490457057952881
vt 0.68159759044647217 0.81490457057952881
vt 0.67367297410964966 0.78774106502532959
vt 0.68159759044647217 0.78774106502532959
vt 0.67367297410964966 0.84206801652908325
vt 0.68159759044647217 0.84206801652908325
vt 0.68837392330169678 0.8543015718460083
vt 0.68519359827041626 0.86039280891418457
vt 0.68037062883377075 0.86514073610305786
vt 0.66766119003295898 0.86923152208328247
vt 0.65766757726669312 0.86923152208328247
vt 0.64767396450042725 0.86923152208328247
vt 0.63768035173416138 0.86923152208328247
vt 0.62768673896789551 0.86923152208328247
vt 0.61769318580627441 0.86923152208328247
vt 0.60769957304000854 0.86923152208328247
vt 0.59770596027374268 0.86923152208328247
vt 0.58771234750747681 0.86923152208328247
vt 0.57771873474121094 0.86923152208328247
vt 0.56772518157958984 0.86923152208328247
vt 0.55773156881332397 0.86923152208328247
vt 0.54773795604705811 0.86923152208328247
vt 0.53774434328079224 0.86923152208328247
vt 0.52775073051452637 0.86923152208328247
vt 0.51775717735290527 0.86923152208328247
vt 0.5077635645866394 0.86923152208328247
vt 0.49776995182037354 0.86923152208328247
vt 0.48777633905410767 0.86923152208328247
vt 0.47778275609016418 0.86923152208328247
vt 0.46778914332389832 0.86923152208328247
vt 0.45779556035995483 0.86923152208328247
vt 0.65782374143600464 0.84206801652908325
vt 0.66574835777282715 0.81490457057952881
vt 0.66574835777282715 0.84206801652908325
vt 0.6261252760887146 0.81490457057952881
vt 0.64197450876235962 0.76057755947113037
vt 0.64197450876235962 0.81490457057952881
vt 0.56272834539413452 0.76057755947113037
vt 0.59442681074142456 0.65192365646362305
vt 0.59442681074142456 0.76057755947113037
vt 0.64197450876235962 0.84206801652908325
vt 0.64989912509918213 0.81490457057952881
vt 0.64989912509918213 0.84206801652908325
vt 0.6261252760887146 0.84206801652908325
vt 0.63404989242553711 0.81490457057952881
vt 0.63404989242553711 0.84206801652908325
vt 0.59442681074142456 0.81490457057952881
vt 0.61027604341506958 0.76057755947113037
vt 0.61027604341506958 0.81490457057952881
vt 0.61027604341506958 0.84206801652908325
vt 0.61820065975189209 0.81490457057952881
vt 0.61820065975189209 0.84206801652908325
vt 0.59442681074142456 0.84206801652908325
vt 0.60235142707824707 0.81490457057952881
vt 0.60235142707824707 0.84206801652908325
vt 0.56272834539413452 0.81490457057952881
vt 0.57857757806777954 0.76057755947113037
vt 0.57857757806777954 0.81490457057952881
vt 0.49933144450187683 0.76057755947113037
vt 0.53102988004684448 0.65192365646362305
vt 0.53102988004684448 0.76057755947113037
vt 0.57857757806777954 0.84206801652908325
vt 0.58650219440460205 0.81490457057952881
vt 0.58650219440460205 0.84206801652908325
vt 0.56272834539413452 0.84206801652908325
vt 0.57065296173095703 0.81490457057952881
vt 0.57065296173095703 0.84206801652908325
vt 0.53102988004684448 0.81490457057952881
vt 0.5468791127204895 0.76057755947113037
vt 0.5468791127204895 0.81490457057952881
vt 0.5468791127204895 0.84206801652908325
vt 0.55480372905731201 0.81490457057952881
vt 0.55480372905731201 0.84206801652908325
vt 0.53102988004684448 0.84206801652908325
vt 0.53895449638366699 0.81490457057952881
vt 0.53895449638366699 0.84206801652908325
vt 0.49933144450187683 0.81490457057952881
vt 0.51518070697784424 0.76057755947113037
vt 0.51518070697784424 0.81490457057952881
vt 0.46763300895690918 0.65192365646362305
vt 0.46763300895690918 0.76057755947113037
vt 0.51518070697784424 0.84206801652908325
vt 0.52310532331466675 0.81490457057952881
vt 0.52310532331466675 0.84206801652908325
vt 0.49933144450187683 0.84206801652908325
vt 0.50725609064102173 0.81490457057952881
vt 0.50725609064102173 0.84206801652908325
vt 0.46763300895690918 0.81490457057952881
vt 0.4834822416305542 0.76057755947113037
vt 0.4834822416305542 0.81490457057952881
vt 0.4834822416305542 0.84206801652908325
vt 0.49140682816505432 0.81490457057952881
vt 0.49140682816505432 0.84206801652908325
vt 0.46763300895690918 0.84206801652908325
vt 0.47555762529373169 0.81490457057952881
vt 0.47555762529373169 0.84206801652908325
vt 0.45178377628326416 0.76057755947113037
vt 0.45178377628326416 0.81490457057952881
vt 0.45178377628326416 0.84206801652908325
vt 0.45970839262008667 0.81490457057952881
vt 0.45970839262008667 0.84206801652908325
vt 0.44917628169059753 0.86745339632034302
vt 0.44218561053276062 0.86264842748641968
vt 0.43593454360961914 0.84728121757507324
vt 0.44385915994644165 0.81490457057952881
vt 0.44385915994644165 0.84206801652908325
vt 0.43593454360961914 0.83709198236465454
vt 0.43593454360961914 0.82690274715423584
vt 0.43593454360961914 0.81671339273452759
vt 0.43593454360961914 0.80652415752410889
vt 0.43593454360961914 0.79633486270904541
vt 0.43593454360961914 0.78614562749862671
vt 0.43593454360961914 0.77595633268356323
vt 0.43593454360961914 0.76576703786849976
vt 0.43593454360961914 0.75557780265808105
vt 0.43593454360961914 0.74538850784301758
vt 0.43593454360961914 0.73519927263259888
vt 0.43593454360961914 0.7250099778175354
vt 0.43593454360961914 0.71482068300247192
vt 0.43593454360961914 0.70463144779205322
vt 0.43593454360961914 0.69444215297698975
vt 0.43593454360961914 0.68425291776657104
vt 0.43593454360961914 0.67406362295150757
vt 0.43593454360961914 0.66387432813644409
vt 0.43593454360961914 0.65368509292602539
vt 0.43593454360961914 0.64349585771560669
vt 0.43593454360961914 0.63330656290054321
vt 0.43593454360961914 0.62311726808547974
vt 0.43593454360961914 0.61292797327041626
vt 0.43593454360961914 0.60273873805999756
vt 0.43593454360961914 0.59254950284957886
vt 0.43593454360961914 0.58236020803451538
vt 0.43593454360961914 0.5721709132194519
vt 0.43593454360961914 0.56198161840438843
vt 0.43593454360961914 0.55179238319396973
vt 0.43593454360961914 0.54160314798355103
vt 0.43593454360961914 0.53141379356384277
vt 0.43593454360961914 0.52122455835342407
vt 0.43593454360961914 0.5110352635383606
vt 0.43593454360961914 0.50084602832794189
vt 0.43593454360961914 0.49065676331520081
vt 0.43593454360961914 0.48046746850013733
vt 0.43593454360961914 0.47027820348739624
vt 0.43593454360961914 0.46008893847465515
vt 0.43593454360961914 0.44989967346191406
vt 0.43593454360961914 0.43971040844917297
vt 0.43593454360961914 0.42952114343643188
vt 0.43593454360961914 0.41933184862136841
vt 0.43593454360961914 0.40914258360862732
vt 0.43593454360961914 0.39895331859588623
vt 0.43593454360961914 0.38876405358314514
vt 0.43593454360961914 0.37857478857040405
vt 0.43593454360961914 0.36838549375534058
vt 0.43593454360961914 0.35819622874259949
vt 0.43593454360961914 0.34800693392753601
vt 0.43593454360961914 0.33781769871711731
vt 0.43593454360961914 0.32762843370437622
vt 0.43593454360961914 0.31743913888931274
vt 0.43593454360961914 0.30724987387657166
vt 0.43593454360961914 0.29706060886383057
vt 0.43593454360961914 0.28687134385108948
vt 0.43593454360961914 0.27668207883834839
vt 0.43593454360961914 0.26649278402328491
vt 0.43593454360961914 0.25630351901054382
vt 0.43593454360961914 0.24611423909664154
vt 0.43593454360961914 0.23592498898506165
vt 0.43593454360961914 0.22573569416999817
vt 0.43593454360961914 0.21554644405841827
vt 0.43593454360961914 0.20535716414451599
vt 0.43593454360961914 0.19516788423061371
vt 0.43593454360961914 0.18497863411903381
vt 0.43593454360961914 0.17478935420513153
vt 0.43593454360961914 0.16460008919239044
vt 0.43593454360961914 0.15441080927848816
vt 0.43593454360961914 0.14422154426574707
vt 0.43593454360961914 0.13403226435184479
vt 0.43593454360961914 0.1238430067896843
vt 0.43593454360961914 0.11365373432636261
vt 0.43593454360961914 0.10346446186304092
vt 0.43593454360961914 0.093275189399719238
vt 0.43593454360961914 0.083085916936397552
vt 0.43593454360961914 0.072896644473075867
vt 0.43593454360961914 0.062707372009754181
vt 0.43593454360961914 0.052518103271722794
vt 0.43593454360961914 0.042328834533691406
vt 0.43593454360961914 0.03213956207036972
vt 0.43593454360961914 0.021950291469693184
vt 0.44385915994644165 0.76057755947113037
vt 0.45178377628326416 0.78774106502532959
vt 0.44385915994644165 0.78774106502532959
vt 0.45178377628326416 0.65192365646362305
vt 0.46763300895690918 0.70625060796737671
vt 0.45178377628326416 0.70625060796737671
vt 0.46763300895690918 0.43461576104164124
vt 0.49933144450187683 0.54326969385147095
vt 0.46763300895690918 0.54326969385147095
vt 0.44385915994644165 0.70625060796737671
vt 0.45178377628326416 0.73341411352157593
vt 0.44385915994644165 0.73341411352157593
vt 0.44385915994644165 0.65192365646362305
vt 0.45178377628326416 0.67908710241317749
vt 0.44385915994644165 0.67908710241317749
vt 0.45178377628326416 0.54326969385147095
vt 0.46763300895690918 0.59759664535522461
vt 0.45178377628326416 0.59759664535522461
vt 0.44385915994644165 0.59759664535522461
vt 0.45178377628326416 0.62476015090942383
vt 0.44385915994644165 0.62476015090942383
vt 0.44385915994644165 0.54326969385147095
vt 0.45178377628326416 0.57043319940567017
vt 0.44385915994644165 0.57043319940567017
vt 0.45178377628326416 0.43461576104164124
vt 0.46763300895690918 0.48894274234771729
vt 0.45178377628326416 0.48894274234771729
vt 0.49933144450187683 0.32596182823181152
vt 0.46763300895690918 0.32596182823181152
vt 0.44385915994644165 0.48894274234771729
vt 0.45178377628326416 0.51610618829727173
vt 0.44385915994644165 0.51610618829727173
vt 0.44385915994644165 0.43461576104164124
vt 0.45178377628326416 0.46177923679351807
vt 0.44385915994644165 0.46177923679351807
vt 0.45178377628326416 0.32596182823181152
vt 0.46763300895690918 0.38028877973556519
vt 0.45178377628326416 0.38028877973556519
vt 0.44385915994644165 0.38028877973556519
vt 0.45178377628326416 0.4074522852897644
vt 0.44385915994644165 0.4074522852897644
vt 0.44385915994644165 0.32596182823181152
vt 0.45178377628326416 0.35312530398368835
vt 0.44385915994644165 0.35312530398368835
vt 0.45178377628326416 0.21730788052082062
vt 0.46763300895690918 0.27163484692573547
vt 0.45178377628326416 0.27163484692573547
vt 0.44385915994644165 0.27163484692573547
vt 0.45178377628326416 0.2987983226776123
vt 0.44385915994644165 0.2987983226776123
vt 0.44385915994644165 0.21730788052082062
vt 0.45178377628326416 0.24447137117385864
vt 0.44385915994644165 0.24447137117385864
vt 0.46763300895690918 0.16298091411590576
vt 0.45178377628326416 0.16298091411590576
vt 0.44385915994644165 0.16298091411590576
vt 0.45178377628326416 0.19014438986778259
vt 0.44385915994644165 0.19014438986778259
vt 0.44385915994644165 0.10865394026041031
vt 0.45178377628326416 0.13581742346286774
vt 0.44385915994644165 0.13581742346286774
vt 0.44385915994644165 0.054326970130205154
vt 0.45178377628326416 0.081490457057952881
vt 0.44385915994644165 0.081490457057952881
vt 0.44385915994644165 0.027163485065102577
vt 0.43708279728889465 0.014929966069757938
vt 0.44026312232017517 0.0088387150317430496
vt 0.44508609175682068 0.0040907640941441059
vt 0.37107279896736145 0.21730788052082062
vt 0.30767589807510376 0.21730788052082062
vt 0.24427898228168488 0.21730788052082062
vt 0.37107279896736145 0.43461576104164124
vt 0.30767589807510376 0.43461576104164124
vt 0.24427898228168488 0.43461576104164124
vt 0.37107279896736145 0.65192365646362305
vt 0.30767589807510376 0.65192365646362305
vt 0.24427898228168488 0.65192365646362305
vt 0.18088208138942719 0.021950291469693184
vt 0.18743839859962463 0.0062765828333795071
vt 0.19447705149650574 0.0016296397661790252
vt 0.20274308323860168 0
vt 0.21258053183555603 0.21730788052082062
vt 0.24427898228168488 0.10865394026041031
vt 0.21258053183555603 0.10865394026041031
vt 0.19673129916191101 0.10865394026041031
vt 0.21258053183555603 0.054326970130205154
vt 0.19673129916191101 0.054326970130205154
vt 0.1888066828250885 0.054326970130205154
vt 0.19673129916191101 0.027163485065102577
vt 0.1888066828250885 0.027163485065102577
vt 0.20465591549873352 0.054326970130205154
vt 0.21258053183555603 0.027163485065102577
vt 0.20465591549873352 0.027163485065102577
vt 0.22842974960803986 0.10865394026041031
vt 0.24427898228168488 0.054326970130205154
vt 0.22842974960803986 0.054326970130205154
vt 0.27597743272781372 0.21730788052082062
vt 0.30767589807510376 0.10865394026041031
vt 0.27597743272781372 0.10865394026041031
vt 0.21273668110370636 0
vt 0.22273027896881104 0
vt 0.23272387683391571 0
vt 0.24271747469902039 0
vt 0.25271108746528625 0
vt 0.26270467042922974 0
vt 0.27269828319549561 0
vt 0.28269189596176147 0
vt 0.29268547892570496 0
vt 0.30267909169197083 0
vt 0.31267267465591431 0
vt 0.32266628742218018 0
vt 0.33265990018844604 0
vt 0.34265348315238953 0
vt 0.3526470959186554 0
vt 0.36264070868492126 0
vt 0.37263429164886475 0
vt 0.38262790441513062 0
vt 0.3926214873790741 0
vt 0.40261510014533997 0
vt 0.41260871291160583 0
vt 0.22050514817237854 0.054326970130205154
vt 0.22842974960803986 0.027163485065102577
vt 0.22050514817237854 0.027163485065102577
vt 0.23635436594486237 0.054326970130205154
vt 0.24427898228168488 0.027163485065102577
vt 0.23635436594486237 0.027163485065102577
vt 0.2601282000541687 0.10865394026041031
vt 0.27597743272781372 0.054326970130205154
vt 0.2601282000541687 0.054326970130205154
vt 0.25220358371734619 0.054326970130205154
vt 0.2601282000541687 0.027163485065102577
vt 0.25220358371734619 0.027163485065102577
vt 0.26805281639099121 0.054326970130205154
vt 0.27597743272781372 0.027163485065102577
vt 0.26805281639099121 0.027163485065102577
vt 0.29182666540145874 0.10865394026041031
vt 0.30767589807510376 0.054326970130205154
vt 0.29182666540145874 0.054326970130205154
vt 0.33937433362007141 0.21730788052082062
vt 0.37107279896736145 0.10865394026041031
vt 0.33937433362007141 0.10865394026041031
vt 0.28390204906463623 0.054326970130205154
vt 0.29182666540145874 0.027163485065102577
vt 0.28390204906463623 0.027163485065102577
vt 0.29975128173828125 0.054326970130205154
vt 0.30767589807510376 0.027163485065102577
vt 0.29975128173828125 0.027163485065102577
vt 0.32352513074874878 0.10865394026041031
vt 0.33937433362007141 0.054326970130205154
vt 0.32352513074874878 0.054326970130205154
vt 0.31560051441192627 0.054326970130205154
vt 0.32352513074874878 0.027163485065102577
vt 0.31560051441192627 0.027163485065102577
vt 0.3314497172832489 0.054326970130205154
vt 0.33937433362007141 0.027163485065102577
vt 0.3314497172832489 0.027163485065102577
vt 0.35522356629371643 0.10865394026041031
vt 0.37107279896736145 0.054326970130205154
vt 0.35522356629371643 0.054326970130205154
vt 0.40277126431465149 0.21730788052082062
vt 0.40277126431465149 0.10865394026041031
vt 0.34729894995689392 0.054326970130205154
vt 0.35522356629371643 0.027163485065102577
vt 0.34729894995689392 0.027163485065102577
vt 0.36314818263053894 0.054326970130205154
vt 0.37107279896736145 0.027163485065102577
vt 0.36314818263053894 0.027163485065102577
vt 0.38692203164100647 0.10865394026041031
vt 0.40277126431465149 0.054326970130205154
vt 0.38692203164100647 0.054326970130205154
vt 0.37899741530418396 0.054326970130205154
vt 0.38692203164100647 0.027163485065102577
vt 0.37899741530418396 0.027163485065102577
vt 0.39484664797782898 0.054326970130205154
vt 0.40277126431465149 0.027163485065102577
vt 0.39484664797782898 0.027163485065102577
vt 0.41862046718597412 0.10865394026041031
vt 0.41862046718597412 0.054326970130205154
vt 0.41069585084915161 0.054326970130205154
vt 0.41862046718597412 0.027163485065102577
vt 0.41069585084915161 0.027163485065102577
vt 0.4256669282913208 0.0043462612666189671
vt 0.43039557337760925 0.009188920259475708
vt 0.43342626094818115 0.015249789692461491
vt 0.43446969985961914 0.021950291469693184
vt 0.42654508352279663 0.054326970130205154
vt 0.42654508352279663 0.027163485065102577
vt 0.43446969985961914 0.03213956207036972
vt 0.43446969985961914 0.042328834533691406
vt 0.43446969985961914 0.052518103271722794
vt 0.43446969985961914 0.062707372009754181
vt 0.43446969985961914 0.072896644473075867
vt 0.43446969985961914 0.083085916936397552
vt 0.43446969985961914 0.093275189399719238
vt 0.43446969985961914 0.10346446186304092
vt 0.43446969985961914 0.11365373432636261
vt 0.43446969985961914 0.1238430067896843
vt 0.43446969985961914 0.13403226435184479
vt 0.43446969985961914 0.14422154426574707
vt 0.43446969985961914 0.15441080927848816
vt 0.43446969985961914 0.16460008919239044
vt 0.43446969985961914 0.17478935420513153
vt 0.43446969985961914 0.18497863411903381
vt 0.43446969985961914 0.19516788423061371
vt 0.43446969985961914 0.20535716414451599
vt 0.43446969985961914 0.21554644405841827
vt 0.43446969985961914 0.22573569416999817
vt 0.43446969985961914 0.23592498898506165
vt 0.43446969985961914 0.24611423909664154
vt 0.43446969985961914 0.25630351901054382
vt 0.43446969985961914 0.26649278402328491
vt 0.43446969985961914 0.27668207883834839
vt 0.43446969985961914 0.28687134385108948
vt 0.43446969985961914 0.29706060886383057
vt 0.43446969985961914 0.30724987387657166
vt 0.43446969985961914 0.31743913888931274
vt 0.43446969985961914 0.32762843370437622
vt 0.43446969985961914 0.33781769871711731
vt 0.43446969985961914 0.34800693392753601
vt 0.43446969985961914 0.35819622874259949
vt 0.43446969985961914 0.36838549375534058
vt 0.43446969985961914 0.37857478857040405
vt 0.43446969985961914 0.38876405358314514
vt 0.43446969985961914 0.39895331859588623
vt 0.43446969985961914 0.40914258360862732
vt 0.43446969985961914 0.41933184862136841
vt 0.43446969985961914 0.42952114343643188
vt 0.43446969985961914 0.43971040844917297
vt 0.43446969985961914 0.44989967346191406
vt 0.43446969985961914 0.46008893847465515
vt 0.43446969985961914 0.47027820348739624
vt 0.43446969985961914 0.48046746850013733
vt 0.43446969985961914 0.49065676331520081
vt 0.43446969985961914 0.50084602832794189
vt 0.43446969985961914 0.5110352635383606
vt 0.43446969985961914 0.52122455835342407
vt 0.43446969985961914 0.53141379356384277
vt 0.43446969985961914 0.54160314798355103
vt 0.43446969985961914 0.55179238319396973
vt 0.43446969985961914 0.56198161840438843
vt 0.43446969985961914 0.5721709132194519
vt 0.43446969985961914 0.58236020803451538
vt 0.43446969985961914 0.59254950284957886
vt 0.43446969985961914 0.60273873805999756
vt 0.43446969985961914 0.61292797327041626
vt 0.43446969985961914 0.62311726808547974
vt 0.43446969985961914 0.63330656290054321
vt 0.43446969985961914 0.64349585771560669
vt 0.43446969985961914 0.65368509292602539
vt 0.43446969985961914 0.66387432813644409
vt 0.43446969985961914 0.67406362295150757
vt 0.43446969985961914 0.68425291776657104
vt 0.43446969985961914 0.69444215297698975
vt 0.43446969985961914 0.70463144779205322
vt 0.43446969985961914 0.71482068300247192
vt 0.43446969985961914 0.7250099778175354
vt 0.43446969985961914 0.73519927263259888
vt 0.43446969985961914 0.74538850784301758
vt 0.43446969985961914 0.75557780265808105
vt 0.43446969985961914 0.76576703786849976
vt 0.43446969985961914 0.77595633268356323
vt 0.43446969985961914 0.78614562749862671
vt 0.43446969985961914 0.79633486270904541
vt 0.43446969985961914 0.80652415752410889
vt 0.43446969985961914 0.81671339273452759
vt 0.43446969985961914 0.82690274715423584
vt 0.43446969985961914 0.83709198236465454
vt 0.43446969985961914 0.84728121757507324
vt 0.42654508352279663 0.10865394026041031
vt 0.41862046718597412 0.081490457057952881
vt 0.42654508352279663 0.081490457057952881
vt 0.41862046718597412 0.21730788052082062
vt 0.40277126431465149 0.16298091411590576
vt 0.41862046718597412 0.16298091411590576
vt 0.40277126431465149 0.43461576104164124
vt 0.37107279896736145 0.32596182823181152
vt 0.40277126431465149 0.32596182823181152
vt 0.42654508352279663 0.16298091411590576
vt 0.41862046718597412 0.13581742346286774
vt 0.42654508352279663 0.13581742346286774
vt 0.42654508352279663 0.21730788052082062
vt 0.41862046718597412 0.19014438986778259
vt 0.42654508352279663 0.19014438986778259
vt 0.41862046718597412 0.32596182823181152
vt 0.40277126431465149 0.27163484692573547
vt 0.41862046718597412 0.27163484692573547
vt 0.42654508352279663 0.27163484692573547
vt 0.41862046718597412 0.24447137117385864
vt 0.42654508352279663 0.24447137117385864
vt 0.42654508352279663 0.32596182823181152
vt 0.41862046718597412 0.2987983226776123
vt 0.42654508352279663 0.2987983226776123
vt 0.41862046718597412 0.43461576104164124
vt 0.40277126431465149 0.38028877973556519
vt 0.41862046718597412 0.38028877973556519
vt 0.40277126431465149 0.65192365646362305
vt 0.37107279896736145 0.54326969385147095
vt 0.40277126431465149 0.54326969385147095
vt 0.42654508352279663 0.38028877973556519
vt 0.41862046718597412 0.35312530398368835
vt 0.42654508352279663 0.35312530398368835
vt 0.42654508352279663 0.43461576104164124
vt 0.41862046718597412 0.4074522852897644
vt 0.42654508352279663 0.4074522852897644
vt 0.41862046718597412 0.54326969385147095
vt 0.40277126431465149 0.48894274234771729
vt 0.41862046718597412 0.48894274234771729
vt 0.42654508352279663 0.48894274234771729
vt 0.41862046718597412 0.46177923679351807
vt 0.42654508352279663 0.46177923679351807
vt 0.42654508352279663 0.54326969385147095
vt 0.41862046718597412 0.51610618829727173
vt 0.42654508352279663 0.51610618829727173
vt 0.41862046718597412 0.65192365646362305
vt 0.40277126431465149 0.59759664535522461
vt 0.41862046718597412 0.59759664535522461
vt 0.37107279896736145 0.76057755947113037
vt 0.40277126431465149 0.76057755947113037
vt 0.42654508352279663 0.59759664535522461
vt 0.41862046718597412 0.57043319940567017
vt 0.42654508352279663 0.57043319940567017
vt 0.42654508352279663 0.65192365646362305
vt 0.41862046718597412 0.62476015090942383
vt 0.42654508352279663 0.62476015090942383
vt 0.41862046718597412 0.76057755947113037
vt 0.40277126431465149 0.70625060796737671
vt 0.41862046718597412 0.70625060796737671
vt 0.42654508352279663 0.70625060796737671
vt 0.41862046718597412 0.67908710241317749
vt 0.42654508352279663 0.67908710241317749
vt 0.42654508352279663 0.76057755947113037
vt 0.41862046718597412 0.73341411352157593
vt 0.42654508352279663 0.73341411352157593
vt 0.40277126431465149 0.81490457057952881
vt 0.41862046718597412 0.81490457057952881
vt 0.42654508352279663 0.81490457057952881
vt 0.41862046718597412 0.78774106502532959
vt 0.42654508352279663 0.78774106502532959
vt 0.41862046718597412 0.84206801652908325
vt 0.42654508352279663 0.84206801652908325
vt 0.4279133677482605 0.86295491456985474
vt 0.42087471485137939 0.86760187149047852
vt 0.41260871291160583 0.86923152208328247
vt 0.40277126431465149 0.84206801652908325
vt 0.41069585084915161 0.81490457057952881
vt 0.41069585084915161 0.84206801652908325
vt 0.37107279896736145 0.81490457057952881
vt 0.38692203164100647 0.76057755947113037
vt 0.38692203164100647 0.81490457057952881
vt 0.30767589807510376 0.76057755947113037
vt 0.33937433362007141 0.65192365646362305
vt 0.33937433362007141 0.76057755947113037
vt 0.40261510014533997 0.86923152208328247
vt 0.3926214873790741 0.86923152208328247
vt 0.38262790441513062 0.86923152208328247
vt 0.37263429164886475 0.86923152208328247
vt 0.36264070868492126 0.86923152208328247
vt 0.3526470959186554 0.86923152208328247
vt 0.34265348315238953 0.86923152208328247
vt 0.33265990018844604 0.86923152208328247
vt 0.32266628742218018 0.86923152208328247
vt 0.31267267465591431 0.86923152208328247
vt 0.30267909169197083 0.86923152208328247
vt 0.29268547892570496 0.86923152208328247
vt 0.28269189596176147 0.86923152208328247
vt 0.27269828319549561 0.86923152208328247
vt 0.26270467042922974 0.86923152208328247
vt 0.25271108746528625 0.86923152208328247
vt 0.24271747469902039 0.86923152208328247
vt 0.23272387683391571 0.86923152208328247
vt 0.22273027896881104 0.86923152208328247
vt 0.21273668110370636 0.86923152208328247
vt 0.20274308323860168 0.86923152208328247
vt 0.38692203164100647 0.84206801652908325
vt 0.39484664797782898 0.81490457057952881
vt 0.39484664797782898 0.84206801652908325
vt 0.37107279896736145 0.84206801652908325
vt 0.37899741530418396 0.81490457057952881
vt 0.37899741530418396 0.84206801652908325
vt 0.33937433362007141 0.81490457057952881
vt 0.35522356629371643 0.76057755947113037
vt 0.35522356629371643 0.81490457057952881
vt 0.35522356629371643 0.84206801652908325
vt 0.36314818263053894 0.81490457057952881
vt 0.36314818263053894 0.84206801652908325
vt 0.33937433362007141 0.84206801652908325
vt 0.34729894995689392 0.81490457057952881
vt 0.34729894995689392 0.84206801652908325
vt 0.30767589807510376 0.81490457057952881
vt 0.32352513074874878 0.76057755947113037
vt 0.32352513074874878 0.81490457057952881
vt 0.24427898228168488 0.76057755947113037
vt 0.27597743272781372 0.65192365646362305
vt 0.27597743272781372 0.76057755947113037
vt 0.32352513074874878 0.84206801652908325
vt 0.3314497172832489 0.81490457057952881
vt 0.3314497172832489 0.84206801652908325
vt 0.30767589807510376 0.84206801652908325
vt 0.31560051441192627 0.81490457057952881
vt 0.31560051441192627 0.84206801652908325
vt 0.27597743272781372 0.81490457057952881
vt 0.29182666540145874 0.76057755947113037
vt 0.29182666540145874 0.81490457057952881
vt 0.29182666540145874 0.84206801652908325
vt 0.29975128173828125 0.81490457057952881
vt 0.29975128173828125 0.84206801652908325
vt 0.27597743272781372 0.84206801652908325
vt 0.28390204906463623 0.81490457057952881
vt 0.28390204906463623 0.84206801652908325
vt 0.24427898228168488 0.81490457057952881
vt 0.2601282000541687 0.76057755947113037
vt 0.2601282000541687 0.81490457057952881
vt 0.21258053183555603 0.65192365646362305
vt 0.21258053183555603 0.76057755947113037
vt 0.2601282000541687 0.84206801652908325
vt 0.26805281639099121 0.81490457057952881
vt 0.26805281639099121 0.84206801652908325
vt 0.24427898228168488 0.84206801652908325
vt 0.25220358371734619 0.81490457057952881
vt 0.25220358371734619 0.84206801652908325
vt 0.21258053183555603 0.81490457057952881
vt 0.22842974960803986 0.76057755947113037
vt 0.22842974960803986 0.81490457057952881
vt 0.22842974960803986 0.84206801652908325
vt 0.23635436594486237 0.81490457057952881
vt 0.23635436594486237 0.84206801652908325
vt 0.21258053183555603 0.84206801652908325
vt 0.22050514817237854 0.81490457057952881
vt 0.22050514817237854 0.84206801652908325
vt 0.19673129916191101 0.76057755947113037
vt 0.19673129916191101 0.81490457057952881
vt 0.19673129916191101 0.84206801652908325
vt 0.20465591549873352 0.81490457057952881
vt 0.20465591549873352 0.84206801652908325
vt 0.18713311851024628 0.86264842748641968
vt 0.18250508606433868 0.85558104515075684
vt 0.18088208138942719 0.84728121757507324
vt 0.1888066828250885 0.81490457057952881
vt 0.1888066828250885 0.84206801652908325
vt 0.18088208138942719 0.83709198236465454
vt 0.18088208138942719 0.82690274715423584
vt 0.18088208138942719 0.81671339273452759
vt 0.18088208138942719 0.80652415752410889
vt 0.18088208138942719 0.79633486270904541
vt 0.18088208138942719 0.78614562749862671
vt 0.18088208138942719 0.77595633268356323
vt 0.18088208138942719 0.76576703786849976
vt 0.18088208138942719 0.75557780265808105
vt 0.18088208138942719 0.74538850784301758
vt 0.18088208138942719 0.73519927263259888
vt 0.18088208138942719 0.7250099778175354
vt 0.18088208138942719 0.71482068300247192
vt 0.18088208138942719 0.70463144779205322
vt 0.18088208138942719 0.69444215297698975
vt 0.18088208138942719 0.68425291776657104
vt 0.18088208138942719 0.67406362295150757
vt 0.18088208138942719 0.66387432813644409
vt 0.18088208138942719 0.65368509292602539
vt 0.18088208138942719 0.64349585771560669
vt 0.18088208138942719 0.63330656290054321
vt 0.18088208138942719 0.62311726808547974
vt 0.18088208138942719 0.61292797327041626
vt 0.18088208138942719 0.60273873805999756
vt 0.18088208138942719 0.59254950284957886
vt 0.18088208138942719 0.58236020803451538
vt 0.18088208138942719 0.5721709132194519
vt 0.18088208138942719 0.56198161840438843
vt 0.18088208138942719 0.55179238319396973
vt 0.18088208138942719 0.54160314798355103
vt 0.18088208138942719 0.53141379356384277
vt 0.18088208138942719 0.52122455835342407
vt 0.18088208138942719 0.5110352635383606
vt 0.18088208138942719 0.50084602832794189
vt 0.18088208138942719 0.49065676331520081
vt 0.18088208138942719 0.48046746850013733
vt 0.18088208138942719 0.47027820348739624
vt 0.18088208138942719 0.46008893847465515
vt 0.18088208138942719 0.44989967346191406
vt 0.18088208138942719 0.43971040844917297
vt 0.18088208138942719 0.42952114343643188
vt 0.18088208138942719 0.41933184862136841
vt 0.18088208138942719 0.40914258360862732
vt 0.18088208138942719 0.39895331859588623
vt 0.18088208138942719 0.38876405358314514
vt 0.18088208138942719 0.37857478857040405
vt 0.18088208138942719 0.36838549375534058
vt 0.18088208138942719 0.35819622874259949
vt 0.18088208138942719 0.34800693392753601
vt 0.18088208138942719 0.33781769871711731
vt 0.18088208138942719 0.32762843370437622
vt 0.18088208138942719 0.31743913888931274
vt 0.18088208138942719 0.30724987387657166
vt 0.18088208138942719 0.29706060886383057
vt 0.18088208138942719 0.28687134385108948
vt 0.18088208138942719 0.27668207883834839
vt 0.18088208138942719 0.26649278402328491
vt 0.18088208138942719 0.25630351901054382
vt 0.18088208138942719 0.24611423909664154
vt 0.18088208138942719 0.23592498898506165
vt 0.18088208138942719 0.22573569416999817
vt 0.18088208138942719 0.21554644405841827
vt 0.18088208138942719 0.20535716414451599
vt 0.18088208138942719 0.19516788423061371
vt 0.18088208138942719 0.18497863411903381
vt 0.18088208138942719 0.17478935420513153
vt 0.18088208138942719 0.16460008919239044
vt 0.18088208138942719 0.15441080927848816
vt 0.18088208138942719 0.14422154426574707
vt 0.18088208138942719 0.13403226435184479
vt 0.18088208138942719 0.1238430067896843
vt 0.18088208138942719 0.11365373432636261
vt 0.18088208138942719 0.10346446186304092
vt 0.18088208138942719 0.093275189399719238
vt 0.18088208138942719 0.083085916936397552
vt 0.18088208138942719 0.072896644473075867
vt 0.18088208138942719 0.062707372009754181
vt 0.18088208138942719 0.052518103271722794
vt 0.18088208138942719 0.042328834533691406
vt 0.18088208138942719 0.03213956207036972
vt 0.1888066828250885 0.76057755947113037
vt 0.19673129916191101 0.78774106502532959
vt 0.1888066828250885 0.78774106502532959
vt 0.19673129916191101 0.65192365646362305
vt 0.21258053183555603 0.70625060796737671
vt 0.19673129916191101 0.70625060796737671
vt 0.21258053183555603 0.43461576104164124
vt 0.24427898228168488 0.54326969385147095
vt 0.21258053183555603 0.54326969385147095
vt 0.1888066828250885 0.70625060796737671
vt 0.19673129916191101 0.73341411352157593
vt 0.1888066828250885 0.73341411352157593
vt 0.1888066828250885 0.65192365646362305
vt 0.19673129916191101 0.67908710241317749
vt 0.1888066828250885 0.67908710241317749
vt 0.19673129916191101 0.54326969385147095
vt 0.21258053183555603 0.59759664535522461
vt 0.19673129916191101 0.59759664535522461
vt 0.1888066828250885 0.59759664535522461
vt 0.19673129916191101 0.62476015090942383
vt 0.1888066828250885 0.62476015090942383
vt 0.1888066828250885 0.54326969385147095
vt 0.19673129916191101 0.57043319940567017
vt 0.1888066828250885 0.57043319940567017
vt 0.19673129916191101 0.43461576104164124
vt 0.21258053183555603 0.48894274234771729
vt 0.19673129916191101 0.48894274234771729
vt 0.24427898228168488 0.32596182823181152
vt 0.21258053183555603 0.32596182823181152
vt 0.1888066828250885 0.48894274234771729
vt 0.19673129916191101 0.51610618829727173
vt 0.1888066828250885 0.51610618829727173
vt 0.1888066828250885 0.43461576104164124
vt 0.19673129916191101 0.46177923679351807
vt 0.1888066828250885 0.46177923679351807
vt 0.19673129916191101 0.32596182823181152
vt 0.21258053183555603 0.38028877973556519
vt 0.19673129916191101 0.38028877973556519
vt 0.1888066828250885 0.38028877973556519
vt 0.19673129916191101 0.4074522852897644
vt 0.1888066828250885 0.4074522852897644
vt 0.1888066828250885 0.32596182823181152
vt 0.19673129916191101 0.35312530398368835
vt 0.1888066828250885 0.35312530398368835
vt 0.19673129916191101 0.21730788052082062
vt 0.21258053183555603 0.27163484692573547
vt 0.19673129916191101 0.27163484692573547
vt 0.1888066828250885 0.27163484692573547
vt 0.19673129916191101 0.2987983226776123
vt 0.1888066828250885 0.2987983226776123
vt 0.1888066828250885 0.21730788052082062
vt 0.19673129916191101 0.24447137117385864
vt 0.1888066828250885 0.24447137117385864
vt 0.21258053183555603 0.16298091411590576
vt 0.19673129916191101 0.16298091411590576
vt 0.1888066828250885 0.16298091411590576
vt 0.19673129916191101 0.19014438986778259
vt 0.1888066828250885 0.19014438986778259
vt 0.1888066828250885 0.10865394026041031
vt 0.19673129916191101 0.13581742346286774
vt 0.1888066828250885 0.13581742346286774
vt 0.19673129916191101 0.081490457057952881
vt 0.1888066828250885 0.081490457057952881
vt 0.70480239391326904 0
vt 0.70480239391326904 0.035179652273654938
vt 0.74478358030319214 0
vt 0.74478358030319214 0.035179652273654938
vt 0.73812001943588257 0.035179652273654938
vt 0.73145651817321777 0.035179652273654938
vt 0.7247929573059082 0.035179652273654938
vt 0.71812945604324341 0.035179652273654938
vt 0.71146589517593384 0.035179652273654938
vt 0.71051394939422607 0
vt 0.71622556447982788 0
vt 0.72193717956542969 0
vt 0.72764873504638672 0
vt 0.73336035013198853 0
vt 0.73907196521759033 0
vt 0.70480239391326904 0.43534818291664124
vt 0.70480239391326904 0.47052782773971558
vt 0.74478358030319214 0.43534818291664124
vt 0.74478358030319214 0.47052782773971558
vt 0.73907196521759033 0.47052782773971558
vt 0.73336035013198853 0.47052782773971558
vt 0.72764873504638672 0.47052782773971558
vt 0.72193717956542969 0.47052782773971558
vt 0.71622556447982788 0.47052782773971558
vt 0.71051394939422607 0.47052782773971558
vt 0.71051394939422607 0.43534818291664124
vt 0.71622556447982788 0.43534818291664124
vt 0.72193717956542969 0.43534818291664124
vt 0.72764873504638672 0.43534818291664124
vt 0.73336035013198853 0.43534818291664124
vt 0.73907196521759033 0.43534818291664124
vt 0 0
vt 0 0.035179652273654938
vt 0.04062248021364212 0
vt 0.04062248021364212 0.035179652273654938
vt 0.033852066844701767 0.035179652273654938
vt 0.027081655338406563 0.035179652273654938
vt 0.02031124010682106 0.035179652273654938
vt 0.013540827669203281 0.035179652273654938
vt 0.0067704138346016407 0.035179652273654938
vt 0.0067704138346016407 0
vt 0.013540827669203281 0
vt 0.02031124010682106 0
vt 0.027081655338406563 0
vt 0.033852066844701767 0
vt 0.033714808523654938 0.12438519299030304
vt 0 0.12438519299030304
vt 0.033714808523654938 0.16583123803138733
vt 0 0.16583123803138733
vt 0 0.15892356634140015
vt 0 0.15201589465141296
vt 0 0.14510820806026459
vt 0 0.1382005363702774
vt 0 0.13129286468029022
vt 0.033714808523654938 0.13030606508255005
vt 0.033714808523654938 0.13622692227363586
vt 0.033714808523654938 0.14214777946472168
vt 0.033714808523654938 0.14806865155696869
vt 0.033714808523654938 0.1539895087480545
vt 0.033714808523654938 0.15991036593914032
vt 0.048994999378919601 0
vt 0.048994999378919601 0.0069076730869710445
vt 0.057281117886304855 0.0017822411609813571
vt 0.057281117886304855 0.0034972613211721182
vt 0.057281117886304855 0.0052024675533175468
vt 0.06528908759355545 0
vt 0.06528908759355545 0.0017822411609813571
vt 0.06528908759355545 0.0034972613211721182
vt 0.06528908759355545 0.0052024675533175468
vt 0.073184788227081299 0
vt 0.073184788227081299 0.0017822411609813571
vt 0.073184788227081299 0.0034972613211721182
vt 0.073184788227081299 0.0052024675533175468
vt 0.081080488860607147 0
vt 0.081080488860607147 0.0017822411609813571
vt 0.081080488860607147 0.0034972613211721182
vt 0.081080488860607147 0.0052024675533175468
vt 0.088976196944713593 0
vt 0.088976196944713593 0.0069076730869710445
vt 0.08326459676027298 0.0069076730869710445
vt 0.077552996575832367 0.0069076730869710445
vt 0.071841396391391754 0.0069076730869710445
vt 0.066129796206951141 0.0069076730869710445
vt 0.060418196022510529 0.0069076730869710445
vt 0.054706595838069916 0.0069076730869710445
vt 0.088976196944713593 0.0017269182717427611
vt 0.088976196944713593 0.0034538365434855223
vt 0.088976196944713593 0.0051807551644742489
vt 0.08502834290266037 0.0034972613211721182
vt 0.081080488860607147 0.0026397511828690767
vt 0.08502834290266037 0.0017822411609813571
vt 0.08502834290266037 0.0026397511828690767
vt 0.08502834290266037 0.0052024675533175468
vt 0.081080488860607147 0.0043498645536601543
vt 0.08502834290266037 0.0043498645536601543
vt 0.081080488860607147 0.006055070087313652
vt 0.08502834290266037 0.006055070087313652
vt 0.048994999378919601 0.0051807551644742489
vt 0.048994999378919601 0.0034538365434855223
vt 0.048994999378919601 0.0017269182717427611
vt 0.057281117886304855 0.006055070087313652
vt 0.053138058632612228 0.0052024675533175468
vt 0.053138058632612228 0.006055070087313652
vt 0.057281117886304855 0.0043498645536601543
vt 0.053138058632612228 0.0034972613211721182
vt 0.053138058632612228 0.0043498645536601543
vt 0.057281117886304855 0.0026397511828690767
vt 0.053138058632612228 0.0017822411609813571
vt 0.053138058632612228 0.0026397511828690767
vt 0.057281117886304855 0.00089112058049067855
vt 0.053138058632612228 0.00089112058049067855
vt 0.74624842405319214 0
vt 0.74624842405319214 0.01005132868885994
vt 0.74624842405319214 0.020102657377719879
vt 0.74624842405319214 0.030153987929224968
vt 0.74624842405319214 0.040205314755439758
vt 0.74624842405319214 0.050256643444299698
vt 0.74624842405319214 0.060307975858449936
vt 0.74624842405319214 0.070359304547309875
vt 0.74624842405319214 0.080410629510879517
vt 0.74624842405319214 0.090461961925029755
vt 0.74624842405319214 0.1005132868885994
vt 0.74624842405319214 0.11056462675333023
vt 0.74624842405319214 0.12061595171689987
vt 0.74624842405319214 0.13066728413105011
vt 0.74624842405319214 0.14071860909461975
vt 0.74624842405319214 0.15076993405818939
vt 0.74624842405319214 0.16082125902175903
vt 0.74624842405319214 0.17087259888648987
vt 0.74624842405319214 0.18092392385005951
vt 0.74624842405319214 0.19097524881362915
vt 0.74624842405319214 0.20102657377719879
vt 0.74624842405319214 0.21107791364192963
vt 0.74803066253662109 0.01005132868885994
vt 0.74803066253662109 0.020102657377719879
vt 0.74803066253662109 0.030153987929224968
vt 0.74803066253662109 0.040205314755439758
vt 0.74803066253662109 0.050256643444299698
vt 0.74803066253662109 0.060307975858449936
vt 0.74803066253662109 0.070359304547309875
vt 0.74803066253662109 0.080410629510879517
vt 0.74803066253662109 0.090461961925029755
vt 0.74803066253662109 0.1005132868885994
vt 0.74803066253662109 0.11056462675333023
vt 0.74803066253662109 0.12061595171689987
vt 0.74803066253662109 0.13066728413105011
vt 0.74803066253662109 0.14071860909461975
vt 0.74803066253662109 0.15076993405818939
vt 0.74803066253662109 0.16082125902175903
vt 0.74803066253662109 0.17087259888648987
vt 0.74803066253662109 0.18092392385005951
vt 0.74803066253662109 0.19097524881362915
vt 0.74803066253662109 0.20102657377719879
vt 0.74974566698074341 0.01005132868885994
vt 0.74974566698074341 0.020102657377719879
vt 0.74974566698074341 0.030153987929224968
vt 0.74974566698074341 0.040205314755439758
vt 0.74974566698074341 0.050256643444299698
vt 0.74974566698074341 0.060307975858449936
vt 0.74974566698074341 0.070359304547309875
vt 0.74974566698074341 0.080410629510879517
vt 0.74974566698074341 0.090461961925029755
vt 0.74974566698074341 0.1005132868885994
vt 0.74974566698074341 0.11056462675333023
vt 0.74974566698074341 0.12061595171689987
vt 0.74974566698074341 0.13066728413105011
vt 0.74974566698074341 0.14071860909461975
vt 0.74974566698074341 0.15076993405818939
vt 0.74974566698074341 0.16082125902175903
vt 0.74974566698074341 0.17087259888648987
vt 0.74974566698074341 0.18092392385005951
vt 0.74974566698074341 0.19097524881362915
vt 0.74974566698074341 0.20102657377719879
vt 0.75145089626312256 0.01005132868885994
vt 0.75145089626312256 0.020102657377719879
vt 0.75145089626312256 0.030153987929224968
vt 0.75145089626312256 0.040205314755439758
vt 0.75145089626312256 0.050256643444299698
vt 0.75145089626312256 0.060307975858449936
vt 0.75145089626312256 0.070359304547309875
vt 0.75145089626312256 0.080410629510879517
vt 0.75145089626312256 0.090461961925029755
vt 0.75145089626312256 0.1005132868885994
vt 0.75145089626312256 0.11056462675333023
vt 0.75145089626312256 0.12061595171689987
vt 0.75145089626312256 0.13066728413105011
vt 0.75145089626312256 0.14071860909461975
vt 0.75145089626312256 0.15076993405818939
vt 0.75145089626312256 0.16082125902175903
vt 0.75145089626312256 0.17087259888648987
vt 0.75145089626312256 0.18092392385005951
vt 0.75145089626312256 0.19097524881362915
vt 0.75145089626312256 0.20102657377719879
vt 0.75315606594085693 0
vt 0.75315606594085693 0.01005132868885994
vt 0.75315606594085693 0.020102657377719879
vt 0.75315606594085693 0.030153987929224968
vt 0.75315606594085693 0.040205314755439758
vt 0.75315606594085693 0.050256643444299698
vt 0.75315606594085693 0.060307975858449936
vt 0.75315606594085693 0.070359304547309875
vt 0.75315606594085693 0.080410629510879517
vt 0.75315606594085693 0.090461961925029755
vt 0.75315606594085693 0.1005132868885994
vt 0.75315606594085693 0.11056462675333023
vt 0.75315606594085693 0.12061595171689987
vt 0.75315606594085693 0.13066728413105011
vt 0.75315606594085693 0.14071860909461975
vt 0.75315606594085693 0.15076993405818939
vt 0.75315606594085693 0.16082125902175903
vt 0.75315606594085693 0.17087259888648987
vt 0.75315606594085693 0.18092392385005951
vt 0.75315606594085693 0.19097524881362915
vt 0.75315606594085693 0.20102657377719879
vt 0.75315606594085693 0.21107791364192963
vt 0.75142914056777954 0.21107791364192963
vt 0.74970221519470215 0.21107791364192963
vt 0.74797534942626953 0.21107791364192963
vt 0.75145089626312256 0.20605224370956421
vt 0.75230348110198975 0.20102657377719879
vt 0.75230348110198975 0.20605224370956421
vt 0.74974566698074341 0.20605224370956421
vt 0.7505982518196106 0.20102657377719879
vt 0.7505982518196106 0.20605224370956421
vt 0.74803066253662109 0.20605224370956421
vt 0.74888813495635986 0.20102657377719879
vt 0.74888813495635986 0.20605224370956421
vt 0.74713951349258423 0.20102657377719879
vt 0.74713951349258423 0.20605224370956421
vt 0.74797534942626953 0
vt 0.74970221519470215 0
vt 0.75142914056777954 0
vt 0.74803066253662109 0.0050256643444299698
vt 0.74713951349258423 0.01005132868885994
vt 0.74713951349258423 0.0050256643444299698
vt 0.74974566698074341 0.0050256643444299698
vt 0.74888813495635986 0.01005132868885994
vt 0.74888813495635986 0.0050256643444299698
vt 0.75145089626312256 0.0050256643444299698
vt 0.7505982518196106 0.01005132868885994
vt 0.7505982518196106 0.0050256643444299698
vt 0.75230348110198975 0.01005132868885994
vt 0.75230348110198975 0.0050256643444299698
vt 0.69789469242095947 0
vt 0.69789469242095947 0.010206442326307297
vt 0.69789469242095947 0.020412884652614594
vt 0.69789469242095947 0.03061932697892189
vt 0.69789469242095947 0.040825769305229187
vt 0.69789469242095947 0.051032211631536484
vt 0.69789469242095947 0.061238653957843781
vt 0.69789469242095947 0.071445092558860779
vt 0.69789469242095947 0.081651538610458374
vt 0.69789469242095947 0.091857977211475372
vt 0.69789469242095947 0.10206442326307297
vt 0.69789469242095947 0.11227085441350937
vt 0.69789469242095947 0.12247730791568756
vt 0.69789469242095947 0.13268373906612396
vt 0.69789469242095947 0.14289018511772156
vt 0.69789469242095947 0.15309663116931915
vt 0.69789469242095947 0.16330307722091675
vt 0.69789469242095947 0.17350950837135315
vt 0.69789469242095947 0.18371595442295074
vt 0.69789469242095947 0.19392240047454834
vt 0.69789469242095947 0.20412884652614594
vt 0.69789469242095947 0.21433527767658234
vt 0.69789469242095947 0.22454170882701874
vt 0.69789469242095947 0.23474816977977753
vt 0.69789469242095947 0.24495461583137512
vt 0.69789469242095947 0.25516104698181152
vt 0.69789469242095947 0.26536747813224792
vt 0.69789469242095947 0.27557393908500671
vt 0.69789469242095947 0.28578037023544312
vt 0.69789469242095947 0.29598680138587952
vt 0.69789469242095947 0.30619326233863831
vt 0.69789469242095947 0.31639972329139709
vt 0.69789469242095947 0.3266061544418335
vt 0.69789469242095947 0.3368125855922699
vt 0.69789469242095947 0.3470190167427063
vt 0.69789469242095947 0.35722547769546509
vt 0.69789469242095947 0.36743190884590149
vt 0.69789469242095947 0.37763833999633789
vt 0.69789469242095947 0.38784480094909668
vt 0.69789469242095947 0.39805126190185547
vt 0.69789469242095947 0.40825769305229187
vt 0.69789469242095947 0.41846412420272827
vt 0.69789469242095947 0.42867055535316467
vt 0.69789469242095947 0.43887698650360107
vt 0.69789469242095947 0.44908341765403748
vt 0.69789469242095947 0.45928990840911865
vt 0.69789469242095947 0.46949633955955505
vt 0.69789469242095947 0.47970277070999146
vt 0.69789469242095947 0.48990923166275024
vt 0.69789469242095947 0.50011563301086426
vt 0.69789469242095947 0.51032209396362305
vt 0.69789469242095947 0.52052855491638184
vt 0.69789469242095947 0.53073495626449585
vt 0.69789469242095947 0.54094147682189941
vt 0.69789469242095947 0.55114787817001343
vt 0.69789469242095947 0.56135433912277222
vt 0.69789469242095947 0.57156074047088623
vt 0.69789469242095947 0.58176720142364502
vt 0.69789469242095947 0.59197360277175903
vt 0.69789469242095947 0.60218006372451782
vt 0.69789469242095947 0.61238652467727661
vt 0.69789469242095947 0.6225929856300354
vt 0.69789469242095947 0.63279944658279419
vt 0.69789469242095947 0.6430058479309082
vt 0.69789469242095947 0.65321230888366699
vt 0.69789469242095947 0.66341871023178101
vt 0.69789469242095947 0.67362517118453979
vt 0.69789469242095947 0.68383163213729858
vt 0.69789469242095947 0.6940380334854126
vt 0.69789469242095947 0.70424449443817139
vt 0.69789469242095947 0.71445095539093018
vt 0.69789469242095947 0.72465741634368896
vt 0.69789469242095947 0.73486381769180298
vt 0.69789469242095947 0.74507027864456177
vt 0.69789469242095947 0.75527667999267578
vt 0.69789469242095947 0.76548314094543457
vt 0.69789469242095947 0.77568960189819336
vt 0.69789469242095947 0.78589606285095215
vt 0.69789469242095947 0.79610252380371094
vt 0.69789469242095947 0.80630892515182495
vt 0.69789469242095947 0.81651538610458374
vt 0.69789469242095947 0.82672178745269775
vt 0.69967693090438843 0.010206442326307297
vt 0.69967693090438843 0.020412884652614594
vt 0.69967693090438843 0.03061932697892189
vt 0.69967693090438843 0.040825769305229187
vt 0.69967693090438843 0.051032211631536484
vt 0.69967693090438843 0.061238653957843781
vt 0.69967693090438843 0.071445092558860779
vt 0.69967693090438843 0.081651538610458374
vt 0.69967693090438843 0.091857977211475372
vt 0.69967693090438843 0.10206442326307297
vt 0.69967693090438843 0.11227085441350937
vt 0.69967693090438843 0.12247730791568756
vt 0.69967693090438843 0.13268373906612396
vt 0.69967693090438843 0.14289018511772156
vt 0.69967693090438843 0.15309663116931915
vt 0.69967693090438843 0.16330307722091675
vt 0.69967693090438843 0.17350950837135315
vt 0.69967693090438843 0.18371595442295074
vt 0.69967693090438843 0.19392240047454834
vt 0.69967693090438843 0.20412884652614594
vt 0.69967693090438843 0.21433527767658234
vt 0.69967693090438843 0.22454170882701874
vt 0.69967693090438843 0.23474816977977753
vt 0.69967693090438843 0.24495461583137512
vt 0.69967693090438843 0.25516104698181152
vt 0.69967693090438843 0.26536747813224792
vt 0.69967693090438843 0.27557393908500671
vt 0.69967693090438843 0.28578037023544312
vt 0.69967693090438843 0.29598680138587952
vt 0.69967693090438843 0.30619326233863831
vt 0.69967693090438843 0.31639972329139709
vt 0.69967693090438843 0.3266061544418335
vt 0.69967693090438843 0.3368125855922699
vt 0.69967693090438843 0.3470190167427063
vt 0.69967693090438843 0.35722547769546509
vt 0.69967693090438843 0.36743190884590149
vt 0.69967693090438843 0.37763833999633789
vt 0.69967693090438843 0.38784480094909668
vt 0.69967693090438843 0.39805126190185547
vt 0.69967693090438843 0.40825769305229187
vt 0.69967693090438843 0.41846412420272827
vt 0.69967693090438843 0.42867055535316467
vt 0.69967693090438843 0.43887698650360107
vt 0.69967693090438843 0.44908341765403748
vt 0.69967693090438843 0.45928990840911865
vt 0.69967693090438843 0.46949633955955505
vt 0.69967693090438843 0.47970277070999146
vt 0.69967693090438843 0.48990923166275024
vt 0.69967693090438843 0.50011563301086426
vt 0.69967693090438843 0.51032209396362305
vt 0.69967693090438843 0.52052855491638184
vt 0.69967693090438843 0.53073495626449585
vt 0.69967693090438843 0.54094147682189941
vt 0.69967693090438843 0.55114787817001343
vt 0.69967693090438843 0.56135433912277222
vt 0.69967693090438843 0.57156074047088623
vt 0.69967693090438843 0.58176720142364502
vt 0.69967693090438843 0.59197360277175903
vt 0.69967693090438843 0.60218006372451782
vt 0.69967693090438843 0.61238652467727661
vt 0.69967693090438843 0.6225929856300354
vt 0.69967693090438843 0.63279944658279419
vt 0.69967693090438843 0.6430058479309082
vt 0.69967693090438843 0.65321230888366699
vt 0.69967693090438843 0.66341871023178101
vt 0.69967693090438843 0.67362517118453979
vt 0.69967693090438843 0.68383163213729858
vt 0.69967693090438843 0.6940380334854126
vt 0.69967693090438843 0.70424449443817139
vt 0.69967693090438843 0.71445095539093018
vt 0.69967693090438843 0.72465741634368896
vt 0.69967693090438843 0.73486381769180298
vt 0.69967693090438843 0.74507027864456177
vt 0.69967693090438843 0.75527667999267578
vt 0.69967693090438843 0.76548314094543457
vt 0.69967693090438843 0.77568960189819336
vt 0.69967693090438843 0.78589606285095215
vt 0.69967693090438843 0.79610252380371094
vt 0.69967693090438843 0.80630892515182495
vt 0.69967693090438843 0.81651538610458374
vt 0.70139193534851074 0.010206442326307297
vt 0.70139193534851074 0.020412884652614594
vt 0.70139193534851074 0.03061932697892189
vt 0.70139193534851074 0.040825769305229187
vt 0.70139193534851074 0.051032211631536484
vt 0.70139193534851074 0.061238653957843781
vt 0.70139193534851074 0.071445092558860779
vt 0.70139193534851074 0.081651538610458374
vt 0.70139193534851074 0.091857977211475372
vt 0.70139193534851074 0.10206442326307297
vt 0.70139193534851074 0.11227085441350937
vt 0.70139193534851074 0.12247730791568756
vt 0.70139193534851074 0.13268373906612396
vt 0.70139193534851074 0.14289018511772156
vt 0.70139193534851074 0.15309663116931915
vt 0.70139193534851074 0.16330307722091675
vt 0.70139193534851074 0.17350950837135315
vt 0.70139193534851074 0.18371595442295074
vt 0.70139193534851074 0.19392240047454834
vt 0.70139193534851074 0.20412884652614594
vt 0.70139193534851074 0.21433527767658234
vt 0.70139193534851074 0.22454170882701874
vt 0.70139193534851074 0.23474816977977753
vt 0.70139193534851074 0.24495461583137512
vt 0.70139193534851074 0.25516104698181152
vt 0.70139193534851074 0.26536747813224792
vt 0.70139193534851074 0.27557393908500671
vt 0.70139193534851074 0.28578037023544312
vt 0.70139193534851074 0.29598680138587952
vt 0.70139193534851074 0.30619326233863831
vt 0.70139193534851074 0.31639972329139709
vt 0.70139193534851074 0.3266061544418335
vt 0.70139193534851074 0.3368125855922699
vt 0.70139193534851074 0.3470190167427063
vt 0.70139193534851074 0.35722547769546509
vt 0.70139193534851074 0.36743190884590149
vt 0.70139193534851074 0.37763833999633789
vt 0.70139193534851074 0.38784480094909668
vt 0.70139193534851074 0.39805126190185547
vt 0.70139193534851074 0.40825769305229187
vt 0.70139193534851074 0.41846412420272827
vt 0.70139193534851074 0.42867055535316467
vt 0.70139193534851074 0.43887698650360107
vt 0.70139193534851074 0.44908341765403748
vt 0.70139193534851074 0.45928990840911865
vt 0.70139193534851074 0.46949633955955505
vt 0.70139193534851074 0.47970277070999146
vt 0.70139193534851074 0.48990923166275024
vt 0.70139193534851074 0.50011563301086426
vt 0.70139193534851074 0.51032209396362305
vt 0.70139193534851074 0.52052855491638184
vt 0.70139193534851074 0.53073495626449585
vt 0.70139193534851074 0.54094147682189941
vt 0.70139193534851074 0.55114787817001343
vt 0.70139193534851074 0.56135433912277222
vt 0.70139193534851074 0.57156074047088623
vt 0.70139193534851074 0.58176720142364502
vt 0.70139193534851074 0.59197360277175903
vt 0.70139193534851074 0.60218006372451782
vt 0.70139193534851074 0.61238652467727661
vt 0.70139193534851074 0.6225929856300354
vt 0.70139193534851074 0.63279944658279419
vt 0.70139193534851074 0.6430058479309082
vt 0.70139193534851074 0.65321230888366699
vt 0.70139193534851074 0.66341871023178101
vt 0.70139193534851074 0.67362517118453979
vt 0.70139193534851074 0.68383163213729858
vt 0.70139193534851074 0.6940380334854126
vt 0.70139193534851074 0.70424449443817139
vt 0.70139193534851074 0.71445095539093018
vt 0.70139193534851074 0.72465741634368896
vt 0.70139193534851074 0.73486381769180298
vt 0.70139193534851074 0.74507027864456177
vt 0.70139193534851074 0.75527667999267578
vt 0.70139193534851074 0.76548314094543457
vt 0.70139193534851074 0.77568960189819336
vt 0.70139193534851074 0.78589606285095215
vt 0.70139193534851074 0.79610252380371094
vt 0.70139193534851074 0.80630892515182495
vt 0.70139193534851074 0.81651538610458374
vt 0.70309716463088989 0.010206442326307297
vt 0.70309716463088989 0.020412884652614594
vt 0.70309716463088989 0.03061932697892189
vt 0.70309716463088989 0.040825769305229187
vt 0.70309716463088989 0.051032211631536484
vt 0.70309716463088989 0.061238653957843781
vt 0.70309716463088989 0.071445092558860779
vt 0.70309716463088989 0.081651538610458374
vt 0.70309716463088989 0.091857977211475372
vt 0.70309716463088989 0.10206442326307297
vt 0.70309716463088989 0.11227085441350937
vt 0.70309716463088989 0.12247730791568756
vt 0.70309716463088989 0.13268373906612396
vt 0.70309716463088989 0.14289018511772156
vt 0.70309716463088989 0.15309663116931915
vt 0.70309716463088989 0.16330307722091675
vt 0.70309716463088989 0.17350950837135315
vt 0.70309716463088989 0.18371595442295074
vt 0.70309716463088989 0.19392240047454834
vt 0.70309716463088989 0.20412884652614594
vt 0.70309716463088989 0.21433527767658234
vt 0.70309716463088989 0.22454170882701874
vt 0.70309716463088989 0.23474816977977753
vt 0.70309716463088989 0.24495461583137512
vt 0.70309716463088989 0.25516104698181152
vt 0.70309716463088989 0.26536747813224792
vt 0.70309716463088989 0.27557393908500671
vt 0.70309716463088989 0.28578037023544312
vt 0.70309716463088989 0.29598680138587952
vt 0.70309716463088989 0.30619326233863831
vt 0.70309716463088989 0.31639972329139709
vt 0.70309716463088989 0.3266061544418335
vt 0.70309716463088989 0.3368125855922699
vt 0.70309716463088989 0.3470190167427063
vt 0.70309716463088989 0.35722547769546509
vt 0.70309716463088989 0.36743190884590149
vt 0.70309716463088989 0.37763833999633789
vt 0.70309716463088989 0.38784480094909668
vt 0.70309716463088989 0.39805126190185547
vt 0.70309716463088989 0.40825769305229187
vt 0.70309716463088989 0.41846412420272827
vt 0.70309716463088989 0.42867055535316467
vt 0.70309716463088989 0.43887698650360107
vt 0.70309716463088989 0.44908341765403748
vt 0.70309716463088989 0.45928990840911865
vt 0.70309716463088989 0.46949633955955505
vt 0.70309716463088989 0.47970277070999146
vt 0.70309716463088989 0.48990923166275024
vt 0.70309716463088989 0.50011563301086426
vt 0.70309716463088989 0.51032209396362305
vt 0.70309716463088989 0.52052855491638184
vt 0.70309716463088989 0.53073495626449585
vt 0.70309716463088989 0.54094147682189941
vt 0.70309716463088989 0.55114787817001343
vt 0.70309716463088989 0.56135433912277222
vt 0.70309716463088989 0.57156074047088623
vt 0.70309716463088989 0.58176720142364502
vt 0.70309716463088989 0.59197360277175903
vt 0.70309716463088989 0.60218006372451782
vt 0.70309716463088989 0.61238652467727661
vt 0.70309716463088989 0.6225929856300354
vt 0.70309716463088989 0.63279944658279419
vt 0.70309716463088989 0.6430058479309082
vt 0.70309716463088989 0.65321230888366699
vt 0.70309716463088989 0.66341871023178101
vt 0.70309716463088989 0.67362517118453979
vt 0.70309716463088989 0.68383163213729858
vt 0.70309716463088989 0.6940380334854126
vt 0.70309716463088989 0.70424449443817139
vt 0.70309716463088989 0.71445095539093018
vt 0.70309716463088989 0.72465741634368896
vt 0.70309716463088989 0.73486381769180298
vt 0.70309716463088989 0.74507027864456177
vt 0.70309716463088989 0.75527667999267578
vt 0.70309716463088989 0.76548314094543457
vt 0.70309716463088989 0.77568960189819336
vt 0.70309716463088989 0.78589606285095215
vt 0.70309716463088989 0.79610252380371094
vt 0.70309716463088989 0.80630892515182495
vt 0.70309716463088989 0.81651538610458374
vt 0.70480239391326904 0
vt 0.70480239391326904 0.010206442326307297
vt 0.70480239391326904 0.020412884652614594
vt 0.70480239391326904 0.03061932697892189
vt 0.70480239391326904 0.040825769305229187
vt 0.70480239391326904 0.051032211631536484
vt 0.70480239391326904 0.061238653957843781
vt 0.70480239391326904 0.071445092558860779
vt 0.70480239391326904 0.081651538610458374
vt 0.70480239391326904 0.091857977211475372
vt 0.70480239391326904 0.10206442326307297
vt 0.70480239391326904 0.11227085441350937
vt 0.70480239391326904 0.12247730791568756
vt 0.70480239391326904 0.13268373906612396
vt 0.70480239391326904 0.14289018511772156
vt 0.70480239391326904 0.15309663116931915
vt 0.70480239391326904 0.16330307722091675
vt 0.70480239391326904 0.17350950837135315
vt 0.70480239391326904 0.18371595442295074
vt 0.70480239391326904 0.19392240047454834
vt 0.70480239391326904 0.20412884652614594
vt 0.70480239391326904 0.21433527767658234
vt 0.70480239391326904 0.22454170882701874
vt 0.70480239391326904 0.23474816977977753
vt 0.70480239391326904 0.24495461583137512
vt 0.70480239391326904 0.25516104698181152
vt 0.70480239391326904 0.26536747813224792
vt 0.70480239391326904 0.27557393908500671
vt 0.70480239391326904 0.28578037023544312
vt 0.70480239391326904 0.29598680138587952
vt 0.70480239391326904 0.30619326233863831
vt 0.70480239391326904 0.31639972329139709
vt 0.70480239391326904 0.3266061544418335
vt 0.70480239391326904 0.3368125855922699
vt 0.70480239391326904 0.3470190167427063
vt 0.70480239391326904 0.35722547769546509
vt 0.70480239391326904 0.36743190884590149
vt 0.70480239391326904 0.37763833999633789
vt 0.70480239391326904 0.38784480094909668
vt 0.70480239391326904 0.39805126190185547
vt 0.70480239391326904 0.40825769305229187
vt 0.70480239391326904 0.41846412420272827
vt 0.70480239391326904 0.42867055535316467
vt 0.70480239391326904 0.43887698650360107
vt 0.70480239391326904 0.44908341765403748
vt 0.70480239391326904 0.45928990840911865
vt 0.70480239391326904 0.46949633955955505
vt 0.70480239391326904 0.47970277070999146
vt 0.70480239391326904 0.48990923166275024
vt 0.70480239391326904 0.50011563301086426
vt 0.70480239391326904 0.51032209396362305
vt 0.70480239391326904 0.52052855491638184
vt 0.70480239391326904 0.53073495626449585
vt 0.70480239391326904 0.54094147682189941
vt 0.70480239391326904 0.55114787817001343
vt 0.70480239391326904 0.56135433912277222
vt 0.70480239391326904 0.57156074047088623
vt 0.70480239391326904 0.58176720142364502
vt 0.70480239391326904 0.59197360277175903
vt 0.70480239391326904 0.60218006372451782
vt 0.70480239391326904 0.61238652467727661
vt 0.70480239391326904 0.6225929856300354
vt 0.70480239391326904 0.63279944658279419
vt 0.70480239391326904 0.6430058479309082
vt 0.70480239391326904 0.65321230888366699
vt 0.70480239391326904 0.66341871023178101
vt 0.70480239391326904 0.67362517118453979
vt 0.70480239391326904 0.68383163213729858
vt 0.70480239391326904 0.6940380334854126
vt 0.70480239391326904 0.70424449443817139
vt 0.70480239391326904 0.71445095539093018
vt 0.70480239391326904 0.72465741634368896
vt 0.70480239391326904 0.73486381769180298
vt 0.70480239391326904 0.74507027864456177
vt 0.70480239391326904 0.75527667999267578
vt 0.70480239391326904 0.76548314094543457
vt 0.70480239391326904 0.77568960189819336
vt 0.70480239391326904 0.78589606285095215
vt 0.70480239391326904 0.79610252380371094
vt 0.70480239391326904 0.80630892515182495
vt 0.70480239391326904 0.81651538610458374
vt 0.70480239391326904 0.82672178745269775
vt 0.69962161779403687 0
vt 0.70134854316711426 0
vt 0.70307546854019165 0
vt 0.69967693090438843 0.0051032211631536484
vt 0.69878584146499634 0.010206442326307297
vt 0.69878584146499634 0.0051032211631536484
vt 0.70139193534851074 0.0051032211631536484
vt 0.70053446292877197 0.010206442326307297
vt 0.70053446292877197 0.0051032211631536484
vt 0.70309716463088989 0.0051032211631536484
vt 0.70224457979202271 0.010206442326307297
vt 0.70224457979202271 0.0051032211631536484
vt 0.70394974946975708 0.010206442326307297
vt 0.70394974946975708 0.0051032211631536484
vt 0.70307546854019165 0.82672178745269775
vt 0.70134854316711426 0.82672178745269775
vt 0.69962161779403687 0.82672178745269775
vt 0.70309716463088989 0.82161855697631836
vt 0.70394974946975708 0.81651538610458374
vt 0.70394974946975708 0.82161855697631836
vt 0.70139193534851074 0.82161855697631836
vt 0.70224457979202271 0.81651538610458374
vt 0.70224457979202271 0.82161855697631836
vt 0.69967693090438843 0.82161855697631836
vt 0.70053446292877197 0.81651538610458374
vt 0.70053446292877197 0.82161855697631836
vt 0.69878584146499634 0.81651538610458374
vt 0.69878584146499634 0.82161855697631836
vt 0.048994999378919601 0.54418522119522095
vt 0.048994999378919601 0.55109292268753052
vt 0.059310503304004669 0.5459674596786499
vt 0.059310503304004669 0.54768246412277222
vt 0.059310503304004669 0.54938769340515137
vt 0.069236934185028076 0.54418522119522095
vt 0.069236934185028076 0.5459674596786499
vt 0.069236934185028076 0.54768246412277222
vt 0.069236934185028076 0.54938769340515137
vt 0.079106569290161133 0.54418522119522095
vt 0.079106569290161133 0.5459674596786499
vt 0.079106569290161133 0.54768246412277222
vt 0.079106569290161133 0.54938769340515137
vt 0.088976196944713593 0.54418522119522095
vt 0.088976196944713593 0.55109292268753052
vt 0.082312658429145813 0.55109292268753052
vt 0.07564912736415863 0.55109292268753052
vt 0.068985596299171448 0.55109292268753052
vt 0.062322065234184265 0.55109292268753052
vt 0.055658530443906784 0.55109292268753052
vt 0.088976196944713593 0.54591214656829834
vt 0.088976196944713593 0.54763907194137573
vt 0.088976196944713593 0.54936599731445312
vt 0.084041379392147064 0.5459674596786499
vt 0.079106569290161133 0.54507637023925781
vt 0.084041379392147064 0.54507637023925781
vt 0.084041379392147064 0.54768246412277222
vt 0.079106569290161133 0.54682499170303345
vt 0.084041379392147064 0.54682499170303345
vt 0.084041379392147064 0.54938769340515137
vt 0.079106569290161133 0.54853510856628418
vt 0.084041379392147064 0.54853510856628418
vt 0.079106569290161133 0.55024027824401855
vt 0.084041379392147064 0.55024027824401855
vt 0.048994999378919601 0.54936599731445312
vt 0.048994999378919601 0.54763907194137573
vt 0.048994999378919601 0.54591214656829834
vt 0.059310503304004669 0.55024027824401855
vt 0.054152749478816986 0.54938769340515137
vt 0.054152749478816986 0.55024027824401855
vt 0.059310503304004669 0.54853510856628418
vt 0.054152749478816986 0.54768246412277222
vt 0.054152749478816986 0.54853510856628418
vt 0.059310503304004669 0.54682499170303345
vt 0.054152749478816986 0.5459674596786499
vt 0.054152749478816986 0.54682499170303345
vt 0.059310503304004669 0.54507637023925781
vt 0.054152749478816986 0.54507637023925781
vt 0.048994999378919601 0.10883704572916031
vt 0.048994999378919601 0.11574471741914749
vt 0.059310503304004669 0.11061928421258926
vt 0.059310503304004669 0.11233431100845337
vt 0.059310503304004669 0.11403951048851013
vt 0.069236934185028076 0.10883704572916031
vt 0.069236934185028076 0.11061928421258926
vt 0.069236934185028076 0.11233431100845337
vt 0.069236934185028076 0.11403951048851013
vt 0.079106569290161133 0.10883704572916031
vt 0.079106569290161133 0.11061928421258926
vt 0.079106569290161133 0.11233431100845337
vt 0.079106569290161133 0.11403951048851013
vt 0.088976196944713593 0.10883704572916031
vt 0.088976196944713593 0.11574471741914749
vt 0.082312658429145813 0.11574471741914749
vt 0.07564912736415863 0.11574471741914749
vt 0.068985596299171448 0.11574471741914749
vt 0.062322065234184265 0.11574471741914749
vt 0.055658530443906784 0.11574471741914749
vt 0.048994999378919601 0.1140177994966507
vt 0.048994999378919601 0.1122908815741539
vt 0.048994999378919601 0.1105639636516571
vt 0.059310503304004669 0.11489211767911911
vt 0.054152749478816986 0.11403951048851013
vt 0.054152749478816986 0.11489211767911911
vt 0.059310503304004669 0.11318691074848175
vt 0.054152749478816986 0.11233431100845337
vt 0.054152749478816986 0.11318691074848175
vt 0.059310503304004669 0.11147679388523102
vt 0.054152749478816986 0.11061928421258926
vt 0.054152749478816986 0.11147679388523102
vt 0.059310503304004669 0.10972816497087479
vt 0.054152749478816986 0.10972816497087479
vt 0.088976196944713593 0.1105639636516571
vt 0.088976196944713593 0.1122908815741539
vt 0.088976196944713593 0.1140177994966507
vt 0.084041379392147064 0.11061928421258926
vt 0.079106569290161133 0.10972816497087479
vt 0.084041379392147064 0.10972816497087479
vt 0.084041379392147064 0.11233431100845337
vt 0.079106569290161133 0.11147679388523102
vt 0.084041379392147064 0.11147679388523102
vt 0.084041379392147064 0.11403951048851013
vt 0.079106569290161133 0.11318691074848175
vt 0.084041379392147064 0.11318691074848175
vt 0.079106569290161133 0.11489211767911911
vt 0.084041379392147064 0.11489211767911911
vt 0.99309229850769043 0
vt 0.99309229850769043 0.010206442326307297
vt 0.99309229850769043 0.020412884652614594
vt 0.99309229850769043 0.03061932697892189
vt 0.99309229850769043 0.040825769305229187
vt 0.99309229850769043 0.051032211631536484
vt 0.99309229850769043 0.061238653957843781
vt 0.99309229850769043 0.071445092558860779
vt 0.99309229850769043 0.081651538610458374
vt 0.99309229850769043 0.091857977211475372
vt 0.99309229850769043 0.10206442326307297
vt 0.99309229850769043 0.11227085441350937
vt 0.99309229850769043 0.12247730791568756
vt 0.99309229850769043 0.13268373906612396
vt 0.99309229850769043 0.14289018511772156
vt 0.99309229850769043 0.15309663116931915
vt 0.99309229850769043 0.16330307722091675
vt 0.99309229850769043 0.17350950837135315
vt 0.99309229850769043 0.18371595442295074
vt 0.99309229850769043 0.19392240047454834
vt 0.99309229850769043 0.20412884652614594
vt 0.99309229850769043 0.21433527767658234
vt 0.99309229850769043 0.22454170882701874
vt 0.99309229850769043 0.23474816977977753
vt 0.99309229850769043 0.24495461583137512
vt 0.99309229850769043 0.25516104698181152
vt 0.99309229850769043 0.26536747813224792
vt 0.99309229850769043 0.27557393908500671
vt 0.99309229850769043 0.28578037023544312
vt 0.99309229850769043 0.29598680138587952
vt 0.99309229850769043 0.30619326233863831
vt 0.99309229850769043 0.31639972329139709
vt 0.99309229850769043 0.3266061544418335
vt 0.99309229850769043 0.3368125855922699
vt 0.99309229850769043 0.3470190167427063
vt 0.99309229850769043 0.35722547769546509
vt 0.99309229850769043 0.36743190884590149
vt 0.99309229850769043 0.37763833999633789
vt 0.99309229850769043 0.38784480094909668
vt 0.99309229850769043 0.39805126190185547
vt 0.99309229850769043 0.40825769305229187
vt 0.99309229850769043 0.41846412420272827
vt 0.99309229850769043 0.42867055535316467
vt 0.99309229850769043 0.43887698650360107
vt 0.99309229850769043 0.44908341765403748
vt 0.99309229850769043 0.45928990840911865
vt 0.99309229850769043 0.46949633955955505
vt 0.99309229850769043 0.47970277070999146
vt 0.99309229850769043 0.48990923166275024
vt 0.99309229850769043 0.50011563301086426
vt 0.99309229850769043 0.51032209396362305
vt 0.99309229850769043 0.52052855491638184
vt 0.99309229850769043 0.53073495626449585
vt 0.99309229850769043 0.54094147682189941
vt 0.99309229850769043 0.55114787817001343
vt 0.99309229850769043 0.56135433912277222
vt 0.99309229850769043 0.57156074047088623
vt 0.99309229850769043 0.58176720142364502
vt 0.99309229850769043 0.59197360277175903
vt 0.99309229850769043 0.60218006372451782
vt 0.99309229850769043 0.61238652467727661
vt 0.99309229850769043 0.6225929856300354
vt 0.99309229850769043 0.63279944658279419
vt 0.99309229850769043 0.6430058479309082
vt 0.99309229850769043 0.65321230888366699
vt 0.99309229850769043 0.66341871023178101
vt 0.99309229850769043 0.67362517118453979
vt 0.99309229850769043 0.68383163213729858
vt 0.99309229850769043 0.6940380334854126
vt 0.99309229850769043 0.70424449443817139
vt 0.99309229850769043 0.71445095539093018
vt 0.99309229850769043 0.72465741634368896
vt 0.99309229850769043 0.73486381769180298
vt 0.99309229850769043 0.74507027864456177
vt 0.99309229850769043 0.75527667999267578
vt 0.99309229850769043 0.76548314094543457
vt 0.99309229850769043 0.77568960189819336
vt 0.99309229850769043 0.78589606285095215
vt 0.99309229850769043 0.79610252380371094
vt 0.99309229850769043 0.80630892515182495
vt 0.99309229850769043 0.81651538610458374
vt 0.99309229850769043 0.82672178745269775
vt 0.99487459659576416 0.010206442326307297
vt 0.99487459659576416 0.020412884652614594
vt 0.99487459659576416 0.03061932697892189
vt 0.99487459659576416 0.040825769305229187
vt 0.99487459659576416 0.051032211631536484
vt 0.99487459659576416 0.061238653957843781
vt 0.99487459659576416 0.071445092558860779
vt 0.99487459659576416 0.081651538610458374
vt 0.99487459659576416 0.091857977211475372
vt 0.99487459659576416 0.10206442326307297
vt 0.99487459659576416 0.11227085441350937
vt 0.99487459659576416 0.12247730791568756
vt 0.99487459659576416 0.13268373906612396
vt 0.99487459659576416 0.14289018511772156
vt 0.99487459659576416 0.15309663116931915
vt 0.99487459659576416 0.16330307722091675
vt 0.99487459659576416 0.17350950837135315
vt 0.99487459659576416 0.18371595442295074
vt 0.99487459659576416 0.19392240047454834
vt 0.99487459659576416 0.20412884652614594
vt 0.99487459659576416 0.21433527767658234
vt 0.99487459659576416 0.22454170882701874
vt 0.99487459659576416 0.23474816977977753
vt 0.99487459659576416 0.24495461583137512
vt 0.99487459659576416 0.25516104698181152
vt 0.99487459659576416 0.26536747813224792
vt 0.99487459659576416 0.27557393908500671
vt 0.99487459659576416 0.28578037023544312
vt 0.99487459659576416 0.29598680138587952
vt 0.99487459659576416 0.30619326233863831
vt 0.99487459659576416 0.31639972329139709
vt 0.99487459659576416 0.3266061544418335
vt 0.99487459659576416 0.3368125855922699
vt 0.99487459659576416 0.3470190167427063
vt 0.99487459659576416 0.35722547769546509
vt 0.99487459659576416 0.36743190884590149
vt 0.99487459659576416 0.37763833999633789
vt 0.99487459659576416 0.38784480094909668
vt 0.99487459659576416 0.39805126190185547
vt 0.99487459659576416 0.40825769305229187
vt 0.99487459659576416 0.41846412420272827
vt 0.99487459659576416 0.42867055535316467
vt 0.99487459659576416 0.43887698650360107
vt 0.99487459659576416 0.44908341765403748
vt 0.99487459659576416 0.45928990840911865
vt 0.99487459659576416 0.46949633955955505
vt 0.99487459659576416 0.47970277070999146
vt 0.99487459659576416 0.48990923166275024
vt 0.99487459659576416 0.50011563301086426
vt 0.99487459659576416 0.51032209396362305
vt 0.99487459659576416 0.52052855491638184
vt 0.99487459659576416 0.53073495626449585
vt 0.99487459659576416 0.54094147682189941
vt 0.99487459659576416 0.55114787817001343
vt 0.99487459659576416 0.56135433912277222
vt 0.99487459659576416 0.57156074047088623
vt 0.99487459659576416 0.58176720142364502
vt 0.99487459659576416 0.59197360277175903
vt 0.99487459659576416 0.60218006372451782
vt 0.99487459659576416 0.61238652467727661
vt 0.99487459659576416 0.6225929856300354
vt 0.99487459659576416 0.63279944658279419
vt 0.99487459659576416 0.6430058479309082
vt 0.99487459659576416 0.65321230888366699
vt 0.99487459659576416 0.66341871023178101
vt 0.99487459659576416 0.67362517118453979
vt 0.99487459659576416 0.68383163213729858
vt 0.99487459659576416 0.6940380334854126
vt 0.99487459659576416 0.70424449443817139
vt 0.99487459659576416 0.71445095539093018
vt 0.99487459659576416 0.72465741634368896
vt 0.99487459659576416 0.73486381769180298
vt 0.99487459659576416 0.74507027864456177
vt 0.99487459659576416 0.75527667999267578
vt 0.99487459659576416 0.76548314094543457
vt 0.99487459659576416 0.77568960189819336
vt 0.99487459659576416 0.78589606285095215
vt 0.99487459659576416 0.79610252380371094
vt 0.99487459659576416 0.80630892515182495
vt 0.99487459659576416 0.81651538610458374
vt 0.99658960103988647 0.010206442326307297
vt 0.99658960103988647 0.020412884652614594
vt 0.99658960103988647 0.03061932697892189
vt 0.99658960103988647 0.040825769305229187
vt 0.99658960103988647 0.051032211631536484
vt 0.99658960103988647 0.061238653957843781
vt 0.99658960103988647 0.071445092558860779
vt 0.99658960103988647 0.081651538610458374
vt 0.99658960103988647 0.091857977211475372
vt 0.99658960103988647 0.10206442326307297
vt 0.99658960103988647 0.11227085441350937
vt 0.99658960103988647 0.12247730791568756
vt 0.99658960103988647 0.13268373906612396
vt 0.99658960103988647 0.14289018511772156
vt 0.99658960103988647 0.15309663116931915
vt 0.99658960103988647 0.16330307722091675
vt 0.99658960103988647 0.17350950837135315
vt 0.99658960103988647 0.18371595442295074
vt 0.99658960103988647 0.19392240047454834
vt 0.99658960103988647 0.20412884652614594
vt 0.99658960103988647 0.21433527767658234
vt 0.99658960103988647 0.22454170882701874
vt 0.99658960103988647 0.23474816977977753
vt 0.99658960103988647 0.24495461583137512
vt 0.99658960103988647 0.25516104698181152
vt 0.99658960103988647 0.26536747813224792
vt 0.99658960103988647 0.27557393908500671
vt 0.99658960103988647 0.28578037023544312
vt 0.99658960103988647 0.29598680138587952
vt 0.99658960103988647 0.30619326233863831
vt 0.99658960103988647 0.31639972329139709
vt 0.99658960103988647 0.3266061544418335
vt 0.99658960103988647 0.3368125855922699
vt 0.99658960103988647 0.3470190167427063
vt 0.99658960103988647 0.35722547769546509
vt 0.99658960103988647 0.36743190884590149
vt 0.99658960103988647 0.37763833999633789
vt 0.99658960103988647 0.38784480094909668
vt 0.99658960103988647 0.39805126190185547
vt 0.99658960103988647 0.40825769305229187
vt 0.99658960103988647 0.41846412420272827
vt 0.99658960103988647 0.42867055535316467
vt 0.99658960103988647 0.43887698650360107
vt 0.99658960103988647 0.44908341765403748
vt 0.99658960103988647 0.45928990840911865
vt 0.99658960103988647 0.46949633955955505
vt 0.99658960103988647 0.47970277070999146
vt 0.99658960103988647 0.48990923166275024
vt 0.99658960103988647 0.50011563301086426
vt 0.99658960103988647 0.51032209396362305
vt 0.99658960103988647 0.52052855491638184
vt 0.99658960103988647 0.53073495626449585
vt 0.99658960103988647 0.54094147682189941
vt 0.99658960103988647 0.55114787817001343
vt 0.99658960103988647 0.56135433912277222
vt 0.99658960103988647 0.57156074047088623
vt 0.99658960103988647 0.58176720142364502
vt 0.99658960103988647 0.59197360277175903
vt 0.99658960103988647 0.60218006372451782
vt 0.99658960103988647 0.61238652467727661
vt 0.99658960103988647 0.6225929856300354
vt 0.99658960103988647 0.63279944658279419
vt 0.99658960103988647 0.6430058479309082
vt 0.99658960103988647 0.65321230888366699
vt 0.99658960103988647 0.66341871023178101
vt 0.99658960103988647 0.67362517118453979
vt 0.99658960103988647 0.68383163213729858
vt 0.99658960103988647 0.6940380334854126
vt 0.99658960103988647 0.70424449443817139
vt 0.99658960103988647 0.71445095539093018
vt 0.99658960103988647 0.72465741634368896
vt 0.99658960103988647 0.73486381769180298
vt 0.99658960103988647 0.74507027864456177
vt 0.99658960103988647 0.75527667999267578
vt 0.99658960103988647 0.76548314094543457
vt 0.99658960103988647 0.77568960189819336
vt 0.99658960103988647 0.78589606285095215
vt 0.99658960103988647 0.79610252380371094
vt 0.99658960103988647 0.80630892515182495
vt 0.99658960103988647 0.81651538610458374
vt 0.99829477071762085 0.010206442326307297
vt 0.99829477071762085 0.020412884652614594
vt 0.99829477071762085 0.03061932697892189
vt 0.99829477071762085 0.040825769305229187
vt 0.99829477071762085 0.051032211631536484
vt 0.99829477071762085 0.061238653957843781
vt 0.99829477071762085 0.071445092558860779
vt 0.99829477071762085 0.081651538610458374
vt 0.99829477071762085 0.091857977211475372
vt 0.99829477071762085 0.10206442326307297
vt 0.99829477071762085 0.11227085441350937
vt 0.99829477071762085 0.12247730791568756
vt 0.99829477071762085 0.13268373906612396
vt 0.99829477071762085 0.14289018511772156
vt 0.99829477071762085 0.15309663116931915
vt 0.99829477071762085 0.16330307722091675
vt 0.99829477071762085 0.17350950837135315
vt 0.99829477071762085 0.18371595442295074
vt 0.99829477071762085 0.19392240047454834
vt 0.99829477071762085 0.20412884652614594
vt 0.99829477071762085 0.21433527767658234
vt 0.99829477071762085 0.22454170882701874
vt 0.99829477071762085 0.23474816977977753
vt 0.99829477071762085 0.24495461583137512
vt 0.99829477071762085 0.25516104698181152
vt 0.99829477071762085 0.26536747813224792
vt 0.99829477071762085 0.27557393908500671
vt 0.99829477071762085 0.28578037023544312
vt 0.99829477071762085 0.29598680138587952
vt 0.99829477071762085 0.30619326233863831
vt 0.99829477071762085 0.31639972329139709
vt 0.99829477071762085 0.3266061544418335
vt 0.99829477071762085 0.3368125855922699
vt 0.99829477071762085 0.3470190167427063
vt 0.99829477071762085 0.35722547769546509
vt 0.99829477071762085 0.36743190884590149
vt 0.99829477071762085 0.37763833999633789
vt 0.99829477071762085 0.38784480094909668
vt 0.99829477071762085 0.39805126190185547
vt 0.99829477071762085 0.40825769305229187
vt 0.99829477071762085 0.41846412420272827
vt 0.99829477071762085 0.42867055535316467
vt 0.99829477071762085 0.43887698650360107
vt 0.99829477071762085 0.44908341765403748
vt 0.99829477071762085 0.45928990840911865
vt 0.99829477071762085 0.46949633955955505
vt 0.99829477071762085 0.47970277070999146
vt 0.99829477071762085 0.48990923166275024
vt 0.99829477071762085 0.50011563301086426
vt 0.99829477071762085 0.51032209396362305
vt 0.99829477071762085 0.52052855491638184
vt 0.99829477071762085 0.53073495626449585
vt 0.99829477071762085 0.54094147682189941
vt 0.99829477071762085 0.55114787817001343
vt 0.99829477071762085 0.56135433912277222
vt 0.99829477071762085 0.57156074047088623
vt 0.99829477071762085 0.58176720142364502
vt 0.99829477071762085 0.59197360277175903
vt 0.99829477071762085 0.60218006372451782
vt 0.99829477071762085 0.61238652467727661
vt 0.99829477071762085 0.6225929856300354
vt 0.99829477071762085 0.63279944658279419
vt 0.99829477071762085 0.6430058479309082
vt 0.99829477071762085 0.65321230888366699
vt 0.99829477071762085 0.66341871023178101
vt 0.99829477071762085 0.67362517118453979
vt 0.99829477071762085 0.68383163213729858
vt 0.99829477071762085 0.6940380334854126
vt 0.99829477071762085 0.70424449443817139
vt 0.99829477071762085 0.71445095539093018
vt 0.99829477071762085 0.72465741634368896
vt 0.99829477071762085 0.73486381769180298
vt 0.99829477071762085 0.74507027864456177
vt 0.99829477071762085 0.75527667999267578
vt 0.99829477071762085 0.76548314094543457
vt 0.99829477071762085 0.77568960189819336
vt 0.99829477071762085 0.78589606285095215
vt 0.99829477071762085 0.79610252380371094
vt 0.99829477071762085 0.80630892515182495
vt 0.99829477071762085 0.81651538610458374
vt 1 0
vt 1 0.010206442326307297
vt 1 0.020412884652614594
vt 1 0.03061932697892189
vt 1 0.040825769305229187
vt 1 0.051032211631536484
vt 1 0.061238653957843781
vt 1 0.071445092558860779
vt 1 0.081651538610458374
vt 1 0.091857977211475372
vt 1 0.10206442326307297
vt 1 0.11227085441350937
vt 1 0.12247730791568756
vt 1 0.13268373906612396
vt 1 0.14289018511772156
vt 1 0.15309663116931915
vt 1 0.16330307722091675
vt 1 0.17350950837135315
vt 1 0.18371595442295074
vt 1 0.19392240047454834
vt 1 0.20412884652614594
vt 1 0.21433527767658234
vt 1 0.22454170882701874
vt 1 0.23474816977977753
vt 1 0.24495461583137512
vt 1 0.25516104698181152
vt 1 0.26536747813224792
vt 1 0.27557393908500671
vt 1 0.28578037023544312
vt 1 0.29598680138587952
vt 1 0.30619326233863831
vt 1 0.31639972329139709
vt 1 0.3266061544418335
vt 1 0.3368125855922699
vt 1 0.3470190167427063
vt 1 0.35722547769546509
vt 1 0.36743190884590149
vt 1 0.37763833999633789
vt 1 0.38784480094909668
vt 1 0.39805126190185547
vt 1 0.40825769305229187
vt 1 0.41846412420272827
vt 1 0.42867055535316467
vt 1 0.43887698650360107
vt 1 0.44908341765403748
vt 1 0.45928990840911865
vt 1 0.46949633955955505
vt 1 0.47970277070999146
vt 1 0.48990923166275024
vt 1 0.50011563301086426
vt 1 0.51032209396362305
vt 1 0.52052855491638184
vt 1 0.53073495626449585
vt 1 0.54094147682189941
vt 1 0.55114787817001343
vt 1 0.56135433912277222
vt 1 0.57156074047088623
vt 1 0.58176720142364502
vt 1 0.59197360277175903
vt 1 0.60218006372451782
vt 1 0.61238652467727661
vt 1 0.6225929856300354
vt 1 0.63279944658279419
vt 1 0.6430058479309082
vt 1 0.65321230888366699
vt 1 0.66341871023178101
vt 1 0.67362517118453979
vt 1 0.68383163213729858
vt 1 0.6940380334854126
vt 1 0.70424449443817139
vt 1 0.71445095539093018
vt 1 0.72465741634368896
vt 1 0.73486381769180298
vt 1 0.74507027864456177
vt 1 0.75527667999267578
vt 1 0.76548314094543457
vt 1 0.77568960189819336
vt 1 0.78589606285095215
vt 1 0.79610252380371094
vt 1 0.80630892515182495
vt 1 0.81651538610458374
vt 1 0.82672178745269775
vt 0.99827307462692261 0.82672178745269775
vt 0.99654614925384521 0.82672178745269775
vt 0.99481922388076782 0.82672178745269775
vt 0.99829477071762085 0.82161855697631836
vt 0.99914741516113281 0.81651538610458374
vt 0.99914741516113281 0.82161855697631836
vt 0.99658960103988647 0.82161855697631836
vt 0.99744218587875366 0.81651538610458374
vt 0.99744218587875366 0.82161855697631836
vt 0.99487459659576416 0.82161855697631836
vt 0.99573206901550293 0.81651538610458374
vt 0.99573206901550293 0.82161855697631836
vt 0.99398344755172729 0.81651538610458374
vt 0.99398344755172729 0.82161855697631836
vt 0.99481922388076782 0
vt 0.99654614925384521 0
vt 0.99827307462692261 0
vt 0.99487459659576416 0.0051032211631536484
vt 0.99398344755172729 0.010206442326307297
vt 0.99398344755172729 0.0051032211631536484
vt 0.99658960103988647 0.0051032211631536484
vt 0.99573206901550293 0.010206442326307297
vt 0.99573206901550293 0.0051032211631536484
vt 0.99829477071762085 0.0051032211631536484
vt 0.99744218587875366 0.010206442326307297
vt 0.99744218587875366 0.0051032211631536484
vt 0.99914741516113281 0.010206442326307297
vt 0.99914741516113281 0.0051032211631536484
vt 0.75315606594085693 0
vt 0.75315606594085693 0.01005132868885994
vt 0.75315606594085693 0.020102657377719879
vt 0.75315606594085693 0.030153987929224968
vt 0.75315606594085693 0.040205314755439758
vt 0.75315606594085693 0.050256643444299698
vt 0.75315606594085693 0.060307975858449936
vt 0.75315606594085693 0.070359304547309875
vt 0.75315606594085693 0.080410629510879517
vt 0.75315606594085693 0.090461961925029755
vt 0.75315606594085693 0.1005132868885994
vt 0.75315606594085693 0.11056462675333023
vt 0.75315606594085693 0.12061595171689987
vt 0.75315606594085693 0.13066728413105011
vt 0.75315606594085693 0.14071860909461975
vt 0.75315606594085693 0.15076993405818939
vt 0.75315606594085693 0.16082125902175903
vt 0.75315606594085693 0.17087259888648987
vt 0.75315606594085693 0.18092392385005951
vt 0.75315606594085693 0.19097524881362915
vt 0.75315606594085693 0.20102657377719879
vt 0.75315606594085693 0.21107791364192963
vt 0.75493830442428589 0.01005132868885994
vt 0.75493830442428589 0.020102657377719879
vt 0.75493830442428589 0.030153987929224968
vt 0.75493830442428589 0.040205314755439758
vt 0.75493830442428589 0.050256643444299698
vt 0.75493830442428589 0.060307975858449936
vt 0.75493830442428589 0.070359304547309875
vt 0.75493830442428589 0.080410629510879517
vt 0.75493830442428589 0.090461961925029755
vt 0.75493830442428589 0.1005132868885994
vt 0.75493830442428589 0.11056462675333023
vt 0.75493830442428589 0.12061595171689987
vt 0.75493830442428589 0.13066728413105011
vt 0.75493830442428589 0.14071860909461975
vt 0.75493830442428589 0.15076993405818939
vt 0.75493830442428589 0.16082125902175903
vt 0.75493830442428589 0.17087259888648987
vt 0.75493830442428589 0.18092392385005951
vt 0.75493830442428589 0.19097524881362915
vt 0.75493830442428589 0.20102657377719879
vt 0.75665336847305298 0.01005132868885994
vt 0.75665336847305298 0.020102657377719879
vt 0.75665336847305298 0.030153987929224968
vt 0.75665336847305298 0.040205314755439758
vt 0.75665336847305298 0.050256643444299698
vt 0.75665336847305298 0.060307975858449936
vt 0.75665336847305298 0.070359304547309875
vt 0.75665336847305298 0.080410629510879517
vt 0.75665336847305298 0.090461961925029755
vt 0.75665336847305298 0.1005132868885994
vt 0.75665336847305298 0.11056462675333023
vt 0.75665336847305298 0.12061595171689987
vt 0.75665336847305298 0.13066728413105011
vt 0.75665336847305298 0.14071860909461975
vt 0.75665336847305298 0.15076993405818939
vt 0.75665336847305298 0.16082125902175903
vt 0.75665336847305298 0.17087259888648987
vt 0.75665336847305298 0.18092392385005951
vt 0.75665336847305298 0.19097524881362915
vt 0.75665336847305298 0.20102657377719879
vt 0.75835853815078735 0.01005132868885994
vt 0.75835853815078735 0.020102657377719879
vt 0.75835853815078735 0.030153987929224968
vt 0.75835853815078735 0.040205314755439758
vt 0.75835853815078735 0.050256643444299698
vt 0.75835853815078735 0.060307975858449936
vt 0.75835853815078735 0.070359304547309875
vt 0.75835853815078735 0.080410629510879517
vt 0.75835853815078735 0.090461961925029755
vt 0.75835853815078735 0.1005132868885994
vt 0.75835853815078735 0.11056462675333023
vt 0.75835853815078735 0.12061595171689987
vt 0.75835853815078735 0.13066728413105011
vt 0.75835853815078735 0.14071860909461975
vt 0.75835853815078735 0.15076993405818939
vt 0.75835853815078735 0.16082125902175903
vt 0.75835853815078735 0.17087259888648987
vt 0.75835853815078735 0.18092392385005951
vt 0.75835853815078735 0.19097524881362915
vt 0.75835853815078735 0.20102657377719879
vt 0.7600637674331665 0
vt 0.7600637674331665 0.01005132868885994
vt 0.7600637674331665 0.020102657377719879
vt 0.7600637674331665 0.030153987929224968
vt 0.7600637674331665 0.040205314755439758
vt 0.7600637674331665 0.050256643444299698
vt 0.7600637674331665 0.060307975858449936
vt 0.7600637674331665 0.070359304547309875
vt 0.7600637674331665 0.080410629510879517
vt 0.7600637674331665 0.090461961925029755
vt 0.7600637674331665 0.1005132868885994
vt 0.7600637674331665 0.11056462675333023
vt 0.7600637674331665 0.12061595171689987
vt 0.7600637674331665 0.13066728413105011
vt 0.7600637674331665 0.14071860909461975
vt 0.7600637674331665 0.15076993405818939
vt 0.7600637674331665 0.16082125902175903
vt 0.7600637674331665 0.17087259888648987
vt 0.7600637674331665 0.18092392385005951
vt 0.7600637674331665 0.19097524881362915
vt 0.7600637674331665 0.20102657377719879
vt 0.7600637674331665 0.21107791364192963
vt 0.75488299131393433 0
vt 0.75660991668701172 0
vt 0.75833684206008911 0
vt 0.75493830442428589 0.0050256643444299698
vt 0.7540472149848938 0.01005132868885994
vt 0.7540472149848938 0.0050256643444299698
vt 0.75665336847305298 0.0050256643444299698
vt 0.75579583644866943 0.01005132868885994
vt 0.75579583644866943 0.0050256643444299698
vt 0.75835853815078735 0.0050256643444299698
vt 0.75750595331192017 0.01005132868885994
vt 0.75750595331192017 0.0050256643444299698
vt 0.75921112298965454 0.01005132868885994
vt 0.75921112298965454 0.0050256643444299698
vt 0.75833684206008911 0.21107791364192963
vt 0.75660991668701172 0.21107791364192963
vt 0.75488299131393433 0.21107791364192963
vt 0.75835853815078735 0.20605224370956421
vt 0.75921112298965454 0.20102657377719879
vt 0.75921112298965454 0.20605224370956421
vt 0.75665336847305298 0.20605224370956421
vt 0.75750595331192017 0.20102657377719879
vt 0.75750595331192017 0.20605224370956421
vt 0.75493830442428589 0.20605224370956421
vt 0.75579583644866943 0.20102657377719879
vt 0.75579583644866943 0.20605224370956421
vt 0.7540472149848938 0.20102657377719879
vt 0.7540472149848938 0.20605224370956421
vt 0.048994999378919601 0.21767409145832062
vt 0.048994999378919601 0.2245817631483078
vt 0.059310503304004669 0.21945632994174957
vt 0.059310503304004669 0.22117134928703308
vt 0.059310503304004669 0.22287656366825104
vt 0.069236934185028076 0.21767409145832062
vt 0.069236934185028076 0.21945632994174957
vt 0.069236934185028076 0.22117134928703308
vt 0.069236934185028076 0.22287656366825104
vt 0.079106569290161133 0.21767409145832062
vt 0.079106569290161133 0.21945632994174957
vt 0.079106569290161133 0.22117134928703308
vt 0.079106569290161133 0.22287656366825104
vt 0.088976196944713593 0.21767409145832062
vt 0.088976196944713593 0.2245817631483078
vt 0.082312658429145813 0.2245817631483078
vt 0.07564912736415863 0.2245817631483078
vt 0.068985596299171448 0.2245817631483078
vt 0.062322065234184265 0.2245817631483078
vt 0.055658530443906784 0.2245817631483078
vt 0.088976196944713593 0.21940101683139801
vt 0.088976196944713593 0.22112792730331421
vt 0.088976196944713593 0.2228548526763916
vt 0.084041379392147064 0.21945632994174957
vt 0.079106569290161133 0.2185652107000351
vt 0.084041379392147064 0.2185652107000351
vt 0.084041379392147064 0.22117134928703308
vt 0.079106569290161133 0.22031384706497192
vt 0.084041379392147064 0.22031384706497192
vt 0.084041379392147064 0.22287656366825104
vt 0.079106569290161133 0.22202396392822266
vt 0.084041379392147064 0.22202396392822266
vt 0.079106569290161133 0.22372916340827942
vt 0.084041379392147064 0.22372916340827942
vt 0.048994999378919601 0.2228548526763916
vt 0.048994999378919601 0.22112792730331421
vt 0.048994999378919601 0.21940101683139801
vt 0.059310503304004669 0.22372916340827942
vt 0.054152749478816986 0.22287656366825104
vt 0.054152749478816986 0.22372916340827942
vt 0.059310503304004669 0.22202396392822266
vt 0.054152749478816986 0.22117134928703308
vt 0.054152749478816986 0.22202396392822266
vt 0.059310503304004669 0.22031384706497192
vt 0.054152749478816986 0.21945632994174957
vt 0.054152749478816986 0.22031384706497192
vt 0.059310503304004669 0.2185652107000351
vt 0.054152749478816986 0.2185652107000351
vt 0.048994999378919601 0.76185929775238037
vt 0.048994999378919601 0.76876699924468994
vt 0.059310503304004669 0.76364153623580933
vt 0.059310503304004669 0.76535660028457642
vt 0.059310503304004669 0.76706176996231079
vt 0.059310503304004669 0.76876699924468994
vt 0.069236934185028076 0.76364153623580933
vt 0.069236934185028076 0.76535660028457642
vt 0.069236934185028076 0.76706176996231079
vt 0.069236934185028076 0.76876699924468994
vt 0.079106569290161133 0.76364153623580933
vt 0.079106569290161133 0.76535660028457642
vt 0.079106569290161133 0.76706176996231079
vt 0.088976196944713593 0.76185929775238037
vt 0.088976196944713593 0.76876699924468994
vt 0.055658530443906784 0.76185929775238037
vt 0.062322065234184265 0.76185929775238037
vt 0.068985596299171448 0.76185929775238037
vt 0.07564912736415863 0.76185929775238037
vt 0.082312658429145813 0.76185929775238037
vt 0.048994999378919601 0.76704007387161255
vt 0.048994999378919601 0.76531314849853516
vt 0.048994999378919601 0.76358622312545776
vt 0.059310503304004669 0.76791441440582275
vt 0.054152749478816986 0.76706176996231079
vt 0.054152749478816986 0.76791441440582275
vt 0.059310503304004669 0.7662091851234436
vt 0.054152749478816986 0.76535660028457642
vt 0.054152749478816986 0.7662091851234436
vt 0.059310503304004669 0.76449906826019287
vt 0.054152749478816986 0.76364153623580933
vt 0.054152749478816986 0.76449906826019287
vt 0.059310503304004669 0.76275044679641724
vt 0.054152749478816986 0.76275044679641724
vt 0.088976196944713593 0.76358622312545776
vt 0.088976196944713593 0.76531314849853516
vt 0.088976196944713593 0.76704007387161255
vt 0.084041379392147064 0.76364153623580933
vt 0.079106569290161133 0.76275044679641724
vt 0.084041379392147064 0.76275044679641724
vt 0.084041379392147064 0.76535660028457642
vt 0.079106569290161133 0.76449906826019287
vt 0.084041379392147064 0.76449906826019287
vt 0.084041379392147064 0.76706176996231079
vt 0.079106569290161133 0.7662091851234436
vt 0.084041379392147064 0.7662091851234436
vt 0.079106569290161133 0.76791441440582275
vt 0.084041379392147064 0.76791441440582275
vt 0.12562069296836853 0
vt 0.12562069296836853 0.010206442326307297
vt 0.12562069296836853 0.020412884652614594
vt 0.12562069296836853 0.03061932697892189
vt 0.12562069296836853 0.040825769305229187
vt 0.12562069296836853 0.051032211631536484
vt 0.12562069296836853 0.061238653957843781
vt 0.12562069296836853 0.071445092558860779
vt 0.12562069296836853 0.081651538610458374
vt 0.12562069296836853 0.091857977211475372
vt 0.12562069296836853 0.10206442326307297
vt 0.12562069296836853 0.11227085441350937
vt 0.12562069296836853 0.12247730791568756
vt 0.12562069296836853 0.13268373906612396
vt 0.12562069296836853 0.14289018511772156
vt 0.12562069296836853 0.15309663116931915
vt 0.12562069296836853 0.16330307722091675
vt 0.12562069296836853 0.17350950837135315
vt 0.12562069296836853 0.18371595442295074
vt 0.12562069296836853 0.19392240047454834
vt 0.12562069296836853 0.20412884652614594
vt 0.12562069296836853 0.21433527767658234
vt 0.12562069296836853 0.22454170882701874
vt 0.12562069296836853 0.23474816977977753
vt 0.12562069296836853 0.24495461583137512
vt 0.12562069296836853 0.25516104698181152
vt 0.12562069296836853 0.26536747813224792
vt 0.12562069296836853 0.27557393908500671
vt 0.12562069296836853 0.28578037023544312
vt 0.12562069296836853 0.29598680138587952
vt 0.12562069296836853 0.30619326233863831
vt 0.12562069296836853 0.31639972329139709
vt 0.12562069296836853 0.3266061544418335
vt 0.12562069296836853 0.3368125855922699
vt 0.12562069296836853 0.3470190167427063
vt 0.12562069296836853 0.35722547769546509
vt 0.12562069296836853 0.36743190884590149
vt 0.12562069296836853 0.37763833999633789
vt 0.12562069296836853 0.38784480094909668
vt 0.12562069296836853 0.39805126190185547
vt 0.12562069296836853 0.40825769305229187
vt 0.12562069296836853 0.41846412420272827
vt 0.12562069296836853 0.42867055535316467
vt 0.12562069296836853 0.43887698650360107
vt 0.12562069296836853 0.44908341765403748
vt 0.12562069296836853 0.45928990840911865
vt 0.12562069296836853 0.46949633955955505
vt 0.12562069296836853 0.47970277070999146
vt 0.12562069296836853 0.48990923166275024
vt 0.12562069296836853 0.50011563301086426
vt 0.12562069296836853 0.51032209396362305
vt 0.12562069296836853 0.52052855491638184
vt 0.12562069296836853 0.53073495626449585
vt 0.12562069296836853 0.54094147682189941
vt 0.12562069296836853 0.55114787817001343
vt 0.12562069296836853 0.56135433912277222
vt 0.12562069296836853 0.57156074047088623
vt 0.12562069296836853 0.58176720142364502
vt 0.12562069296836853 0.59197360277175903
vt 0.12562069296836853 0.60218006372451782
vt 0.12562069296836853 0.61238652467727661
vt 0.12562069296836853 0.6225929856300354
vt 0.12562069296836853 0.63279944658279419
vt 0.12562069296836853 0.6430058479309082
vt 0.12562069296836853 0.65321230888366699
vt 0.12562069296836853 0.66341871023178101
vt 0.12562069296836853 0.67362517118453979
vt 0.12562069296836853 0.68383163213729858
vt 0.12562069296836853 0.6940380334854126
vt 0.12562069296836853 0.70424449443817139
vt 0.12562069296836853 0.71445095539093018
vt 0.12562069296836853 0.72465741634368896
vt 0.12562069296836853 0.73486381769180298
vt 0.12562069296836853 0.74507027864456177
vt 0.12562069296836853 0.75527667999267578
vt 0.12562069296836853 0.76548314094543457
vt 0.12562069296836853 0.77568960189819336
vt 0.12562069296836853 0.78589606285095215
vt 0.12562069296836853 0.79610252380371094
vt 0.12562069296836853 0.80630892515182495
vt 0.12562069296836853 0.81651538610458374
vt 0.12562069296836853 0.82672178745269775
vt 0.12740293145179749 0.010206442326307297
vt 0.12740293145179749 0.020412884652614594
vt 0.12740293145179749 0.03061932697892189
vt 0.12740293145179749 0.040825769305229187
vt 0.12740293145179749 0.051032211631536484
vt 0.12740293145179749 0.061238653957843781
vt 0.12740293145179749 0.071445092558860779
vt 0.12740293145179749 0.081651538610458374
vt 0.12740293145179749 0.091857977211475372
vt 0.12740293145179749 0.10206442326307297
vt 0.12740293145179749 0.11227085441350937
vt 0.12740293145179749 0.12247730791568756
vt 0.12740293145179749 0.13268373906612396
vt 0.12740293145179749 0.14289018511772156
vt 0.12740293145179749 0.15309663116931915
vt 0.12740293145179749 0.16330307722091675
vt 0.12740293145179749 0.17350950837135315
vt 0.12740293145179749 0.18371595442295074
vt 0.12740293145179749 0.19392240047454834
vt 0.12740293145179749 0.20412884652614594
vt 0.12740293145179749 0.21433527767658234
vt 0.12740293145179749 0.22454170882701874
vt 0.12740293145179749 0.23474816977977753
vt 0.12740293145179749 0.24495461583137512
vt 0.12740293145179749 0.25516104698181152
vt 0.12740293145179749 0.26536747813224792
vt 0.12740293145179749 0.27557393908500671
vt 0.12740293145179749 0.28578037023544312
vt 0.12740293145179749 0.29598680138587952
vt 0.12740293145179749 0.30619326233863831
vt 0.12740293145179749 0.31639972329139709
vt 0.12740293145179749 0.3266061544418335
vt 0.12740293145179749 0.3368125855922699
vt 0.12740293145179749 0.3470190167427063
vt 0.12740293145179749 0.35722547769546509
vt 0.12740293145179749 0.36743190884590149
vt 0.12740293145179749 0.37763833999633789
vt 0.12740293145179749 0.38784480094909668
vt 0.12740293145179749 0.39805126190185547
vt 0.12740293145179749 0.40825769305229187
vt 0.12740293145179749 0.41846412420272827
vt 0.12740293145179749 0.42867055535316467
vt 0.12740293145179749 0.43887698650360107
vt 0.12740293145179749 0.44908341765403748
vt 0.12740293145179749 0.45928990840911865
vt 0.12740293145179749 0.46949633955955505
vt 0.12740293145179749 0.47970277070999146
vt 0.12740293145179749 0.48990923166275024
vt 0.12740293145179749 0.50011563301086426
vt 0.12740293145179749 0.51032209396362305
vt 0.12740293145179749 0.52052855491638184
vt 0.12740293145179749 0.53073495626449585
vt 0.12740293145179749 0.54094147682189941
vt 0.12740293145179749 0.55114787817001343
vt 0.12740293145179749 0.56135433912277222
vt 0.12740293145179749 0.57156074047088623
vt 0.12740293145179749 0.58176720142364502
vt 0.12740293145179749 0.59197360277175903
vt 0.12740293145179749 0.60218006372451782
vt 0.12740293145179749 0.61238652467727661
vt 0.12740293145179749 0.6225929856300354
vt 0.12740293145179749 0.63279944658279419
vt 0.12740293145179749 0.6430058479309082
vt 0.12740293145179749 0.65321230888366699
vt 0.12740293145179749 0.66341871023178101
vt 0.12740293145179749 0.67362517118453979
vt 0.12740293145179749 0.68383163213729858
vt 0.12740293145179749 0.6940380334854126
vt 0.12740293145179749 0.70424449443817139
vt 0.12740293145179749 0.71445095539093018
vt 0.12740293145179749 0.72465741634368896
vt 0.12740293145179749 0.73486381769180298
vt 0.12740293145179749 0.74507027864456177
vt 0.12740293145179749 0.75527667999267578
vt 0.12740293145179749 0.76548314094543457
vt 0.12740293145179749 0.77568960189819336
vt 0.12740293145179749 0.78589606285095215
vt 0.12740293145179749 0.79610252380371094
vt 0.12740293145179749 0.80630892515182495
vt 0.12740293145179749 0.81651538610458374
vt 0.12911795079708099 0.010206442326307297
vt 0.12911795079708099 0.020412884652614594
vt 0.12911795079708099 0.03061932697892189
vt 0.12911795079708099 0.040825769305229187
vt 0.12911795079708099 0.051032211631536484
vt 0.12911795079708099 0.061238653957843781
vt 0.12911795079708099 0.071445092558860779
vt 0.12911795079708099 0.081651538610458374
vt 0.12911795079708099 0.091857977211475372
vt 0.12911795079708099 0.10206442326307297
vt 0.12911795079708099 0.11227085441350937
vt 0.12911795079708099 0.12247730791568756
vt 0.12911795079708099 0.13268373906612396
vt 0.12911795079708099 0.14289018511772156
vt 0.12911795079708099 0.15309663116931915
vt 0.12911795079708099 0.16330307722091675
vt 0.12911795079708099 0.17350950837135315
vt 0.12911795079708099 0.18371595442295074
vt 0.12911795079708099 0.19392240047454834
vt 0.12911795079708099 0.20412884652614594
vt 0.12911795079708099 0.21433527767658234
vt 0.12911795079708099 0.22454170882701874
vt 0.12911795079708099 0.23474816977977753
vt 0.12911795079708099 0.24495461583137512
vt 0.12911795079708099 0.25516104698181152
vt 0.12911795079708099 0.26536747813224792
vt 0.12911795079708099 0.27557393908500671
vt 0.12911795079708099 0.28578037023544312
vt 0.12911795079708099 0.29598680138587952
vt 0.12911795079708099 0.30619326233863831
vt 0.12911795079708099 0.31639972329139709
vt 0.12911795079708099 0.3266061544418335
vt 0.12911795079708099 0.3368125855922699
vt 0.12911795079708099 0.3470190167427063
vt 0.12911795079708099 0.35722547769546509
vt 0.12911795079708099 0.36743190884590149
vt 0.12911795079708099 0.37763833999633789
vt 0.12911795079708099 0.38784480094909668
vt 0.12911795079708099 0.39805126190185547
vt 0.12911795079708099 0.40825769305229187
vt 0.12911795079708099 0.41846412420272827
vt 0.12911795079708099 0.42867055535316467
vt 0.12911795079708099 0.43887698650360107
vt 0.12911795079708099 0.44908341765403748
vt 0.12911795079708099 0.45928990840911865
vt 0.12911795079708099 0.46949633955955505
vt 0.12911795079708099 0.47970277070999146
vt 0.12911795079708099 0.48990923166275024
vt 0.12911795079708099 0.50011563301086426
vt 0.12911795079708099 0.51032209396362305
vt 0.12911795079708099 0.52052855491638184
vt 0.12911795079708099 0.53073495626449585
vt 0.12911795079708099 0.54094147682189941
vt 0.12911795079708099 0.55114787817001343
vt 0.12911795079708099 0.56135433912277222
vt 0.12911795079708099 0.57156074047088623
vt 0.12911795079708099 0.58176720142364502
vt 0.12911795079708099 0.59197360277175903
vt 0.12911795079708099 0.60218006372451782
vt 0.12911795079708099 0.61238652467727661
vt 0.12911795079708099 0.6225929856300354
vt 0.12911795079708099 0.63279944658279419
vt 0.12911795079708099 0.6430058479309082
vt 0.12911795079708099 0.65321230888366699
vt 0.12911795079708099 0.66341871023178101
vt 0.12911795079708099 0.67362517118453979
vt 0.12911795079708099 0.68383163213729858
vt 0.12911795079708099 0.6940380334854126
vt 0.12911795079708099 0.70424449443817139
vt 0.12911795079708099 0.71445095539093018
vt 0.12911795079708099 0.72465741634368896
vt 0.12911795079708099 0.73486381769180298
vt 0.12911795079708099 0.74507027864456177
vt 0.12911795079708099 0.75527667999267578
vt 0.12911795079708099 0.76548314094543457
vt 0.12911795079708099 0.77568960189819336
vt 0.12911795079708099 0.78589606285095215
vt 0.12911795079708099 0.79610252380371094
vt 0.12911795079708099 0.80630892515182495
vt 0.12911795079708099 0.81651538610458374
vt 0.13082315027713776 0.010206442326307297
vt 0.13082315027713776 0.020412884652614594
vt 0.13082315027713776 0.03061932697892189
vt 0.13082315027713776 0.040825769305229187
vt 0.13082315027713776 0.051032211631536484
vt 0.13082315027713776 0.061238653957843781
vt 0.13082315027713776 0.071445092558860779
vt 0.13082315027713776 0.081651538610458374
vt 0.13082315027713776 0.091857977211475372
vt 0.13082315027713776 0.10206442326307297
vt 0.13082315027713776 0.11227085441350937
vt 0.13082315027713776 0.12247730791568756
vt 0.13082315027713776 0.13268373906612396
vt 0.13082315027713776 0.14289018511772156
vt 0.13082315027713776 0.15309663116931915
vt 0.13082315027713776 0.16330307722091675
vt 0.13082315027713776 0.17350950837135315
vt 0.13082315027713776 0.18371595442295074
vt 0.13082315027713776 0.19392240047454834
vt 0.13082315027713776 0.20412884652614594
vt 0.13082315027713776 0.21433527767658234
vt 0.13082315027713776 0.22454170882701874
vt 0.13082315027713776 0.23474816977977753
vt 0.13082315027713776 0.24495461583137512
vt 0.13082315027713776 0.25516104698181152
vt 0.13082315027713776 0.26536747813224792
vt 0.13082315027713776 0.27557393908500671
vt 0.13082315027713776 0.28578037023544312
vt 0.13082315027713776 0.29598680138587952
vt 0.13082315027713776 0.30619326233863831
vt 0.13082315027713776 0.31639972329139709
vt 0.13082315027713776 0.3266061544418335
vt 0.13082315027713776 0.3368125855922699
vt 0.13082315027713776 0.3470190167427063
vt 0.13082315027713776 0.35722547769546509
vt 0.13082315027713776 0.36743190884590149
vt 0.13082315027713776 0.37763833999633789
vt 0.13082315027713776 0.38784480094909668
vt 0.13082315027713776 0.39805126190185547
vt 0.13082315027713776 0.40825769305229187
vt 0.13082315027713776 0.41846412420272827
vt 0.13082315027713776 0.42867055535316467
vt 0.13082315027713776 0.43887698650360107
vt 0.13082315027713776 0.44908341765403748
vt 0.13082315027713776 0.45928990840911865
vt 0.13082315027713776 0.46949633955955505
vt 0.13082315027713776 0.47970277070999146
vt 0.13082315027713776 0.48990923166275024
vt 0.13082315027713776 0.50011563301086426
vt 0.13082315027713776 0.51032209396362305
vt 0.13082315027713776 0.52052855491638184
vt 0.13082315027713776 0.53073495626449585
vt 0.13082315027713776 0.54094147682189941
vt 0.13082315027713776 0.55114787817001343
vt 0.13082315027713776 0.56135433912277222
vt 0.13082315027713776 0.57156074047088623
vt 0.13082315027713776 0.58176720142364502
vt 0.13082315027713776 0.59197360277175903
vt 0.13082315027713776 0.60218006372451782
vt 0.13082315027713776 0.61238652467727661
vt 0.13082315027713776 0.6225929856300354
vt 0.13082315027713776 0.63279944658279419
vt 0.13082315027713776 0.6430058479309082
vt 0.13082315027713776 0.65321230888366699
vt 0.13082315027713776 0.66341871023178101
vt 0.13082315027713776 0.67362517118453979
vt 0.13082315027713776 0.68383163213729858
vt 0.13082315027713776 0.6940380334854126
vt 0.13082315027713776 0.70424449443817139
vt 0.13082315027713776 0.71445095539093018
vt 0.13082315027713776 0.72465741634368896
vt 0.13082315027713776 0.73486381769180298
vt 0.13082315027713776 0.74507027864456177
vt 0.13082315027713776 0.75527667999267578
vt 0.13082315027713776 0.76548314094543457
vt 0.13082315027713776 0.77568960189819336
vt 0.13082315027713776 0.78589606285095215
vt 0.13082315027713776 0.79610252380371094
vt 0.13082315027713776 0.80630892515182495
vt 0.13082315027713776 0.81651538610458374
vt 0.13252836465835571 0
vt 0.13252836465835571 0.010206442326307297
vt 0.13252836465835571 0.020412884652614594
vt 0.13252836465835571 0.03061932697892189
vt 0.13252836465835571 0.040825769305229187
vt 0.13252836465835571 0.051032211631536484
vt 0.13252836465835571 0.061238653957843781
vt 0.13252836465835571 0.071445092558860779
vt 0.13252836465835571 0.081651538610458374
vt 0.13252836465835571 0.091857977211475372
vt 0.13252836465835571 0.10206442326307297
vt 0.13252836465835571 0.11227085441350937
vt 0.13252836465835571 0.12247730791568756
vt 0.13252836465835571 0.13268373906612396
vt 0.13252836465835571 0.14289018511772156
vt 0.13252836465835571 0.15309663116931915
vt 0.13252836465835571 0.16330307722091675
vt 0.13252836465835571 0.17350950837135315
vt 0.13252836465835571 0.18371595442295074
vt 0.13252836465835571 0.19392240047454834
vt 0.13252836465835571 0.20412884652614594
vt 0.13252836465835571 0.21433527767658234
vt 0.13252836465835571 0.22454170882701874
vt 0.13252836465835571 0.23474816977977753
vt 0.13252836465835571 0.24495461583137512
vt 0.13252836465835571 0.25516104698181152
vt 0.13252836465835571 0.26536747813224792
vt 0.13252836465835571 0.27557393908500671
vt 0.13252836465835571 0.28578037023544312
vt 0.13252836465835571 0.29598680138587952
vt 0.13252836465835571 0.30619326233863831
vt 0.13252836465835571 0.31639972329139709
vt 0.13252836465835571 0.3266061544418335
vt 0.13252836465835571 0.3368125855922699
vt 0.13252836465835571 0.3470190167427063
vt 0.13252836465835571 0.35722547769546509
vt 0.13252836465835571 0.36743190884590149
vt 0.13252836465835571 0.37763833999633789
vt 0.13252836465835571 0.38784480094909668
vt 0.13252836465835571 0.39805126190185547
vt 0.13252836465835571 0.40825769305229187
vt 0.13252836465835571 0.41846412420272827
vt 0.13252836465835571 0.42867055535316467
vt 0.13252836465835571 0.43887698650360107
vt 0.13252836465835571 0.44908341765403748
vt 0.13252836465835571 0.45928990840911865
vt 0.13252836465835571 0.46949633955955505
vt 0.13252836465835571 0.47970277070999146
vt 0.13252836465835571 0.48990923166275024
vt 0.13252836465835571 0.50011563301086426
vt 0.13252836465835571 0.51032209396362305
vt 0.13252836465835571 0.52052855491638184
vt 0.13252836465835571 0.53073495626449585
vt 0.13252836465835571 0.54094147682189941
vt 0.13252836465835571 0.55114787817001343
vt 0.13252836465835571 0.56135433912277222
vt 0.13252836465835571 0.57156074047088623
vt 0.13252836465835571 0.58176720142364502
vt 0.13252836465835571 0.59197360277175903
vt 0.13252836465835571 0.60218006372451782
vt 0.13252836465835571 0.61238652467727661
vt 0.13252836465835571 0.6225929856300354
vt 0.13252836465835571 0.63279944658279419
vt 0.13252836465835571 0.6430058479309082
vt 0.13252836465835571 0.65321230888366699
vt 0.13252836465835571 0.66341871023178101
vt 0.13252836465835571 0.67362517118453979
vt 0.13252836465835571 0.68383163213729858
vt 0.13252836465835571 0.6940380334854126
vt 0.13252836465835571 0.70424449443817139
vt 0.13252836465835571 0.71445095539093018
vt 0.13252836465835571 0.72465741634368896
vt 0.13252836465835571 0.73486381769180298
vt 0.13252836465835571 0.74507027864456177
vt 0.13252836465835571 0.75527667999267578
vt 0.13252836465835571 0.76548314094543457
vt 0.13252836465835571 0.77568960189819336
vt 0.13252836465835571 0.78589606285095215
vt 0.13252836465835571 0.79610252380371094
vt 0.13252836465835571 0.80630892515182495
vt 0.13252836465835571 0.81651538610458374
vt 0.13252836465835571 0.82672178745269775
vt 0.13080143928527832 0.82672178745269775
vt 0.12907452881336212 0.82672178745269775
vt 0.12734760344028473 0.82672178745269775
vt 0.13082315027713776 0.82161855697631836
vt 0.13167576491832733 0.81651538610458374
vt 0.13167576491832733 0.82161855697631836
vt 0.12911795079708099 0.82161855697631836
vt 0.12997055053710938 0.81651538610458374
vt 0.12997055053710938 0.82161855697631836
vt 0.12740293145179749 0.82161855697631836
vt 0.12826043367385864 0.81651538610458374
vt 0.12826043367385864 0.82161855697631836
vt 0.12651181221008301 0.81651538610458374
vt 0.12651181221008301 0.82161855697631836
vt 0.12734760344028473 0
vt 0.12907452881336212 0
vt 0.13080143928527832 0
vt 0.12740293145179749 0.0051032211631536484
vt 0.12651181221008301 0.010206442326307297
vt 0.12651181221008301 0.0051032211631536484
vt 0.12911795079708099 0.0051032211631536484
vt 0.12826043367385864 0.010206442326307297
vt 0.12826043367385864 0.0051032211631536484
vt 0.13082315027713776 0.0051032211631536484
vt 0.12997055053710938 0.010206442326307297
vt 0.12997055053710938 0.0051032211631536484
vt 0.13167576491832733 0.010206442326307297
vt 0.13167576491832733 0.0051032211631536484
vt 0.035179652273654938 0.12438519299030304
vt 0.035179652273654938 0.13443651795387268
vt 0.035179652273654938 0.14448785781860352
vt 0.035179652273654938 0.15453918278217316
vt 0.035179652273654938 0.1645905077457428
vt 0.035179652273654938 0.17464184761047363
vt 0.035179652273654938 0.18469317257404327
vt 0.035179652273654938 0.19474449753761292
vt 0.035179652273654938 0.20479582250118256
vt 0.035179652273654938 0.21484716236591339
vt 0.035179652273654938 0.22489848732948303
vt 0.035179652273654938 0.23494982719421387
vt 0.035179652273654938 0.24500115215778351
vt 0.035179652273654938 0.25505247712135315
vt 0.035179652273654938 0.26510381698608398
vt 0.035179652273654938 0.27515512704849243
vt 0.035179652273654938 0.28520646691322327
vt 0.035179652273654938 0.29525777697563171
vt 0.035179652273654938 0.30530911684036255
vt 0.035179652273654938 0.31536045670509338
vt 0.035179652273654938 0.33546310663223267
vt 0.036961890757083893 0.13443651795387268
vt 0.036961890757083893 0.14448785781860352
vt 0.036961890757083893 0.15453918278217316
vt 0.036961890757083893 0.1645905077457428
vt 0.036961890757083893 0.17464184761047363
vt 0.036961890757083893 0.18469317257404327
vt 0.036961890757083893 0.19474449753761292
vt 0.036961890757083893 0.20479582250118256
vt 0.036961890757083893 0.21484716236591339
vt 0.036961890757083893 0.22489848732948303
vt 0.036961890757083893 0.23494982719421387
vt 0.036961890757083893 0.24500115215778351
vt 0.036961890757083893 0.25505247712135315
vt 0.036961890757083893 0.26510381698608398
vt 0.036961890757083893 0.27515512704849243
vt 0.036961890757083893 0.28520646691322327
vt 0.036961890757083893 0.29525777697563171
vt 0.036961890757083893 0.30530911684036255
vt 0.036961890757083893 0.31536045670509338
vt 0.036961890757083893 0.32541176676750183
vt 0.0386769138276577 0.13443651795387268
vt 0.0386769138276577 0.14448785781860352
vt 0.0386769138276577 0.15453918278217316
vt 0.0386769138276577 0.1645905077457428
vt 0.0386769138276577 0.17464184761047363
vt 0.0386769138276577 0.18469317257404327
vt 0.0386769138276577 0.19474449753761292
vt 0.0386769138276577 0.20479582250118256
vt 0.0386769138276577 0.21484716236591339
vt 0.0386769138276577 0.22489848732948303
vt 0.0386769138276577 0.23494982719421387
vt 0.0386769138276577 0.24500115215778351
vt 0.0386769138276577 0.25505247712135315
vt 0.0386769138276577 0.26510381698608398
vt 0.0386769138276577 0.27515512704849243
vt 0.0386769138276577 0.28520646691322327
vt 0.0386769138276577 0.29525777697563171
vt 0.0386769138276577 0.30530911684036255
vt 0.0386769138276577 0.31536045670509338
vt 0.0386769138276577 0.32541176676750183
vt 0.040382117033004761 0.13443651795387268
vt 0.040382117033004761 0.14448785781860352
vt 0.040382117033004761 0.15453918278217316
vt 0.040382117033004761 0.1645905077457428
vt 0.040382117033004761 0.17464184761047363
vt 0.040382117033004761 0.18469317257404327
vt 0.040382117033004761 0.19474449753761292
vt 0.040382117033004761 0.20479582250118256
vt 0.040382117033004761 0.21484716236591339
vt 0.040382117033004761 0.22489848732948303
vt 0.040382117033004761 0.23494982719421387
vt 0.040382117033004761 0.24500115215778351
vt 0.040382117033004761 0.25505247712135315
vt 0.040382117033004761 0.26510381698608398
vt 0.040382117033004761 0.27515512704849243
vt 0.040382117033004761 0.28520646691322327
vt 0.040382117033004761 0.29525777697563171
vt 0.040382117033004761 0.30530911684036255
vt 0.040382117033004761 0.31536045670509338
vt 0.040382117033004761 0.32541176676750183
vt 0.04208732396364212 0.12438519299030304
vt 0.04208732396364212 0.13443651795387268
vt 0.04208732396364212 0.14448785781860352
vt 0.04208732396364212 0.15453918278217316
vt 0.04208732396364212 0.1645905077457428
vt 0.04208732396364212 0.17464184761047363
vt 0.04208732396364212 0.18469317257404327
vt 0.04208732396364212 0.19474449753761292
vt 0.04208732396364212 0.20479582250118256
vt 0.04208732396364212 0.21484716236591339
vt 0.04208732396364212 0.22489848732948303
vt 0.04208732396364212 0.23494982719421387
vt 0.04208732396364212 0.24500115215778351
vt 0.04208732396364212 0.25505247712135315
vt 0.04208732396364212 0.26510381698608398
vt 0.04208732396364212 0.27515512704849243
vt 0.04208732396364212 0.28520646691322327
vt 0.04208732396364212 0.29525777697563171
vt 0.04208732396364212 0.30530911684036255
vt 0.04208732396364212 0.31536045670509338
vt 0.04208732396364212 0.32541176676750183
vt 0.04208732396364212 0.33546310663223267
vt 0.036906570196151733 0.12438519299030304
vt 0.038633488118648529 0.12438519299030304
vt 0.040360406041145325 0.12438519299030304
vt 0.036961890757083893 0.12941086292266846
vt 0.036070771515369415 0.13443651795387268
vt 0.036070771515369415 0.12941086292266846
vt 0.0386769138276577 0.12941086292266846
vt 0.037819404155015945 0.13443651795387268
vt 0.037819404155015945 0.12941086292266846
vt 0.040382117033004761 0.12941086292266846
vt 0.039529517292976379 0.13443651795387268
vt 0.039529517292976379 0.12941086292266846
vt 0.041234720498323441 0.13443651795387268
vt 0.041234720498323441 0.12941086292266846
vt 0.040360406041145325 0.33546310663223267
vt 0.038633488118648529 0.33546310663223267
vt 0.036906570196151733 0.33546310663223267
vt 0.040382117033004761 0.33043742179870605
vt 0.041234720498323441 0.32541176676750183
vt 0.041234720498323441 0.33043742179870605
vt 0.0386769138276577 0.33043742179870605
vt 0.039529517292976379 0.32541176676750183
vt 0.039529517292976379 0.33043742179870605
vt 0.036961890757083893 0.33043742179870605
vt 0.037819404155015945 0.32541176676750183
vt 0.037819404155015945 0.33043742179870605
vt 0.036070771515369415 0.32541176676750183
vt 0.036070771515369415 0.33043742179870605
vt 0.048994999378919601 0.65302228927612305
vt 0.048994999378919601 0.65992993116378784
vt 0.057281117886304855 0.654804527759552
vt 0.057281117886304855 0.65651953220367432
vt 0.057281117886304855 0.65822476148605347
vt 0.057281117886304855 0.65992993116378784
vt 0.06528908759355545 0.654804527759552
vt 0.06528908759355545 0.65651953220367432
vt 0.06528908759355545 0.65822476148605347
vt 0.06528908759355545 0.65992993116378784
vt 0.073184788227081299 0.654804527759552
vt 0.073184788227081299 0.65651953220367432
vt 0.073184788227081299 0.65822476148605347
vt 0.073184788227081299 0.65992993116378784
vt 0.081080488860607147 0.654804527759552
vt 0.081080488860607147 0.65651953220367432
vt 0.081080488860607147 0.65822476148605347
vt 0.088976196944713593 0.65302228927612305
vt 0.088976196944713593 0.65992993116378784
vt 0.054706595838069916 0.65302228927612305
vt 0.060418196022510529 0.65302228927612305
vt 0.066129796206951141 0.65302228927612305
vt 0.071841396391391754 0.65302228927612305
vt 0.077552996575832367 0.65302228927612305
vt 0.08326459676027298 0.65302228927612305
vt 0.048994999378919601 0.65820300579071045
vt 0.048994999378919601 0.65647614002227783
vt 0.048994999378919601 0.65474921464920044
vt 0.057281117886304855 0.65907734632492065
vt 0.053138058632612228 0.65822476148605347
vt 0.053138058632612228 0.65907734632492065
vt 0.057281117886304855 0.6573721170425415
vt 0.053138058632612228 0.65651953220367432
vt 0.053138058632612228 0.6573721170425415
vt 0.057281117886304855 0.65566200017929077
vt 0.053138058632612228 0.654804527759552
vt 0.053138058632612228 0.65566200017929077
vt 0.057281117886304855 0.65391337871551514
vt 0.053138058632612228 0.65391337871551514
vt 0.088976196944713593 0.65474921464920044
vt 0.088976196944713593 0.65647614002227783
vt 0.088976196944713593 0.65820300579071045
vt 0.08502834290266037 0.654804527759552
vt 0.081080488860607147 0.65391337871551514
vt 0.08502834290266037 0.65391337871551514
vt 0.08502834290266037 0.65651953220367432
vt 0.081080488860607147 0.65566200017929077
vt 0.08502834290266037 0.65566200017929077
vt 0.08502834290266037 0.65822476148605347
vt 0.081080488860607147 0.6573721170425415
vt 0.08502834290266037 0.6573721170425415
vt 0.048994999378919601 0.43534818291664124
vt 0.048994999378919601 0.44225585460662842
vt 0.057281117886304855 0.43713042140007019
vt 0.057281117886304855 0.43884545564651489
vt 0.057281117886304855 0.44055065512657166
vt 0.057281117886304855 0.44225585460662842
vt 0.06528908759355545 0.43713042140007019
vt 0.06528908759355545 0.43884545564651489
vt 0.06528908759355545 0.44055065512657166
vt 0.06528908759355545 0.44225585460662842
vt 0.073184788227081299 0.43713042140007019
vt 0.073184788227081299 0.43884545564651489
vt 0.073184788227081299 0.44055065512657166
vt 0.073184788227081299 0.44225585460662842
vt 0.081080488860607147 0.43713042140007019
vt 0.081080488860607147 0.43884545564651489
vt 0.081080488860607147 0.44055065512657166
vt 0.088976196944713593 0.43534818291664124
vt 0.088976196944713593 0.44225585460662842
vt 0.054706595838069916 0.43534818291664124
vt 0.060418196022510529 0.43534818291664124
vt 0.066129796206951141 0.43534818291664124
vt 0.071841396391391754 0.43534818291664124
vt 0.077552996575832367 0.43534818291664124
vt 0.08326459676027298 0.43534818291664124
vt 0.088976196944713593 0.43707510828971863
vt 0.088976196944713593 0.43880203366279602
vt 0.088976196944713593 0.44052892923355103
vt 0.08502834290266037 0.43713042140007019
vt 0.081080488860607147 0.43623930215835571
vt 0.08502834290266037 0.43623930215835571
vt 0.08502834290266037 0.43884545564651489
vt 0.081080488860607147 0.43798792362213135
vt 0.08502834290266037 0.43798792362213135
vt 0.08502834290266037 0.44055065512657166
vt 0.081080488860607147 0.43969804048538208
vt 0.08502834290266037 0.43969804048538208
vt 0.048994999378919601 0.44052892923355103
vt 0.048994999378919601 0.43880203366279602
vt 0.048994999378919601 0.43707510828971863
vt 0.057281117886304855 0.44140323996543884
vt 0.053138058632612228 0.44055065512657166
vt 0.053138058632612228 0.44140323996543884
vt 0.057281117886304855 0.43969804048538208
vt 0.053138058632612228 0.43884545564651489
vt 0.053138058632612228 0.43969804048538208
vt 0.057281117886304855 0.43798792362213135
vt 0.053138058632612228 0.43713042140007019
vt 0.053138058632612228 0.43798792362213135
vt 0.057281117886304855 0.43623930215835571
vt 0.053138058632612228 0.43623930215835571
vt 0.04208732396364212 0
vt 0.04208732396364212 0.01005132868885994
vt 0.04208732396364212 0.020102657377719879
vt 0.04208732396364212 0.030153987929224968
vt 0.04208732396364212 0.040205314755439758
vt 0.04208732396364212 0.050256643444299698
vt 0.04208732396364212 0.060307975858449936
vt 0.04208732396364212 0.070359304547309875
vt 0.04208732396364212 0.080410629510879517
vt 0.04208732396364212 0.090461961925029755
vt 0.04208732396364212 0.1005132868885994
vt 0.04208732396364212 0.11056462675333023
vt 0.04208732396364212 0.12061595171689987
vt 0.04208732396364212 0.13066728413105011
vt 0.04208732396364212 0.14071860909461975
vt 0.04208732396364212 0.15076993405818939
vt 0.04208732396364212 0.16082125902175903
vt 0.04208732396364212 0.17087259888648987
vt 0.04208732396364212 0.18092392385005951
vt 0.04208732396364212 0.19097524881362915
vt 0.04208732396364212 0.20102657377719879
vt 0.04208732396364212 0.21107791364192963
vt 0.043869566172361374 0.01005132868885994
vt 0.043869566172361374 0.020102657377719879
vt 0.043869566172361374 0.030153987929224968
vt 0.043869566172361374 0.040205314755439758
vt 0.043869566172361374 0.050256643444299698
vt 0.043869566172361374 0.060307975858449936
vt 0.043869566172361374 0.070359304547309875
vt 0.043869566172361374 0.080410629510879517
vt 0.043869566172361374 0.090461961925029755
vt 0.043869566172361374 0.1005132868885994
vt 0.043869566172361374 0.11056462675333023
vt 0.043869566172361374 0.12061595171689987
vt 0.043869566172361374 0.13066728413105011
vt 0.043869566172361374 0.14071860909461975
vt 0.043869566172361374 0.15076993405818939
vt 0.043869566172361374 0.16082125902175903
vt 0.043869566172361374 0.17087259888648987
vt 0.043869566172361374 0.18092392385005951
vt 0.043869566172361374 0.19097524881362915
vt 0.043869566172361374 0.20102657377719879
vt 0.045584585517644882 0.01005132868885994
vt 0.045584585517644882 0.020102657377719879
vt 0.045584585517644882 0.030153987929224968
vt 0.045584585517644882 0.040205314755439758
vt 0.045584585517644882 0.050256643444299698
vt 0.045584585517644882 0.060307975858449936
vt 0.045584585517644882 0.070359304547309875
vt 0.045584585517644882 0.080410629510879517
vt 0.045584585517644882 0.090461961925029755
vt 0.045584585517644882 0.1005132868885994
vt 0.045584585517644882 0.11056462675333023
vt 0.045584585517644882 0.12061595171689987
vt 0.045584585517644882 0.13066728413105011
vt 0.045584585517644882 0.14071860909461975
vt 0.045584585517644882 0.15076993405818939
vt 0.045584585517644882 0.16082125902175903
vt 0.045584585517644882 0.17087259888648987
vt 0.045584585517644882 0.18092392385005951
vt 0.045584585517644882 0.19097524881362915
vt 0.045584585517644882 0.20102657377719879
vt 0.047289792448282242 0.01005132868885994
vt 0.047289792448282242 0.020102657377719879
vt 0.047289792448282242 0.030153987929224968
vt 0.047289792448282242 0.040205314755439758
vt 0.047289792448282242 0.050256643444299698
vt 0.047289792448282242 0.060307975858449936
vt 0.047289792448282242 0.070359304547309875
vt 0.047289792448282242 0.080410629510879517
vt 0.047289792448282242 0.090461961925029755
vt 0.047289792448282242 0.1005132868885994
vt 0.047289792448282242 0.11056462675333023
vt 0.047289792448282242 0.12061595171689987
vt 0.047289792448282242 0.13066728413105011
vt 0.047289792448282242 0.14071860909461975
vt 0.047289792448282242 0.15076993405818939
vt 0.047289792448282242 0.16082125902175903
vt 0.047289792448282242 0.17087259888648987
vt 0.047289792448282242 0.18092392385005951
vt 0.047289792448282242 0.19097524881362915
vt 0.047289792448282242 0.20102657377719879
vt 0.048994999378919601 0
vt 0.048994999378919601 0.020102657377719879
vt 0.048994999378919601 0.030153987929224968
vt 0.048994999378919601 0.040205314755439758
vt 0.048994999378919601 0.050256643444299698
vt 0.048994999378919601 0.060307975858449936
vt 0.048994999378919601 0.070359304547309875
vt 0.048994999378919601 0.080410629510879517
vt 0.048994999378919601 0.090461961925029755
vt 0.048994999378919601 0.1005132868885994
vt 0.048994999378919601 0.11056462675333023
vt 0.048994999378919601 0.12061595171689987
vt 0.048994999378919601 0.13066728413105011
vt 0.048994999378919601 0.14071860909461975
vt 0.048994999378919601 0.15076993405818939
vt 0.048994999378919601 0.16082125902175903
vt 0.048994999378919601 0.17087259888648987
vt 0.048994999378919601 0.18092392385005951
vt 0.048994999378919601 0.19097524881362915
vt 0.048994999378919601 0.20102657377719879
vt 0.048994999378919601 0.21107791364192963
vt 0.047268077731132507 0.21107791364192963
vt 0.045541159808635712 0.21107791364192963
vt 0.043814241886138916 0.21107791364192963
vt 0.047289792448282242 0.20605224370956421
vt 0.048142395913600922 0.20102657377719879
vt 0.048142395913600922 0.20605224370956421
vt 0.045584585517644882 0.20605224370956421
vt 0.046437188982963562 0.20102657377719879
vt 0.046437188982963562 0.20605224370956421
vt 0.043869566172361374 0.20605224370956421
vt 0.044727075845003128 0.20102657377719879
vt 0.044727075845003128 0.20605224370956421
vt 0.042978446930646896 0.20102657377719879
vt 0.042978446930646896 0.20605224370956421
vt 0.043814241886138916 0
vt 0.045541159808635712 0
vt 0.047268077731132507 0
vt 0.043869566172361374 0.0050256643444299698
vt 0.042978446930646896 0.01005132868885994
vt 0.042978446930646896 0.0050256643444299698
vt 0.045584585517644882 0.0050256643444299698
vt 0.044727075845003128 0.01005132868885994
vt 0.044727075845003128 0.0050256643444299698
vt 0.047289792448282242 0.0050256643444299698
vt 0.046437188982963562 0.01005132868885994
vt 0.046437188982963562 0.0050256643444299698
vt 0.048142395913600922 0.01005132868885994
vt 0.048142395913600922 0.0050256643444299698
vt 0.6909869909286499 0
vt 0.6909869909286499 0.010206442326307297
vt 0.6909869909286499 0.020412884652614594
vt 0.6909869909286499 0.03061932697892189
vt 0.6909869909286499 0.040825769305229187
vt 0.6909869909286499 0.051032211631536484
vt 0.6909869909286499 0.061238653957843781
vt 0.6909869909286499 0.071445092558860779
vt 0.6909869909286499 0.081651538610458374
vt 0.6909869909286499 0.091857977211475372
vt 0.6909869909286499 0.10206442326307297
vt 0.6909869909286499 0.11227085441350937
vt 0.6909869909286499 0.12247730791568756
vt 0.6909869909286499 0.13268373906612396
vt 0.6909869909286499 0.14289018511772156
vt 0.6909869909286499 0.15309663116931915
vt 0.6909869909286499 0.16330307722091675
vt 0.6909869909286499 0.17350950837135315
vt 0.6909869909286499 0.18371595442295074
vt 0.6909869909286499 0.19392240047454834
vt 0.6909869909286499 0.20412884652614594
vt 0.6909869909286499 0.21433527767658234
vt 0.6909869909286499 0.22454170882701874
vt 0.6909869909286499 0.23474816977977753
vt 0.6909869909286499 0.24495461583137512
vt 0.6909869909286499 0.25516104698181152
vt 0.6909869909286499 0.26536747813224792
vt 0.6909869909286499 0.27557393908500671
vt 0.6909869909286499 0.28578037023544312
vt 0.6909869909286499 0.29598680138587952
vt 0.6909869909286499 0.30619326233863831
vt 0.6909869909286499 0.31639972329139709
vt 0.6909869909286499 0.3266061544418335
vt 0.6909869909286499 0.3368125855922699
vt 0.6909869909286499 0.3470190167427063
vt 0.6909869909286499 0.35722547769546509
vt 0.6909869909286499 0.36743190884590149
vt 0.6909869909286499 0.37763833999633789
vt 0.6909869909286499 0.38784480094909668
vt 0.6909869909286499 0.39805126190185547
vt 0.6909869909286499 0.40825769305229187
vt 0.6909869909286499 0.41846412420272827
vt 0.6909869909286499 0.42867055535316467
vt 0.6909869909286499 0.43887698650360107
vt 0.6909869909286499 0.44908341765403748
vt 0.6909869909286499 0.45928990840911865
vt 0.6909869909286499 0.46949633955955505
vt 0.6909869909286499 0.47970277070999146
vt 0.6909869909286499 0.48990923166275024
vt 0.6909869909286499 0.50011563301086426
vt 0.6909869909286499 0.51032209396362305
vt 0.6909869909286499 0.52052855491638184
vt 0.6909869909286499 0.53073495626449585
vt 0.6909869909286499 0.54094147682189941
vt 0.6909869909286499 0.55114787817001343
vt 0.6909869909286499 0.56135433912277222
vt 0.6909869909286499 0.57156074047088623
vt 0.6909869909286499 0.58176720142364502
vt 0.6909869909286499 0.59197360277175903
vt 0.6909869909286499 0.60218006372451782
vt 0.6909869909286499 0.61238652467727661
vt 0.6909869909286499 0.6225929856300354
vt 0.6909869909286499 0.63279944658279419
vt 0.6909869909286499 0.6430058479309082
vt 0.6909869909286499 0.65321230888366699
vt 0.6909869909286499 0.66341871023178101
vt 0.6909869909286499 0.67362517118453979
vt 0.6909869909286499 0.68383163213729858
vt 0.6909869909286499 0.6940380334854126
vt 0.6909869909286499 0.70424449443817139
vt 0.6909869909286499 0.71445095539093018
vt 0.6909869909286499 0.72465741634368896
vt 0.6909869909286499 0.73486381769180298
vt 0.6909869909286499 0.74507027864456177
vt 0.6909869909286499 0.75527667999267578
vt 0.6909869909286499 0.76548314094543457
vt 0.6909869909286499 0.77568960189819336
vt 0.6909869909286499 0.78589606285095215
vt 0.6909869909286499 0.79610252380371094
vt 0.6909869909286499 0.80630892515182495
vt 0.6909869909286499 0.81651538610458374
vt 0.6909869909286499 0.82672178745269775
vt 0.69276928901672363 0.010206442326307297
vt 0.69276928901672363 0.020412884652614594
vt 0.69276928901672363 0.03061932697892189
vt 0.69276928901672363 0.040825769305229187
vt 0.69276928901672363 0.051032211631536484
vt 0.69276928901672363 0.061238653957843781
vt 0.69276928901672363 0.071445092558860779
vt 0.69276928901672363 0.081651538610458374
vt 0.69276928901672363 0.091857977211475372
vt 0.69276928901672363 0.10206442326307297
vt 0.69276928901672363 0.11227085441350937
vt 0.69276928901672363 0.12247730791568756
vt 0.69276928901672363 0.13268373906612396
vt 0.69276928901672363 0.14289018511772156
vt 0.69276928901672363 0.15309663116931915
vt 0.69276928901672363 0.16330307722091675
vt 0.69276928901672363 0.17350950837135315
vt 0.69276928901672363 0.18371595442295074
vt 0.69276928901672363 0.19392240047454834
vt 0.69276928901672363 0.20412884652614594
vt 0.69276928901672363 0.21433527767658234
vt 0.69276928901672363 0.22454170882701874
vt 0.69276928901672363 0.23474816977977753
vt 0.69276928901672363 0.24495461583137512
vt 0.69276928901672363 0.25516104698181152
vt 0.69276928901672363 0.26536747813224792
vt 0.69276928901672363 0.27557393908500671
vt 0.69276928901672363 0.28578037023544312
vt 0.69276928901672363 0.29598680138587952
vt 0.69276928901672363 0.30619326233863831
vt 0.69276928901672363 0.31639972329139709
vt 0.69276928901672363 0.3266061544418335
vt 0.69276928901672363 0.3368125855922699
vt 0.69276928901672363 0.3470190167427063
vt 0.69276928901672363 0.35722547769546509
vt 0.69276928901672363 0.36743190884590149
vt 0.69276928901672363 0.37763833999633789
vt 0.69276928901672363 0.38784480094909668
vt 0.69276928901672363 0.39805126190185547
vt 0.69276928901672363 0.40825769305229187
vt 0.69276928901672363 0.41846412420272827
vt 0.69276928901672363 0.42867055535316467
vt 0.69276928901672363 0.43887698650360107
vt 0.69276928901672363 0.44908341765403748
vt 0.69276928901672363 0.45928990840911865
vt 0.69276928901672363 0.46949633955955505
vt 0.69276928901672363 0.47970277070999146
vt 0.69276928901672363 0.48990923166275024
vt 0.69276928901672363 0.50011563301086426
vt 0.69276928901672363 0.51032209396362305
vt 0.69276928901672363 0.52052855491638184
vt 0.69276928901672363 0.53073495626449585
vt 0.69276928901672363 0.54094147682189941
vt 0.69276928901672363 0.55114787817001343
vt 0.69276928901672363 0.56135433912277222
vt 0.69276928901672363 0.57156074047088623
vt 0.69276928901672363 0.58176720142364502
vt 0.69276928901672363 0.59197360277175903
vt 0.69276928901672363 0.60218006372451782
vt 0.69276928901672363 0.61238652467727661
vt 0.69276928901672363 0.6225929856300354
vt 0.69276928901672363 0.63279944658279419
vt 0.69276928901672363 0.6430058479309082
vt 0.69276928901672363 0.65321230888366699
vt 0.69276928901672363 0.66341871023178101
vt 0.69276928901672363 0.67362517118453979
vt 0.69276928901672363 0.68383163213729858
vt 0.69276928901672363 0.6940380334854126
vt 0.69276928901672363 0.70424449443817139
vt 0.69276928901672363 0.71445095539093018
vt 0.69276928901672363 0.72465741634368896
vt 0.69276928901672363 0.73486381769180298
vt 0.69276928901672363 0.74507027864456177
vt 0.69276928901672363 0.75527667999267578
vt 0.69276928901672363 0.76548314094543457
vt 0.69276928901672363 0.77568960189819336
vt 0.69276928901672363 0.78589606285095215
vt 0.69276928901672363 0.79610252380371094
vt 0.69276928901672363 0.80630892515182495
vt 0.69276928901672363 0.81651538610458374
vt 0.69448429346084595 0.010206442326307297
vt 0.69448429346084595 0.020412884652614594
vt 0.69448429346084595 0.03061932697892189
vt 0.69448429346084595 0.040825769305229187
vt 0.69448429346084595 0.051032211631536484
vt 0.69448429346084595 0.061238653957843781
vt 0.69448429346084595 0.071445092558860779
vt 0.69448429346084595 0.081651538610458374
vt 0.69448429346084595 0.091857977211475372
vt 0.69448429346084595 0.10206442326307297
vt 0.69448429346084595 0.11227085441350937
vt 0.69448429346084595 0.12247730791568756
vt 0.69448429346084595 0.13268373906612396
vt 0.69448429346084595 0.14289018511772156
vt 0.69448429346084595 0.15309663116931915
vt 0.69448429346084595 0.16330307722091675
vt 0.69448429346084595 0.17350950837135315
vt 0.69448429346084595 0.18371595442295074
vt 0.69448429346084595 0.19392240047454834
vt 0.69448429346084595 0.20412884652614594
vt 0.69448429346084595 0.21433527767658234
vt 0.69448429346084595 0.22454170882701874
vt 0.69448429346084595 0.23474816977977753
vt 0.69448429346084595 0.24495461583137512
vt 0.69448429346084595 0.25516104698181152
vt 0.69448429346084595 0.26536747813224792
vt 0.69448429346084595 0.27557393908500671
vt 0.69448429346084595 0.28578037023544312
vt 0.69448429346084595 0.29598680138587952
vt 0.69448429346084595 0.30619326233863831
vt 0.69448429346084595 0.31639972329139709
vt 0.69448429346084595 0.3266061544418335
vt 0.69448429346084595 0.3368125855922699
vt 0.69448429346084595 0.3470190167427063
vt 0.69448429346084595 0.35722547769546509
vt 0.69448429346084595 0.36743190884590149
vt 0.69448429346084595 0.37763833999633789
vt 0.69448429346084595 0.38784480094909668
vt 0.69448429346084595 0.39805126190185547
vt 0.69448429346084595 0.40825769305229187
vt 0.69448429346084595 0.41846412420272827
vt 0.69448429346084595 0.42867055535316467
vt 0.69448429346084595 0.43887698650360107
vt 0.69448429346084595 0.44908341765403748
vt 0.69448429346084595 0.45928990840911865
vt 0.69448429346084595 0.46949633955955505
vt 0.69448429346084595 0.47970277070999146
vt 0.69448429346084595 0.48990923166275024
vt 0.69448429346084595 0.50011563301086426
vt 0.69448429346084595 0.51032209396362305
vt 0.69448429346084595 0.52052855491638184
vt 0.69448429346084595 0.53073495626449585
vt 0.69448429346084595 0.54094147682189941
vt 0.69448429346084595 0.55114787817001343
vt 0.69448429346084595 0.56135433912277222
vt 0.69448429346084595 0.57156074047088623
vt 0.69448429346084595 0.58176720142364502
vt 0.69448429346084595 0.59197360277175903
vt 0.69448429346084595 0.60218006372451782
vt 0.69448429346084595 0.61238652467727661
vt 0.69448429346084595 0.6225929856300354
vt 0.69448429346084595 0.63279944658279419
vt 0.69448429346084595 0.6430058479309082
vt 0.69448429346084595 0.65321230888366699
vt 0.69448429346084595 0.66341871023178101
vt 0.69448429346084595 0.67362517118453979
vt 0.69448429346084595 0.68383163213729858
vt 0.69448429346084595 0.6940380334854126
vt 0.69448429346084595 0.70424449443817139
vt 0.69448429346084595 0.71445095539093018
vt 0.69448429346084595 0.72465741634368896
vt 0.69448429346084595 0.73486381769180298
vt 0.69448429346084595 0.74507027864456177
vt 0.69448429346084595 0.75527667999267578
vt 0.69448429346084595 0.76548314094543457
vt 0.69448429346084595 0.77568960189819336
vt 0.69448429346084595 0.78589606285095215
vt 0.69448429346084595 0.79610252380371094
vt 0.69448429346084595 0.80630892515182495
vt 0.69448429346084595 0.81651538610458374
vt 0.69618946313858032 0.010206442326307297
vt 0.69618946313858032 0.020412884652614594
vt 0.69618946313858032 0.03061932697892189
vt 0.69618946313858032 0.040825769305229187
vt 0.69618946313858032 0.051032211631536484
vt 0.69618946313858032 0.061238653957843781
vt 0.69618946313858032 0.071445092558860779
vt 0.69618946313858032 0.081651538610458374
vt 0.69618946313858032 0.091857977211475372
vt 0.69618946313858032 0.10206442326307297
vt 0.69618946313858032 0.11227085441350937
vt 0.69618946313858032 0.12247730791568756
vt 0.69618946313858032 0.13268373906612396
vt 0.69618946313858032 0.14289018511772156
vt 0.69618946313858032 0.15309663116931915
vt 0.69618946313858032 0.16330307722091675
vt 0.69618946313858032 0.17350950837135315
vt 0.69618946313858032 0.18371595442295074
vt 0.69618946313858032 0.19392240047454834
vt 0.69618946313858032 0.20412884652614594
vt 0.69618946313858032 0.21433527767658234
vt 0.69618946313858032 0.22454170882701874
vt 0.69618946313858032 0.23474816977977753
vt 0.69618946313858032 0.24495461583137512
vt 0.69618946313858032 0.25516104698181152
vt 0.69618946313858032 0.26536747813224792
vt 0.69618946313858032 0.27557393908500671
vt 0.69618946313858032 0.28578037023544312
vt 0.69618946313858032 0.29598680138587952
vt 0.69618946313858032 0.30619326233863831
vt 0.69618946313858032 0.31639972329139709
vt 0.69618946313858032 0.3266061544418335
vt 0.69618946313858032 0.3368125855922699
vt 0.69618946313858032 0.3470190167427063
vt 0.69618946313858032 0.35722547769546509
vt 0.69618946313858032 0.36743190884590149
vt 0.69618946313858032 0.37763833999633789
vt 0.69618946313858032 0.38784480094909668
vt 0.69618946313858032 0.39805126190185547
vt 0.69618946313858032 0.40825769305229187
vt 0.69618946313858032 0.41846412420272827
vt 0.69618946313858032 0.42867055535316467
vt 0.69618946313858032 0.43887698650360107
vt 0.69618946313858032 0.44908341765403748
vt 0.69618946313858032 0.45928990840911865
vt 0.69618946313858032 0.46949633955955505
vt 0.69618946313858032 0.47970277070999146
vt 0.69618946313858032 0.48990923166275024
vt 0.69618946313858032 0.50011563301086426
vt 0.69618946313858032 0.51032209396362305
vt 0.69618946313858032 0.52052855491638184
vt 0.69618946313858032 0.53073495626449585
vt 0.69618946313858032 0.54094147682189941
vt 0.69618946313858032 0.55114787817001343
vt 0.69618946313858032 0.56135433912277222
vt 0.69618946313858032 0.57156074047088623
vt 0.69618946313858032 0.58176720142364502
vt 0.69618946313858032 0.59197360277175903
vt 0.69618946313858032 0.60218006372451782
vt 0.69618946313858032 0.61238652467727661
vt 0.69618946313858032 0.6225929856300354
vt 0.69618946313858032 0.63279944658279419
vt 0.69618946313858032 0.6430058479309082
vt 0.69618946313858032 0.65321230888366699
vt 0.69618946313858032 0.66341871023178101
vt 0.69618946313858032 0.67362517118453979
vt 0.69618946313858032 0.68383163213729858
vt 0.69618946313858032 0.6940380334854126
vt 0.69618946313858032 0.70424449443817139
vt 0.69618946313858032 0.71445095539093018
vt 0.69618946313858032 0.72465741634368896
vt 0.69618946313858032 0.73486381769180298
vt 0.69618946313858032 0.74507027864456177
vt 0.69618946313858032 0.75527667999267578
vt 0.69618946313858032 0.76548314094543457
vt 0.69618946313858032 0.77568960189819336
vt 0.69618946313858032 0.78589606285095215
vt 0.69618946313858032 0.79610252380371094
vt 0.69618946313858032 0.80630892515182495
vt 0.69618946313858032 0.81651538610458374
vt 0.69789469242095947 0
vt 0.69789469242095947 0.010206442326307297
vt 0.69789469242095947 0.020412884652614594
vt 0.69789469242095947 0.03061932697892189
vt 0.69789469242095947 0.040825769305229187
vt 0.69789469242095947 0.051032211631536484
vt 0.69789469242095947 0.061238653957843781
vt 0.69789469242095947 0.071445092558860779
vt 0.69789469242095947 0.081651538610458374
vt 0.69789469242095947 0.091857977211475372
vt 0.69789469242095947 0.10206442326307297
vt 0.69789469242095947 0.11227085441350937
vt 0.69789469242095947 0.12247730791568756
vt 0.69789469242095947 0.13268373906612396
vt 0.69789469242095947 0.14289018511772156
vt 0.69789469242095947 0.15309663116931915
vt 0.69789469242095947 0.16330307722091675
vt 0.69789469242095947 0.17350950837135315
vt 0.69789469242095947 0.18371595442295074
vt 0.69789469242095947 0.19392240047454834
vt 0.69789469242095947 0.20412884652614594
vt 0.69789469242095947 0.21433527767658234
vt 0.69789469242095947 0.22454170882701874
vt 0.69789469242095947 0.23474816977977753
vt 0.69789469242095947 0.24495461583137512
vt 0.69789469242095947 0.25516104698181152
vt 0.69789469242095947 0.26536747813224792
vt 0.69789469242095947 0.27557393908500671
vt 0.69789469242095947 0.28578037023544312
vt 0.69789469242095947 0.29598680138587952
vt 0.69789469242095947 0.30619326233863831
vt 0.69789469242095947 0.31639972329139709
vt 0.69789469242095947 0.3266061544418335
vt 0.69789469242095947 0.3368125855922699
vt 0.69789469242095947 0.3470190167427063
vt 0.69789469242095947 0.35722547769546509
vt 0.69789469242095947 0.36743190884590149
vt 0.69789469242095947 0.37763833999633789
vt 0.69789469242095947 0.38784480094909668
vt 0.69789469242095947 0.39805126190185547
vt 0.69789469242095947 0.40825769305229187
vt 0.69789469242095947 0.41846412420272827
vt 0.69789469242095947 0.42867055535316467
vt 0.69789469242095947 0.43887698650360107
vt 0.69789469242095947 0.44908341765403748
vt 0.69789469242095947 0.45928990840911865
vt 0.69789469242095947 0.46949633955955505
vt 0.69789469242095947 0.47970277070999146
vt 0.69789469242095947 0.48990923166275024
vt 0.69789469242095947 0.50011563301086426
vt 0.69789469242095947 0.51032209396362305
vt 0.69789469242095947 0.52052855491638184
vt 0.69789469242095947 0.53073495626449585
vt 0.69789469242095947 0.54094147682189941
vt 0.69789469242095947 0.55114787817001343
vt 0.69789469242095947 0.56135433912277222
vt 0.69789469242095947 0.57156074047088623
vt 0.69789469242095947 0.58176720142364502
vt 0.69789469242095947 0.59197360277175903
vt 0.69789469242095947 0.60218006372451782
vt 0.69789469242095947 0.61238652467727661
vt 0.69789469242095947 0.6225929856300354
vt 0.69789469242095947 0.63279944658279419
vt 0.69789469242095947 0.6430058479309082
vt 0.69789469242095947 0.65321230888366699
vt 0.69789469242095947 0.66341871023178101
vt 0.69789469242095947 0.67362517118453979
vt 0.69789469242095947 0.68383163213729858
vt 0.69789469242095947 0.6940380334854126
vt 0.69789469242095947 0.70424449443817139
vt 0.69789469242095947 0.71445095539093018
vt 0.69789469242095947 0.72465741634368896
vt 0.69789469242095947 0.73486381769180298
vt 0.69789469242095947 0.74507027864456177
vt 0.69789469242095947 0.75527667999267578
vt 0.69789469242095947 0.76548314094543457
vt 0.69789469242095947 0.77568960189819336
vt 0.69789469242095947 0.78589606285095215
vt 0.69789469242095947 0.79610252380371094
vt 0.69789469242095947 0.80630892515182495
vt 0.69789469242095947 0.81651538610458374
vt 0.69789469242095947 0.82672178745269775
vt 0.69271391630172729 0
vt 0.69444084167480469 0
vt 0.69616776704788208 0
vt 0.69276928901672363 0.0051032211631536484
vt 0.69187813997268677 0.010206442326307297
vt 0.69187813997268677 0.0051032211631536484
vt 0.69448429346084595 0.0051032211631536484
vt 0.6936267614364624 0.010206442326307297
vt 0.6936267614364624 0.0051032211631536484
vt 0.69618946313858032 0.0051032211631536484
vt 0.69533687829971313 0.010206442326307297
vt 0.69533687829971313 0.0051032211631536484
vt 0.69704210758209229 0.010206442326307297
vt 0.69704210758209229 0.0051032211631536484
vt 0.69616776704788208 0.82672178745269775
vt 0.69444084167480469 0.82672178745269775
vt 0.69271391630172729 0.82672178745269775
vt 0.69618946313858032 0.82161855697631836
vt 0.69704210758209229 0.81651538610458374
vt 0.69704210758209229 0.82161855697631836
vt 0.69448429346084595 0.82161855697631836
vt 0.69533687829971313 0.81651538610458374
vt 0.69533687829971313 0.82161855697631836
vt 0.69276928901672363 0.82161855697631836
vt 0.6936267614364624 0.81651538610458374
vt 0.6936267614364624 0.82161855697631836
vt 0.69187813997268677 0.81651538610458374
vt 0.69187813997268677 0.82161855697631836
vt 0.048994999378919601 0.32651114463806152
vt 0.048994999378919601 0.33341881632804871
vt 0.057281117886304855 0.32829338312149048
vt 0.057281117886304855 0.33000838756561279
vt 0.057281117886304855 0.33171361684799194
vt 0.057281117886304855 0.33341881632804871
vt 0.06528908759355545 0.32829338312149048
vt 0.06528908759355545 0.33000838756561279
vt 0.06528908759355545 0.33171361684799194
vt 0.06528908759355545 0.33341881632804871
vt 0.073184788227081299 0.32829338312149048
vt 0.073184788227081299 0.33000838756561279
vt 0.073184788227081299 0.33171361684799194
vt 0.073184788227081299 0.33341881632804871
vt 0.081080488860607147 0.32829338312149048
vt 0.081080488860607147 0.33000838756561279
vt 0.081080488860607147 0.33171361684799194
vt 0.088976196944713593 0.32651114463806152
vt 0.088976196944713593 0.33341881632804871
vt 0.054706595838069916 0.32651114463806152
vt 0.060418196022510529 0.32651114463806152
vt 0.066129796206951141 0.32651114463806152
vt 0.071841396391391754 0.32651114463806152
vt 0.077552996575832367 0.32651114463806152
vt 0.08326459676027298 0.32651114463806152
vt 0.048994999378919601 0.33169189095497131
vt 0.048994999378919601 0.32996496558189392
vt 0.048994999378919601 0.32823807001113892
vt 0.057281117886304855 0.33256620168685913
vt 0.053138058632612228 0.33171361684799194
vt 0.053138058632612228 0.33256620168685913
vt 0.057281117886304855 0.33086100220680237
vt 0.053138058632612228 0.33000838756561279
vt 0.053138058632612228 0.33086100220680237
vt 0.057281117886304855 0.32915088534355164
vt 0.053138058632612228 0.32829338312149048
vt 0.053138058632612228 0.32915088534355164
vt 0.057281117886304855 0.327402263879776
vt 0.053138058632612228 0.327402263879776
vt 0.088976196944713593 0.32823807001113892
vt 0.088976196944713593 0.32996496558189392
vt 0.088976196944713593 0.33169189095497131
vt 0.08502834290266037 0.32829338312149048
vt 0.081080488860607147 0.327402263879776
vt 0.08502834290266037 0.327402263879776
vt 0.08502834290266037 0.33000838756561279
vt 0.081080488860607147 0.32915088534355164
vt 0.08502834290266037 0.32915088534355164
vt 0.08502834290266037 0.33171361684799194
vt 0.081080488860607147 0.33086100220680237
vt 0.08502834290266037 0.33086100220680237
vt 0.90955895185470581 0.16228322684764862
vt 0.90955895185470581 0.29420691728591919
vt 0.91560781002044678 0.16228322684764862
vt 0.91560781002044678 0.19526416063308716
vt 0.91560781002044678 0.2282450795173645
vt 0.91560781002044678 0.26122599840164185
vt 0.91560781002044678 0.29420691728591919
vt 0.92142856121063232 0.16228322684764862
vt 0.92142856121063232 0.19526416063308716
vt 0.92142856121063232 0.2282450795173645
vt 0.92142856121063232 0.26122599840164185
vt 0.92142856121063232 0.29420691728591919
vt 0.92721599340438843 0.16228322684764862
vt 0.92721599340438843 0.19526416063308716
vt 0.92721599340438843 0.2282450795173645
vt 0.92721599340438843 0.26122599840164185
vt 0.92721599340438843 0.29420691728591919
vt 0.93300342559814453 0.16228322684764862
vt 0.93300342559814453 0.19526416063308716
vt 0.93300342559814453 0.2282450795173645
vt 0.93300342559814453 0.26122599840164185
vt 0.93300342559814453 0.29420691728591919
vt 0.9390522837638855 0.16228322684764862
vt 0.9390522837638855 0.19526416063308716
vt 0.9390522837638855 0.2282450795173645
vt 0.9390522837638855 0.26122599840164185
vt 0.9390522837638855 0.29420691728591919
vt 0.94487297534942627 0.16228322684764862
vt 0.94487297534942627 0.19526416063308716
vt 0.94487297534942627 0.2282450795173645
vt 0.94487297534942627 0.26122599840164185
vt 0.94487297534942627 0.29420691728591919
vt 0.95066040754318237 0.16228322684764862
vt 0.95066040754318237 0.19526416063308716
vt 0.95066040754318237 0.2282450795173645
vt 0.95066040754318237 0.26122599840164185
vt 0.95066040754318237 0.29420691728591919
vt 0.95644783973693848 0.16228322684764862
vt 0.95644783973693848 0.29420691728591919
vt 0.95066040754318237 0.27771645784378052
vt 0.95355415344238281 0.26122599840164185
vt 0.95355415344238281 0.27771645784378052
vt 0.94487297534942627 0.27771645784378052
vt 0.94776672124862671 0.26122599840164185
vt 0.94776672124862671 0.27771645784378052
vt 0.9390522837638855 0.27771645784378052
vt 0.94196265935897827 0.26122599840164185
vt 0.94196265935897827 0.27771645784378052
vt 0.93300342559814453 0.27771645784378052
vt 0.92721599340438843 0.27771645784378052
vt 0.93010967969894409 0.26122599840164185
vt 0.93010967969894409 0.27771645784378052
vt 0.92142856121063232 0.27771645784378052
vt 0.92432224750518799 0.26122599840164185
vt 0.92432224750518799 0.27771645784378052
vt 0.91560781002044678 0.27771645784378052
vt 0.91851818561553955 0.26122599840164185
vt 0.91851818561553955 0.27771645784378052
vt 0.91258341073989868 0.26122599840164185
vt 0.91258341073989868 0.27771645784378052
vt 0.90955895185470581 0.27221962809562683
vt 0.90955895185470581 0.25023236870765686
vt 0.90955895185470581 0.2282450795173645
vt 0.90955895185470581 0.20625780522823334
vt 0.90955895185470581 0.18427051603794098
vt 0.91560781002044678 0.17877370119094849
vt 0.91258341073989868 0.19526416063308716
vt 0.91258341073989868 0.17877370119094849
vt 0.92142856121063232 0.17877370119094849
vt 0.91851818561553955 0.19526416063308716
vt 0.91851818561553955 0.17877370119094849
vt 0.92721599340438843 0.17877370119094849
vt 0.92432224750518799 0.19526416063308716
vt 0.92432224750518799 0.17877370119094849
vt 0.93300342559814453 0.17877370119094849
vt 0.93010967969894409 0.19526416063308716
vt 0.93010967969894409 0.17877370119094849
vt 0.94487297534942627 0.17877370119094849
vt 0.94196265935897827 0.19526416063308716
vt 0.9390522837638855 0.17877370119094849
vt 0.94196265935897827 0.17877370119094849
vt 0.95066040754318237 0.17877370119094849
vt 0.94776672124862671 0.19526416063308716
vt 0.94776672124862671 0.17877370119094849
vt 0.95355415344238281 0.19526416063308716
vt 0.95355415344238281 0.17877370119094849
vt 0.95644783973693848 0.18427051603794098
vt 0.95644783973693848 0.20625780522823334
vt 0.95644783973693848 0.2282450795173645
vt 0.95644783973693848 0.25023236870765686
vt 0.95644783973693848 0.27221962809562683
vt 0.85241109132766724 0.52418535947799683
vt 0.84508174657821655 0.52418535947799683
vt 0.83775240182876587 0.52418535947799683
vt 0.85974037647247314 0.53188091516494751
vt 0.85241109132766724 0.53188091516494751
vt 0.84508174657821655 0.53188091516494751
vt 0.83775240182876587 0.53188091516494751
vt 0.83042305707931519 0.53188091516494751
vt 0.85241109132766724 0.53957647085189819
vt 0.84508174657821655 0.53957647085189819
vt 0.83775240182876587 0.53957647085189819
vt 0.84508174657821655 0.51648980379104614
vt 0.8506244421005249 0.51763248443603516
vt 0.85534411668777466 0.52089083194732666
vt 0.85855293273925781 0.52581256628036499
vt 0.85865211486816406 0.53770053386688232
vt 0.85554879903793335 0.5426560640335083
vt 0.8508613109588623 0.54602521657943726
vt 0.84508174657821655 0.5472719669342041
vt 0.8395390510559082 0.54612934589385986
vt 0.83481931686401367 0.54287099838256836
vt 0.83161050081253052 0.53794920444488525
vt 0.83151131868362427 0.52606123685836792
vt 0.83461463451385498 0.52110576629638672
vt 0.8393021821975708 0.51773661375045776
vt 0.96234673261642456 0
vt 0.83042305707931519 0
vt 0.96234673261642456 0.0062378440052270889
vt 0.92936581373214722 0.0062378440052270889
vt 0.89638489484786987 0.0062378440052270889
vt 0.86340397596359253 0.0062378440052270889
vt 0.83042305707931519 0.0062378440052270889
vt 0.96234673261642456 0.012240414507687092
vt 0.92936581373214722 0.012240414507687092
vt 0.89638489484786987 0.012240414507687092
vt 0.86340397596359253 0.012240414507687092
vt 0.83042305707931519 0.012240414507687092
vt 0.96234673261642456 0.018208635970950127
vt 0.92936581373214722 0.018208635970950127
vt 0.89638489484786987 0.018208635970950127
vt 0.86340397596359253 0.018208635970950127
vt 0.83042305707931519 0.018208635970950127
vt 0.96234673261642456 0.024176856502890587
vt 0.92936581373214722 0.024176856502890587
vt 0.89638489484786987 0.024176856502890587
vt 0.86340397596359253 0.024176856502890587
vt 0.83042305707931519 0.024176856502890587
vt 0.96234673261642456 0.030414702370762825
vt 0.92936581373214722 0.030414702370762825
vt 0.89638489484786987 0.030414702370762825
vt 0.86340397596359253 0.030414702370762825
vt 0.83042305707931519 0.030414702370762825
vt 0.96234673261642456 0.036417271941900253
vt 0.92936581373214722 0.036417271941900253
vt 0.89638489484786987 0.036417271941900253
vt 0.86340397596359253 0.036417271941900253
vt 0.83042305707931519 0.036417271941900253
vt 0.96234673261642456 0.042385492473840714
vt 0.92936581373214722 0.042385492473840714
vt 0.89638489484786987 0.042385492473840714
vt 0.86340397596359253 0.042385492473840714
vt 0.83042305707931519 0.042385492473840714
vt 0.96234673261642456 0.048353713005781174
vt 0.83042305707931519 0.048353713005781174
vt 0.84691351652145386 0.042385492473840714
vt 0.86340397596359253 0.045369602739810944
vt 0.84691351652145386 0.045369602739810944
vt 0.84691351652145386 0.036417271941900253
vt 0.86340397596359253 0.039401382207870483
vt 0.84691351652145386 0.039401382207870483
vt 0.84691351652145386 0.030414702370762825
vt 0.86340397596359253 0.033415984362363815
vt 0.84691351652145386 0.033415984362363815
vt 0.84691351652145386 0.024176856502890587
vt 0.84691351652145386 0.018208635970950127
vt 0.86340397596359253 0.021192746236920357
vt 0.84691351652145386 0.021192746236920357
vt 0.84691351652145386 0.012240414507687092
vt 0.86340397596359253 0.015224525704979897
vt 0.84691351652145386 0.015224525704979897
vt 0.84691351652145386 0.0062378440052270889
vt 0.86340397596359253 0.0092391297221183777
vt 0.84691351652145386 0.0092391297221183777
vt 0.86340397596359253 0.0031189220026135445
vt 0.84691351652145386 0.0031189220026135445
vt 0.85241031646728516 0
vt 0.8743976354598999 0
vt 0.89638489484786987 0
vt 0.91837215423583984 0
vt 0.94035947322845459 0
vt 0.94585627317428589 0.0062378440052270889
vt 0.92936581373214722 0.0031189220026135445
vt 0.94585627317428589 0.0031189220026135445
vt 0.94585627317428589 0.012240414507687092
vt 0.92936581373214722 0.0092391297221183777
vt 0.94585627317428589 0.0092391297221183777
vt 0.94585627317428589 0.018208635970950127
vt 0.92936581373214722 0.015224525704979897
vt 0.94585627317428589 0.015224525704979897
vt 0.94585627317428589 0.024176856502890587
vt 0.92936581373214722 0.021192746236920357
vt 0.94585627317428589 0.021192746236920357
vt 0.94585627317428589 0.036417271941900253
vt 0.92936581373214722 0.033415984362363815
vt 0.94585627317428589 0.030414702370762825
vt 0.94585627317428589 0.033415984362363815
vt 0.94585627317428589 0.042385492473840714
vt 0.92936581373214722 0.039401382207870483
vt 0.94585627317428589 0.039401382207870483
vt 0.92936581373214722 0.045369602739810944
vt 0.94585627317428589 0.045369602739810944
vt 0.94035947322845459 0.048353713005781174
vt 0.91837215423583984 0.048353713005781174
vt 0.89638489484786987 0.048353713005781174
vt 0.8743976354598999 0.048353713005781174
vt 0.85241031646728516 0.048353713005781174
vt 0.84508174657821655 0.19306543469429016
vt 0.8395390510559082 0.19192275404930115
vt 0.83481931686401367 0.18866442143917084
vt 0.83161050081253052 0.18374267220497131
vt 0.83042305707931519 0.17767433822154999
vt 0.83151131868362427 0.17185468971729279
vt 0.83461463451385498 0.166899174451828
vt 0.8393021821975708 0.16353003680706024
vt 0.84508174657821655 0.16228322684764862
vt 0.85974037647247314 0.17767433822154999
vt 0.8506244421005249 0.16342590749263763
vt 0.85534411668777466 0.16668424010276794
vt 0.85855293273925781 0.17160600423812866
vt 0.85865211486816406 0.183493971824646
vt 0.85554879903793335 0.18844948709011078
vt 0.8508613109588623 0.19181862473487854
vt 0.86120522022247314 0.16228322684764862
vt 0.86120522022247314 0.29420691728591919
vt 0.86725413799285889 0.16228322684764862
vt 0.86725413799285889 0.19526416063308716
vt 0.86725413799285889 0.2282450795173645
vt 0.86725413799285889 0.26122599840164185
vt 0.86725413799285889 0.29420691728591919
vt 0.87307482957839966 0.16228322684764862
vt 0.87307482957839966 0.19526416063308716
vt 0.87307482957839966 0.2282450795173645
vt 0.87307482957839966 0.26122599840164185
vt 0.87307482957839966 0.29420691728591919
vt 0.87886226177215576 0.16228322684764862
vt 0.87886226177215576 0.19526416063308716
vt 0.87886226177215576 0.2282450795173645
vt 0.87886226177215576 0.26122599840164185
vt 0.87886226177215576 0.29420691728591919
vt 0.88464969396591187 0.16228322684764862
vt 0.88464969396591187 0.19526416063308716
vt 0.88464969396591187 0.2282450795173645
vt 0.88464969396591187 0.26122599840164185
vt 0.88464969396591187 0.29420691728591919
vt 0.89069855213165283 0.16228322684764862
vt 0.89069855213165283 0.19526416063308716
vt 0.89069855213165283 0.2282450795173645
vt 0.89069855213165283 0.26122599840164185
vt 0.89069855213165283 0.29420691728591919
vt 0.89651930332183838 0.16228322684764862
vt 0.89651930332183838 0.19526416063308716
vt 0.89651930332183838 0.2282450795173645
vt 0.89651930332183838 0.26122599840164185
vt 0.89651930332183838 0.29420691728591919
vt 0.90230667591094971 0.16228322684764862
vt 0.90230667591094971 0.19526416063308716
vt 0.90230667591094971 0.2282450795173645
vt 0.90230667591094971 0.26122599840164185
vt 0.90230667591094971 0.29420691728591919
vt 0.90809410810470581 0.16228322684764862
vt 0.90809410810470581 0.29420691728591919
vt 0.90230667591094971 0.27771645784378052
vt 0.90520042181015015 0.26122599840164185
vt 0.90520042181015015 0.27771645784378052
vt 0.89651930332183838 0.27771645784378052
vt 0.89941298961639404 0.26122599840164185
vt 0.89941298961639404 0.27771645784378052
vt 0.89069855213165283 0.27771645784378052
vt 0.89360892772674561 0.26122599840164185
vt 0.89360892772674561 0.27771645784378052
vt 0.88464969396591187 0.27771645784378052
vt 0.87886226177215576 0.27771645784378052
vt 0.88175594806671143 0.26122599840164185
vt 0.88175594806671143 0.27771645784378052
vt 0.87307482957839966 0.27771645784378052
vt 0.8759685754776001 0.26122599840164185
vt 0.8759685754776001 0.27771645784378052
vt 0.86725413799285889 0.27771645784378052
vt 0.87016451358795166 0.26122599840164185
vt 0.87016451358795166 0.27771645784378052
vt 0.86422967910766602 0.26122599840164185
vt 0.86422967910766602 0.27771645784378052
vt 0.90809410810470581 0.18427051603794098
vt 0.90809410810470581 0.20625780522823334
vt 0.90809410810470581 0.2282450795173645
vt 0.90809410810470581 0.25023236870765686
vt 0.90809410810470581 0.27221962809562683
vt 0.86120522022247314 0.27221962809562683
vt 0.86120522022247314 0.25023236870765686
vt 0.86120522022247314 0.2282450795173645
vt 0.86120522022247314 0.20625780522823334
vt 0.86120522022247314 0.18427051603794098
vt 0.86725413799285889 0.17877370119094849
vt 0.86422967910766602 0.19526416063308716
vt 0.86422967910766602 0.17877370119094849
vt 0.87307482957839966 0.17877370119094849
vt 0.87016451358795166 0.19526416063308716
vt 0.87016451358795166 0.17877370119094849
vt 0.87886226177215576 0.17877370119094849
vt 0.8759685754776001 0.19526416063308716
vt 0.8759685754776001 0.17877370119094849
vt 0.88464969396591187 0.17877370119094849
vt 0.88175594806671143 0.19526416063308716
vt 0.88175594806671143 0.17877370119094849
vt 0.89651930332183838 0.17877370119094849
vt 0.89360892772674561 0.19526416063308716
vt 0.89069855213165283 0.17877370119094849
vt 0.89360892772674561 0.17877370119094849
vt 0.90230667591094971 0.17877370119094849
vt 0.89941298961639404 0.19526416063308716
vt 0.89941298961639404 0.17877370119094849
vt 0.90520042181015015 0.19526416063308716
vt 0.90520042181015015 0.17877370119094849
vt 0.13252836465835571 0
vt 0.13252836465835571 0.13192369043827057
vt 0.13857723772525787 0
vt 0.13857723772525787 0.032980922609567642
vt 0.13857723772525787 0.065961845219135284
vt 0.13857723772525787 0.098942771553993225
vt 0.13857723772525787 0.13192369043827057
vt 0.14439795911312103 0
vt 0.14439795911312103 0.032980922609567642
vt 0.14439795911312103 0.065961845219135284
vt 0.14439795911312103 0.098942771553993225
vt 0.14439795911312103 0.13192369043827057
vt 0.15018537640571594 0
vt 0.15018537640571594 0.032980922609567642
vt 0.15018537640571594 0.065961845219135284
vt 0.15018537640571594 0.098942771553993225
vt 0.15018537640571594 0.13192369043827057
vt 0.15597279369831085 0
vt 0.15597279369831085 0.032980922609567642
vt 0.15597279369831085 0.065961845219135284
vt 0.15597279369831085 0.098942771553993225
vt 0.15597279369831085 0.13192369043827057
vt 0.16202166676521301 0
vt 0.16202166676521301 0.032980922609567642
vt 0.16202166676521301 0.065961845219135284
vt 0.16202166676521301 0.098942771553993225
vt 0.16202166676521301 0.13192369043827057
vt 0.16784240305423737 0
vt 0.16784240305423737 0.032980922609567642
vt 0.16784240305423737 0.065961845219135284
vt 0.16784240305423737 0.098942771553993225
vt 0.16784240305423737 0.13192369043827057
vt 0.17362982034683228 0
vt 0.17362982034683228 0.032980922609567642
vt 0.17362982034683228 0.065961845219135284
vt 0.17362982034683228 0.098942771553993225
vt 0.17362982034683228 0.13192369043827057
vt 0.17941723763942719 0
vt 0.17941723763942719 0.13192369043827057
vt 0.17362982034683228 0.1154332309961319
vt 0.17652352154254913 0.098942771553993225
vt 0.17652352154254913 0.1154332309961319
vt 0.16784240305423737 0.1154332309961319
vt 0.17073610424995422 0.098942771553993225
vt 0.17073610424995422 0.1154332309961319
vt 0.16202166676521301 0.1154332309961319
vt 0.16493202745914459 0.098942771553993225
vt 0.16493202745914459 0.1154332309961319
vt 0.15597279369831085 0.1154332309961319
vt 0.15018537640571594 0.1154332309961319
vt 0.15307909250259399 0.098942771553993225
vt 0.15307909250259399 0.1154332309961319
vt 0.14439795911312103 0.1154332309961319
vt 0.14729167520999908 0.098942771553993225
vt 0.14729167520999908 0.1154332309961319
vt 0.13857723772525787 0.1154332309961319
vt 0.14148759841918945 0.098942771553993225
vt 0.14148759841918945 0.1154332309961319
vt 0.1355527937412262 0.098942771553993225
vt 0.1355527937412262 0.1154332309961319
vt 0.17941723763942719 0.021987283602356911
vt 0.17941723763942719 0.043974567204713821
vt 0.17941723763942719 0.065961845219135284
vt 0.17941723763942719 0.087949134409427643
vt 0.17941723763942719 0.10993640869855881
vt 0.13252836465835571 0.10993640869855881
vt 0.13252836465835571 0.087949134409427643
vt 0.13252836465835571 0.065961845219135284
vt 0.13252836465835571 0.043974567204713821
vt 0.13252836465835571 0.021987283602356911
vt 0.13857723772525787 0.016490461304783821
vt 0.1355527937412262 0.032980922609567642
vt 0.1355527937412262 0.016490461304783821
vt 0.14439795911312103 0.016490461304783821
vt 0.14148759841918945 0.032980922609567642
vt 0.14148759841918945 0.016490461304783821
vt 0.15018537640571594 0.016490461304783821
vt 0.14729167520999908 0.032980922609567642
vt 0.14729167520999908 0.016490461304783821
vt 0.15597279369831085 0.016490461304783821
vt 0.15307909250259399 0.032980922609567642
vt 0.15307909250259399 0.016490461304783821
vt 0.16784240305423737 0.016490461304783821
vt 0.16493202745914459 0.032980922609567642
vt 0.16202166676521301 0.016490461304783821
vt 0.16493202745914459 0.016490461304783821
vt 0.17362982034683228 0.016490461304783821
vt 0.17073610424995422 0.032980922609567642
vt 0.17073610424995422 0.016490461304783821
vt 0.17652352154254913 0.032980922609567642
vt 0.17652352154254913 0.016490461304783821
vn 0 0 1
vn 0 0 1
vn 0 0 1
vn 0 0 1
vn 0 0 1
vn 0 0 1
vn 0 0 1
vn 0 0 1
vn 0 0 1
vn 0 0 1
vn 0 0 1
vn 0 0 1
vn 0 0 1
vn 0 0 1
vn 0 0 1
vn 0 0 1
vn 0 0 1
vn 0 0 1
vn 0 0 1
vn 0 0 1
vn 0 0 1
vn 0 0 1
vn 0 0 1
vn 0 0 1
vn 0 0 1
vn 0 0 1
vn 0 0 1
vn 0 0 1
vn 0 0 1
vn 0 0 1
vn 0 0 1
vn 0 0 1
vn 0 0 1
vn 0 0 1
vn 0 0 1
vn 0 0 1
vn 0 0 1
vn 0 0 1
vn 0 0 1
vn 0 0 1
vn 0 0 1
vn 0 0 1
vn 0 0 1
vn 0 0 1
vn 0 0 1
vn 0 0 1
vn 0 0 1
vn 0 0 1
vn 0 0 1
vn 0 0 1
vn 0 0 1
vn 0 0 1
vn 0 0 1
vn 0 0 1
vn 0 0 1
vn 0 0 1
vn 0 0 1
vn 0 0 1
vn 0 0 1
vn 0 0 1
vn 0 0 1
vn 0 0 1
vn 0 0 1
vn 0 0 1
vn 0 0 1
vn 0 0 1
vn 0 0 1
vn 0 0 1
vn 0 0 1
vn 0 0 1
vn 0 0 1
vn 0 0 1
vn 0 0 1
vn 0 0 1
vn 0 0 1
vn 0 -1 0
vn 0 -1 0
vn 0 -1 0
vn 0 -1 0
vn 0 -1 0
vn 0 -1 0
vn 0 -1 0
vn 0 -1 0
vn 0 -1 0
vn 0 -1 0
vn 0 -1 0
vn 0 -1 0
vn 0 -1 0
vn 0 -1 0
vn 0 -1 0
vn 0 -1 0
vn 0 -1 0
vn 0 -1 0
vn 0 -1 0
vn 0 -1 0
vn 0 -1 0
vn 0 -1 0
vn 0 -1 0
vn 0 -1 0
vn 0 -1 0
vn 0 -1 0
vn 0 -1 0
vn 0 -1 0
vn 0 -1 0
vn 0 -1 0
vn 0 -1 0
vn 0 -1 0
vn 0 -1 0
vn 0 -1 0
vn 0 -1 0
vn 0 -1 0
vn 0 -1 0
vn 0 -1 0
vn 0 -1 0
vn 0 -1 0
vn 0 -1 0
vn 0 -1 0
vn 0 -1 0
vn 0 -1 0
vn 0 -1 0
vn 0 -1 0
vn 0 -1 0
vn 0 -1 0
vn 0 -1 0
vn 0 -1 0
vn 0 -1 0
vn 0 -1 0
vn 0 -1 0
vn 0 -1 0
vn 0 -1 0
vn 0 -1 0
vn 0 -1 0
vn 0 -1 0
vn 0 -1 0
vn 0 -1 0
vn 0 -1 0
vn 0 -1 0
vn 0 -1 0
vn 0 -1 0
vn 0 -1 0
vn 0 -1 0
vn 0 -1 0
vn 0 -1 0
vn 0 -1 0
vn 0 -1 0
vn 0 -1 0
vn 0 -1 0
vn 0 -1 0
vn 0 -1 0
vn 0 -1 0
vn 0 -1 0
vn 0 -1 0
vn 0 -1 0
vn 0 -1 0
vn 0 -1 0
vn 0 -1 0
vn 0 -1 0
vn 0 -1 0
vn 0 -1 0
vn 0 -1 0
vn 0 -1 0
vn 0 -1 0
vn 0 -1 0
vn 0 -1 0
vn 0 -1 0
vn 0 -1 0
vn 0 -1 0
vn 0 -1 0
vn 0 -1 0
vn 0 -1 0
vn 0 -1 0
vn 0 -1 0
vn 0 -1 0
vn 0 -1 0
vn 0 -1 0
vn 0 -1 0
vn 0 -1 0
vn 0 -1 0
vn 0 -1 0
vn 0 -1 0
vn 0 -1 0
vn 0 -1 0
vn 0 -1 0
vn 0 -1 0
vn 0 -1 0
vn 0 -1 0
vn 0 -1 0
vn 0 -1 0
vn 0 -1 0
vn 0 -1 0
vn 0 -1 0
vn 0 -1 0
vn 0 -1 0
vn 0 -1 0
vn 0 -1 0
vn 0 -1 0
vn 0 -1 0
vn 0 -1 0
vn 0 -1 0
vn 0 -1 0
vn 0 -1 0
vn 0 -1 0
vn 0 -1 0
vn 0 -1 0
vn 0 -1 0
vn 0 -1 0
vn 0 -1 0
vn 0 -1 0
vn 0 -1 0
vn 0 -1 0
vn 0 -1 0
vn 0 -1 0
vn 0 -1 0
vn 0 -1 0
vn 0 -1 0
vn 0 -1 0
vn 0 -1 0
vn 0 -1 0
vn 0 -1 0
vn 0 -1 0
vn 0 -1 0
vn 0 -1 0
vn 0 -1 0
vn 0 -1 0
vn 0 -1 0
vn 0 -1 0
vn 0 -1 0
vn 0 -1 0
vn 0 -1 0
vn 0 -1 0
vn 0 -1 0
vn 0 -1 0
vn 0 -1 0
vn 0 -1 0
vn 0 -1 0
vn 0 -1 0
vn 0 -1 0
vn 0 -1 0
vn 0 -1 0
vn 0 -1 0
vn 0 -1 0
vn 0 -1 0
vn 0 -1 0
vn 0 -1 0
vn 0 -1 0
vn 0 -1 0
vn 0 -1 0
vn 0 -1 0
vn 0 -1 0
vn 0 -1 0
vn 0 -1 0
vn 0 -1 0
vn 0 -1 0
vn 0 -1 0
vn 0 -1 0
vn 0 -1 0
vn 0 -1 0
vn 0 -1 0
vn 0 -1 0
vn 0 -1 0
vn 0 -1 0
vn 0 -1 0
vn 0 -1 0
vn 0 -1 0
vn 0 -1 0
vn 0 -1 0
vn 0 -1 0
vn 0 -1 0
vn 0 -1 0
vn 0 -1 0
vn 0 -1 0
vn 0 -1 0
vn 0 -1 0
vn 0 -1 0
vn 0 -1 0
vn 0 -1 0
vn 0 -1 0
vn 0 -1 0
vn 0 -1 0
vn 0 -1 0
vn 0 -1 0
vn 0 -1 0
vn 0 -1 0
vn 0 -1 0
vn 0 -1 0
vn 0 -1 0
vn 0 -1 0
vn 0 -1 0
vn 0 -1 0
vn 0 -1 0
vn 0 -1 0
vn 0 -1 0
vn 0 -1 0
vn 0 -1 0
vn 0 -1 0
vn 0 -1 0
vn 0 -1 0
vn 0 -1 0
vn 0 -1 0
vn 0 -1 0
vn 0 -1 0
vn 0 -1 0
vn 0 -1 0
vn 0 -1 0
vn 0 -1 0
vn 0 -1 0
vn 0 -1 0
vn 0 -1 0
vn 0 -1 0
vn 0 -1 0
vn 0 -1 0
vn 0 -1 0
vn 0 -1 0
vn 0 -1 0
vn 0 -1 0
vn 0 -1 0
vn 0 -1 0
vn 0 -1 0
vn 0 -1 0
vn 0 -1 0
vn 0 -1 0
vn 0 -1 0
vn 0 -1 0
vn 0 -1 0
vn 0 -1 0
vn 0 -1 0
vn 0 -1 0
vn 0 -1 0
vn 0 -1 0
vn 0 -1 0
vn 0 -1 0
vn 0 -1 0
vn 0 -1 0
vn 0 -1 0
vn 0 -1 0
vn 0 -1 0
vn 0 -1 0
vn 0 -1 0
vn 0 -1 0
vn 0 -1 0
vn 0 -1 0
vn 0 -1 0
vn 0 -1 0
vn 0 -1 0
vn 0 -1 0
vn 0 -1 0
vn 0 -1 0
vn 0 -1 0
vn 0 -1 0
vn 0 -1 0
vn 0 -1 0
vn 0 -1 0
vn 0 -1 0
vn 0 -1 0
vn 0 -1 0
vn 0 -1 0
vn 0 -1 0
vn 0 -1 0
vn 0 -1 0
vn 0 -1 0
vn 0 -1 0
vn 0 -1 0
vn 0 -1 0
vn 0 -1 0
vn 0 -1 0
vn 0 -1 0
vn 0 -1 0
vn 0 -1 0
vn 0 -1 0
vn 0 -1 0
vn 0 -1 0
vn 0 -1 0
vn 0 -1 0
vn 0 -1 0
vn 0 -1 0
vn 0 -1 0
vn 0 -1 0
vn 0 -1 0
vn 0 0 -1
vn 0 0 -1
vn 0 0 -1
vn 0 0 -1
vn 0 0 -1
vn 0 0 -1
vn 0 0 -1
vn 0 0 -1
vn 0 0 -1
vn 0 0 -1
vn 0 0 -1
vn 0 0 -1
vn 0 0 -1
vn 0 0 -1
vn 0 0 -1
vn 0 0 -1
vn 0 0 -1
vn 0 0 -1
vn 0 0 -1
vn 0 0 -1
vn 0 0 -1
vn 0 0 -1
vn 0 0 -1
vn 0 0 -1
vn 0 0 -1
vn 0 0 -1
vn 0 0 -1
vn 0 0 -1
vn 0 0 -1
vn 0 0 -1
vn 0 0 -1
vn 0 0 -1
vn 0 0 -1
vn 0 0 -1
vn 0 0 -1
vn 0 0 -1
vn 0 0 -1
vn 0 0 -1
vn 0 0 -1
vn 0 0 -1
vn 0 0 -1
vn 0 0 -1
vn 0 0 -1
vn 0 0 -1
vn 0 0 -1
vn 0 0 -1
vn 0 0 -1
vn 0 0 -1
vn 0 0 -1
vn 0 0 -1
vn 0 0 -1
vn 0 0 -1
vn 0 0 -1
vn 0 0 -1
vn 0 0 -1
vn 0 0 -1
vn 0 0 -1
vn 0 0 -1
vn 0 0 -1
vn 0 0 -1
vn 0 0 -1
vn 0 0 -1
vn 0 0 -1
vn 0 0 -1
vn 0 0 -1
vn 0 0 -1
vn 0 0 -1
vn 0 0 -1
vn 0 0 -1
vn 0 0 -1
vn 0 0 -1
vn 0 0 -1
vn 0 0 -1
vn 0 0 -1
vn 0 1 0
vn 0 1 0
vn 0 1 0
vn 0 1 0
vn 0 1 0
vn 0 1 0
vn 0 1 0
vn 0 1 0
vn 0 1 0
vn 0 1 0
vn 0 1 0
vn 0 1 0
vn 0 1 0
vn 0 1 0
vn 0 1 0
vn 0 1 0
vn 0 1 0
vn 0 1 0
vn 0 1 0
vn 0 1 0
vn 0 1 0
vn 0 1 0
vn 0 1 0
vn 0 1 0
vn 0 1 0
vn 0 1 0
vn 0 1 0
vn 0 1 0
vn 0 1 0
vn 0 1 0
vn 0 1 0
vn 0 1 0
vn 0 1 0
vn 0 1 0
vn 0 1 0
vn 0 1 0
vn 0 1 0
vn 0 1 0
vn 0 1 0
vn 0 1 0
vn 0 1 0
vn 0 1 0
vn 0 1 0
vn 0 1 0
vn 0 1 0
vn 0 1 0
vn 0 1 0
vn 0 1 0
vn 0 1 0
vn 0 1 0
vn 0 1 0
vn 0 1 0
vn 0 1 0
vn 0 1 0
vn 0 1 0
vn 0 1 0
vn 0 1 0
vn 0 1 0
vn 0 1 0
vn 0 1 0
vn 0 1 0
vn 0 1 0
vn 0 1 0
vn 0 1 0
vn 0 1 0
vn 0 1 0
vn 0 1 0
vn 0 1 0
vn 0 1 0
vn 0 1 0
vn 0 1 0
vn 0 1 0
vn 0 1 0
vn 0 1 0
vn 0 1 0
vn 0 1 0
vn 0 1 0
vn 0 1 0
vn 0 1 0
vn 0 1 0
vn 0 1 0
vn 0 1 0
vn 0 1 0
vn 0 1 0
vn 0 1 0
vn 0 1 0
vn 0 1 0
vn 0 1 0
vn 0 1 0
vn 0 1 0
vn 0 1 0
vn 0 1 0
vn 0 1 0
vn 0 1 0
vn 0 1 0
vn 0 1 0
vn 0 1 0
vn 0 1 0
vn 0 1 0
vn 0 1 0
vn 0 1 0
vn 0 1 0
vn 0 1 0
vn 0 1 0
vn 0 1 0
vn 0 1 0
vn 0 1 0
vn 0 1 0
vn 0 1 0
vn 0 1 0
vn 0 1 0
vn 0 1 0
vn 0 1 0
vn 0 1 0
vn 0 1 0
vn 0 1 0
vn 0 1 0
vn 0 1 0
vn 0 1 0
vn 0 1 0
vn 0 1 0
vn 0 1 0
vn 0 1 0
vn 0 1 0
vn 0 1 0
vn 0 1 0
vn 0 1 0
vn 0 1 0
vn 0 1 0
vn 0 1 0
vn 0 1 0
vn 0 1 0
vn 0 1 0
vn 0 1 0
vn 0 1 0
vn 0 1 0
vn 0 1 0
vn 0 1 0
vn 0 1 0
vn 0 1 0
vn 0 1 0
vn 0 1 0
vn 0 1 0
vn 0 1 0
vn 0 1 0
vn 0 1 0
vn 0 1 0
vn 0 1 0
vn 0 1 0
vn 0 1 0
vn 0 1 0
vn 0 1 0
vn 0 1 0
vn 0 1 0
vn 0 1 0
vn 0 1 0
vn 0 1 0
vn 0 1 0
vn 0 1 0
vn 0 1 0
vn 0 1 0
vn 0 1 0
vn 0 1 0
vn 0 1 0
vn 0 1 0
vn 0 1 0
vn 0 1 0
vn 0 1 0
vn 0 1 0
vn 0 1 0
vn 0 1 0
vn 0 1 0
vn 0 1 0
vn 0 1 0
vn 0 1 0
vn 0 1 0
vn 0 1 0
vn 0 1 0
vn 0 1 0
vn 0 1 0
vn 0 1 0
vn 0 1 0
vn 0 1 0
vn 0 1 0
vn 0 1 0
vn 0 1 0
vn 0 1 0
vn 0 1 0
vn 0 1 0
vn 0 1 0
vn 0 1 0
vn 0 1 0
vn 0 1 0
vn 0 1 0
vn 0 1 0
vn 0 1 0
vn 0 1 0
vn 0 1 0
vn 0 1 0
vn 0 1 0
vn 0 1 0
vn 0 1 0
vn 0 1 0
vn 0 1 0
vn 0 1 0
vn 0 1 0
vn 0 1 0
vn 0 1 0
vn 0 1 0
vn 0 1 0
vn 0 1 0
vn 0 1 0
vn 0 1 0
vn 0 1 0
vn 0 1 0
vn 0 1 0
vn 0 1 0
vn 0 1 0
vn 0 1 0
vn 0 1 0
vn 0 1 0
vn 0 1 0
vn 0 1 0
vn 0 1 0
vn 0 1 0
vn 0 1 0
vn 0 1 0
vn 0 1 0
vn 0 1 0
vn 0 1 0
vn 0 1 0
vn 0 1 0
vn 0 1 0
vn 0 1 0
vn 0 1 0
vn 0 1 0
vn 0 1 0
vn 0 1 0
vn 0 1 0
vn 0 1 0
vn 0 1 0
vn 0 1 0
vn 0 1 0
vn 0 1 0
vn 0 1 0
vn 0 1 0
vn 0 1 0
vn 0 1 0
vn 0 1 0
vn 0 1 0
vn 0 1 0
vn 0 1 0
vn 0 1 0
vn 0 1 0
vn 0 1 0
vn 0 1 0
vn 0 1 0
vn 0 1 0
vn 0 1 0
vn 0 1 0
vn 0 1 0
vn 0 1 0
vn 0 1 0
vn 0 1 0
vn 0 1 0
vn 0 1 0
vn 0 1 0
vn 0 1 0
vn 0 1 0
vn 0 1 0
vn 0 1 0
vn 0 1 0
vn 0 1 0
vn 0 1 0
vn 0 1 0
vn 0 1 0
vn 0 1 0
vn 0 1 0
vn 0 1 0
vn 0 1 0
vn 0 1 0
vn 0 1 0
vn 0 1 0
vn 0 1 0
vn 0 1 0
vn 0 1 0
vn 0 1 0
vn 0 1 0
vn 0 1 0
vn 0 1 0
vn 0 1 0
vn 0 1 0
vn 0 1 0
vn 0 1 0
vn 0 1 0
vn 0 1 0
vn 0 1 0
vn 0 1 0
vn 1 0 0
vn 1 0 0
vn 1 0 0
vn 1 0 0
vn 1 0 0
vn 1 0 0
vn 1 0 0
vn 1 0 0
vn 1 0 0
vn 1 0 0
vn 1 0 0
vn 1 0 0
vn 1 0 0
vn 1 0 0
vn 1 0 0
vn 1 0 0
vn 1 0 0
vn 1 0 0
vn 1 0 0
vn 1 0 0
vn 1 0 0
vn 1 0 0
vn 1 0 0
vn 1 0 0
vn 1 0 0
vn 1 0 0
vn 1 0 0
vn 1 0 0
vn 1 0 0
vn 1 0 0
vn 1 0 0
vn 1 0 0
vn 1 0 0
vn 1 0 0
vn 1 0 0
vn 1 0 0
vn 1 0 0
vn 1 0 0
vn 1 0 0
vn 1 0 0
vn 1 0 0
vn 1 0 0
vn 1 0 0
vn 1 0 0
vn 1 0 0
vn 1 0 0
vn 1 0 0
vn 1 0 0
vn 1 0 0
vn 1 0 0
vn 1 0 0
vn 1 0 0
vn 1 0 0
vn 1 0 0
vn 1 0 0
vn 1 0 0
vn 1 0 0
vn 1 0 0
vn 1 0 0
vn 1 0 0
vn 1 0 0
vn 1 0 0
vn 1 0 0
vn 1 0 0
vn 1 0 0
vn 1 0 0
vn 1 0 0
vn 1 0 0
vn 1 0 0
vn 1 0 0
vn 1 0 0
vn 1 0 0
vn 1 0 0
vn 1 0 0
vn 1 0 0
vn 1 0 0
vn 1 0 0
vn 1 0 0
vn 1 0 0
vn 1 0 0
vn 1 0 0
vn 1 0 0
vn 1 0 0
vn 1 0 0
vn 1 0 0
vn 1 0 0
vn 1 0 0
vn 1 0 0
vn 1 0 0
vn 1 0 0
vn 1 0 0
vn 1 0 0
vn 1 0 0
vn 1 0 0
vn 1 0 0
vn 1 0 0
vn 1 0 0
vn 1 0 0
vn 1 0 0
vn 1 0 0
vn 1 0 0
vn 1 0 0
vn 1 0 0
vn 1 0 0
vn 1 0 0
vn 1 0 0
vn 1 0 0
vn 1 0 0
vn 1 0 0
vn 1 0 0
vn 1 0 0
vn 1 0 0
vn 1 0 0
vn 1 0 0
vn 1 0 0
vn 1 0 0
vn 1 0 0
vn 1 0 0
vn 1 0 0
vn 1 0 0
vn 1 0 0
vn 1 0 0
vn 1 0 0
vn 1 0 0
vn 1 0 0
vn 1 0 0
vn 1 0 0
vn 1 0 0
vn 1 0 0
vn 1 0 0
vn 1 0 0
vn 1 0 0
vn 1 0 0
vn 1 0 0
vn 1 0 0
vn 1 0 0
vn 1 0 0
vn 1 0 0
vn 1 0 0
vn 1 0 0
vn 1 0 0
vn 1 0 0
vn 1 0 0
vn 1 0 0
vn 1 0 0
vn 1 0 0
vn 1 0 0
vn 1 0 0
vn 1 0 0
vn 1 0 0
vn 1 0 0
vn 1 0 0
vn 1 0 0
vn 1 0 0
vn 1 0 0
vn 1 0 0
vn 1 0 0
vn 1 0 0
vn 1 0 0
vn 1 0 0
vn 1 0 0
vn 1 0 0
vn 1 0 0
vn 1 0 0
vn 1 0 0
vn 1 0 0
vn 1 0 0
vn 1 0 0
vn 1 0 0
vn 1 0 0
vn 1 0 0
vn 1 0 0
vn 1 0 0
vn 1 0 0
vn 1 0 0
vn 1 0 0
vn 1 0 0
vn 1 0 0
vn 1 0 0
vn 1 0 0
vn 1 0 0
vn 1 0 0
vn 1 0 0
vn 1 0 0
vn 1 0 0
vn 1 0 0
vn 1 0 0
vn 1 0 0
vn 1 0 0
vn 1 0 0
vn 1 0 0
vn 1 0 0
vn 1 0 0
vn 1 0 0
vn 1 0 0
vn 1 0 0
vn 1 0 0
vn 1 0 0
vn 1 0 0
vn 1 0 0
vn 1 0 0
vn 1 0 0
vn 1 0 0
vn 1 0 0
vn 1 0 0
vn 1 0 0
vn 1 0 0
vn 1 0 0
vn 1 0 0
vn 1 0 0
vn 1 0 0
vn 1 0 0
vn 1 0 0
vn 1 0 0
vn 1 0 0
vn 1 0 0
vn 1 0 0
vn 1 0 0
vn 1 0 0
vn 1 0 0
vn 1 0 0
vn 1 0 0
vn 1 0 0
vn 1 0 0
vn 1 0 0
vn 1 0 0
vn 1 0 0
vn 1 0 0
vn 1 0 0
vn 1 0 0
vn 1 0 0
vn 1 0 0
vn 1 0 0
vn 1 0 0
vn 1 0 0
vn 1 0 0
vn 1 0 0
vn 1 0 0
vn 1 0 0
vn 1 0 0
vn 1 0 0
vn 1 0 0
vn 1 0 0
vn 1 0 0
vn 1 0 0
vn 1 0 0
vn 1 0 0
vn 1 0 0
vn 1 0 0
vn 1 0 0
vn 1 0 0
vn 1 0 0
vn 1 0 0
vn 1 0 0
vn 1 0 0
vn 1 0 0
vn 1 0 0
vn 1 0 0
vn 1 0 0
vn 1 0 0
vn 1 0 0
vn 1 0 0
vn 1 0 0
vn 1 0 0
vn 1 0 0
vn 1 0 0
vn 1 0 0
vn 1 0 0
vn 1 0 0
vn 1 0 0
vn 1 0 0
vn 1 0 0
vn 1 0 0
vn 1 0 0
vn 1 0 0
vn 1 0 0
vn 1 0 0
vn 1 0 0
vn 1 0 0
vn 1 0 0
vn 1 0 0
vn 1 0 0
vn 1 0 0
vn 1 0 0
vn 1 0 0
vn 1 0 0
vn 1 0 0
vn 1 0 0
vn 1 0 0
vn 1 0 0
vn 1 0 0
vn 1 0 0
vn 1 0 0
vn 1 0 0
vn 1 0 0
vn 1 0 0
vn 1 0 0
vn 1 0 0
vn 1 0 0
vn 1 0 0
vn 1 0 0
vn 1 0 0
vn 1 0 0
vn 1 0 0
vn 1 0 0
vn 1 0 0
vn 1 0 0
vn 1 0 0
vn 1 0 0
vn 1 0 0
vn 1 0 0
vn 1 0 0
vn 1 0 0
vn 1 0 0
vn 1 0 0
vn 1 0 0
vn 1 0 0
vn 1 0 0
vn 1 0 0
vn 1 0 0
vn 1 0 0
vn 1 0 0
vn 1 0 0
vn 1 0 0
vn 1 0 0
vn 1 0 0
vn 1 0 0
vn 1 0 0
vn 1 0 0
vn 1 0 0
vn 1 0 0
vn 1 0 0
vn 1 0 0
vn 1 0 0
vn 1 0 0
vn 1 0 0
vn 1 0 0
vn 1 0 0
vn 1 0 0
vn 1 0 0
vn 1 0 0
vn 1 0 0
vn 1 0 0
vn 1 0 0
vn 1 0 0
vn 1 0 0
vn 1 0 0
vn 1 0 0
vn 1 0 0
vn 1 0 0
vn 1 0 0
vn 1 0 0
vn 1 0 0
vn 1 0 0
vn 1 0 0
vn 1 0 0
vn 1 0 0
vn 1 0 0
vn 1 0 0
vn 1 0 0
vn 1 0 0
vn 1 0 0
vn 1 0 0
vn 1 0 0
vn 1 0 0
vn 1 0 0
vn 1 0 0
vn 1 0 0
vn 1 0 0
vn 1 0 0
vn 1 0 0
vn 1 0 0
vn 1 0 0
vn 1 0 0
vn 1 0 0
vn 1 0 0
vn 1 0 0
vn 1 0 0
vn 1 0 0
vn 1 0 0
vn 1 0 0
vn 1 0 0
vn 1 0 0
vn 1 0 0
vn 1 0 0
vn 1 0 0
vn 1 0 0
vn 1 0 0
vn 1 0 0
vn 1 0 0
vn 1 0 0
vn 1 0 0
vn 1 0 0
vn 1 0 0
vn 1 0 0
vn 1 0 0
vn 1 0 0
vn 1 0 0
vn 1 0 0
vn 1 0 0
vn 1 0 0
vn 1 0 0
vn 1 0 0
vn 1 0 0
vn 1 0 0
vn 1 0 0
vn 1 0 0
vn 1 0 0
vn 1 0 0
vn 1 0 0
vn 1 0 0
vn 1 0 0
vn 1 0 0
vn 1 0 0
vn 1 0 0
vn 1 0 0
vn 1 0 0
vn 1 0 0
vn 1 0 0
vn 1 0 0
vn 1 0 0
vn 1 0 0
vn 1 0 0
vn 1 0 0
vn 1 0 0
vn 1 0 0
vn 1 0 0
vn 1 0 0
vn 1 0 0
vn 1 0 0
vn 1 0 0
vn 1 0 0
vn 1 0 0
vn 1 0 0
vn 1 0 0
vn 1 0 0
vn 1 0 0
vn 1 0 0
vn 1 0 0
vn 1 0 0
vn 1 0 0
vn 1 0 0
vn 1 0 0
vn 1 0 0
vn 1 0 0
vn 1 0 0
vn 1 0 0
vn 1 0 0
vn 1 0 0
vn 1 0 0
vn 1 0 0
vn 1 0 0
vn 1 0 0
vn 1 0 0
vn 1 0 0
vn 1 0 0
vn 1 0 0
vn 1 0 0
vn 1 0 0
vn 1 0 0
vn 1 0 0
vn 1 0 0
vn 1 0 0
vn 1 0 0
vn 1 0 0
vn 1 0 0
vn 1 0 0
vn 1 0 0
vn 1 0 0
vn 1 0 0
vn 1 0 0
vn 1 0 0
vn 1 0 0
vn 1 0 0
vn 1 0 0
vn 1 0 0
vn 1 0 0
vn 1 0 0
vn 1 0 0
vn 1 0 0
vn 1 0 0
vn 1 0 0
vn 1 0 0
vn 1 0 0
vn 1 0 0
vn 1 0 0
vn 1 0 0
vn 1 0 0
vn 1 0 0
vn 1 0 0
vn 1 0 0
vn 1 0 0
vn 1 0 0
vn 1 0 0
vn 1 0 0
vn 1 0 0
vn 1 0 0
vn 1 0 0
vn 1 0 0
vn 1 0 0
vn 1 0 0
vn 1 0 0
vn 1 0 0
vn 1 0 0
vn 1 0 0
vn 1 0 0
vn 1 0 0
vn 1 0 0
vn 1 0 0
vn 1 0 0
vn 1 0 0
vn 1 0 0
vn 1 0 0
vn 1 0 0
vn 1 0 0
vn -1 0 0
vn -1 0 0
vn -1 0 0
vn -1 0 0
vn -1 0 0
vn -1 0 0
vn -1 0 0
vn -1 0 0
vn -1 0 0
vn -1 0 0
vn -1 0 0
vn -1 0 0
vn -1 0 0
vn -1 0 0
vn -1 0 0
vn -1 0 0
vn -1 0 0
vn -1 0 0
vn -1 0 0
vn -1 0 0
vn -1 0 0
vn -1 0 0
vn -1 0 0
vn -1 0 0
vn -1 0 0
vn -1 0 0
vn -1 0 0
vn -1 0 0
vn -1 0 0
vn -1 0 0
vn -1 0 0
vn -1 0 0
vn -1 0 0
vn -1 0 0
vn -1 0 0
vn -1 0 0
vn -1 0 0
vn -1 0 0
vn -1 0 0
vn -1 0 0
vn -1 0 0
vn -1 0 0
vn -1 0 0
vn -1 0 0
vn -1 0 0
vn -1 0 0
vn -1 0 0
vn -1 0 0
vn -1 0 0
vn -1 0 0
vn -1 0 0
vn -1 0 0
vn -1 0 0
vn -1 0 0
vn -1 0 0
vn -1 0 0
vn -1 0 0
vn -1 0 0
vn -1 0 0
vn -1 0 0
vn -1 0 0
vn -1 0 0
vn -1 0 0
vn -1 0 0
vn -1 0 0
vn -1 0 0
vn -1 0 0
vn -1 0 0
vn -1 0 0
vn -1 0 0
vn -1 0 0
vn -1 0 0
vn -1 0 0
vn -1 0 0
vn -1 0 0
vn -1 0 0
vn -1 0 0
vn -1 0 0
vn -1 0 0
vn -1 0 0
vn -1 0 0
vn -1 0 0
vn -1 0 0
vn -1 0 0
vn -1 0 0
vn -1 0 0
vn -1 0 0
vn -1 0 0
vn -1 0 0
vn -1 0 0
vn -1 0 0
vn -1 0 0
vn -1 0 0
vn -1 0 0
vn -1 0 0
vn -1 0 0
vn -1 0 0
vn -1 0 0
vn -1 0 0
vn -1 0 0
vn -1 0 0
vn -1 0 0
vn -1 0 0
vn -1 0 0
vn -1 0 0
vn -1 0 0
vn -1 0 0
vn -1 0 0
vn -1 0 0
vn -1 0 0
vn -1 0 0
vn -1 0 0
vn -1 0 0
vn -1 0 0
vn -1 0 0
vn -1 0 0
vn -1 0 0
vn -1 0 0
vn -1 0 0
vn -1 0 0
vn -1 0 0
vn -1 0 0
vn -1 0 0
vn -1 0 0
vn -1 0 0
vn -1 0 0
vn -1 0 0
vn -1 0 0
vn -1 0 0
vn -1 0 0
vn -1 0 0
vn -1 0 0
vn -1 0 0
vn -1 0 0
vn -1 0 0
vn -1 0 0
vn -1 0 0
vn -1 0 0
vn -1 0 0
vn -1 0 0
vn -1 0 0
vn -1 0 0
vn -1 0 0
vn -1 0 0
vn -1 0 0
vn -1 0 0
vn -1 0 0
vn -1 0 0
vn -1 0 0
vn -1 0 0
vn -1 0 0
vn -1 0 0
vn -1 0 0
vn -1 0 0
vn -1 0 0
vn -1 0 0
vn -1 0 0
vn -1 0 0
vn -1 0 0
vn -1 0 0
vn -1 0 0
vn -1 0 0
vn -1 0 0
vn -1 0 0
vn -1 0 0
vn -1 0 0
vn -1 0 0
vn -1 0 0
vn -1 0 0
vn -1 0 0
vn -1 0 0
vn -1 0 0
vn -1 0 0
vn -1 0 0
vn -1 0 0
vn -1 0 0
vn -1 0 0
vn -1 0 0
vn -1 0 0
vn -1 0 0
vn -1 0 0
vn -1 0 0
vn -1 0 0
vn -1 0 0
vn -1 0 0
vn -1 0 0
vn -1 0 0
vn -1 0 0
vn -1 0 0
vn -1 0 0
vn -1 0 0
vn -1 0 0
vn -1 0 0
vn -1 0 0
vn -1 0 0
vn -1 0 0
vn -1 0 0
vn -1 0 0
vn -1 0 0
vn -1 0 0
vn -1 0 0
vn -1 0 0
vn -1 0 0
vn -1 0 0
vn -1 0 0
vn -1 0 0
vn -1 0 0
vn -1 0 0
vn -1 0 0
vn -1 0 0
vn -1 0 0
vn -1 0 0
vn -1 0 0
vn -1 0 0
vn -1 0 0
vn -1 0 0
vn -1 0 0
vn -1 0 0
vn -1 0 0
vn -1 0 0
vn -1 0 0
vn -1 0 0
vn -1 0 0
vn -1 0 0
vn -1 0 0
vn -1 0 0
vn -1 0 0
vn -1 0 0
vn -1 0 0
vn -1 0 0
vn -1 0 0
vn -1 0 0
vn -1 0 0
vn -1 0 0
vn -1 0 0
vn -1 0 0
vn -1 0 0
vn -1 0 0
vn -1 0 0
vn -1 0 0
vn -1 0 0
vn -1 0 0
vn -1 0 0
vn -1 0 0
vn -1 0 0
vn -1 0 0
vn -1 0 0
vn -1 0 0
vn -1 0 0
vn -1 0 0
vn -1 0 0
vn -1 0 0
vn -1 0 0
vn -1 0 0
vn -1 0 0
vn -1 0 0
vn -1 0 0
vn -1 0 0
vn -1 0 0
vn -1 0 0
vn -1 0 0
vn -1 0 0
vn -1 0 0
vn -1 0 0
vn -1 0 0
vn -1 0 0
vn -1 0 0
vn -1 0 0
vn -1 0 0
vn -1 0 0
vn -1 0 0
vn -1 0 0
vn -1 0 0
vn -1 0 0
vn -1 0 0
vn -1 0 0
vn -1 0 0
vn -1 0 0
vn -1 0 0
vn -1 0 0
vn -1 0 0
vn -1 0 0
vn -1 0 0
vn -1 0 0
vn -1 0 0
vn -1 0 0
vn -1 0 0
vn -1 0 0
vn -1 0 0
vn -1 0 0
vn -1 0 0
vn -1 0 0
vn -1 0 0
vn -1 0 0
vn -1 0 0
vn -1 0 0
vn -1 0 0
vn -1 0 0
vn -1 0 0
vn -1 0 0
vn -1 0 0
vn -1 0 0
vn -1 0 0
vn -1 0 0
vn -1 0 0
vn -1 0 0
vn -1 0 0
vn -1 0 0
vn -1 0 0
vn -1 0 0
vn -1 0 0
vn -1 0 0
vn -1 0 0
vn -1 0 0
vn -1 0 0
vn -1 0 0
vn -1 0 0
vn -1 0 0
vn -1 0 0
vn -1 0 0
vn -1 0 0
vn -1 0 0
vn -1 0 0
vn -1 0 0
vn -1 0 0
vn -1 0 0
vn -1 0 0
vn -1 0 0
vn -1 0 0
vn -1 0 0
vn -1 0 0
vn -1 0 0
vn -1 0 0
vn -1 0 0
vn -1 0 0
vn -1 0 0
vn -1 0 0
vn -1 0 0
vn -1 0 0
vn -1 0 0
vn -1 0 0
vn -1 0 0
vn -1 0 0
vn -1 0 0
vn -1 0 0
vn -1 0 0
vn -1 0 0
vn -1 0 0
vn -1 0 0
vn -1 0 0
vn -1 0 0
vn -1 0 0
vn -1 0 0
vn -1 0 0
vn -1 0 0
vn -1 0 0
vn -1 0 0
vn -1 0 0
vn -1 0 0
vn -1 0 0
vn -1 0 0
vn -1 0 0
vn -1 0 0
vn -1 0 0
vn -1 0 0
vn -1 0 0
vn -1 0 0
vn -1 0 0
vn -1 0 0
vn -1 0 0
vn -1 0 0
vn -1 0 0
vn -1 0 0
vn -1 0 0
vn -1 0 0
vn -1 0 0
vn -1 0 0
vn -1 0 0
vn -1 0 0
vn -1 0 0
vn -1 0 0
vn -1 0 0
vn -1 0 0
vn -1 0 0
vn -1 0 0
vn -1 0 0
vn -1 0 0
vn -1 0 0
vn -1 0 0
vn -1 0 0
vn -1 0 0
vn -1 0 0
vn -1 0 0
vn -1 0 0
vn -1 0 0
vn -1 0 0
vn -1 0 0
vn -1 0 0
vn -1 0 0
vn -1 0 0
vn -1 0 0
vn -1 0 0
vn -1 0 0
vn -1 0 0
vn -1 0 0
vn -1 0 0
vn -1 0 0
vn -1 0 0
vn -1 0 0
vn -1 0 0
vn -1 0 0
vn -1 0 0
vn -1 0 0
vn -1 0 0
vn -1 0 0
vn -1 0 0
vn -1 0 0
vn -1 0 0
vn -1 0 0
vn -1 0 0
vn -1 0 0
vn -1 0 0
vn -1 0 0
vn -1 0 0
vn -1 0 0
vn -1 0 0
vn -1 0 0
vn -1 0 0
vn -1 0 0
vn -1 0 0
vn -1 0 0
vn -1 0 0
vn -1 0 0
vn -1 0 0
vn -1 0 0
vn -1 0 0
vn -1 0 0
vn -1 0 0
vn -1 0 0
vn -1 0 0
vn -1 0 0
vn -1 0 0
vn -1 0 0
vn -1 0 0
vn -1 0 0
vn -1 0 0
vn -1 0 0
vn -1 0 0
vn -1 0 0
vn -1 0 0
vn -1 0 0
vn -1 0 0
vn -1 0 0
vn -1 0 0
vn -1 0 0
vn -1 0 0
vn -1 0 0
vn -1 0 0
vn -1 0 0
vn -1 0 0
vn -1 0 0
vn -1 0 0
vn -1 0 0
vn -1 0 0
vn -1 0 0
vn -1 0 0
vn -1 0 0
vn -1 0 0
vn -1 0 0
vn -1 0 0
vn -1 0 0
vn -1 0 0
vn -1 0 0
vn -1 0 0
vn -1 0 0
vn -1 0 0
vn -1 0 0
vn -1 0 0
vn -1 0 0
vn -1 0 0
vn -1 0 0
vn -1 0 0
vn -1 0 0
vn -1 0 0
vn -1 0 0
vn -1 0 0
vn -1 0 0
vn -1 0 0
vn -1 0 0
vn -1 0 0
vn -1 0 0
vn -1 0 0
vn -1 0 0
vn -1 0 0
vn -1 0 0
vn -1 0 0
vn -1 0 0
vn -1 0 0
vn -1 0 0
vn -1 0 0
vn -1 0 0
vn -1 0 0
vn -1 0 0
vn -1 0 0
vn -1 0 0
vn -1 0 0
vn -1 0 0
vn -1 0 0
vn -1 0 0
vn -1 0 0
vn -1 0 0
vn -1 0 0
vn -1 0 0
vn -1 0 0
vn 0 0 -1
vn 0 0 -1
vn 0 -1 0
vn 0 -1 0
vn 0 -0.96592581272125244 -0.25881904363632202
vn 0 -0.86602538824081421 -0.5
vn 0 -0.70710676908493042 -0.70710676908493042
vn 0 -0.5 -0.86602538824081421
vn 0 -0.25881904363632202 -0.96592581272125244
vn 0 -0.22252093255519867 -0.97492790222167969
vn 0 -0.43388372659683228 -0.90096884965896606
vn 0 -0.62348979711532593 -0.78183150291442871
vn 0 -0.78183150291442871 -0.62348979711532593
vn 0 -0.90096884965896606 -0.43388372659683228
vn 0 -0.97492790222167969 -0.22252093255519867
vn 0 -1 0
vn 0 -1 0
vn 0 0 1
vn 0 0 1
vn 0 -0.22252093255519867 0.97492790222167969
vn 0 -0.43388372659683228 0.90096884965896606
vn 0 -0.62348979711532593 0.78183150291442871
vn 0 -0.78183150291442871 0.62348979711532593
vn 0 -0.90096884965896606 0.43388372659683228
vn 0 -0.97492790222167969 0.22252093255519867
vn 0 -0.97492790222167969 0.22252093255519867
vn 0 -0.90096884965896606 0.43388372659683228
vn 0 -0.78183150291442871 0.62348979711532593
vn 0 -0.62348979711532593 0.78183150291442871
vn 0 -0.43388372659683228 0.90096884965896606
vn 0 -0.22252093255519867 0.97492790222167969
vn 0 1 0
vn 0 1 0
vn 0 0 -1
vn 0 0 -1
vn 0 0.25881904363632202 -0.96592581272125244
vn 0 0.5 -0.86602538824081421
vn 0 0.70710676908493042 -0.70710676908493042
vn 0 0.86602538824081421 -0.5
vn 0 0.96592581272125244 -0.25881904363632202
vn 0 0.96592581272125244 -0.25881904363632202
vn 0 0.86602538824081421 -0.5
vn 0 0.70710676908493042 -0.70710676908493042
vn 0 0.5 -0.86602538824081421
vn 0 0.25881904363632202 -0.96592581272125244
vn 0 0 1
vn 0 0 1
vn 0 1 0
vn 0 1 0
vn 0 0.96592581272125244 0.25881904363632202
vn 0 0.86602538824081421 0.5
vn 0 0.70710676908493042 0.70710676908493042
vn 0 0.5 0.86602538824081421
vn 0 0.25881904363632202 0.96592581272125244
vn 0 0.22252093255519867 0.97492790222167969
vn 0 0.43388372659683228 0.90096884965896606
vn 0 0.62348979711532593 0.78183150291442871
vn 0 0.78183150291442871 0.62348979711532593
vn 0 0.90096884965896606 0.43388372659683228
vn 0 0.97492790222167969 0.22252093255519867
vn -1 0 0
vn 0 0 1
vn -0.91899228096008301 -0.12610048055648804 0.37356644868850708
vn -0.70008993148803711 -0.22837488353252411 0.67654931545257568
vn -0.37811726331710815 -0.29608350992202759 0.87713277339935303
vn -1 0 0
vn -0.91899228096008301 -0.23551276326179504 0.31620714068412781
vn -0.70008993148803711 -0.42652654647827148 0.57266849279403687
vn -0.37811726331710815 -0.55298316478729248 0.74245333671569824
vn -1 0 0
vn -0.91899228096008301 -0.3207964301109314 0.22922232747077942
vn -0.70008993148803711 -0.58097994327545166 0.41513419151306152
vn -0.37811726331710815 -0.75322896242141724 0.53821325302124023
vn -1 0 0
vn -0.91899228096008301 -0.37545666098594666 0.12035577744245529
vn -0.70008993148803711 -0.67997264862060547 0.21797092258930206
vn -0.37811726331710815 -0.88157099485397339 0.28259497880935669
vn -1 0 0
vn 0 -1 0
vn 0 -0.97492790222167969 0.22252093255519867
vn 0 -0.90096884965896606 0.43388372659683228
vn 0 -0.78183150291442871 0.62348979711532593
vn 0 -0.62348979711532593 0.78183150291442871
vn 0 -0.43388372659683228 0.90096884965896606
vn 0 -0.22252093255519867 0.97492790222167969
vn -0.92387950420379639 -0.38268342614173889 0
vn -0.70710676908493042 -0.70710676908493042 0
vn -0.38268342614173889 -0.92387950420379639 0
vn -0.70008993148803711 -0.70548272132873535 0.11030969023704529
vn -0.82517963647842407 -0.53790891170501709 0.17243121564388275
vn -0.91899228096008301 -0.38954243063926697 0.060909081250429153
vn -0.82517963647842407 -0.55808931589126587 0.087263166904449463
vn -0.37811726331710815 -0.91464430093765259 0.14301431179046631
vn -0.54939717054367065 -0.79567974805831909 0.2550618052482605
vn -0.54939717054367065 -0.8255307674407959 0.12908045947551727
vn -0.19266848266124725 -0.93442785739898682 0.29953867197036743
vn -0.19266848266124725 -0.96948421001434326 0.15158911049365997
vn -0.38268342614173889 0 0.92387950420379639
vn -0.70710676908493042 0 0.70710676908493042
vn -0.92387950420379639 0 0.38268342614173889
vn -0.19266848266124725 -0.31383594870567322 0.92972356081008911
vn -0.37811726331710815 -0.15002484619617462 0.91352057456970215
vn -0.19266848266124725 -0.15901997685432434 0.96829307079315186
vn -0.54939717054367065 -0.2672361433506012 0.79167395830154419
vn -0.70008993148803711 -0.11571704596281052 0.70461595058441162
vn -0.54939717054367065 -0.13540796935558319 0.82451647520065308
vn -0.82517963647842407 -0.18066152930259705 0.53520083427429199
vn -0.91899228096008301 -0.063894830644130707 0.38906383514404297
vn -0.82517963647842407 -0.091540791094303131 0.55740362405776978
vn -0.97953873872756958 -0.064367279410362244 0.19068488478660583
vn -0.97953873872756958 -0.032614756375551224 0.19859543442726135
vn 0 0 1
vn 0 0 1
vn 0 0 1
vn 0 0 1
vn 0 0 1
vn 0 0 1
vn 0 0 1
vn 0 0 1
vn 0 0 1
vn 0 0 1
vn 0 0 1
vn 0 0 1
vn 0 0 1
vn 0 0 1
vn 0 0 1
vn 0 0 1
vn 0 0 1
vn 0 0 1
vn 0 0 1
vn 0 0 1
vn 0 0 1
vn 0 0 1
vn -0.39427557587623596 0 0.91899228096008301
vn -0.39427557587623596 0 0.91899228096008301
vn -0.39427557587623596 0 0.91899228096008301
vn -0.39427557587623596 0 0.91899228096008301
vn -0.39427557587623596 0 0.91899228096008301
vn -0.39427557587623596 0 0.91899228096008301
vn -0.39427557587623596 0 0.91899228096008301
vn -0.39427557587623596 0 0.91899228096008301
vn -0.39427557587623596 0 0.91899228096008301
vn -0.39427557587623596 0 0.91899228096008301
vn -0.39427557587623596 0 0.91899228096008301
vn -0.39427557587623596 0 0.91899228096008301
vn -0.39427557587623596 0 0.91899228096008301
vn -0.39427557587623596 0 0.91899228096008301
vn -0.39427557587623596 0 0.91899228096008301
vn -0.39427557587623596 0 0.91899228096008301
vn -0.39427557587623596 0 0.91899228096008301
vn -0.39427557587623596 0 0.91899228096008301
vn -0.39427557587623596 0 0.91899228096008301
vn -0.39427557587623596 0 0.91899228096008301
vn -0.71405470371246338 0 0.70008993148803711
vn -0.71405470371246338 0 0.70008993148803711
vn -0.71405470371246338 0 0.70008993148803711
vn -0.71405470371246338 0 0.70008993148803711
vn -0.71405470371246338 0 0.70008993148803711
vn -0.71405470371246338 0 0.70008993148803711
vn -0.71405470371246338 0 0.70008993148803711
vn -0.71405470371246338 0 0.70008993148803711
vn -0.71405470371246338 0 0.70008993148803711
vn -0.71405470371246338 0 0.70008993148803711
vn -0.71405470371246338 0 0.70008993148803711
vn -0.71405470371246338 0 0.70008993148803711
vn -0.71405470371246338 0 0.70008993148803711
vn -0.71405470371246338 0 0.70008993148803711
vn -0.71405470371246338 0 0.70008993148803711
vn -0.71405470371246338 0 0.70008993148803711
vn -0.71405470371246338 0 0.70008993148803711
vn -0.71405470371246338 0 0.70008993148803711
vn -0.71405470371246338 0 0.70008993148803711
vn -0.71405470371246338 0 0.70008993148803711
vn -0.92575770616531372 0 0.37811726331710815
vn -0.92575770616531372 0 0.37811726331710815
vn -0.92575770616531372 0 0.37811726331710815
vn -0.92575770616531372 0 0.37811726331710815
vn -0.92575770616531372 0 0.37811726331710815
vn -0.92575770616531372 0 0.37811726331710815
vn -0.92575770616531372 0 0.37811726331710815
vn -0.92575770616531372 0 0.37811726331710815
vn -0.92575770616531372 0 0.37811726331710815
vn -0.92575770616531372 0 0.37811726331710815
vn -0.92575770616531372 0 0.37811726331710815
vn -0.92575770616531372 0 0.37811726331710815
vn -0.92575770616531372 0 0.37811726331710815
vn -0.92575770616531372 0 0.37811726331710815
vn -0.92575770616531372 0 0.37811726331710815
vn -0.92575770616531372 0 0.37811726331710815
vn -0.92575770616531372 0 0.37811726331710815
vn -0.92575770616531372 0 0.37811726331710815
vn -0.92575770616531372 0 0.37811726331710815
vn -0.92575770616531372 0 0.37811726331710815
vn -1 0 0
vn -1 0 0
vn -1 0 0
vn -1 0 0
vn -1 0 0
vn -1 0 0
vn -1 0 0
vn -1 0 0
vn -1 0 0
vn -1 0 0
vn -1 0 0
vn -1 0 0
vn -1 0 0
vn -1 0 0
vn -1 0 0
vn -1 0 0
vn -1 0 0
vn -1 0 0
vn -1 0 0
vn -1 0 0
vn -1 0 0
vn -1 0 0
vn -0.92387950420379639 0 0.38268342614173889
vn -0.70710676908493042 0 0.70710676908493042
vn -0.38268342614173889 0 0.92387950420379639
vn -0.92575770616531372 0 0.37811726331710815
vn -0.98126393556594849 0 0.19266848266124725
vn -0.98126393556594849 0 0.19266848266124725
vn -0.71405470371246338 0 0.70008993148803711
vn -0.83556133508682251 0 0.54939717054367065
vn -0.83556133508682251 0 0.54939717054367065
vn -0.39427557587623596 0 0.91899228096008301
vn -0.56487035751342773 0 0.82517963647842407
vn -0.56487035751342773 0 0.82517963647842407
vn -0.20125573873519897 0 0.97953873872756958
vn -0.20125573873519897 0 0.97953873872756958
vn -0.38268342614173889 0 0.92387950420379639
vn -0.70710676908493042 0 0.70710676908493042
vn -0.92387950420379639 0 0.38268342614173889
vn -0.39427557587623596 0 0.91899228096008301
vn -0.20125573873519897 0 0.97953873872756958
vn -0.20125573873519897 0 0.97953873872756958
vn -0.71405470371246338 0 0.70008993148803711
vn -0.56487035751342773 0 0.82517963647842407
vn -0.56487035751342773 0 0.82517963647842407
vn -0.92575770616531372 0 0.37811726331710815
vn -0.83556133508682251 0 0.54939717054367065
vn -0.83556133508682251 0 0.54939717054367065
vn -0.98126393556594849 0 0.19266848266124725
vn -0.98126393556594849 0 0.19266848266124725
vn 0 -1 0
vn 0 -1 0
vn 0 -1 0
vn 0 -1 0
vn 0 -1 0
vn 0 -1 0
vn 0 -1 0
vn 0 -1 0
vn 0 -1 0
vn 0 -1 0
vn 0 -1 0
vn 0 -1 0
vn 0 -1 0
vn 0 -1 0
vn 0 -1 0
vn 0 -1 0
vn 0 -1 0
vn 0 -1 0
vn 0 -1 0
vn 0 -1 0
vn 0 -1 0
vn 0 -1 0
vn 0 -1 0
vn 0 -1 0
vn 0 -1 0
vn 0 -1 0
vn 0 -1 0
vn 0 -1 0
vn 0 -1 0
vn 0 -1 0
vn 0 -1 0
vn 0 -1 0
vn 0 -1 0
vn 0 -1 0
vn 0 -1 0
vn 0 -1 0
vn 0 -1 0
vn 0 -1 0
vn 0 -1 0
vn 0 -1 0
vn 0 -1 0
vn 0 -1 0
vn 0 -1 0
vn 0 -1 0
vn 0 -1 0
vn 0 -1 0
vn 0 -1 0
vn 0 -1 0
vn 0 -1 0
vn 0 -1 0
vn 0 -1 0
vn 0 -1 0
vn 0 -1 0
vn 0 -1 0
vn 0 -1 0
vn 0 -1 0
vn 0 -1 0
vn 0 -1 0
vn 0 -1 0
vn 0 -1 0
vn 0 -1 0
vn 0 -1 0
vn 0 -1 0
vn 0 -1 0
vn 0 -1 0
vn 0 -1 0
vn 0 -1 0
vn 0 -1 0
vn 0 -1 0
vn 0 -1 0
vn 0 -1 0
vn 0 -1 0
vn 0 -1 0
vn 0 -1 0
vn 0 -1 0
vn 0 -1 0
vn 0 -1 0
vn 0 -1 0
vn 0 -1 0
vn 0 -1 0
vn 0 -1 0
vn 0 -1 0
vn -0.39427557587623596 -0.91899228096008301 0
vn -0.39427557587623596 -0.91899228096008301 0
vn -0.39427557587623596 -0.91899228096008301 0
vn -0.39427557587623596 -0.91899228096008301 0
vn -0.39427557587623596 -0.91899228096008301 0
vn -0.39427557587623596 -0.91899228096008301 0
vn -0.39427557587623596 -0.91899228096008301 0
vn -0.39427557587623596 -0.91899228096008301 0
vn -0.39427557587623596 -0.91899228096008301 0
vn -0.39427557587623596 -0.91899228096008301 0
vn -0.39427557587623596 -0.91899228096008301 0
vn -0.39427557587623596 -0.91899228096008301 0
vn -0.39427557587623596 -0.91899228096008301 0
vn -0.39427557587623596 -0.91899228096008301 0
vn -0.39427557587623596 -0.91899228096008301 0
vn -0.39427557587623596 -0.91899228096008301 0
vn -0.39427557587623596 -0.91899228096008301 0
vn -0.39427557587623596 -0.91899228096008301 0
vn -0.39427557587623596 -0.91899228096008301 0
vn -0.39427557587623596 -0.91899228096008301 0
vn -0.39427557587623596 -0.91899228096008301 0
vn -0.39427557587623596 -0.91899228096008301 0
vn -0.39427557587623596 -0.91899228096008301 0
vn -0.39427557587623596 -0.91899228096008301 0
vn -0.39427557587623596 -0.91899228096008301 0
vn -0.39427557587623596 -0.91899228096008301 0
vn -0.39427557587623596 -0.91899228096008301 0
vn -0.39427557587623596 -0.91899228096008301 0
vn -0.39427557587623596 -0.91899228096008301 0
vn -0.39427557587623596 -0.91899228096008301 0
vn -0.39427557587623596 -0.91899228096008301 0
vn -0.39427557587623596 -0.91899228096008301 0
vn -0.39427557587623596 -0.91899228096008301 0
vn -0.39427557587623596 -0.91899228096008301 0
vn -0.39427557587623596 -0.91899228096008301 0
vn -0.39427557587623596 -0.91899228096008301 0
vn -0.39427557587623596 -0.91899228096008301 0
vn -0.39427557587623596 -0.91899228096008301 0
vn -0.39427557587623596 -0.91899228096008301 0
vn -0.39427557587623596 -0.91899228096008301 0
vn -0.39427557587623596 -0.91899228096008301 0
vn -0.39427557587623596 -0.91899228096008301 0
vn -0.39427557587623596 -0.91899228096008301 0
vn -0.39427557587623596 -0.91899228096008301 0
vn -0.39427557587623596 -0.91899228096008301 0
vn -0.39427557587623596 -0.91899228096008301 0
vn -0.39427557587623596 -0.91899228096008301 0
vn -0.39427557587623596 -0.91899228096008301 0
vn -0.39427557587623596 -0.91899228096008301 0
vn -0.39427557587623596 -0.91899228096008301 0
vn -0.39427557587623596 -0.91899228096008301 0
vn -0.39427557587623596 -0.91899228096008301 0
vn -0.39427557587623596 -0.91899228096008301 0
vn -0.39427557587623596 -0.91899228096008301 0
vn -0.39427557587623596 -0.91899228096008301 0
vn -0.39427557587623596 -0.91899228096008301 0
vn -0.39427557587623596 -0.91899228096008301 0
vn -0.39427557587623596 -0.91899228096008301 0
vn -0.39427557587623596 -0.91899228096008301 0
vn -0.39427557587623596 -0.91899228096008301 0
vn -0.39427557587623596 -0.91899228096008301 0
vn -0.39427557587623596 -0.91899228096008301 0
vn -0.39427557587623596 -0.91899228096008301 0
vn -0.39427557587623596 -0.91899228096008301 0
vn -0.39427557587623596 -0.91899228096008301 0
vn -0.39427557587623596 -0.91899228096008301 0
vn -0.39427557587623596 -0.91899228096008301 0
vn -0.39427557587623596 -0.91899228096008301 0
vn -0.39427557587623596 -0.91899228096008301 0
vn -0.39427557587623596 -0.91899228096008301 0
vn -0.39427557587623596 -0.91899228096008301 0
vn -0.39427557587623596 -0.91899228096008301 0
vn -0.39427557587623596 -0.91899228096008301 0
vn -0.39427557587623596 -0.91899228096008301 0
vn -0.39427557587623596 -0.91899228096008301 0
vn -0.39427557587623596 -0.91899228096008301 0
vn -0.39427557587623596 -0.91899228096008301 0
vn -0.39427557587623596 -0.91899228096008301 0
vn -0.39427557587623596 -0.91899228096008301 0
vn -0.39427557587623596 -0.91899228096008301 0
vn -0.71405470371246338 -0.70008993148803711 0
vn -0.71405470371246338 -0.70008993148803711 0
vn -0.71405470371246338 -0.70008993148803711 0
vn -0.71405470371246338 -0.70008993148803711 0
vn -0.71405470371246338 -0.70008993148803711 0
vn -0.71405470371246338 -0.70008993148803711 0
vn -0.71405470371246338 -0.70008993148803711 0
vn -0.71405470371246338 -0.70008993148803711 0
vn -0.71405470371246338 -0.70008993148803711 0
vn -0.71405470371246338 -0.70008993148803711 0
vn -0.71405470371246338 -0.70008993148803711 0
vn -0.71405470371246338 -0.70008993148803711 0
vn -0.71405470371246338 -0.70008993148803711 0
vn -0.71405470371246338 -0.70008993148803711 0
vn -0.71405470371246338 -0.70008993148803711 0
vn -0.71405470371246338 -0.70008993148803711 0
vn -0.71405470371246338 -0.70008993148803711 0
vn -0.71405470371246338 -0.70008993148803711 0
vn -0.71405470371246338 -0.70008993148803711 0
vn -0.71405470371246338 -0.70008993148803711 0
vn -0.71405470371246338 -0.70008993148803711 0
vn -0.71405470371246338 -0.70008993148803711 0
vn -0.71405470371246338 -0.70008993148803711 0
vn -0.71405470371246338 -0.70008993148803711 0
vn -0.71405470371246338 -0.70008993148803711 0
vn -0.71405470371246338 -0.70008993148803711 0
vn -0.71405470371246338 -0.70008993148803711 0
vn -0.71405470371246338 -0.70008993148803711 0
vn -0.71405470371246338 -0.70008993148803711 0
vn -0.71405470371246338 -0.70008993148803711 0
vn -0.71405470371246338 -0.70008993148803711 0
vn -0.71405470371246338 -0.70008993148803711 0
vn -0.71405470371246338 -0.70008993148803711 0
vn -0.71405470371246338 -0.70008993148803711 0
vn -0.71405470371246338 -0.70008993148803711 0
vn -0.71405470371246338 -0.70008993148803711 0
vn -0.71405470371246338 -0.70008993148803711 0
vn -0.71405470371246338 -0.70008993148803711 0
vn -0.71405470371246338 -0.70008993148803711 0
vn -0.71405470371246338 -0.70008993148803711 0
vn -0.71405470371246338 -0.70008993148803711 0
vn -0.71405470371246338 -0.70008993148803711 0
vn -0.71405470371246338 -0.70008993148803711 0
vn -0.71405470371246338 -0.70008993148803711 0
vn -0.71405470371246338 -0.70008993148803711 0
vn -0.71405470371246338 -0.70008993148803711 0
vn -0.71405470371246338 -0.70008993148803711 0
vn -0.71405470371246338 -0.70008993148803711 0
vn -0.71405470371246338 -0.70008993148803711 0
vn -0.71405470371246338 -0.70008993148803711 0
vn -0.71405470371246338 -0.70008993148803711 0
vn -0.71405470371246338 -0.70008993148803711 0
vn -0.71405470371246338 -0.70008993148803711 0
vn -0.71405470371246338 -0.70008993148803711 0
vn -0.71405470371246338 -0.70008993148803711 0
vn -0.71405470371246338 -0.70008993148803711 0
vn -0.71405470371246338 -0.70008993148803711 0
vn -0.71405470371246338 -0.70008993148803711 0
vn -0.71405470371246338 -0.70008993148803711 0
vn -0.71405470371246338 -0.70008993148803711 0
vn -0.71405470371246338 -0.70008993148803711 0
vn -0.71405470371246338 -0.70008993148803711 0
vn -0.71405470371246338 -0.70008993148803711 0
vn -0.71405470371246338 -0.70008993148803711 0
vn -0.71405470371246338 -0.70008993148803711 0
vn -0.71405470371246338 -0.70008993148803711 0
vn -0.71405470371246338 -0.70008993148803711 0
vn -0.71405470371246338 -0.70008993148803711 0
vn -0.71405470371246338 -0.70008993148803711 0
vn -0.71405470371246338 -0.70008993148803711 0
vn -0.71405470371246338 -0.70008993148803711 0
vn -0.71405470371246338 -0.70008993148803711 0
vn -0.71405470371246338 -0.70008993148803711 0
vn -0.71405470371246338 -0.70008993148803711 0
vn -0.71405470371246338 -0.70008993148803711 0
vn -0.71405470371246338 -0.70008993148803711 0
vn -0.71405470371246338 -0.70008993148803711 0
vn -0.71405470371246338 -0.70008993148803711 0
vn -0.71405470371246338 -0.70008993148803711 0
vn -0.71405470371246338 -0.70008993148803711 0
vn -0.92575770616531372 -0.37811726331710815 0
vn -0.92575770616531372 -0.37811726331710815 0
vn -0.92575770616531372 -0.37811726331710815 0
vn -0.92575770616531372 -0.37811726331710815 0
vn -0.92575770616531372 -0.37811726331710815 0
vn -0.92575770616531372 -0.37811726331710815 0
vn -0.92575770616531372 -0.37811726331710815 0
vn -0.92575770616531372 -0.37811726331710815 0
vn -0.92575770616531372 -0.37811726331710815 0
vn -0.92575770616531372 -0.37811726331710815 0
vn -0.92575770616531372 -0.37811726331710815 0
vn -0.92575770616531372 -0.37811726331710815 0
vn -0.92575770616531372 -0.37811726331710815 0
vn -0.92575770616531372 -0.37811726331710815 0
vn -0.92575770616531372 -0.37811726331710815 0
vn -0.92575770616531372 -0.37811726331710815 0
vn -0.92575770616531372 -0.37811726331710815 0
vn -0.92575770616531372 -0.37811726331710815 0
vn -0.92575770616531372 -0.37811726331710815 0
vn -0.92575770616531372 -0.37811726331710815 0
vn -0.92575770616531372 -0.37811726331710815 0
vn -0.92575770616531372 -0.37811726331710815 0
vn -0.92575770616531372 -0.37811726331710815 0
vn -0.92575770616531372 -0.37811726331710815 0
vn -0.92575770616531372 -0.37811726331710815 0
vn -0.92575770616531372 -0.37811726331710815 0
vn -0.92575770616531372 -0.37811726331710815 0
vn -0.92575770616531372 -0.37811726331710815 0
vn -0.92575770616531372 -0.37811726331710815 0
vn -0.92575770616531372 -0.37811726331710815 0
vn -0.92575770616531372 -0.37811726331710815 0
vn -0.92575770616531372 -0.37811726331710815 0
vn -0.92575770616531372 -0.37811726331710815 0
vn -0.92575770616531372 -0.37811726331710815 0
vn -0.92575770616531372 -0.37811726331710815 0
vn -0.92575770616531372 -0.37811726331710815 0
vn -0.92575770616531372 -0.37811726331710815 0
vn -0.92575770616531372 -0.37811726331710815 0
vn -0.92575770616531372 -0.37811726331710815 0
vn -0.92575770616531372 -0.37811726331710815 0
vn -0.92575770616531372 -0.37811726331710815 0
vn -0.92575770616531372 -0.37811726331710815 0
vn -0.92575770616531372 -0.37811726331710815 0
vn -0.92575770616531372 -0.37811726331710815 0
vn -0.92575770616531372 -0.37811726331710815 0
vn -0.92575770616531372 -0.37811726331710815 0
vn -0.92575770616531372 -0.37811726331710815 0
vn -0.92575770616531372 -0.37811726331710815 0
vn -0.92575770616531372 -0.37811726331710815 0
vn -0.92575770616531372 -0.37811726331710815 0
vn -0.92575770616531372 -0.37811726331710815 0
vn -0.92575770616531372 -0.37811726331710815 0
vn -0.92575770616531372 -0.37811726331710815 0
vn -0.92575770616531372 -0.37811726331710815 0
vn -0.92575770616531372 -0.37811726331710815 0
vn -0.92575770616531372 -0.37811726331710815 0
vn -0.92575770616531372 -0.37811726331710815 0
vn -0.92575770616531372 -0.37811726331710815 0
vn -0.92575770616531372 -0.37811726331710815 0
vn -0.92575770616531372 -0.37811726331710815 0
vn -0.92575770616531372 -0.37811726331710815 0
vn -0.92575770616531372 -0.37811726331710815 0
vn -0.92575770616531372 -0.37811726331710815 0
vn -0.92575770616531372 -0.37811726331710815 0
vn -0.92575770616531372 -0.37811726331710815 0
vn -0.92575770616531372 -0.37811726331710815 0
vn -0.92575770616531372 -0.37811726331710815 0
vn -0.92575770616531372 -0.37811726331710815 0
vn -0.92575770616531372 -0.37811726331710815 0
vn -0.92575770616531372 -0.37811726331710815 0
vn -0.92575770616531372 -0.37811726331710815 0
vn -0.92575770616531372 -0.37811726331710815 0
vn -0.92575770616531372 -0.37811726331710815 0
vn -0.92575770616531372 -0.37811726331710815 0
vn -0.92575770616531372 -0.37811726331710815 0
vn -0.92575770616531372 -0.37811726331710815 0
vn -0.92575770616531372 -0.37811726331710815 0
vn -0.92575770616531372 -0.37811726331710815 0
vn -0.92575770616531372 -0.37811726331710815 0
vn -0.92575770616531372 -0.37811726331710815 0
vn -1 0 0
vn -1 0 0
vn -1 0 0
vn -1 0 0
vn -1 0 0
vn -1 0 0
vn -1 0 0
vn -1 0 0
vn -1 0 0
vn -1 0 0
vn -1 0 0
vn -1 0 0
vn -1 0 0
vn -1 0 0
vn -1 0 0
vn -1 0 0
vn -1 0 0
vn -1 0 0
vn -1 0 0
vn -1 0 0
vn -1 0 0
vn -1 0 0
vn -1 0 0
vn -1 0 0
vn -1 0 0
vn -1 0 0
vn -1 0 0
vn -1 0 0
vn -1 0 0
vn -1 0 0
vn -1 0 0
vn -1 0 0
vn -1 0 0
vn -1 0 0
vn -1 0 0
vn -1 0 0
vn -1 0 0
vn -1 0 0
vn -1 0 0
vn -1 0 0
vn -1 0 0
vn -1 0 0
vn -1 0 0
vn -1 0 0
vn -1 0 0
vn -1 0 0
vn -1 0 0
vn -1 0 0
vn -1 0 0
vn -1 0 0
vn -1 0 0
vn -1 0 0
vn -1 0 0
vn -1 0 0
vn -1 0 0
vn -1 0 0
vn -1 0 0
vn -1 0 0
vn -1 0 0
vn -1 0 0
vn -1 0 0
vn -1 0 0
vn -1 0 0
vn -1 0 0
vn -1 0 0
vn -1 0 0
vn -1 0 0
vn -1 0 0
vn -1 0 0
vn -1 0 0
vn -1 0 0
vn -1 0 0
vn -1 0 0
vn -1 0 0
vn -1 0 0
vn -1 0 0
vn -1 0 0
vn -1 0 0
vn -1 0 0
vn -1 0 0
vn -1 0 0
vn -1 0 0
vn -0.38268342614173889 -0.92387950420379639 0
vn -0.70710676908493042 -0.70710676908493042 0
vn -0.92387950420379639 -0.38268342614173889 0
vn -0.39427557587623596 -0.91899228096008301 0
vn -0.20125573873519897 -0.97953873872756958 0
vn -0.20125573873519897 -0.97953873872756958 0
vn -0.71405470371246338 -0.70008993148803711 0
vn -0.56487035751342773 -0.82517963647842407 0
vn -0.56487035751342773 -0.82517963647842407 0
vn -0.92575770616531372 -0.37811726331710815 0
vn -0.83556133508682251 -0.54939717054367065 0
vn -0.83556133508682251 -0.54939717054367065 0
vn -0.98126393556594849 -0.19266848266124725 0
vn -0.98126393556594849 -0.19266848266124725 0
vn -0.92387950420379639 -0.38268342614173889 0
vn -0.70710676908493042 -0.70710676908493042 0
vn -0.38268342614173889 -0.92387950420379639 0
vn -0.92575770616531372 -0.37811726331710815 0
vn -0.98126393556594849 -0.19266848266124725 0
vn -0.98126393556594849 -0.19266848266124725 0
vn -0.71405470371246338 -0.70008993148803711 0
vn -0.83556133508682251 -0.54939717054367065 0
vn -0.83556133508682251 -0.54939717054367065 0
vn -0.39427557587623596 -0.91899228096008301 0
vn -0.56487035751342773 -0.82517963647842407 0
vn -0.56487035751342773 -0.82517963647842407 0
vn -0.20125573873519897 -0.97953873872756958 0
vn -0.20125573873519897 -0.97953873872756958 0
vn -1 0 0
vn 0 1 0
vn -0.91899228096008301 0.36233618855476379 0.15545323491096497
vn -0.70008993148803711 0.65621072053909302 0.28153431415557861
vn -0.37811726331710815 0.85076415538787842 0.36500364542007446
vn -1 0 0
vn -0.91899228096008301 0.27602836489677429 0.28153431415557861
vn -0.70008993148803711 0.49990248680114746 0.50987410545349121
vn -0.37811726331710815 0.6481136679649353 0.66104161739349365
vn -1 0 0
vn -0.91899228096008301 0.14908239245414734 0.36500364542007446
vn -0.70008993148803711 0.26999640464782715 0.66104161739349365
vn -0.37811726331710815 0.35004496574401855 0.85702735185623169
vn -1 0 0
vn 0 0 1
vn 0 0.25881904363632202 0.96592581272125244
vn 0 0.5 0.86602538824081421
vn 0 0.70710676908493042 0.70710676908493042
vn 0 0.86602538824081421 0.5
vn 0 0.96592581272125244 0.25881904363632202
vn -0.92387950420379639 0 0.38268342614173889
vn -0.70710676908493042 0 0.70710676908493042
vn -0.38268342614173889 0 0.92387950420379639
vn -0.91899228096008301 0.075964473187923431 0.38688838481903076
vn -0.97953873872756958 0.076098263263702393 0.18631404638290405
vn -0.97953873872756958 0.038775637745857239 0.19748498499393463
vn -0.70008993148803711 0.13757583498954773 0.7006760835647583
vn -0.82517963647842407 0.21358723938465118 0.52293312549591064
vn -0.82517963647842407 0.1088327169418335 0.5542868971824646
vn -0.37811726331710815 0.1783643364906311 0.9084126353263855
vn -0.54939717054367065 0.31594017148017883 0.77352738380432129
vn -0.54939717054367065 0.16098633408546448 0.81990617513656616
vn -0.19266848266124725 0.37103280425071716 0.9084126353263855
vn -0.19266848266124725 0.18905863165855408 0.96287888288497925
vn -0.38268342614173889 0.92387950420379639 0
vn -0.70710676908493042 0.70710676908493042 0
vn -0.92387950420379639 0.38268342614173889 0
vn -0.19266848266124725 0.90177392959594727 0.38688838481903076
vn -0.37811726331710815 0.90681552886962891 0.18631404638290405
vn -0.19266848266124725 0.9611859917640686 0.19748498499393463
vn -0.54939717054367065 0.76787441968917847 0.32944142818450928
vn -0.70008993148803711 0.6994442343711853 0.14370760321617126
vn -0.54939717054367065 0.81846469640731812 0.16816151142120361
vn -0.82517963647842407 0.5191115140914917 0.22271458804607391
vn -0.91899228096008301 0.38620820641517639 0.079350218176841736
vn -0.82517963647842407 0.55331242084503174 0.11368340253829956
vn -0.97953873872756958 0.18495246767997742 0.079350218176841736
vn -0.97953873872756958 0.19713778793811798 0.040503870695829391
vn -1 0 0
vn 0 -1 0
vn -0.91899228096008301 -0.36233618855476379 -0.15545323491096497
vn -0.70008993148803711 -0.65621072053909302 -0.28153431415557861
vn -0.37811726331710815 -0.85076415538787842 -0.36500364542007446
vn -1 0 0
vn -0.91899228096008301 -0.27602836489677429 -0.28153431415557861
vn -0.70008993148803711 -0.49990248680114746 -0.50987410545349121
vn -0.37811726331710815 -0.6481136679649353 -0.66104161739349365
vn -1 0 0
vn -0.91899228096008301 -0.14908239245414734 -0.36500364542007446
vn -0.70008993148803711 -0.26999640464782715 -0.66104161739349365
vn -0.37811726331710815 -0.35004496574401855 -0.85702735185623169
vn -1 0 0
vn 0 0 -1
vn 0 -0.25881904363632202 -0.96592581272125244
vn 0 -0.5 -0.86602538824081421
vn 0 -0.70710676908493042 -0.70710676908493042
vn 0 -0.86602538824081421 -0.5
vn 0 -0.96592581272125244 -0.25881904363632202
vn -0.38268342614173889 -0.92387950420379639 0
vn -0.70710676908493042 -0.70710676908493042 0
vn -0.92387950420379639 -0.38268342614173889 0
vn -0.19266848266124725 -0.90177392959594727 -0.38688838481903076
vn -0.37811726331710815 -0.90681552886962891 -0.18631404638290405
vn -0.19266848266124725 -0.9611859917640686 -0.19748498499393463
vn -0.54939717054367065 -0.76787441968917847 -0.32944142818450928
vn -0.70008993148803711 -0.6994442343711853 -0.14370760321617126
vn -0.54939717054367065 -0.81846469640731812 -0.16816151142120361
vn -0.82517963647842407 -0.5191115140914917 -0.22271458804607391
vn -0.91899228096008301 -0.38620820641517639 -0.079350218176841736
vn -0.82517963647842407 -0.55331242084503174 -0.11368340253829956
vn -0.97953873872756958 -0.18495246767997742 -0.079350218176841736
vn -0.97953873872756958 -0.19713778793811798 -0.040503870695829391
vn -0.92387950420379639 0 -0.38268342614173889
vn -0.70710676908493042 0 -0.70710676908493042
vn -0.38268342614173889 0 -0.92387950420379639
vn -0.91899228096008301 -0.075964473187923431 -0.38688838481903076
vn -0.97953873872756958 -0.076098263263702393 -0.18631404638290405
vn -0.97953873872756958 -0.038775637745857239 -0.19748498499393463
vn -0.70008993148803711 -0.13757583498954773 -0.7006760835647583
vn -0.82517963647842407 -0.21358723938465118 -0.52293312549591064
vn -0.82517963647842407 -0.1088327169418335 -0.5542868971824646
vn -0.37811726331710815 -0.1783643364906311 -0.9084126353263855
vn -0.54939717054367065 -0.31594017148017883 -0.77352738380432129
vn -0.54939717054367065 -0.16098633408546448 -0.81990617513656616
vn -0.19266848266124725 -0.37103280425071716 -0.9084126353263855
vn -0.19266848266124725 -0.18905863165855408 -0.96287888288497925
vn 0 1 0
vn 0 1 0
vn 0 1 0
vn 0 1 0
vn 0 1 0
vn 0 1 0
vn 0 1 0
vn 0 1 0
vn 0 1 0
vn 0 1 0
vn 0 1 0
vn 0 1 0
vn 0 1 0
vn 0 1 0
vn 0 1 0
vn 0 1 0
vn 0 1 0
vn 0 1 0
vn 0 1 0
vn 0 1 0
vn 0 1 0
vn 0 1 0
vn 0 1 0
vn 0 1 0
vn 0 1 0
vn 0 1 0
vn 0 1 0
vn 0 1 0
vn 0 1 0
vn 0 1 0
vn 0 1 0
vn 0 1 0
vn 0 1 0
vn 0 1 0
vn 0 1 0
vn 0 1 0
vn 0 1 0
vn 0 1 0
vn 0 1 0
vn 0 1 0
vn 0 1 0
vn 0 1 0
vn 0 1 0
vn 0 1 0
vn 0 1 0
vn 0 1 0
vn 0 1 0
vn 0 1 0
vn 0 1 0
vn 0 1 0
vn 0 1 0
vn 0 1 0
vn 0 1 0
vn 0 1 0
vn 0 1 0
vn 0 1 0
vn 0 1 0
vn 0 1 0
vn 0 1 0
vn 0 1 0
vn 0 1 0
vn 0 1 0
vn 0 1 0
vn 0 1 0
vn 0 1 0
vn 0 1 0
vn 0 1 0
vn 0 1 0
vn 0 1 0
vn 0 1 0
vn 0 1 0
vn 0 1 0
vn 0 1 0
vn 0 1 0
vn 0 1 0
vn 0 1 0
vn 0 1 0
vn 0 1 0
vn 0 1 0
vn 0 1 0
vn 0 1 0
vn 0 1 0
vn -0.39427557587623596 0.91899228096008301 0
vn -0.39427557587623596 0.91899228096008301 0
vn -0.39427557587623596 0.91899228096008301 0
vn -0.39427557587623596 0.91899228096008301 0
vn -0.39427557587623596 0.91899228096008301 0
vn -0.39427557587623596 0.91899228096008301 0
vn -0.39427557587623596 0.91899228096008301 0
vn -0.39427557587623596 0.91899228096008301 0
vn -0.39427557587623596 0.91899228096008301 0
vn -0.39427557587623596 0.91899228096008301 0
vn -0.39427557587623596 0.91899228096008301 0
vn -0.39427557587623596 0.91899228096008301 0
vn -0.39427557587623596 0.91899228096008301 0
vn -0.39427557587623596 0.91899228096008301 0
vn -0.39427557587623596 0.91899228096008301 0
vn -0.39427557587623596 0.91899228096008301 0
vn -0.39427557587623596 0.91899228096008301 0
vn -0.39427557587623596 0.91899228096008301 0
vn -0.39427557587623596 0.91899228096008301 0
vn -0.39427557587623596 0.91899228096008301 0
vn -0.39427557587623596 0.91899228096008301 0
vn -0.39427557587623596 0.91899228096008301 0
vn -0.39427557587623596 0.91899228096008301 0
vn -0.39427557587623596 0.91899228096008301 0
vn -0.39427557587623596 0.91899228096008301 0
vn -0.39427557587623596 0.91899228096008301 0
vn -0.39427557587623596 0.91899228096008301 0
vn -0.39427557587623596 0.91899228096008301 0
vn -0.39427557587623596 0.91899228096008301 0
vn -0.39427557587623596 0.91899228096008301 0
vn -0.39427557587623596 0.91899228096008301 0
vn -0.39427557587623596 0.91899228096008301 0
vn -0.39427557587623596 0.91899228096008301 0
vn -0.39427557587623596 0.91899228096008301 0
vn -0.39427557587623596 0.91899228096008301 0
vn -0.39427557587623596 0.91899228096008301 0
vn -0.39427557587623596 0.91899228096008301 0
vn -0.39427557587623596 0.91899228096008301 0
vn -0.39427557587623596 0.91899228096008301 0
vn -0.39427557587623596 0.91899228096008301 0
vn -0.39427557587623596 0.91899228096008301 0
vn -0.39427557587623596 0.91899228096008301 0
vn -0.39427557587623596 0.91899228096008301 0
vn -0.39427557587623596 0.91899228096008301 0
vn -0.39427557587623596 0.91899228096008301 0
vn -0.39427557587623596 0.91899228096008301 0
vn -0.39427557587623596 0.91899228096008301 0
vn -0.39427557587623596 0.91899228096008301 0
vn -0.39427557587623596 0.91899228096008301 0
vn -0.39427557587623596 0.91899228096008301 0
vn -0.39427557587623596 0.91899228096008301 0
vn -0.39427557587623596 0.91899228096008301 0
vn -0.39427557587623596 0.91899228096008301 0
vn -0.39427557587623596 0.91899228096008301 0
vn -0.39427557587623596 0.91899228096008301 0
vn -0.39427557587623596 0.91899228096008301 0
vn -0.39427557587623596 0.91899228096008301 0
vn -0.39427557587623596 0.91899228096008301 0
vn -0.39427557587623596 0.91899228096008301 0
vn -0.39427557587623596 0.91899228096008301 0
vn -0.39427557587623596 0.91899228096008301 0
vn -0.39427557587623596 0.91899228096008301 0
vn -0.39427557587623596 0.91899228096008301 0
vn -0.39427557587623596 0.91899228096008301 0
vn -0.39427557587623596 0.91899228096008301 0
vn -0.39427557587623596 0.91899228096008301 0
vn -0.39427557587623596 0.91899228096008301 0
vn -0.39427557587623596 0.91899228096008301 0
vn -0.39427557587623596 0.91899228096008301 0
vn -0.39427557587623596 0.91899228096008301 0
vn -0.39427557587623596 0.91899228096008301 0
vn -0.39427557587623596 0.91899228096008301 0
vn -0.39427557587623596 0.91899228096008301 0
vn -0.39427557587623596 0.91899228096008301 0
vn -0.39427557587623596 0.91899228096008301 0
vn -0.39427557587623596 0.91899228096008301 0
vn -0.39427557587623596 0.91899228096008301 0
vn -0.39427557587623596 0.91899228096008301 0
vn -0.39427557587623596 0.91899228096008301 0
vn -0.39427557587623596 0.91899228096008301 0
vn -0.71405470371246338 0.70008993148803711 0
vn -0.71405470371246338 0.70008993148803711 0
vn -0.71405470371246338 0.70008993148803711 0
vn -0.71405470371246338 0.70008993148803711 0
vn -0.71405470371246338 0.70008993148803711 0
vn -0.71405470371246338 0.70008993148803711 0
vn -0.71405470371246338 0.70008993148803711 0
vn -0.71405470371246338 0.70008993148803711 0
vn -0.71405470371246338 0.70008993148803711 0
vn -0.71405470371246338 0.70008993148803711 0
vn -0.71405470371246338 0.70008993148803711 0
vn -0.71405470371246338 0.70008993148803711 0
vn -0.71405470371246338 0.70008993148803711 0
vn -0.71405470371246338 0.70008993148803711 0
vn -0.71405470371246338 0.70008993148803711 0
vn -0.71405470371246338 0.70008993148803711 0
vn -0.71405470371246338 0.70008993148803711 0
vn -0.71405470371246338 0.70008993148803711 0
vn -0.71405470371246338 0.70008993148803711 0
vn -0.71405470371246338 0.70008993148803711 0
vn -0.71405470371246338 0.70008993148803711 0
vn -0.71405470371246338 0.70008993148803711 0
vn -0.71405470371246338 0.70008993148803711 0
vn -0.71405470371246338 0.70008993148803711 0
vn -0.71405470371246338 0.70008993148803711 0
vn -0.71405470371246338 0.70008993148803711 0
vn -0.71405470371246338 0.70008993148803711 0
vn -0.71405470371246338 0.70008993148803711 0
vn -0.71405470371246338 0.70008993148803711 0
vn -0.71405470371246338 0.70008993148803711 0
vn -0.71405470371246338 0.70008993148803711 0
vn -0.71405470371246338 0.70008993148803711 0
vn -0.71405470371246338 0.70008993148803711 0
vn -0.71405470371246338 0.70008993148803711 0
vn -0.71405470371246338 0.70008993148803711 0
vn -0.71405470371246338 0.70008993148803711 0
vn -0.71405470371246338 0.70008993148803711 0
vn -0.71405470371246338 0.70008993148803711 0
vn -0.71405470371246338 0.70008993148803711 0
vn -0.71405470371246338 0.70008993148803711 0
vn -0.71405470371246338 0.70008993148803711 0
vn -0.71405470371246338 0.70008993148803711 0
vn -0.71405470371246338 0.70008993148803711 0
vn -0.71405470371246338 0.70008993148803711 0
vn -0.71405470371246338 0.70008993148803711 0
vn -0.71405470371246338 0.70008993148803711 0
vn -0.71405470371246338 0.70008993148803711 0
vn -0.71405470371246338 0.70008993148803711 0
vn -0.71405470371246338 0.70008993148803711 0
vn -0.71405470371246338 0.70008993148803711 0
vn -0.71405470371246338 0.70008993148803711 0
vn -0.71405470371246338 0.70008993148803711 0
vn -0.71405470371246338 0.70008993148803711 0
vn -0.71405470371246338 0.70008993148803711 0
vn -0.71405470371246338 0.70008993148803711 0
vn -0.71405470371246338 0.70008993148803711 0
vn -0.71405470371246338 0.70008993148803711 0
vn -0.71405470371246338 0.70008993148803711 0
vn -0.71405470371246338 0.70008993148803711 0
vn -0.71405470371246338 0.70008993148803711 0
vn -0.71405470371246338 0.70008993148803711 0
vn -0.71405470371246338 0.70008993148803711 0
vn -0.71405470371246338 0.70008993148803711 0
vn -0.71405470371246338 0.70008993148803711 0
vn -0.71405470371246338 0.70008993148803711 0
vn -0.71405470371246338 0.70008993148803711 0
vn -0.71405470371246338 0.70008993148803711 0
vn -0.71405470371246338 0.70008993148803711 0
vn -0.71405470371246338 0.70008993148803711 0
vn -0.71405470371246338 0.70008993148803711 0
vn -0.71405470371246338 0.70008993148803711 0
vn -0.71405470371246338 0.70008993148803711 0
vn -0.71405470371246338 0.70008993148803711 0
vn -0.71405470371246338 0.70008993148803711 0
vn -0.71405470371246338 0.70008993148803711 0
vn -0.71405470371246338 0.70008993148803711 0
vn -0.71405470371246338 0.70008993148803711 0
vn -0.71405470371246338 0.70008993148803711 0
vn -0.71405470371246338 0.70008993148803711 0
vn -0.71405470371246338 0.70008993148803711 0
vn -0.92575770616531372 0.37811726331710815 0
vn -0.92575770616531372 0.37811726331710815 0
vn -0.92575770616531372 0.37811726331710815 0
vn -0.92575770616531372 0.37811726331710815 0
vn -0.92575770616531372 0.37811726331710815 0
vn -0.92575770616531372 0.37811726331710815 0
vn -0.92575770616531372 0.37811726331710815 0
vn -0.92575770616531372 0.37811726331710815 0
vn -0.92575770616531372 0.37811726331710815 0
vn -0.92575770616531372 0.37811726331710815 0
vn -0.92575770616531372 0.37811726331710815 0
vn -0.92575770616531372 0.37811726331710815 0
vn -0.92575770616531372 0.37811726331710815 0
vn -0.92575770616531372 0.37811726331710815 0
vn -0.92575770616531372 0.37811726331710815 0
vn -0.92575770616531372 0.37811726331710815 0
vn -0.92575770616531372 0.37811726331710815 0
vn -0.92575770616531372 0.37811726331710815 0
vn -0.92575770616531372 0.37811726331710815 0
vn -0.92575770616531372 0.37811726331710815 0
vn -0.92575770616531372 0.37811726331710815 0
vn -0.92575770616531372 0.37811726331710815 0
vn -0.92575770616531372 0.37811726331710815 0
vn -0.92575770616531372 0.37811726331710815 0
vn -0.92575770616531372 0.37811726331710815 0
vn -0.92575770616531372 0.37811726331710815 0
vn -0.92575770616531372 0.37811726331710815 0
vn -0.92575770616531372 0.37811726331710815 0
vn -0.92575770616531372 0.37811726331710815 0
vn -0.92575770616531372 0.37811726331710815 0
vn -0.92575770616531372 0.37811726331710815 0
vn -0.92575770616531372 0.37811726331710815 0
vn -0.92575770616531372 0.37811726331710815 0
vn -0.92575770616531372 0.37811726331710815 0
vn -0.92575770616531372 0.37811726331710815 0
vn -0.92575770616531372 0.37811726331710815 0
vn -0.92575770616531372 0.37811726331710815 0
vn -0.92575770616531372 0.37811726331710815 0
vn -0.92575770616531372 0.37811726331710815 0
vn -0.92575770616531372 0.37811726331710815 0
vn -0.92575770616531372 0.37811726331710815 0
vn -0.92575770616531372 0.37811726331710815 0
vn -0.92575770616531372 0.37811726331710815 0
vn -0.92575770616531372 0.37811726331710815 0
vn -0.92575770616531372 0.37811726331710815 0
vn -0.92575770616531372 0.37811726331710815 0
vn -0.92575770616531372 0.37811726331710815 0
vn -0.92575770616531372 0.37811726331710815 0
vn -0.92575770616531372 0.37811726331710815 0
vn -0.92575770616531372 0.37811726331710815 0
vn -0.92575770616531372 0.37811726331710815 0
vn -0.92575770616531372 0.37811726331710815 0
vn -0.92575770616531372 0.37811726331710815 0
vn -0.92575770616531372 0.37811726331710815 0
vn -0.92575770616531372 0.37811726331710815 0
vn -0.92575770616531372 0.37811726331710815 0
vn -0.92575770616531372 0.37811726331710815 0
vn -0.92575770616531372 0.37811726331710815 0
vn -0.92575770616531372 0.37811726331710815 0
vn -0.92575770616531372 0.37811726331710815 0
vn -0.92575770616531372 0.37811726331710815 0
vn -0.92575770616531372 0.37811726331710815 0
vn -0.92575770616531372 0.37811726331710815 0
vn -0.92575770616531372 0.37811726331710815 0
vn -0.92575770616531372 0.37811726331710815 0
vn -0.92575770616531372 0.37811726331710815 0
vn -0.92575770616531372 0.37811726331710815 0
vn -0.92575770616531372 0.37811726331710815 0
vn -0.92575770616531372 0.37811726331710815 0
vn -0.92575770616531372 0.37811726331710815 0
vn -0.92575770616531372 0.37811726331710815 0
vn -0.92575770616531372 0.37811726331710815 0
vn -0.92575770616531372 0.37811726331710815 0
vn -0.92575770616531372 0.37811726331710815 0
vn -0.92575770616531372 0.37811726331710815 0
vn -0.92575770616531372 0.37811726331710815 0
vn -0.92575770616531372 0.37811726331710815 0
vn -0.92575770616531372 0.37811726331710815 0
vn -0.92575770616531372 0.37811726331710815 0
vn -0.92575770616531372 0.37811726331710815 0
vn -1 0 0
vn -1 0 0
vn -1 0 0
vn -1 0 0
vn -1 0 0
vn -1 0 0
vn -1 0 0
vn -1 0 0
vn -1 0 0
vn -1 0 0
vn -1 0 0
vn -1 0 0
vn -1 0 0
vn -1 0 0
vn -1 0 0
vn -1 0 0
vn -1 0 0
vn -1 0 0
vn -1 0 0
vn -1 0 0
vn -1 0 0
vn -1 0 0
vn -1 0 0
vn -1 0 0
vn -1 0 0
vn -1 0 0
vn -1 0 0
vn -1 0 0
vn -1 0 0
vn -1 0 0
vn -1 0 0
vn -1 0 0
vn -1 0 0
vn -1 0 0
vn -1 0 0
vn -1 0 0
vn -1 0 0
vn -1 0 0
vn -1 0 0
vn -1 0 0
vn -1 0 0
vn -1 0 0
vn -1 0 0
vn -1 0 0
vn -1 0 0
vn -1 0 0
vn -1 0 0
vn -1 0 0
vn -1 0 0
vn -1 0 0
vn -1 0 0
vn -1 0 0
vn -1 0 0
vn -1 0 0
vn -1 0 0
vn -1 0 0
vn -1 0 0
vn -1 0 0
vn -1 0 0
vn -1 0 0
vn -1 0 0
vn -1 0 0
vn -1 0 0
vn -1 0 0
vn -1 0 0
vn -1 0 0
vn -1 0 0
vn -1 0 0
vn -1 0 0
vn -1 0 0
vn -1 0 0
vn -1 0 0
vn -1 0 0
vn -1 0 0
vn -1 0 0
vn -1 0 0
vn -1 0 0
vn -1 0 0
vn -1 0 0
vn -1 0 0
vn -1 0 0
vn -1 0 0
vn -0.92387950420379639 0.38268342614173889 0
vn -0.70710676908493042 0.70710676908493042 0
vn -0.38268342614173889 0.92387950420379639 0
vn -0.92575770616531372 0.37811726331710815 0
vn -0.98126393556594849 0.19266848266124725 0
vn -0.98126393556594849 0.19266848266124725 0
vn -0.71405470371246338 0.70008993148803711 0
vn -0.83556133508682251 0.54939717054367065 0
vn -0.83556133508682251 0.54939717054367065 0
vn -0.39427557587623596 0.91899228096008301 0
vn -0.56487035751342773 0.82517963647842407 0
vn -0.56487035751342773 0.82517963647842407 0
vn -0.20125573873519897 0.97953873872756958 0
vn -0.20125573873519897 0.97953873872756958 0
vn -0.38268342614173889 0.92387950420379639 0
vn -0.70710676908493042 0.70710676908493042 0
vn -0.92387950420379639 0.38268342614173889 0
vn -0.39427557587623596 0.91899228096008301 0
vn -0.20125573873519897 0.97953873872756958 0
vn -0.20125573873519897 0.97953873872756958 0
vn -0.71405470371246338 0.70008993148803711 0
vn -0.56487035751342773 0.82517963647842407 0
vn -0.56487035751342773 0.82517963647842407 0
vn -0.92575770616531372 0.37811726331710815 0
vn -0.83556133508682251 0.54939717054367065 0
vn -0.83556133508682251 0.54939717054367065 0
vn -0.98126393556594849 0.19266848266124725 0
vn -0.98126393556594849 0.19266848266124725 0
vn 0 0 -1
vn 0 0 -1
vn 0 0 -1
vn 0 0 -1
vn 0 0 -1
vn 0 0 -1
vn 0 0 -1
vn 0 0 -1
vn 0 0 -1
vn 0 0 -1
vn 0 0 -1
vn 0 0 -1
vn 0 0 -1
vn 0 0 -1
vn 0 0 -1
vn 0 0 -1
vn 0 0 -1
vn 0 0 -1
vn 0 0 -1
vn 0 0 -1
vn 0 0 -1
vn 0 0 -1
vn -0.39427557587623596 0 -0.91899228096008301
vn -0.39427557587623596 0 -0.91899228096008301
vn -0.39427557587623596 0 -0.91899228096008301
vn -0.39427557587623596 0 -0.91899228096008301
vn -0.39427557587623596 0 -0.91899228096008301
vn -0.39427557587623596 0 -0.91899228096008301
vn -0.39427557587623596 0 -0.91899228096008301
vn -0.39427557587623596 0 -0.91899228096008301
vn -0.39427557587623596 0 -0.91899228096008301
vn -0.39427557587623596 0 -0.91899228096008301
vn -0.39427557587623596 0 -0.91899228096008301
vn -0.39427557587623596 0 -0.91899228096008301
vn -0.39427557587623596 0 -0.91899228096008301
vn -0.39427557587623596 0 -0.91899228096008301
vn -0.39427557587623596 0 -0.91899228096008301
vn -0.39427557587623596 0 -0.91899228096008301
vn -0.39427557587623596 0 -0.91899228096008301
vn -0.39427557587623596 0 -0.91899228096008301
vn -0.39427557587623596 0 -0.91899228096008301
vn -0.39427557587623596 0 -0.91899228096008301
vn -0.71405470371246338 0 -0.70008993148803711
vn -0.71405470371246338 0 -0.70008993148803711
vn -0.71405470371246338 0 -0.70008993148803711
vn -0.71405470371246338 0 -0.70008993148803711
vn -0.71405470371246338 0 -0.70008993148803711
vn -0.71405470371246338 0 -0.70008993148803711
vn -0.71405470371246338 0 -0.70008993148803711
vn -0.71405470371246338 0 -0.70008993148803711
vn -0.71405470371246338 0 -0.70008993148803711
vn -0.71405470371246338 0 -0.70008993148803711
vn -0.71405470371246338 0 -0.70008993148803711
vn -0.71405470371246338 0 -0.70008993148803711
vn -0.71405470371246338 0 -0.70008993148803711
vn -0.71405470371246338 0 -0.70008993148803711
vn -0.71405470371246338 0 -0.70008993148803711
vn -0.71405470371246338 0 -0.70008993148803711
vn -0.71405470371246338 0 -0.70008993148803711
vn -0.71405470371246338 0 -0.70008993148803711
vn -0.71405470371246338 0 -0.70008993148803711
vn -0.71405470371246338 0 -0.70008993148803711
vn -0.92575770616531372 0 -0.37811726331710815
vn -0.92575770616531372 0 -0.37811726331710815
vn -0.92575770616531372 0 -0.37811726331710815
vn -0.92575770616531372 0 -0.37811726331710815
vn -0.92575770616531372 0 -0.37811726331710815
vn -0.92575770616531372 0 -0.37811726331710815
vn -0.92575770616531372 0 -0.37811726331710815
vn -0.92575770616531372 0 -0.37811726331710815
vn -0.92575770616531372 0 -0.37811726331710815
vn -0.92575770616531372 0 -0.37811726331710815
vn -0.92575770616531372 0 -0.37811726331710815
vn -0.92575770616531372 0 -0.37811726331710815
vn -0.92575770616531372 0 -0.37811726331710815
vn -0.92575770616531372 0 -0.37811726331710815
vn -0.92575770616531372 0 -0.37811726331710815
vn -0.92575770616531372 0 -0.37811726331710815
vn -0.92575770616531372 0 -0.37811726331710815
vn -0.92575770616531372 0 -0.37811726331710815
vn -0.92575770616531372 0 -0.37811726331710815
vn -0.92575770616531372 0 -0.37811726331710815
vn -1 0 0
vn -1 0 0
vn -1 0 0
vn -1 0 0
vn -1 0 0
vn -1 0 0
vn -1 0 0
vn -1 0 0
vn -1 0 0
vn -1 0 0
vn -1 0 0
vn -1 0 0
vn -1 0 0
vn -1 0 0
vn -1 0 0
vn -1 0 0
vn -1 0 0
vn -1 0 0
vn -1 0 0
vn -1 0 0
vn -1 0 0
vn -1 0 0
vn -0.38268342614173889 0 -0.92387950420379639
vn -0.70710676908493042 0 -0.70710676908493042
vn -0.92387950420379639 0 -0.38268342614173889
vn -0.39427557587623596 0 -0.91899228096008301
vn -0.20125573873519897 0 -0.97953873872756958
vn -0.20125573873519897 0 -0.97953873872756958
vn -0.71405470371246338 0 -0.70008993148803711
vn -0.56487035751342773 0 -0.82517963647842407
vn -0.56487035751342773 0 -0.82517963647842407
vn -0.92575770616531372 0 -0.37811726331710815
vn -0.83556133508682251 0 -0.54939717054367065
vn -0.83556133508682251 0 -0.54939717054367065
vn -0.98126393556594849 0 -0.19266848266124725
vn -0.98126393556594849 0 -0.19266848266124725
vn -0.92387950420379639 0 -0.38268342614173889
vn -0.70710676908493042 0 -0.70710676908493042
vn -0.38268342614173889 0 -0.92387950420379639
vn -0.92575770616531372 0 -0.37811726331710815
vn -0.98126393556594849 0 -0.19266848266124725
vn -0.98126393556594849 0 -0.19266848266124725
vn -0.71405470371246338 0 -0.70008993148803711
vn -0.83556133508682251 0 -0.54939717054367065
vn -0.83556133508682251 0 -0.54939717054367065
vn -0.39427557587623596 0 -0.91899228096008301
vn -0.56487035751342773 0 -0.82517963647842407
vn -0.56487035751342773 0 -0.82517963647842407
vn -0.20125573873519897 0 -0.97953873872756958
vn -0.20125573873519897 0 -0.97953873872756958
vn -1 0 0
vn 0 0 -1
vn -0.91899228096008301 0.15545323491096497 -0.36233618855476379
vn -0.70008993148803711 0.28153431415557861 -0.65621072053909302
vn -0.37811726331710815 0.36500364542007446 -0.85076415538787842
vn -1 0 0
vn -0.91899228096008301 0.28153431415557861 -0.27602836489677429
vn -0.70008993148803711 0.50987410545349121 -0.49990248680114746
vn -0.37811726331710815 0.66104161739349365 -0.6481136679649353
vn -1 0 0
vn -0.91899228096008301 0.36500364542007446 -0.14908239245414734
vn -0.70008993148803711 0.66104161739349365 -0.26999640464782715
vn -0.37811726331710815 0.85702735185623169 -0.35004496574401855
vn -1 0 0
vn 0 1 0
vn 0 0.96592581272125244 -0.25881904363632202
vn 0 0.86602538824081421 -0.5
vn 0 0.70710676908493042 -0.70710676908493042
vn 0 0.5 -0.86602538824081421
vn 0 0.25881904363632202 -0.96592581272125244
vn -0.92387950420379639 0.38268342614173889 0
vn -0.70710676908493042 0.70710676908493042 0
vn -0.38268342614173889 0.92387950420379639 0
vn -0.91899228096008301 0.38688838481903076 -0.075964473187923431
vn -0.97953873872756958 0.18631404638290405 -0.076098263263702393
vn -0.97953873872756958 0.19748498499393463 -0.038775637745857239
vn -0.70008993148803711 0.7006760835647583 -0.13757583498954773
vn -0.82517963647842407 0.52293312549591064 -0.21358723938465118
vn -0.82517963647842407 0.5542868971824646 -0.1088327169418335
vn -0.37811726331710815 0.9084126353263855 -0.1783643364906311
vn -0.54939717054367065 0.77352738380432129 -0.31594017148017883
vn -0.54939717054367065 0.81990617513656616 -0.16098633408546448
vn -0.19266848266124725 0.9084126353263855 -0.37103280425071716
vn -0.19266848266124725 0.96287888288497925 -0.18905863165855408
vn -0.38268342614173889 0 -0.92387950420379639
vn -0.70710676908493042 0 -0.70710676908493042
vn -0.92387950420379639 0 -0.38268342614173889
vn -0.19266848266124725 0.38688838481903076 -0.90177392959594727
vn -0.37811726331710815 0.18631404638290405 -0.90681552886962891
vn -0.19266848266124725 0.19748498499393463 -0.9611859917640686
vn -0.54939717054367065 0.32944142818450928 -0.76787441968917847
vn -0.70008993148803711 0.14370760321617126 -0.6994442343711853
vn -0.54939717054367065 0.16816151142120361 -0.81846469640731812
vn -0.82517963647842407 0.22271458804607391 -0.5191115140914917
vn -0.91899228096008301 0.079350218176841736 -0.38620820641517639
vn -0.82517963647842407 0.11368340253829956 -0.55331242084503174
vn -0.97953873872756958 0.079350218176841736 -0.18495246767997742
vn -0.97953873872756958 0.040503870695829391 -0.19713778793811798
vn 0 0 -1
vn 1 0 0
vn 0.39427557587623596 0.36233618855476379 -0.84454679489135742
vn 0.71405470371246338 0.27602836489677429 -0.64337724447250366
vn 0.92575770616531372 0.14908239245414734 -0.34748682379722595
vn 1 0 0
vn 0.39427557587623596 0.65621072053909302 -0.64337724447250366
vn 0.71405470371246338 0.49990248680114746 -0.49012589454650879
vn 0.92575770616531372 0.26999640464782715 -0.26471608877182007
vn 1 0 0
vn 0.39427557587623596 0.85076415538787842 -0.34748682379722595
vn 0.71405470371246338 0.6481136679649353 -0.26471608877182007
vn 0.92575770616531372 0.35004496574401855 -0.1429726630449295
vn 0 1 0
vn 1 0 0
vn 0 0.25881904363632202 -0.96592581272125244
vn 0 0.5 -0.86602538824081421
vn 0 0.70710676908493042 -0.70710676908493042
vn 0 0.86602538824081421 -0.5
vn 0 0.96592581272125244 -0.25881904363632202
vn 0.92387950420379639 0 -0.38268342614173889
vn 0.70710676908493042 0 -0.70710676908493042
vn 0.38268342614173889 0 -0.92387950420379639
vn 0.98126393556594849 0.075964473187923431 -0.17706084251403809
vn 0.92575770616531372 0.076098263263702393 -0.37038049101829529
vn 0.98126393556594849 0.038775637745857239 -0.18872624635696411
vn 0.83556133508682251 0.21661387383937836 -0.50489169359207153
vn 0.71405470371246338 0.14089711010456085 -0.68576520681381226
vn 0.83556133508682251 0.11056932806968689 -0.53815579414367676
vn 0.56487035751342773 0.32534816861152649 -0.75833368301391602
vn 0.39427557587623596 0.18495246767997742 -0.90018850564956665
vn 0.56487035751342773 0.16607213020324707 -0.80829542875289917
vn 0.20125573873519897 0.38620820641517639 -0.90018850564956665
vn 0.20125573873519897 0.19713778793811798 -0.9594961404800415
vn 0.38268342614173889 0.92387950420379639 0
vn 0.70710676908493042 0.70710676908493042 0
vn 0.92387950420379639 0.38268342614173889 0
vn 0.39427557587623596 0.90177392959594727 -0.17706084251403809
vn 0.20125573873519897 0.90681552886962891 -0.37038049101829529
vn 0.20125573873519897 0.9611859917640686 -0.18872624635696411
vn 0.71405470371246338 0.686972975730896 -0.1348852664232254
vn 0.56487035751342773 0.76391643285751343 -0.31201466917991638
vn 0.56487035751342773 0.8097190260887146 -0.15898610651493073
vn 0.92575770616531372 0.37103280425071716 -0.072851277887821198
vn 0.83556133508682251 0.50860863924026489 -0.207736536860466
vn 0.83556133508682251 0.53910356760025024 -0.10585151612758636
vn 0.98126393556594849 0.1783643364906311 -0.072851277887821198
vn 0.98126393556594849 0.18905863165855408 -0.037121143192052841
vn 0 1 0
vn 0 1 0
vn 0 1 0
vn 0 1 0
vn 0 1 0
vn 0 1 0
vn 0 1 0
vn 0 1 0
vn 0 1 0
vn 0 1 0
vn 0 1 0
vn 0 1 0
vn 0 1 0
vn 0 1 0
vn 0 1 0
vn 0 1 0
vn 0 1 0
vn 0 1 0
vn 0 1 0
vn 0 1 0
vn 0 1 0
vn 0 1 0
vn 0 1 0
vn 0 1 0
vn 0 1 0
vn 0 1 0
vn 0 1 0
vn 0 1 0
vn 0 1 0
vn 0 1 0
vn 0 1 0
vn 0 1 0
vn 0 1 0
vn 0 1 0
vn 0 1 0
vn 0 1 0
vn 0 1 0
vn 0 1 0
vn 0 1 0
vn 0 1 0
vn 0 1 0
vn 0 1 0
vn 0 1 0
vn 0 1 0
vn 0 1 0
vn 0 1 0
vn 0 1 0
vn 0 1 0
vn 0 1 0
vn 0 1 0
vn 0 1 0
vn 0 1 0
vn 0 1 0
vn 0 1 0
vn 0 1 0
vn 0 1 0
vn 0 1 0
vn 0 1 0
vn 0 1 0
vn 0 1 0
vn 0 1 0
vn 0 1 0
vn 0 1 0
vn 0 1 0
vn 0 1 0
vn 0 1 0
vn 0 1 0
vn 0 1 0
vn 0 1 0
vn 0 1 0
vn 0 1 0
vn 0 1 0
vn 0 1 0
vn 0 1 0
vn 0 1 0
vn 0 1 0
vn 0 1 0
vn 0 1 0
vn 0 1 0
vn 0 1 0
vn 0 1 0
vn 0 1 0
vn 0.39427557587623596 0.91899228096008301 0
vn 0.39427557587623596 0.91899228096008301 0
vn 0.39427557587623596 0.91899228096008301 0
vn 0.39427557587623596 0.91899228096008301 0
vn 0.39427557587623596 0.91899228096008301 0
vn 0.39427557587623596 0.91899228096008301 0
vn 0.39427557587623596 0.91899228096008301 0
vn 0.39427557587623596 0.91899228096008301 0
vn 0.39427557587623596 0.91899228096008301 0
vn 0.39427557587623596 0.91899228096008301 0
vn 0.39427557587623596 0.91899228096008301 0
vn 0.39427557587623596 0.91899228096008301 0
vn 0.39427557587623596 0.91899228096008301 0
vn 0.39427557587623596 0.91899228096008301 0
vn 0.39427557587623596 0.91899228096008301 0
vn 0.39427557587623596 0.91899228096008301 0
vn 0.39427557587623596 0.91899228096008301 0
vn 0.39427557587623596 0.91899228096008301 0
vn 0.39427557587623596 0.91899228096008301 0
vn 0.39427557587623596 0.91899228096008301 0
vn 0.39427557587623596 0.91899228096008301 0
vn 0.39427557587623596 0.91899228096008301 0
vn 0.39427557587623596 0.91899228096008301 0
vn 0.39427557587623596 0.91899228096008301 0
vn 0.39427557587623596 0.91899228096008301 0
vn 0.39427557587623596 0.91899228096008301 0
vn 0.39427557587623596 0.91899228096008301 0
vn 0.39427557587623596 0.91899228096008301 0
vn 0.39427557587623596 0.91899228096008301 0
vn 0.39427557587623596 0.91899228096008301 0
vn 0.39427557587623596 0.91899228096008301 0
vn 0.39427557587623596 0.91899228096008301 0
vn 0.39427557587623596 0.91899228096008301 0
vn 0.39427557587623596 0.91899228096008301 0
vn 0.39427557587623596 0.91899228096008301 0
vn 0.39427557587623596 0.91899228096008301 0
vn 0.39427557587623596 0.91899228096008301 0
vn 0.39427557587623596 0.91899228096008301 0
vn 0.39427557587623596 0.91899228096008301 0
vn 0.39427557587623596 0.91899228096008301 0
vn 0.39427557587623596 0.91899228096008301 0
vn 0.39427557587623596 0.91899228096008301 0
vn 0.39427557587623596 0.91899228096008301 0
vn 0.39427557587623596 0.91899228096008301 0
vn 0.39427557587623596 0.91899228096008301 0
vn 0.39427557587623596 0.91899228096008301 0
vn 0.39427557587623596 0.91899228096008301 0
vn 0.39427557587623596 0.91899228096008301 0
vn 0.39427557587623596 0.91899228096008301 0
vn 0.39427557587623596 0.91899228096008301 0
vn 0.39427557587623596 0.91899228096008301 0
vn 0.39427557587623596 0.91899228096008301 0
vn 0.39427557587623596 0.91899228096008301 0
vn 0.39427557587623596 0.91899228096008301 0
vn 0.39427557587623596 0.91899228096008301 0
vn 0.39427557587623596 0.91899228096008301 0
vn 0.39427557587623596 0.91899228096008301 0
vn 0.39427557587623596 0.91899228096008301 0
vn 0.39427557587623596 0.91899228096008301 0
vn 0.39427557587623596 0.91899228096008301 0
vn 0.39427557587623596 0.91899228096008301 0
vn 0.39427557587623596 0.91899228096008301 0
vn 0.39427557587623596 0.91899228096008301 0
vn 0.39427557587623596 0.91899228096008301 0
vn 0.39427557587623596 0.91899228096008301 0
vn 0.39427557587623596 0.91899228096008301 0
vn 0.39427557587623596 0.91899228096008301 0
vn 0.39427557587623596 0.91899228096008301 0
vn 0.39427557587623596 0.91899228096008301 0
vn 0.39427557587623596 0.91899228096008301 0
vn 0.39427557587623596 0.91899228096008301 0
vn 0.39427557587623596 0.91899228096008301 0
vn 0.39427557587623596 0.91899228096008301 0
vn 0.39427557587623596 0.91899228096008301 0
vn 0.39427557587623596 0.91899228096008301 0
vn 0.39427557587623596 0.91899228096008301 0
vn 0.39427557587623596 0.91899228096008301 0
vn 0.39427557587623596 0.91899228096008301 0
vn 0.39427557587623596 0.91899228096008301 0
vn 0.39427557587623596 0.91899228096008301 0
vn 0.71405470371246338 0.70008993148803711 0
vn 0.71405470371246338 0.70008993148803711 0
vn 0.71405470371246338 0.70008993148803711 0
vn 0.71405470371246338 0.70008993148803711 0
vn 0.71405470371246338 0.70008993148803711 0
vn 0.71405470371246338 0.70008993148803711 0
vn 0.71405470371246338 0.70008993148803711 0
vn 0.71405470371246338 0.70008993148803711 0
vn 0.71405470371246338 0.70008993148803711 0
vn 0.71405470371246338 0.70008993148803711 0
vn 0.71405470371246338 0.70008993148803711 0
vn 0.71405470371246338 0.70008993148803711 0
vn 0.71405470371246338 0.70008993148803711 0
vn 0.71405470371246338 0.70008993148803711 0
vn 0.71405470371246338 0.70008993148803711 0
vn 0.71405470371246338 0.70008993148803711 0
vn 0.71405470371246338 0.70008993148803711 0
vn 0.71405470371246338 0.70008993148803711 0
vn 0.71405470371246338 0.70008993148803711 0
vn 0.71405470371246338 0.70008993148803711 0
vn 0.71405470371246338 0.70008993148803711 0
vn 0.71405470371246338 0.70008993148803711 0
vn 0.71405470371246338 0.70008993148803711 0
vn 0.71405470371246338 0.70008993148803711 0
vn 0.71405470371246338 0.70008993148803711 0
vn 0.71405470371246338 0.70008993148803711 0
vn 0.71405470371246338 0.70008993148803711 0
vn 0.71405470371246338 0.70008993148803711 0
vn 0.71405470371246338 0.70008993148803711 0
vn 0.71405470371246338 0.70008993148803711 0
vn 0.71405470371246338 0.70008993148803711 0
vn 0.71405470371246338 0.70008993148803711 0
vn 0.71405470371246338 0.70008993148803711 0
vn 0.71405470371246338 0.70008993148803711 0
vn 0.71405470371246338 0.70008993148803711 0
vn 0.71405470371246338 0.70008993148803711 0
vn 0.71405470371246338 0.70008993148803711 0
vn 0.71405470371246338 0.70008993148803711 0
vn 0.71405470371246338 0.70008993148803711 0
vn 0.71405470371246338 0.70008993148803711 0
vn 0.71405470371246338 0.70008993148803711 0
vn 0.71405470371246338 0.70008993148803711 0
vn 0.71405470371246338 0.70008993148803711 0
vn 0.71405470371246338 0.70008993148803711 0
vn 0.71405470371246338 0.70008993148803711 0
vn 0.71405470371246338 0.70008993148803711 0
vn 0.71405470371246338 0.70008993148803711 0
vn 0.71405470371246338 0.70008993148803711 0
vn 0.71405470371246338 0.70008993148803711 0
vn 0.71405470371246338 0.70008993148803711 0
vn 0.71405470371246338 0.70008993148803711 0
vn 0.71405470371246338 0.70008993148803711 0
vn 0.71405470371246338 0.70008993148803711 0
vn 0.71405470371246338 0.70008993148803711 0
vn 0.71405470371246338 0.70008993148803711 0
vn 0.71405470371246338 0.70008993148803711 0
vn 0.71405470371246338 0.70008993148803711 0
vn 0.71405470371246338 0.70008993148803711 0
vn 0.71405470371246338 0.70008993148803711 0
vn 0.71405470371246338 0.70008993148803711 0
vn 0.71405470371246338 0.70008993148803711 0
vn 0.71405470371246338 0.70008993148803711 0
vn 0.71405470371246338 0.70008993148803711 0
vn 0.71405470371246338 0.70008993148803711 0
vn 0.71405470371246338 0.70008993148803711 0
vn 0.71405470371246338 0.70008993148803711 0
vn 0.71405470371246338 0.70008993148803711 0
vn 0.71405470371246338 0.70008993148803711 0
vn 0.71405470371246338 0.70008993148803711 0
vn 0.71405470371246338 0.70008993148803711 0
vn 0.71405470371246338 0.70008993148803711 0
vn 0.71405470371246338 0.70008993148803711 0
vn 0.71405470371246338 0.70008993148803711 0
vn 0.71405470371246338 0.70008993148803711 0
vn 0.71405470371246338 0.70008993148803711 0
vn 0.71405470371246338 0.70008993148803711 0
vn 0.71405470371246338 0.70008993148803711 0
vn 0.71405470371246338 0.70008993148803711 0
vn 0.71405470371246338 0.70008993148803711 0
vn 0.71405470371246338 0.70008993148803711 0
vn 0.92575770616531372 0.37811726331710815 0
vn 0.92575770616531372 0.37811726331710815 0
vn 0.92575770616531372 0.37811726331710815 0
vn 0.92575770616531372 0.37811726331710815 0
vn 0.92575770616531372 0.37811726331710815 0
vn 0.92575770616531372 0.37811726331710815 0
vn 0.92575770616531372 0.37811726331710815 0
vn 0.92575770616531372 0.37811726331710815 0
vn 0.92575770616531372 0.37811726331710815 0
vn 0.92575770616531372 0.37811726331710815 0
vn 0.92575770616531372 0.37811726331710815 0
vn 0.92575770616531372 0.37811726331710815 0
vn 0.92575770616531372 0.37811726331710815 0
vn 0.92575770616531372 0.37811726331710815 0
vn 0.92575770616531372 0.37811726331710815 0
vn 0.92575770616531372 0.37811726331710815 0
vn 0.92575770616531372 0.37811726331710815 0
vn 0.92575770616531372 0.37811726331710815 0
vn 0.92575770616531372 0.37811726331710815 0
vn 0.92575770616531372 0.37811726331710815 0
vn 0.92575770616531372 0.37811726331710815 0
vn 0.92575770616531372 0.37811726331710815 0
vn 0.92575770616531372 0.37811726331710815 0
vn 0.92575770616531372 0.37811726331710815 0
vn 0.92575770616531372 0.37811726331710815 0
vn 0.92575770616531372 0.37811726331710815 0
vn 0.92575770616531372 0.37811726331710815 0
vn 0.92575770616531372 0.37811726331710815 0
vn 0.92575770616531372 0.37811726331710815 0
vn 0.92575770616531372 0.37811726331710815 0
vn 0.92575770616531372 0.37811726331710815 0
vn 0.92575770616531372 0.37811726331710815 0
vn 0.92575770616531372 0.37811726331710815 0
vn 0.92575770616531372 0.37811726331710815 0
vn 0.92575770616531372 0.37811726331710815 0
vn 0.92575770616531372 0.37811726331710815 0
vn 0.92575770616531372 0.37811726331710815 0
vn 0.92575770616531372 0.37811726331710815 0
vn 0.92575770616531372 0.37811726331710815 0
vn 0.92575770616531372 0.37811726331710815 0
vn 0.92575770616531372 0.37811726331710815 0
vn 0.92575770616531372 0.37811726331710815 0
vn 0.92575770616531372 0.37811726331710815 0
vn 0.92575770616531372 0.37811726331710815 0
vn 0.92575770616531372 0.37811726331710815 0
vn 0.92575770616531372 0.37811726331710815 0
vn 0.92575770616531372 0.37811726331710815 0
vn 0.92575770616531372 0.37811726331710815 0
vn 0.92575770616531372 0.37811726331710815 0
vn 0.92575770616531372 0.37811726331710815 0
vn 0.92575770616531372 0.37811726331710815 0
vn 0.92575770616531372 0.37811726331710815 0
vn 0.92575770616531372 0.37811726331710815 0
vn 0.92575770616531372 0.37811726331710815 0
vn 0.92575770616531372 0.37811726331710815 0
vn 0.92575770616531372 0.37811726331710815 0
vn 0.92575770616531372 0.37811726331710815 0
vn 0.92575770616531372 0.37811726331710815 0
vn 0.92575770616531372 0.37811726331710815 0
vn 0.92575770616531372 0.37811726331710815 0
vn 0.92575770616531372 0.37811726331710815 0
vn 0.92575770616531372 0.37811726331710815 0
vn 0.92575770616531372 0.37811726331710815 0
vn 0.92575770616531372 0.37811726331710815 0
vn 0.92575770616531372 0.37811726331710815 0
vn 0.92575770616531372 0.37811726331710815 0
vn 0.92575770616531372 0.37811726331710815 0
vn 0.92575770616531372 0.37811726331710815 0
vn 0.92575770616531372 0.37811726331710815 0
vn 0.92575770616531372 0.37811726331710815 0
vn 0.92575770616531372 0.37811726331710815 0
vn 0.92575770616531372 0.37811726331710815 0
vn 0.92575770616531372 0.37811726331710815 0
vn 0.92575770616531372 0.37811726331710815 0
vn 0.92575770616531372 0.37811726331710815 0
vn 0.92575770616531372 0.37811726331710815 0
vn 0.92575770616531372 0.37811726331710815 0
vn 0.92575770616531372 0.37811726331710815 0
vn 0.92575770616531372 0.37811726331710815 0
vn 0.92575770616531372 0.37811726331710815 0
vn 1 0 0
vn 1 0 0
vn 1 0 0
vn 1 0 0
vn 1 0 0
vn 1 0 0
vn 1 0 0
vn 1 0 0
vn 1 0 0
vn 1 0 0
vn 1 0 0
vn 1 0 0
vn 1 0 0
vn 1 0 0
vn 1 0 0
vn 1 0 0
vn 1 0 0
vn 1 0 0
vn 1 0 0
vn 1 0 0
vn 1 0 0
vn 1 0 0
vn 1 0 0
vn 1 0 0
vn 1 0 0
vn 1 0 0
vn 1 0 0
vn 1 0 0
vn 1 0 0
vn 1 0 0
vn 1 0 0
vn 1 0 0
vn 1 0 0
vn 1 0 0
vn 1 0 0
vn 1 0 0
vn 1 0 0
vn 1 0 0
vn 1 0 0
vn 1 0 0
vn 1 0 0
vn 1 0 0
vn 1 0 0
vn 1 0 0
vn 1 0 0
vn 1 0 0
vn 1 0 0
vn 1 0 0
vn 1 0 0
vn 1 0 0
vn 1 0 0
vn 1 0 0
vn 1 0 0
vn 1 0 0
vn 1 0 0
vn 1 0 0
vn 1 0 0
vn 1 0 0
vn 1 0 0
vn 1 0 0
vn 1 0 0
vn 1 0 0
vn 1 0 0
vn 1 0 0
vn 1 0 0
vn 1 0 0
vn 1 0 0
vn 1 0 0
vn 1 0 0
vn 1 0 0
vn 1 0 0
vn 1 0 0
vn 1 0 0
vn 1 0 0
vn 1 0 0
vn 1 0 0
vn 1 0 0
vn 1 0 0
vn 1 0 0
vn 1 0 0
vn 1 0 0
vn 1 0 0
vn 0.92387950420379639 0.38268342614173889 0
vn 0.70710676908493042 0.70710676908493042 0
vn 0.38268342614173889 0.92387950420379639 0
vn 0.92575770616531372 0.37811726331710815 0
vn 0.98126393556594849 0.19266848266124725 0
vn 0.98126393556594849 0.19266848266124725 0
vn 0.71405470371246338 0.70008993148803711 0
vn 0.83556133508682251 0.54939717054367065 0
vn 0.83556133508682251 0.54939717054367065 0
vn 0.39427557587623596 0.91899228096008301 0
vn 0.56487035751342773 0.82517963647842407 0
vn 0.56487035751342773 0.82517963647842407 0
vn 0.20125573873519897 0.97953873872756958 0
vn 0.20125573873519897 0.97953873872756958 0
vn 0.38268342614173889 0.92387950420379639 0
vn 0.70710676908493042 0.70710676908493042 0
vn 0.92387950420379639 0.38268342614173889 0
vn 0.39427557587623596 0.91899228096008301 0
vn 0.20125573873519897 0.97953873872756958 0
vn 0.20125573873519897 0.97953873872756958 0
vn 0.71405470371246338 0.70008993148803711 0
vn 0.56487035751342773 0.82517963647842407 0
vn 0.56487035751342773 0.82517963647842407 0
vn 0.92575770616531372 0.37811726331710815 0
vn 0.83556133508682251 0.54939717054367065 0
vn 0.83556133508682251 0.54939717054367065 0
vn 0.98126393556594849 0.19266848266124725 0
vn 0.98126393556594849 0.19266848266124725 0
vn 0 0 -1
vn 0 0 -1
vn 0 0 -1
vn 0 0 -1
vn 0 0 -1
vn 0 0 -1
vn 0 0 -1
vn 0 0 -1
vn 0 0 -1
vn 0 0 -1
vn 0 0 -1
vn 0 0 -1
vn 0 0 -1
vn 0 0 -1
vn 0 0 -1
vn 0 0 -1
vn 0 0 -1
vn 0 0 -1
vn 0 0 -1
vn 0 0 -1
vn 0 0 -1
vn 0.39427557587623596 0 -0.91899228096008301
vn 0.39427557587623596 0 -0.91899228096008301
vn 0.39427557587623596 0 -0.91899228096008301
vn 0.39427557587623596 0 -0.91899228096008301
vn 0.39427557587623596 0 -0.91899228096008301
vn 0.39427557587623596 0 -0.91899228096008301
vn 0.39427557587623596 0 -0.91899228096008301
vn 0.39427557587623596 0 -0.91899228096008301
vn 0.39427557587623596 0 -0.91899228096008301
vn 0.39427557587623596 0 -0.91899228096008301
vn 0.39427557587623596 0 -0.91899228096008301
vn 0.39427557587623596 0 -0.91899228096008301
vn 0.39427557587623596 0 -0.91899228096008301
vn 0.39427557587623596 0 -0.91899228096008301
vn 0.39427557587623596 0 -0.91899228096008301
vn 0.39427557587623596 0 -0.91899228096008301
vn 0.39427557587623596 0 -0.91899228096008301
vn 0.39427557587623596 0 -0.91899228096008301
vn 0.39427557587623596 0 -0.91899228096008301
vn 0.39427557587623596 0 -0.91899228096008301
vn 0.71405470371246338 0 -0.70008993148803711
vn 0.71405470371246338 0 -0.70008993148803711
vn 0.71405470371246338 0 -0.70008993148803711
vn 0.71405470371246338 0 -0.70008993148803711
vn 0.71405470371246338 0 -0.70008993148803711
vn 0.71405470371246338 0 -0.70008993148803711
vn 0.71405470371246338 0 -0.70008993148803711
vn 0.71405470371246338 0 -0.70008993148803711
vn 0.71405470371246338 0 -0.70008993148803711
vn 0.71405470371246338 0 -0.70008993148803711
vn 0.71405470371246338 0 -0.70008993148803711
vn 0.71405470371246338 0 -0.70008993148803711
vn 0.71405470371246338 0 -0.70008993148803711
vn 0.71405470371246338 0 -0.70008993148803711
vn 0.71405470371246338 0 -0.70008993148803711
vn 0.71405470371246338 0 -0.70008993148803711
vn 0.71405470371246338 0 -0.70008993148803711
vn 0.71405470371246338 0 -0.70008993148803711
vn 0.71405470371246338 0 -0.70008993148803711
vn 0.71405470371246338 0 -0.70008993148803711
vn 0.92575770616531372 0 -0.37811726331710815
vn 0.92575770616531372 0 -0.37811726331710815
vn 0.92575770616531372 0 -0.37811726331710815
vn 0.92575770616531372 0 -0.37811726331710815
vn 0.92575770616531372 0 -0.37811726331710815
vn 0.92575770616531372 0 -0.37811726331710815
vn 0.92575770616531372 0 -0.37811726331710815
vn 0.92575770616531372 0 -0.37811726331710815
vn 0.92575770616531372 0 -0.37811726331710815
vn 0.92575770616531372 0 -0.37811726331710815
vn 0.92575770616531372 0 -0.37811726331710815
vn 0.92575770616531372 0 -0.37811726331710815
vn 0.92575770616531372 0 -0.37811726331710815
vn 0.92575770616531372 0 -0.37811726331710815
vn 0.92575770616531372 0 -0.37811726331710815
vn 0.92575770616531372 0 -0.37811726331710815
vn 0.92575770616531372 0 -0.37811726331710815
vn 0.92575770616531372 0 -0.37811726331710815
vn 0.92575770616531372 0 -0.37811726331710815
vn 0.92575770616531372 0 -0.37811726331710815
vn 1 0 0
vn 1 0 0
vn 1 0 0
vn 1 0 0
vn 1 0 0
vn 1 0 0
vn 1 0 0
vn 1 0 0
vn 1 0 0
vn 1 0 0
vn 1 0 0
vn 1 0 0
vn 1 0 0
vn 1 0 0
vn 1 0 0
vn 1 0 0
vn 1 0 0
vn 1 0 0
vn 1 0 0
vn 1 0 0
vn 1 0 0
vn 1 0 0
vn 0.38268342614173889 0 -0.92387950420379639
vn 0.70710676908493042 0 -0.70710676908493042
vn 0.92387950420379639 0 -0.38268342614173889
vn 0.39427557587623596 0 -0.91899228096008301
vn 0.20125573873519897 0 -0.97953873872756958
vn 0.20125573873519897 0 -0.97953873872756958
vn 0.71405470371246338 0 -0.70008993148803711
vn 0.56487035751342773 0 -0.82517963647842407
vn 0.56487035751342773 0 -0.82517963647842407
vn 0.92575770616531372 0 -0.37811726331710815
vn 0.83556133508682251 0 -0.54939717054367065
vn 0.83556133508682251 0 -0.54939717054367065
vn 0.98126393556594849 0 -0.19266848266124725
vn 0.98126393556594849 0 -0.19266848266124725
vn 0.92387950420379639 0 -0.38268342614173889
vn 0.70710676908493042 0 -0.70710676908493042
vn 0.38268342614173889 0 -0.92387950420379639
vn 0.92575770616531372 0 -0.37811726331710815
vn 0.98126393556594849 0 -0.19266848266124725
vn 0.98126393556594849 0 -0.19266848266124725
vn 0.71405470371246338 0 -0.70008993148803711
vn 0.83556133508682251 0 -0.54939717054367065
vn 0.83556133508682251 0 -0.54939717054367065
vn 0.39427557587623596 0 -0.91899228096008301
vn 0.56487035751342773 0 -0.82517963647842407
vn 0.56487035751342773 0 -0.82517963647842407
vn 0.20125573873519897 0 -0.97953873872756958
vn 0.20125573873519897 0 -0.97953873872756958
vn 0 1 0
vn 1 0 0
vn 0.39427557587623596 0.87072265148162842 0.29391971230506897
vn 0.71405470371246338 0.66331809759140015 0.22390855848789215
vn 0.92575770616531372 0.35825684666633606 0.12093259394168854
vn 1 0 0
vn 0.39427557587623596 0.73702746629714966 0.548941969871521
vn 0.71405470371246338 0.56146883964538574 0.41818496584892273
vn 0.92575770616531372 0.30324825644493103 0.22586090862751007
vn 1 0 0
vn 0.39427557587623596 0.53427994251251221 0.74772435426712036
vn 0.71405470371246338 0.40701541304588318 0.56961774826049805
vn 0.92575770616531372 0.21982826292514801 0.30764946341514587
vn 1 0 0
vn 0.39427557587623596 0.28052976727485657 0.87512844800949097
vn 0.71405470371246338 0.2137080579996109 0.66667443513870239
vn 0.92575770616531372 0.11542332172393799 0.36006960272789001
vn 0 0 1
vn 1 0 0
vn 0 0.97492790222167969 0.22252093255519867
vn 0 0.90096884965896606 0.43388372659683228
vn 0 0.78183150291442871 0.62348979711532593
vn 0 0.62348979711532593 0.78183150291442871
vn 0 0.43388372659683228 0.90096884965896606
vn 0 0.22252093255519867 0.97492790222167969
vn 0.92387950420379639 0.38268342614173889 0
vn 0.70710676908493042 0.70710676908493042 0
vn 0.38268342614173889 0.92387950420379639 0
vn 0.98126393556594849 0.18254867196083069 0.061620831489562988
vn 0.92575770616531372 0.37311911582946777 0.061276275664567947
vn 0.98126393556594849 0.19012169539928436 0.031223136931657791
vn 0.83556133508682251 0.52054035663604736 0.17571274936199188
vn 0.71405470371246338 0.69083577394485474 0.11345396935939789
vn 0.83556133508682251 0.54213494062423706 0.089033260941505432
vn 0.56487035751342773 0.78183752298355103 0.26391580700874329
vn 0.39427557587623596 0.90684455633163452 0.14892846345901489
vn 0.56487035751342773 0.81427204608917236 0.13372553884983063
vn 0.20125573873519897 0.9280889630317688 0.31328418850898743
vn 0.20125573873519897 0.96659070253372192 0.15874040126800537
vn 0.38268342614173889 0 0.92387950420379639
vn 0.70710676908493042 0 0.70710676908493042
vn 0.92387950420379639 0 0.38268342614173889
vn 0.39427557587623596 0.14196915924549103 0.90796011686325073
vn 0.20125573873519897 0.29901206493377686 0.9327850341796875
vn 0.20125573873519897 0.15132260322570801 0.96777975559234619
vn 0.71405470371246338 0.1081523597240448 0.69168561697006226
vn 0.56487035751342773 0.25189271569252014 0.78579354286193848
vn 0.56487035751342773 0.12747666239738464 0.81527364253997803
vn 0.92575770616531372 0.058412887156009674 0.37357810139656067
vn 0.83556133508682251 0.1677078902721405 0.5231742262840271
vn 0.83556133508682251 0.084872812032699585 0.54280185699462891
vn 0 -1 0
vn 1 0 0
vn 0.39427557587623596 -0.87072265148162842 -0.29391971230506897
vn 0.71405470371246338 -0.66331809759140015 -0.22390855848789215
vn 0.92575770616531372 -0.35825684666633606 -0.12093259394168854
vn 1 0 0
vn 0.39427557587623596 -0.73702746629714966 -0.548941969871521
vn 0.71405470371246338 -0.56146883964538574 -0.41818496584892273
vn 0.92575770616531372 -0.30324825644493103 -0.22586090862751007
vn 1 0 0
vn 0.39427557587623596 -0.53427994251251221 -0.74772435426712036
vn 0.71405470371246338 -0.40701541304588318 -0.56961774826049805
vn 0.92575770616531372 -0.21982826292514801 -0.30764946341514587
vn 1 0 0
vn 0.39427557587623596 -0.28052976727485657 -0.87512844800949097
vn 0.71405470371246338 -0.2137080579996109 -0.66667443513870239
vn 0.92575770616531372 -0.11542332172393799 -0.36006960272789001
vn 0 0 -1
vn 1 0 0
vn 0 -0.97492790222167969 -0.22252093255519867
vn 0 -0.90096884965896606 -0.43388372659683228
vn 0 -0.78183150291442871 -0.62348979711532593
vn 0 -0.62348979711532593 -0.78183150291442871
vn 0 -0.43388372659683228 -0.90096884965896606
vn 0 -0.22252093255519867 -0.97492790222167969
vn 0.38268342614173889 0 -0.92387950420379639
vn 0.70710676908493042 0 -0.70710676908493042
vn 0.92387950420379639 0 -0.38268342614173889
vn 0.39427557587623596 -0.14196915924549103 -0.90796011686325073
vn 0.20125573873519897 -0.29901206493377686 -0.9327850341796875
vn 0.20125573873519897 -0.15132260322570801 -0.96777975559234619
vn 0.71405470371246338 -0.1081523597240448 -0.69168561697006226
vn 0.56487035751342773 -0.25189271569252014 -0.78579354286193848
vn 0.56487035751342773 -0.12747666239738464 -0.81527364253997803
vn 0.92575770616531372 -0.058412887156009674 -0.37357810139656067
vn 0.83556133508682251 -0.1677078902721405 -0.5231742262840271
vn 0.83556133508682251 -0.084872812032699585 -0.54280185699462891
vn 0.92387950420379639 -0.38268342614173889 0
vn 0.70710676908493042 -0.70710676908493042 0
vn 0.38268342614173889 -0.92387950420379639 0
vn 0.98126393556594849 -0.18254867196083069 -0.061620831489562988
vn 0.92575770616531372 -0.37311911582946777 -0.061276275664567947
vn 0.98126393556594849 -0.19012169539928436 -0.031223136931657791
vn 0.83556133508682251 -0.52054035663604736 -0.17571274936199188
vn 0.71405470371246338 -0.69083577394485474 -0.11345396935939789
vn 0.83556133508682251 -0.54213494062423706 -0.089033260941505432
vn 0.56487035751342773 -0.78183752298355103 -0.26391580700874329
vn 0.39427557587623596 -0.90684455633163452 -0.14892846345901489
vn 0.56487035751342773 -0.81427204608917236 -0.13372553884983063
vn 0.20125573873519897 -0.9280889630317688 -0.31328418850898743
vn 0.20125573873519897 -0.96659070253372192 -0.15874040126800537
vn 0 0 1
vn 0 0 1
vn 0 0 1
vn 0 0 1
vn 0 0 1
vn 0 0 1
vn 0 0 1
vn 0 0 1
vn 0 0 1
vn 0 0 1
vn 0 0 1
vn 0 0 1
vn 0 0 1
vn 0 0 1
vn 0 0 1
vn 0 0 1
vn 0 0 1
vn 0 0 1
vn 0 0 1
vn 0 0 1
vn 0 0 1
vn 0 0 1
vn 0.39427557587623596 0 0.91899228096008301
vn 0.39427557587623596 0 0.91899228096008301
vn 0.39427557587623596 0 0.91899228096008301
vn 0.39427557587623596 0 0.91899228096008301
vn 0.39427557587623596 0 0.91899228096008301
vn 0.39427557587623596 0 0.91899228096008301
vn 0.39427557587623596 0 0.91899228096008301
vn 0.39427557587623596 0 0.91899228096008301
vn 0.39427557587623596 0 0.91899228096008301
vn 0.39427557587623596 0 0.91899228096008301
vn 0.39427557587623596 0 0.91899228096008301
vn 0.39427557587623596 0 0.91899228096008301
vn 0.39427557587623596 0 0.91899228096008301
vn 0.39427557587623596 0 0.91899228096008301
vn 0.39427557587623596 0 0.91899228096008301
vn 0.39427557587623596 0 0.91899228096008301
vn 0.39427557587623596 0 0.91899228096008301
vn 0.39427557587623596 0 0.91899228096008301
vn 0.39427557587623596 0 0.91899228096008301
vn 0.39427557587623596 0 0.91899228096008301
vn 0.71405470371246338 0 0.70008993148803711
vn 0.71405470371246338 0 0.70008993148803711
vn 0.71405470371246338 0 0.70008993148803711
vn 0.71405470371246338 0 0.70008993148803711
vn 0.71405470371246338 0 0.70008993148803711
vn 0.71405470371246338 0 0.70008993148803711
vn 0.71405470371246338 0 0.70008993148803711
vn 0.71405470371246338 0 0.70008993148803711
vn 0.71405470371246338 0 0.70008993148803711
vn 0.71405470371246338 0 0.70008993148803711
vn 0.71405470371246338 0 0.70008993148803711
vn 0.71405470371246338 0 0.70008993148803711
vn 0.71405470371246338 0 0.70008993148803711
vn 0.71405470371246338 0 0.70008993148803711
vn 0.71405470371246338 0 0.70008993148803711
vn 0.71405470371246338 0 0.70008993148803711
vn 0.71405470371246338 0 0.70008993148803711
vn 0.71405470371246338 0 0.70008993148803711
vn 0.71405470371246338 0 0.70008993148803711
vn 0.71405470371246338 0 0.70008993148803711
vn 0.92575770616531372 0 0.37811726331710815
vn 0.92575770616531372 0 0.37811726331710815
vn 0.92575770616531372 0 0.37811726331710815
vn 0.92575770616531372 0 0.37811726331710815
vn 0.92575770616531372 0 0.37811726331710815
vn 0.92575770616531372 0 0.37811726331710815
vn 0.92575770616531372 0 0.37811726331710815
vn 0.92575770616531372 0 0.37811726331710815
vn 0.92575770616531372 0 0.37811726331710815
vn 0.92575770616531372 0 0.37811726331710815
vn 0.92575770616531372 0 0.37811726331710815
vn 0.92575770616531372 0 0.37811726331710815
vn 0.92575770616531372 0 0.37811726331710815
vn 0.92575770616531372 0 0.37811726331710815
vn 0.92575770616531372 0 0.37811726331710815
vn 0.92575770616531372 0 0.37811726331710815
vn 0.92575770616531372 0 0.37811726331710815
vn 0.92575770616531372 0 0.37811726331710815
vn 0.92575770616531372 0 0.37811726331710815
vn 0.92575770616531372 0 0.37811726331710815
vn 1 0 0
vn 1 0 0
vn 1 0 0
vn 1 0 0
vn 1 0 0
vn 1 0 0
vn 1 0 0
vn 1 0 0
vn 1 0 0
vn 1 0 0
vn 1 0 0
vn 1 0 0
vn 1 0 0
vn 1 0 0
vn 1 0 0
vn 1 0 0
vn 1 0 0
vn 1 0 0
vn 1 0 0
vn 1 0 0
vn 1 0 0
vn 0.92387950420379639 0 0.38268342614173889
vn 0.70710676908493042 0 0.70710676908493042
vn 0.38268342614173889 0 0.92387950420379639
vn 0.92575770616531372 0 0.37811726331710815
vn 0.98126393556594849 0 0.19266848266124725
vn 0.98126393556594849 0 0.19266848266124725
vn 0.71405470371246338 0 0.70008993148803711
vn 0.83556133508682251 0 0.54939717054367065
vn 0.83556133508682251 0 0.54939717054367065
vn 0.39427557587623596 0 0.91899228096008301
vn 0.56487035751342773 0 0.82517963647842407
vn 0.56487035751342773 0 0.82517963647842407
vn 0.20125573873519897 0 0.97953873872756958
vn 0.20125573873519897 0 0.97953873872756958
vn 0.38268342614173889 0 0.92387950420379639
vn 0.70710676908493042 0 0.70710676908493042
vn 0.92387950420379639 0 0.38268342614173889
vn 0.39427557587623596 0 0.91899228096008301
vn 0.20125573873519897 0 0.97953873872756958
vn 0.20125573873519897 0 0.97953873872756958
vn 0.71405470371246338 0 0.70008993148803711
vn 0.56487035751342773 0 0.82517963647842407
vn 0.56487035751342773 0 0.82517963647842407
vn 0.92575770616531372 0 0.37811726331710815
vn 0.83556133508682251 0 0.54939717054367065
vn 0.83556133508682251 0 0.54939717054367065
vn 0.98126393556594849 0 0.19266848266124725
vn 0.98126393556594849 0 0.19266848266124725
vn 0 -1 0
vn 0 -1 0
vn 0 -1 0
vn 0 -1 0
vn 0 -1 0
vn 0 -1 0
vn 0 -1 0
vn 0 -1 0
vn 0 -1 0
vn 0 -1 0
vn 0 -1 0
vn 0 -1 0
vn 0 -1 0
vn 0 -1 0
vn 0 -1 0
vn 0 -1 0
vn 0 -1 0
vn 0 -1 0
vn 0 -1 0
vn 0 -1 0
vn 0 -1 0
vn 0 -1 0
vn 0 -1 0
vn 0 -1 0
vn 0 -1 0
vn 0 -1 0
vn 0 -1 0
vn 0 -1 0
vn 0 -1 0
vn 0 -1 0
vn 0 -1 0
vn 0 -1 0
vn 0 -1 0
vn 0 -1 0
vn 0 -1 0
vn 0 -1 0
vn 0 -1 0
vn 0 -1 0
vn 0 -1 0
vn 0 -1 0
vn 0 -1 0
vn 0 -1 0
vn 0 -1 0
vn 0 -1 0
vn 0 -1 0
vn 0 -1 0
vn 0 -1 0
vn 0 -1 0
vn 0 -1 0
vn 0 -1 0
vn 0 -1 0
vn 0 -1 0
vn 0 -1 0
vn 0 -1 0
vn 0 -1 0
vn 0 -1 0
vn 0 -1 0
vn 0 -1 0
vn 0 -1 0
vn 0 -1 0
vn 0 -1 0
vn 0 -1 0
vn 0 -1 0
vn 0 -1 0
vn 0 -1 0
vn 0 -1 0
vn 0 -1 0
vn 0 -1 0
vn 0 -1 0
vn 0 -1 0
vn 0 -1 0
vn 0 -1 0
vn 0 -1 0
vn 0 -1 0
vn 0 -1 0
vn 0 -1 0
vn 0 -1 0
vn 0 -1 0
vn 0 -1 0
vn 0 -1 0
vn 0 -1 0
vn 0 -1 0
vn 0.39427557587623596 -0.91899228096008301 0
vn 0.39427557587623596 -0.91899228096008301 0
vn 0.39427557587623596 -0.91899228096008301 0
vn 0.39427557587623596 -0.91899228096008301 0
vn 0.39427557587623596 -0.91899228096008301 0
vn 0.39427557587623596 -0.91899228096008301 0
vn 0.39427557587623596 -0.91899228096008301 0
vn 0.39427557587623596 -0.91899228096008301 0
vn 0.39427557587623596 -0.91899228096008301 0
vn 0.39427557587623596 -0.91899228096008301 0
vn 0.39427557587623596 -0.91899228096008301 0
vn 0.39427557587623596 -0.91899228096008301 0
vn 0.39427557587623596 -0.91899228096008301 0
vn 0.39427557587623596 -0.91899228096008301 0
vn 0.39427557587623596 -0.91899228096008301 0
vn 0.39427557587623596 -0.91899228096008301 0
vn 0.39427557587623596 -0.91899228096008301 0
vn 0.39427557587623596 -0.91899228096008301 0
vn 0.39427557587623596 -0.91899228096008301 0
vn 0.39427557587623596 -0.91899228096008301 0
vn 0.39427557587623596 -0.91899228096008301 0
vn 0.39427557587623596 -0.91899228096008301 0
vn 0.39427557587623596 -0.91899228096008301 0
vn 0.39427557587623596 -0.91899228096008301 0
vn 0.39427557587623596 -0.91899228096008301 0
vn 0.39427557587623596 -0.91899228096008301 0
vn 0.39427557587623596 -0.91899228096008301 0
vn 0.39427557587623596 -0.91899228096008301 0
vn 0.39427557587623596 -0.91899228096008301 0
vn 0.39427557587623596 -0.91899228096008301 0
vn 0.39427557587623596 -0.91899228096008301 0
vn 0.39427557587623596 -0.91899228096008301 0
vn 0.39427557587623596 -0.91899228096008301 0
vn 0.39427557587623596 -0.91899228096008301 0
vn 0.39427557587623596 -0.91899228096008301 0
vn 0.39427557587623596 -0.91899228096008301 0
vn 0.39427557587623596 -0.91899228096008301 0
vn 0.39427557587623596 -0.91899228096008301 0
vn 0.39427557587623596 -0.91899228096008301 0
vn 0.39427557587623596 -0.91899228096008301 0
vn 0.39427557587623596 -0.91899228096008301 0
vn 0.39427557587623596 -0.91899228096008301 0
vn 0.39427557587623596 -0.91899228096008301 0
vn 0.39427557587623596 -0.91899228096008301 0
vn 0.39427557587623596 -0.91899228096008301 0
vn 0.39427557587623596 -0.91899228096008301 0
vn 0.39427557587623596 -0.91899228096008301 0
vn 0.39427557587623596 -0.91899228096008301 0
vn 0.39427557587623596 -0.91899228096008301 0
vn 0.39427557587623596 -0.91899228096008301 0
vn 0.39427557587623596 -0.91899228096008301 0
vn 0.39427557587623596 -0.91899228096008301 0
vn 0.39427557587623596 -0.91899228096008301 0
vn 0.39427557587623596 -0.91899228096008301 0
vn 0.39427557587623596 -0.91899228096008301 0
vn 0.39427557587623596 -0.91899228096008301 0
vn 0.39427557587623596 -0.91899228096008301 0
vn 0.39427557587623596 -0.91899228096008301 0
vn 0.39427557587623596 -0.91899228096008301 0
vn 0.39427557587623596 -0.91899228096008301 0
vn 0.39427557587623596 -0.91899228096008301 0
vn 0.39427557587623596 -0.91899228096008301 0
vn 0.39427557587623596 -0.91899228096008301 0
vn 0.39427557587623596 -0.91899228096008301 0
vn 0.39427557587623596 -0.91899228096008301 0
vn 0.39427557587623596 -0.91899228096008301 0
vn 0.39427557587623596 -0.91899228096008301 0
vn 0.39427557587623596 -0.91899228096008301 0
vn 0.39427557587623596 -0.91899228096008301 0
vn 0.39427557587623596 -0.91899228096008301 0
vn 0.39427557587623596 -0.91899228096008301 0
vn 0.39427557587623596 -0.91899228096008301 0
vn 0.39427557587623596 -0.91899228096008301 0
vn 0.39427557587623596 -0.91899228096008301 0
vn 0.39427557587623596 -0.91899228096008301 0
vn 0.39427557587623596 -0.91899228096008301 0
vn 0.39427557587623596 -0.91899228096008301 0
vn 0.39427557587623596 -0.91899228096008301 0
vn 0.39427557587623596 -0.91899228096008301 0
vn 0.39427557587623596 -0.91899228096008301 0
vn 0.71405470371246338 -0.70008993148803711 0
vn 0.71405470371246338 -0.70008993148803711 0
vn 0.71405470371246338 -0.70008993148803711 0
vn 0.71405470371246338 -0.70008993148803711 0
vn 0.71405470371246338 -0.70008993148803711 0
vn 0.71405470371246338 -0.70008993148803711 0
vn 0.71405470371246338 -0.70008993148803711 0
vn 0.71405470371246338 -0.70008993148803711 0
vn 0.71405470371246338 -0.70008993148803711 0
vn 0.71405470371246338 -0.70008993148803711 0
vn 0.71405470371246338 -0.70008993148803711 0
vn 0.71405470371246338 -0.70008993148803711 0
vn 0.71405470371246338 -0.70008993148803711 0
vn 0.71405470371246338 -0.70008993148803711 0
vn 0.71405470371246338 -0.70008993148803711 0
vn 0.71405470371246338 -0.70008993148803711 0
vn 0.71405470371246338 -0.70008993148803711 0
vn 0.71405470371246338 -0.70008993148803711 0
vn 0.71405470371246338 -0.70008993148803711 0
vn 0.71405470371246338 -0.70008993148803711 0
vn 0.71405470371246338 -0.70008993148803711 0
vn 0.71405470371246338 -0.70008993148803711 0
vn 0.71405470371246338 -0.70008993148803711 0
vn 0.71405470371246338 -0.70008993148803711 0
vn 0.71405470371246338 -0.70008993148803711 0
vn 0.71405470371246338 -0.70008993148803711 0
vn 0.71405470371246338 -0.70008993148803711 0
vn 0.71405470371246338 -0.70008993148803711 0
vn 0.71405470371246338 -0.70008993148803711 0
vn 0.71405470371246338 -0.70008993148803711 0
vn 0.71405470371246338 -0.70008993148803711 0
vn 0.71405470371246338 -0.70008993148803711 0
vn 0.71405470371246338 -0.70008993148803711 0
vn 0.71405470371246338 -0.70008993148803711 0
vn 0.71405470371246338 -0.70008993148803711 0
vn 0.71405470371246338 -0.70008993148803711 0
vn 0.71405470371246338 -0.70008993148803711 0
vn 0.71405470371246338 -0.70008993148803711 0
vn 0.71405470371246338 -0.70008993148803711 0
vn 0.71405470371246338 -0.70008993148803711 0
vn 0.71405470371246338 -0.70008993148803711 0
vn 0.71405470371246338 -0.70008993148803711 0
vn 0.71405470371246338 -0.70008993148803711 0
vn 0.71405470371246338 -0.70008993148803711 0
vn 0.71405470371246338 -0.70008993148803711 0
vn 0.71405470371246338 -0.70008993148803711 0
vn 0.71405470371246338 -0.70008993148803711 0
vn 0.71405470371246338 -0.70008993148803711 0
vn 0.71405470371246338 -0.70008993148803711 0
vn 0.71405470371246338 -0.70008993148803711 0
vn 0.71405470371246338 -0.70008993148803711 0
vn 0.71405470371246338 -0.70008993148803711 0
vn 0.71405470371246338 -0.70008993148803711 0
vn 0.71405470371246338 -0.70008993148803711 0
vn 0.71405470371246338 -0.70008993148803711 0
vn 0.71405470371246338 -0.70008993148803711 0
vn 0.71405470371246338 -0.70008993148803711 0
vn 0.71405470371246338 -0.70008993148803711 0
vn 0.71405470371246338 -0.70008993148803711 0
vn 0.71405470371246338 -0.70008993148803711 0
vn 0.71405470371246338 -0.70008993148803711 0
vn 0.71405470371246338 -0.70008993148803711 0
vn 0.71405470371246338 -0.70008993148803711 0
vn 0.71405470371246338 -0.70008993148803711 0
vn 0.71405470371246338 -0.70008993148803711 0
vn 0.71405470371246338 -0.70008993148803711 0
vn 0.71405470371246338 -0.70008993148803711 0
vn 0.71405470371246338 -0.70008993148803711 0
vn 0.71405470371246338 -0.70008993148803711 0
vn 0.71405470371246338 -0.70008993148803711 0
vn 0.71405470371246338 -0.70008993148803711 0
vn 0.71405470371246338 -0.70008993148803711 0
vn 0.71405470371246338 -0.70008993148803711 0
vn 0.71405470371246338 -0.70008993148803711 0
vn 0.71405470371246338 -0.70008993148803711 0
vn 0.71405470371246338 -0.70008993148803711 0
vn 0.71405470371246338 -0.70008993148803711 0
vn 0.71405470371246338 -0.70008993148803711 0
vn 0.71405470371246338 -0.70008993148803711 0
vn 0.71405470371246338 -0.70008993148803711 0
vn 0.92575770616531372 -0.37811726331710815 0
vn 0.92575770616531372 -0.37811726331710815 0
vn 0.92575770616531372 -0.37811726331710815 0
vn 0.92575770616531372 -0.37811726331710815 0
vn 0.92575770616531372 -0.37811726331710815 0
vn 0.92575770616531372 -0.37811726331710815 0
vn 0.92575770616531372 -0.37811726331710815 0
vn 0.92575770616531372 -0.37811726331710815 0
vn 0.92575770616531372 -0.37811726331710815 0
vn 0.92575770616531372 -0.37811726331710815 0
vn 0.92575770616531372 -0.37811726331710815 0
vn 0.92575770616531372 -0.37811726331710815 0
vn 0.92575770616531372 -0.37811726331710815 0
vn 0.92575770616531372 -0.37811726331710815 0
vn 0.92575770616531372 -0.37811726331710815 0
vn 0.92575770616531372 -0.37811726331710815 0
vn 0.92575770616531372 -0.37811726331710815 0
vn 0.92575770616531372 -0.37811726331710815 0
vn 0.92575770616531372 -0.37811726331710815 0
vn 0.92575770616531372 -0.37811726331710815 0
vn 0.92575770616531372 -0.37811726331710815 0
vn 0.92575770616531372 -0.37811726331710815 0
vn 0.92575770616531372 -0.37811726331710815 0
vn 0.92575770616531372 -0.37811726331710815 0
vn 0.92575770616531372 -0.37811726331710815 0
vn 0.92575770616531372 -0.37811726331710815 0
vn 0.92575770616531372 -0.37811726331710815 0
vn 0.92575770616531372 -0.37811726331710815 0
vn 0.92575770616531372 -0.37811726331710815 0
vn 0.92575770616531372 -0.37811726331710815 0
vn 0.92575770616531372 -0.37811726331710815 0
vn 0.92575770616531372 -0.37811726331710815 0
vn 0.92575770616531372 -0.37811726331710815 0
vn 0.92575770616531372 -0.37811726331710815 0
vn 0.92575770616531372 -0.37811726331710815 0
vn 0.92575770616531372 -0.37811726331710815 0
vn 0.92575770616531372 -0.37811726331710815 0
vn 0.92575770616531372 -0.37811726331710815 0
vn 0.92575770616531372 -0.37811726331710815 0
vn 0.92575770616531372 -0.37811726331710815 0
vn 0.92575770616531372 -0.37811726331710815 0
vn 0.92575770616531372 -0.37811726331710815 0
vn 0.92575770616531372 -0.37811726331710815 0
vn 0.92575770616531372 -0.37811726331710815 0
vn 0.92575770616531372 -0.37811726331710815 0
vn 0.92575770616531372 -0.37811726331710815 0
vn 0.92575770616531372 -0.37811726331710815 0
vn 0.92575770616531372 -0.37811726331710815 0
vn 0.92575770616531372 -0.37811726331710815 0
vn 0.92575770616531372 -0.37811726331710815 0
vn 0.92575770616531372 -0.37811726331710815 0
vn 0.92575770616531372 -0.37811726331710815 0
vn 0.92575770616531372 -0.37811726331710815 0
vn 0.92575770616531372 -0.37811726331710815 0
vn 0.92575770616531372 -0.37811726331710815 0
vn 0.92575770616531372 -0.37811726331710815 0
vn 0.92575770616531372 -0.37811726331710815 0
vn 0.92575770616531372 -0.37811726331710815 0
vn 0.92575770616531372 -0.37811726331710815 0
vn 0.92575770616531372 -0.37811726331710815 0
vn 0.92575770616531372 -0.37811726331710815 0
vn 0.92575770616531372 -0.37811726331710815 0
vn 0.92575770616531372 -0.37811726331710815 0
vn 0.92575770616531372 -0.37811726331710815 0
vn 0.92575770616531372 -0.37811726331710815 0
vn 0.92575770616531372 -0.37811726331710815 0
vn 0.92575770616531372 -0.37811726331710815 0
vn 0.92575770616531372 -0.37811726331710815 0
vn 0.92575770616531372 -0.37811726331710815 0
vn 0.92575770616531372 -0.37811726331710815 0
vn 0.92575770616531372 -0.37811726331710815 0
vn 0.92575770616531372 -0.37811726331710815 0
vn 0.92575770616531372 -0.37811726331710815 0
vn 0.92575770616531372 -0.37811726331710815 0
vn 0.92575770616531372 -0.37811726331710815 0
vn 0.92575770616531372 -0.37811726331710815 0
vn 0.92575770616531372 -0.37811726331710815 0
vn 0.92575770616531372 -0.37811726331710815 0
vn 0.92575770616531372 -0.37811726331710815 0
vn 0.92575770616531372 -0.37811726331710815 0
vn 1 0 0
vn 1 0 0
vn 1 0 0
vn 1 0 0
vn 1 0 0
vn 1 0 0
vn 1 0 0
vn 1 0 0
vn 1 0 0
vn 1 0 0
vn 1 0 0
vn 1 0 0
vn 1 0 0
vn 1 0 0
vn 1 0 0
vn 1 0 0
vn 1 0 0
vn 1 0 0
vn 1 0 0
vn 1 0 0
vn 1 0 0
vn 1 0 0
vn 1 0 0
vn 1 0 0
vn 1 0 0
vn 1 0 0
vn 1 0 0
vn 1 0 0
vn 1 0 0
vn 1 0 0
vn 1 0 0
vn 1 0 0
vn 1 0 0
vn 1 0 0
vn 1 0 0
vn 1 0 0
vn 1 0 0
vn 1 0 0
vn 1 0 0
vn 1 0 0
vn 1 0 0
vn 1 0 0
vn 1 0 0
vn 1 0 0
vn 1 0 0
vn 1 0 0
vn 1 0 0
vn 1 0 0
vn 1 0 0
vn 1 0 0
vn 1 0 0
vn 1 0 0
vn 1 0 0
vn 1 0 0
vn 1 0 0
vn 1 0 0
vn 1 0 0
vn 1 0 0
vn 1 0 0
vn 1 0 0
vn 1 0 0
vn 1 0 0
vn 1 0 0
vn 1 0 0
vn 1 0 0
vn 1 0 0
vn 1 0 0
vn 1 0 0
vn 1 0 0
vn 1 0 0
vn 1 0 0
vn 1 0 0
vn 1 0 0
vn 1 0 0
vn 1 0 0
vn 1 0 0
vn 1 0 0
vn 1 0 0
vn 1 0 0
vn 1 0 0
vn 1 0 0
vn 1 0 0
vn 0.38268342614173889 -0.92387950420379639 0
vn 0.70710676908493042 -0.70710676908493042 0
vn 0.92387950420379639 -0.38268342614173889 0
vn 0.39427557587623596 -0.91899228096008301 0
vn 0.20125573873519897 -0.97953873872756958 0
vn 0.20125573873519897 -0.97953873872756958 0
vn 0.71405470371246338 -0.70008993148803711 0
vn 0.56487035751342773 -0.82517963647842407 0
vn 0.56487035751342773 -0.82517963647842407 0
vn 0.92575770616531372 -0.37811726331710815 0
vn 0.83556133508682251 -0.54939717054367065 0
vn 0.83556133508682251 -0.54939717054367065 0
vn 0.98126393556594849 -0.19266848266124725 0
vn 0.98126393556594849 -0.19266848266124725 0
vn 0.92387950420379639 -0.38268342614173889 0
vn 0.70710676908493042 -0.70710676908493042 0
vn 0.38268342614173889 -0.92387950420379639 0
vn 0.92575770616531372 -0.37811726331710815 0
vn 0.98126393556594849 -0.19266848266124725 0
vn 0.98126393556594849 -0.19266848266124725 0
vn 0.71405470371246338 -0.70008993148803711 0
vn 0.83556133508682251 -0.54939717054367065 0
vn 0.83556133508682251 -0.54939717054367065 0
vn 0.39427557587623596 -0.91899228096008301 0
vn 0.56487035751342773 -0.82517963647842407 0
vn 0.56487035751342773 -0.82517963647842407 0
vn 0.20125573873519897 -0.97953873872756958 0
vn 0.20125573873519897 -0.97953873872756958 0
vn 0 0 1
vn 1 0 0
vn 0.39427557587623596 -0.29391971230506897 0.87072265148162842
vn 0.71405470371246338 -0.22390855848789215 0.66331809759140015
vn 0.92575770616531372 -0.12093259394168854 0.35825684666633606
vn 1 0 0
vn 0.39427557587623596 -0.548941969871521 0.73702746629714966
vn 0.71405470371246338 -0.41818496584892273 0.56146883964538574
vn 0.92575770616531372 -0.22586090862751007 0.30324825644493103
vn 1 0 0
vn 0.39427557587623596 -0.74772435426712036 0.53427994251251221
vn 0.71405470371246338 -0.56961774826049805 0.40701541304588318
vn 0.92575770616531372 -0.30764946341514587 0.21982826292514801
vn 1 0 0
vn 0.39427557587623596 -0.87512844800949097 0.28052976727485657
vn 0.71405470371246338 -0.66667443513870239 0.2137080579996109
vn 0.92575770616531372 -0.36006960272789001 0.11542332172393799
vn 0 -1 0
vn 1 0 0
vn 0 -0.22252093255519867 0.97492790222167969
vn 0 -0.43388372659683228 0.90096884965896606
vn 0 -0.62348979711532593 0.78183150291442871
vn 0 -0.78183150291442871 0.62348979711532593
vn 0 -0.90096884965896606 0.43388372659683228
vn 0 -0.97492790222167969 0.22252093255519867
vn 0.92387950420379639 0 0.38268342614173889
vn 0.70710676908493042 0 0.70710676908493042
vn 0.38268342614173889 0 0.92387950420379639
vn 0.98126393556594849 -0.061620831489562988 0.18254867196083069
vn 0.92575770616531372 -0.061276275664567947 0.37311911582946777
vn 0.98126393556594849 -0.031223136931657791 0.19012169539928436
vn 0.83556133508682251 -0.17571274936199188 0.52054035663604736
vn 0.71405470371246338 -0.11345396935939789 0.69083577394485474
vn 0.83556133508682251 -0.089033260941505432 0.54213494062423706
vn 0.56487035751342773 -0.26391580700874329 0.78183752298355103
vn 0.39427557587623596 -0.14892846345901489 0.90684455633163452
vn 0.56487035751342773 -0.13372553884983063 0.81427204608917236
vn 0.20125573873519897 -0.31328418850898743 0.9280889630317688
vn 0.20125573873519897 -0.15874040126800537 0.96659070253372192
vn 0.38268342614173889 -0.92387950420379639 0
vn 0.70710676908493042 -0.70710676908493042 0
vn 0.92387950420379639 -0.38268342614173889 0
vn 0.39427557587623596 -0.90796011686325073 0.14196915924549103
vn 0.20125573873519897 -0.9327850341796875 0.29901206493377686
vn 0.20125573873519897 -0.96777975559234619 0.15132260322570801
vn 0.71405470371246338 -0.69168561697006226 0.1081523597240448
vn 0.56487035751342773 -0.78579354286193848 0.25189271569252014
vn 0.56487035751342773 -0.81527364253997803 0.12747666239738464
vn 0.92575770616531372 -0.37357810139656067 0.058412887156009674
vn 0.83556133508682251 -0.5231742262840271 0.1677078902721405
vn 0.83556133508682251 -0.54280185699462891 0.084872812032699585
vn 0 0 1
vn 0 0 1
vn -0.39427557587623596 0 0.91899228096008301
vn -0.39427557587623596 0 0.91899228096008301
vn -0.39427557587623596 0 0.91899228096008301
vn -0.39427557587623596 0 0.91899228096008301
vn -0.39427557587623596 0 0.91899228096008301
vn -0.71405470371246338 0 0.70008993148803711
vn -0.71405470371246338 0 0.70008993148803711
vn -0.71405470371246338 0 0.70008993148803711
vn -0.71405470371246338 0 0.70008993148803711
vn -0.71405470371246338 0 0.70008993148803711
vn -0.92575770616531372 0 0.37811726331710815
vn -0.92575770616531372 0 0.37811726331710815
vn -0.92575770616531372 0 0.37811726331710815
vn -0.92575770616531372 0 0.37811726331710815
vn -0.92575770616531372 0 0.37811726331710815
vn -1 0 0
vn -1 0 0
vn -1 0 0
vn -1 0 0
vn -1 0 0
vn -0.91899228096008301 0 -0.39427557587623596
vn -0.91899228096008301 0 -0.39427557587623596
vn -0.91899228096008301 0 -0.39427557587623596
vn -0.91899228096008301 0 -0.39427557587623596
vn -0.91899228096008301 0 -0.39427557587623596
vn -0.70008993148803711 0 -0.71405470371246338
vn -0.70008993148803711 0 -0.71405470371246338
vn -0.70008993148803711 0 -0.71405470371246338
vn -0.70008993148803711 0 -0.71405470371246338
vn -0.70008993148803711 0 -0.71405470371246338
vn -0.37811726331710815 0 -0.92575770616531372
vn -0.37811726331710815 0 -0.92575770616531372
vn -0.37811726331710815 0 -0.92575770616531372
vn -0.37811726331710815 0 -0.92575770616531372
vn -0.37811726331710815 0 -0.92575770616531372
vn 0 0 -1
vn 0 0 -1
vn -0.37811726331710815 0 -0.92575770616531372
vn -0.19266848266124725 0 -0.98126393556594849
vn -0.19266848266124725 0 -0.98126393556594849
vn -0.70008993148803711 0 -0.71405470371246338
vn -0.54939717054367065 0 -0.83556133508682251
vn -0.54939717054367065 0 -0.83556133508682251
vn -0.91899228096008301 0 -0.39427557587623596
vn -0.82517963647842407 0 -0.56487035751342773
vn -0.82517963647842407 0 -0.56487035751342773
vn -1 0 0
vn -0.92575770616531372 0 0.37811726331710815
vn -0.98126393556594849 0 0.19266848266124725
vn -0.98126393556594849 0 0.19266848266124725
vn -0.71405470371246338 0 0.70008993148803711
vn -0.83556133508682251 0 0.54939717054367065
vn -0.83556133508682251 0 0.54939717054367065
vn -0.39427557587623596 0 0.91899228096008301
vn -0.56487035751342773 0 0.82517963647842407
vn -0.56487035751342773 0 0.82517963647842407
vn -0.20125573873519897 0 0.97953873872756958
vn -0.20125573873519897 0 0.97953873872756958
vn 0 0 1
vn 0 0 1
vn 0 0 1
vn 0 0 1
vn 0 0 1
vn -0.39427557587623596 0 0.91899228096008301
vn -0.20125573873519897 0 0.97953873872756958
vn -0.20125573873519897 0 0.97953873872756958
vn -0.71405470371246338 0 0.70008993148803711
vn -0.56487035751342773 0 0.82517963647842407
vn -0.56487035751342773 0 0.82517963647842407
vn -0.92575770616531372 0 0.37811726331710815
vn -0.83556133508682251 0 0.54939717054367065
vn -0.83556133508682251 0 0.54939717054367065
vn -1 0 0
vn -0.98126393556594849 0 0.19266848266124725
vn -0.98126393556594849 0 0.19266848266124725
vn -0.70008993148803711 0 -0.71405470371246338
vn -0.82517963647842407 0 -0.56487035751342773
vn -0.91899228096008301 0 -0.39427557587623596
vn -0.82517963647842407 0 -0.56487035751342773
vn -0.37811726331710815 0 -0.92575770616531372
vn -0.54939717054367065 0 -0.83556133508682251
vn -0.54939717054367065 0 -0.83556133508682251
vn -0.19266848266124725 0 -0.98126393556594849
vn -0.19266848266124725 0 -0.98126393556594849
vn 0 0 -1
vn 0 0 -1
vn 0 0 -1
vn 0 0 -1
vn 0 0 -1
vn 0 1 0
vn 0 1 0
vn 0 1 0
vn 0 1 0
vn 0 1 0
vn 0 1 0
vn 0 1 0
vn 0 1 0
vn 0 1 0
vn 0 1 0
vn 0 1 0
vn 0 1 0
vn 0 1 0
vn 0 1 0
vn 0 1 0
vn 0 1 0
vn 0 1 0
vn 0 1 0
vn 0 1 0
vn 0 1 0
vn 0 1 0
vn 0 1 0
vn 0 1 0
vn 0 1 0
vn 0 1 0
vn 0 0 1
vn 0 0 1
vn -0.39427557587623596 0 0.91899228096008301
vn -0.39427557587623596 0 0.91899228096008301
vn -0.39427557587623596 0 0.91899228096008301
vn -0.39427557587623596 0 0.91899228096008301
vn -0.39427557587623596 0 0.91899228096008301
vn -0.71405470371246338 0 0.70008993148803711
vn -0.71405470371246338 0 0.70008993148803711
vn -0.71405470371246338 0 0.70008993148803711
vn -0.71405470371246338 0 0.70008993148803711
vn -0.71405470371246338 0 0.70008993148803711
vn -0.92575770616531372 0 0.37811726331710815
vn -0.92575770616531372 0 0.37811726331710815
vn -0.92575770616531372 0 0.37811726331710815
vn -0.92575770616531372 0 0.37811726331710815
vn -0.92575770616531372 0 0.37811726331710815
vn -1 0 0
vn -1 0 0
vn -1 0 0
vn -1 0 0
vn -1 0 0
vn -0.91899228096008301 0 -0.39427557587623596
vn -0.91899228096008301 0 -0.39427557587623596
vn -0.91899228096008301 0 -0.39427557587623596
vn -0.91899228096008301 0 -0.39427557587623596
vn -0.91899228096008301 0 -0.39427557587623596
vn -0.70008993148803711 0 -0.71405470371246338
vn -0.70008993148803711 0 -0.71405470371246338
vn -0.70008993148803711 0 -0.71405470371246338
vn -0.70008993148803711 0 -0.71405470371246338
vn -0.70008993148803711 0 -0.71405470371246338
vn -0.37811726331710815 0 -0.92575770616531372
vn -0.37811726331710815 0 -0.92575770616531372
vn -0.37811726331710815 0 -0.92575770616531372
vn -0.37811726331710815 0 -0.92575770616531372
vn -0.37811726331710815 0 -0.92575770616531372
vn 0 0 -1
vn 0 0 -1
vn -0.37811726331710815 0 -0.92575770616531372
vn -0.19266848266124725 0 -0.98126393556594849
vn -0.19266848266124725 0 -0.98126393556594849
vn -0.70008993148803711 0 -0.71405470371246338
vn -0.54939717054367065 0 -0.83556133508682251
vn -0.54939717054367065 0 -0.83556133508682251
vn -0.91899228096008301 0 -0.39427557587623596
vn -0.82517963647842407 0 -0.56487035751342773
vn -0.82517963647842407 0 -0.56487035751342773
vn -1 0 0
vn -0.92575770616531372 0 0.37811726331710815
vn -0.98126393556594849 0 0.19266848266124725
vn -0.98126393556594849 0 0.19266848266124725
vn -0.71405470371246338 0 0.70008993148803711
vn -0.83556133508682251 0 0.54939717054367065
vn -0.83556133508682251 0 0.54939717054367065
vn -0.39427557587623596 0 0.91899228096008301
vn -0.56487035751342773 0 0.82517963647842407
vn -0.56487035751342773 0 0.82517963647842407
vn -0.20125573873519897 0 0.97953873872756958
vn -0.20125573873519897 0 0.97953873872756958
vn 0 0 1
vn 0 0 1
vn 0 0 1
vn 0 0 1
vn 0 0 1
vn -0.39427557587623596 0 0.91899228096008301
vn -0.20125573873519897 0 0.97953873872756958
vn -0.20125573873519897 0 0.97953873872756958
vn -0.71405470371246338 0 0.70008993148803711
vn -0.56487035751342773 0 0.82517963647842407
vn -0.56487035751342773 0 0.82517963647842407
vn -0.92575770616531372 0 0.37811726331710815
vn -0.83556133508682251 0 0.54939717054367065
vn -0.83556133508682251 0 0.54939717054367065
vn -1 0 0
vn -0.98126393556594849 0 0.19266848266124725
vn -0.98126393556594849 0 0.19266848266124725
vn -0.70008993148803711 0 -0.71405470371246338
vn -0.82517963647842407 0 -0.56487035751342773
vn -0.91899228096008301 0 -0.39427557587623596
vn -0.82517963647842407 0 -0.56487035751342773
vn -0.37811726331710815 0 -0.92575770616531372
vn -0.54939717054367065 0 -0.83556133508682251
vn -0.54939717054367065 0 -0.83556133508682251
vn -0.19266848266124725 0 -0.98126393556594849
vn -0.19266848266124725 0 -0.98126393556594849
vn 0 0 -1
vn 0 0 -1
vn 0 0 -1
vn 0 0 -1
vn 0 0 -1
vn 0 1 0
vn 0 1 0
vn 0 1 0
vn 0 1 0
vn 0 1 0
vn 0 1 0
vn 0 1 0
vn 0 1 0
vn 0 1 0
vn 0 1 0
vn 0 1 0
vn 0 1 0
vn 0 1 0
vn 0 1 0
vn 0 1 0
vn 0 1 0
vn 0 0 -1
vn 0 0 -1
vn 0.39427557587623596 0 -0.91899228096008301
vn 0.39427557587623596 0 -0.91899228096008301
vn 0.39427557587623596 0 -0.91899228096008301
vn 0.39427557587623596 0 -0.91899228096008301
vn 0.39427557587623596 0 -0.91899228096008301
vn 0.71405470371246338 0 -0.70008993148803711
vn 0.71405470371246338 0 -0.70008993148803711
vn 0.71405470371246338 0 -0.70008993148803711
vn 0.71405470371246338 0 -0.70008993148803711
vn 0.71405470371246338 0 -0.70008993148803711
vn 0.92575770616531372 0 -0.37811726331710815
vn 0.92575770616531372 0 -0.37811726331710815
vn 0.92575770616531372 0 -0.37811726331710815
vn 0.92575770616531372 0 -0.37811726331710815
vn 0.92575770616531372 0 -0.37811726331710815
vn 1 0 0
vn 1 0 0
vn 1 0 0
vn 1 0 0
vn 1 0 0
vn 0.91899228096008301 0 0.39427557587623596
vn 0.91899228096008301 0 0.39427557587623596
vn 0.91899228096008301 0 0.39427557587623596
vn 0.91899228096008301 0 0.39427557587623596
vn 0.91899228096008301 0 0.39427557587623596
vn 0.70008993148803711 0 0.71405470371246338
vn 0.70008993148803711 0 0.71405470371246338
vn 0.70008993148803711 0 0.71405470371246338
vn 0.70008993148803711 0 0.71405470371246338
vn 0.70008993148803711 0 0.71405470371246338
vn 0.37811726331710815 0 0.92575770616531372
vn 0.37811726331710815 0 0.92575770616531372
vn 0.37811726331710815 0 0.92575770616531372
vn 0.37811726331710815 0 0.92575770616531372
vn 0.37811726331710815 0 0.92575770616531372
vn 0 0 1
vn 0 0 1
vn 0.37811726331710815 0 0.92575770616531372
vn 0.19266848266124725 0 0.98126393556594849
vn 0.19266848266124725 0 0.98126393556594849
vn 0.70008993148803711 0 0.71405470371246338
vn 0.54939717054367065 0 0.83556133508682251
vn 0.54939717054367065 0 0.83556133508682251
vn 0.91899228096008301 0 0.39427557587623596
vn 0.82517963647842407 0 0.56487035751342773
vn 0.82517963647842407 0 0.56487035751342773
vn 1 0 0
vn 0.92575770616531372 0 -0.37811726331710815
vn 0.98126393556594849 0 -0.19266848266124725
vn 0.98126393556594849 0 -0.19266848266124725
vn 0.71405470371246338 0 -0.70008993148803711
vn 0.83556133508682251 0 -0.54939717054367065
vn 0.83556133508682251 0 -0.54939717054367065
vn 0.39427557587623596 0 -0.91899228096008301
vn 0.56487035751342773 0 -0.82517963647842407
vn 0.56487035751342773 0 -0.82517963647842407
vn 0.20125573873519897 0 -0.97953873872756958
vn 0.20125573873519897 0 -0.97953873872756958
vn 0 0 1
vn 0 0 1
vn 0 0 1
vn 0 0 1
vn 0 0 1
vn 0 0 -1
vn 0 0 -1
vn 0 0 -1
vn 0 0 -1
vn 0 0 -1
vn 0.39427557587623596 0 -0.91899228096008301
vn 0.20125573873519897 0 -0.97953873872756958
vn 0.20125573873519897 0 -0.97953873872756958
vn 0.71405470371246338 0 -0.70008993148803711
vn 0.56487035751342773 0 -0.82517963647842407
vn 0.56487035751342773 0 -0.82517963647842407
vn 0.92575770616531372 0 -0.37811726331710815
vn 0.83556133508682251 0 -0.54939717054367065
vn 0.83556133508682251 0 -0.54939717054367065
vn 1 0 0
vn 0.98126393556594849 0 -0.19266848266124725
vn 0.98126393556594849 0 -0.19266848266124725
vn 0.70008993148803711 0 0.71405470371246338
vn 0.82517963647842407 0 0.56487035751342773
vn 0.91899228096008301 0 0.39427557587623596
vn 0.82517963647842407 0 0.56487035751342773
vn 0.37811726331710815 0 0.92575770616531372
vn 0.54939717054367065 0 0.83556133508682251
vn 0.54939717054367065 0 0.83556133508682251
vn 0.19266848266124725 0 0.98126393556594849
vn 0.19266848266124725 0 0.98126393556594849
vn 0 0 -1
vn 0 0 -1
vn 0.39427557587623596 0 -0.91899228096008301
vn 0.39427557587623596 0 -0.91899228096008301
vn 0.39427557587623596 0 -0.91899228096008301
vn 0.39427557587623596 0 -0.91899228096008301
vn 0.39427557587623596 0 -0.91899228096008301
vn 0.71405470371246338 0 -0.70008993148803711
vn 0.71405470371246338 0 -0.70008993148803711
vn 0.71405470371246338 0 -0.70008993148803711
vn 0.71405470371246338 0 -0.70008993148803711
vn 0.71405470371246338 0 -0.70008993148803711
vn 0.92575770616531372 0 -0.37811726331710815
vn 0.92575770616531372 0 -0.37811726331710815
vn 0.92575770616531372 0 -0.37811726331710815
vn 0.92575770616531372 0 -0.37811726331710815
vn 0.92575770616531372 0 -0.37811726331710815
vn 1 0 0
vn 1 0 0
vn 1 0 0
vn 1 0 0
vn 1 0 0
vn 0.91899228096008301 0 0.39427557587623596
vn 0.91899228096008301 0 0.39427557587623596
vn 0.91899228096008301 0 0.39427557587623596
vn 0.91899228096008301 0 0.39427557587623596
vn 0.91899228096008301 0 0.39427557587623596
vn 0.70008993148803711 0 0.71405470371246338
vn 0.70008993148803711 0 0.71405470371246338
vn 0.70008993148803711 0 0.71405470371246338
vn 0.70008993148803711 0 0.71405470371246338
vn 0.70008993148803711 0 0.71405470371246338
vn 0.37811726331710815 0 0.92575770616531372
vn 0.37811726331710815 0 0.92575770616531372
vn 0.37811726331710815 0 0.92575770616531372
vn 0.37811726331710815 0 0.92575770616531372
vn 0.37811726331710815 0 0.92575770616531372
vn 0 0 1
vn 0 0 1
vn 0.37811726331710815 0 0.92575770616531372
vn 0.19266848266124725 0 0.98126393556594849
vn 0.19266848266124725 0 0.98126393556594849
vn 0.70008993148803711 0 0.71405470371246338
vn 0.54939717054367065 0 0.83556133508682251
vn 0.54939717054367065 0 0.83556133508682251
vn 0.91899228096008301 0 0.39427557587623596
vn 0.82517963647842407 0 0.56487035751342773
vn 0.82517963647842407 0 0.56487035751342773
vn 1 0 0
vn 0.92575770616531372 0 -0.37811726331710815
vn 0.98126393556594849 0 -0.19266848266124725
vn 0.98126393556594849 0 -0.19266848266124725
vn 0.71405470371246338 0 -0.70008993148803711
vn 0.83556133508682251 0 -0.54939717054367065
vn 0.83556133508682251 0 -0.54939717054367065
vn 0.39427557587623596 0 -0.91899228096008301
vn 0.56487035751342773 0 -0.82517963647842407
vn 0.56487035751342773 0 -0.82517963647842407
vn 0.20125573873519897 0 -0.97953873872756958
vn 0.20125573873519897 0 -0.97953873872756958
vn 0 0 1
vn 0 0 1
vn 0 0 1
vn 0 0 1
vn 0 0 1
vn 0 0 -1
vn 0 0 -1
vn 0 0 -1
vn 0 0 -1
vn 0 0 -1
vn 0.39427557587623596 0 -0.91899228096008301
vn 0.20125573873519897 0 -0.97953873872756958
vn 0.20125573873519897 0 -0.97953873872756958
vn 0.71405470371246338 0 -0.70008993148803711
vn 0.56487035751342773 0 -0.82517963647842407
vn 0.56487035751342773 0 -0.82517963647842407
vn 0.92575770616531372 0 -0.37811726331710815
vn 0.83556133508682251 0 -0.54939717054367065
vn 0.83556133508682251 0 -0.54939717054367065
vn 1 0 0
vn 0.98126393556594849 0 -0.19266848266124725
vn 0.98126393556594849 0 -0.19266848266124725
vn 0.70008993148803711 0 0.71405470371246338
vn 0.82517963647842407 0 0.56487035751342773
vn 0.91899228096008301 0 0.39427557587623596
vn 0.82517963647842407 0 0.56487035751342773
vn 0.37811726331710815 0 0.92575770616531372
vn 0.54939717054367065 0 0.83556133508682251
vn 0.54939717054367065 0 0.83556133508682251
vn 0.19266848266124725 0 0.98126393556594849
vn 0.19266848266124725 0 0.98126393556594849
f 31/31/31 30/30/30 28/28/28 29/29/29
f 34/34/34 33/33/33 26/26/26 32/32/32
f 29/29/29 28/28/28 33/33/33 34/34/34
f 33/33/33 25/25/25 26/26/26
f 27/27/27 33/33/33 28/28/28
f 25/25/25 33/33/33 27/27/27
f 39/39/39 38/38/38 36/36/36 37/37/37
f 32/32/32 26/26/26 38/38/38 39/39/39
f 37/37/37 36/36/36 40/40/40 41/41/41
f 38/38/38 35/35/35 36/36/36
f 25/25/25 38/38/38 26/26/26
f 35/35/35 38/38/38 25/25/25
f 68/68/68 25/25/25 62/62/62
f 35/35/35 68/68/68 63/63/63
f 25/25/25 68/68/68 35/35/35
f 63/63/63 64/64/64 66/66/66 65/65/65
f 62/62/62 67/67/67 69/69/69 68/68/68
f 68/68/68 69/69/69 64/64/64 63/63/63
f 72/72/72 27/27/27 70/70/70
f 25/25/25 72/72/72 62/62/62
f 27/27/27 72/72/72 25/25/25
f 70/70/70 71/71/71 73/73/73 72/72/72
f 72/72/72 73/73/73 67/67/67 62/62/62
f 74/74/74 75/75/75 71/71/71 70/70/70
f 66/66/66 42/42/42 1/1/1
f 66/66/66 44/44/44 43/43/43
f 66/66/66 43/43/43 42/42/42
f 1/1/1 65/65/65 66/66/66
f 64/64/64 45/45/45 44/44/44 66/66/66
f 45/45/45 64/64/64 46/46/46
f 65/65/65 1/1/1 2/2/2 40/40/40
f 64/64/64 48/48/48 47/47/47
f 69/69/69 50/50/50 49/49/49
f 69/69/69 49/49/49 48/48/48
f 67/67/67 51/51/51 50/50/50 69/69/69
f 48/48/48 64/64/64 69/69/69
f 52/52/52 51/51/51 67/67/67
f 46/46/46 64/64/64 47/47/47
f 35/35/35 63/63/63 65/65/65
f 41/41/41 2/2/2 24/24/24
f 2/2/2 41/41/41 40/40/40
f 41/41/41 22/22/22 21/21/21 37/37/37
f 23/23/23 41/41/41 24/24/24
f 41/41/41 23/23/23 22/22/22
f 21/21/21 20/20/20 37/37/37
f 40/40/40 36/36/36 35/35/35
f 37/37/37 19/19/19 18/18/18 39/39/39
f 39/39/39 17/17/17 16/16/16
f 16/16/16 15/15/15 32/32/32
f 17/17/17 39/39/39 18/18/18
f 32/32/32 39/39/39 16/16/16
f 20/20/20 19/19/19 37/37/37
f 35/35/35 65/65/65 40/40/40
f 73/73/73 53/53/53 52/52/52 67/67/67
f 73/73/73 55/55/55 54/54/54
f 73/73/73 54/54/54 53/53/53
f 71/71/71 56/56/56 55/55/55 73/73/73
f 71/71/71 57/57/57 56/56/56
f 75/75/75 59/59/59 58/58/58 71/71/71
f 75/75/75 60/60/60 59/59/59
f 70/70/70 27/27/27 74/74/74
f 74/74/74 3/3/3 75/75/75
f 61/61/61 75/75/75 3/3/3
f 30/30/30 74/74/74 27/27/27
f 61/61/61 60/60/60 75/75/75
f 30/30/30 4/4/4 3/3/3 74/74/74
f 71/71/71 58/58/58 57/57/57
f 15/15/15 14/14/14 32/32/32
f 32/32/32 14/14/14 13/13/13
f 34/34/34 32/32/32 13/13/13
f 34/34/34 11/11/11 10/10/10 29/29/29
f 34/34/34 13/13/13 12/12/12
f 11/11/11 34/34/34 12/12/12
f 10/10/10 9/9/9 29/29/29
f 29/29/29 9/9/9 8/8/8
f 4/4/4 30/30/30 31/31/31
f 29/29/29 8/8/8 7/7/7 31/31/31
f 31/31/31 6/6/6 5/5/5
f 31/31/31 5/5/5 4/4/4
f 6/6/6 31/31/31 7/7/7
f 30/30/30 27/27/27 28/28/28
f 226/226/226 225/225/225 223/223/223 224/224/224
f 218/218/218 211/211/211 225/225/225 226/226/226
f 229/229/229 228/228/228 221/221/221 227/227/227
f 224/224/224 223/223/223 228/228/228 229/229/229
f 228/228/228 214/214/214 221/221/221
f 222/222/222 228/228/228 223/223/223
f 214/214/214 228/228/228 222/222/222
f 225/225/225 222/222/222 223/223/223
f 194/194/194 225/225/225 211/211/211
f 222/222/222 225/225/225 194/194/194
f 234/234/234 233/233/233 231/231/231 232/232/232
f 227/227/227 221/221/221 233/233/233 234/234/234
f 232/232/232 231/231/231 235/235/235 236/236/236
f 233/233/233 230/230/230 231/231/231
f 214/214/214 233/233/233 221/221/221
f 230/230/230 233/233/233 214/214/214
f 323/323/323 214/214/214 317/317/317
f 230/230/230 323/323/323 318/318/318
f 214/214/214 323/323/323 230/230/230
f 318/318/318 319/319/319 321/321/321 320/320/320
f 317/317/317 322/322/322 324/324/324 323/323/323
f 323/323/323 324/324/324 319/319/319 318/318/318
f 331/331/331 194/194/194 325/325/325
f 222/222/222 331/331/331 326/326/326
f 194/194/194 331/331/331 222/222/222
f 328/328/328 222/222/222 326/326/326
f 214/214/214 328/328/328 317/317/317
f 222/222/222 328/328/328 214/214/214
f 326/326/326 327/327/327 329/329/329 328/328/328
f 328/328/328 329/329/329 322/322/322 317/317/317
f 325/325/325 330/330/330 332/332/332 331/331/331
f 331/331/331 332/332/332 327/327/327 326/326/326
f 207/207/207 206/206/206 204/204/204 205/205/205
f 199/199/199 191/191/191 206/206/206 207/207/207
f 210/210/210 209/209/209 202/202/202 208/208/208
f 205/205/205 204/204/204 209/209/209 210/210/210
f 209/209/209 195/195/195 202/202/202
f 203/203/203 209/209/209 204/204/204
f 195/195/195 209/209/209 203/203/203
f 206/206/206 203/203/203 204/204/204
f 174/174/174 206/206/206 191/191/191
f 203/203/203 206/206/206 174/174/174
f 217/217/217 216/216/216 213/213/213 215/215/215
f 208/208/208 202/202/202 216/216/216 217/217/217
f 220/220/220 219/219/219 211/211/211 218/218/218
f 215/215/215 213/213/213 219/219/219 220/220/220
f 219/219/219 194/194/194 211/211/211
f 212/212/212 219/219/219 213/213/213
f 194/194/194 219/219/219 212/212/212
f 216/216/216 212/212/212 213/213/213
f 195/195/195 216/216/216 202/202/202
f 212/212/212 216/216/216 195/195/195
f 339/339/339 195/195/195 333/333/333
f 212/212/212 339/339/339 334/334/334
f 195/195/195 339/339/339 212/212/212
f 336/336/336 212/212/212 334/334/334
f 194/194/194 336/336/336 325/325/325
f 212/212/212 336/336/336 194/194/194
f 334/334/334 335/335/335 337/337/337 336/336/336
f 336/336/336 337/337/337 330/330/330 325/325/325
f 333/333/333 338/338/338 340/340/340 339/339/339
f 339/339/339 340/340/340 335/335/335 334/334/334
f 347/347/347 174/174/174 341/341/341
f 203/203/203 347/347/347 342/342/342
f 174/174/174 347/347/347 203/203/203
f 344/344/344 203/203/203 342/342/342
f 195/195/195 344/344/344 333/333/333
f 203/203/203 344/344/344 195/195/195
f 342/342/342 343/343/343 345/345/345 344/344/344
f 344/344/344 345/345/345 338/338/338 333/333/333
f 341/341/341 346/346/346 348/348/348 347/347/347
f 347/347/347 348/348/348 343/343/343 342/342/342
f 187/187/187 186/186/186 184/184/184 185/185/185
f 179/179/179 171/171/171 186/186/186 187/187/187
f 190/190/190 189/189/189 182/182/182 188/188/188
f 185/185/185 184/184/184 189/189/189 190/190/190
f 189/189/189 175/175/175 182/182/182
f 183/183/183 189/189/189 184/184/184
f 175/175/175 189/189/189 183/183/183
f 186/186/186 183/183/183 184/184/184
f 160/160/160 186/186/186 171/171/171
f 183/183/183 186/186/186 160/160/160
f 198/198/198 197/197/197 193/193/193 196/196/196
f 188/188/188 182/182/182 197/197/197 198/198/198
f 201/201/201 200/200/200 191/191/191 199/199/199
f 196/196/196 193/193/193 200/200/200 201/201/201
f 200/200/200 174/174/174 191/191/191
f 192/192/192 200/200/200 193/193/193
f 174/174/174 200/200/200 192/192/192
f 197/197/197 192/192/192 193/193/193
f 175/175/175 197/197/197 182/182/182
f 192/192/192 197/197/197 175/175/175
f 355/355/355 175/175/175 349/349/349
f 192/192/192 355/355/355 350/350/350
f 175/175/175 355/355/355 192/192/192
f 352/352/352 192/192/192 350/350/350
f 174/174/174 352/352/352 341/341/341
f 192/192/192 352/352/352 174/174/174
f 350/350/350 351/351/351 353/353/353 352/352/352
f 352/352/352 353/353/353 346/346/346 341/341/341
f 349/349/349 354/354/354 356/356/356 355/355/355
f 355/355/355 356/356/356 351/351/351 350/350/350
f 363/363/363 160/160/160 357/357/357
f 183/183/183 363/363/363 358/358/358
f 160/160/160 363/363/363 183/183/183
f 360/360/360 183/183/183 358/358/358
f 175/175/175 360/360/360 349/349/349
f 183/183/183 360/360/360 175/175/175
f 358/358/358 359/359/359 361/361/361 360/360/360
f 360/360/360 361/361/361 354/354/354 349/349/349
f 357/357/357 362/362/362 364/364/364 363/363/363
f 363/363/363 364/364/364 359/359/359 358/358/358
f 167/167/167 166/166/166 164/164/164 165/165/165
f 170/170/170 169/169/169 162/162/162 168/168/168
f 165/165/165 164/164/164 169/169/169 170/170/170
f 169/169/169 161/161/161 162/162/162
f 163/163/163 169/169/169 164/164/164
f 161/161/161 169/169/169 163/163/163
f 178/178/178 177/177/177 173/173/173 176/176/176
f 168/168/168 162/162/162 177/177/177 178/178/178
f 181/181/181 180/180/180 171/171/171 179/179/179
f 176/176/176 173/173/173 180/180/180 181/181/181
f 180/180/180 160/160/160 171/171/171
f 172/172/172 180/180/180 173/173/173
f 160/160/160 180/180/180 172/172/172
f 177/177/177 172/172/172 173/173/173
f 161/161/161 177/177/177 162/162/162
f 172/172/172 177/177/177 161/161/161
f 371/371/371 161/161/161 365/365/365
f 172/172/172 371/371/371 366/366/366
f 161/161/161 371/371/371 172/172/172
f 368/368/368 172/172/172 366/366/366
f 160/160/160 368/368/368 357/357/357
f 172/172/172 368/368/368 160/160/160
f 366/366/366 367/367/367 369/369/369 368/368/368
f 368/368/368 369/369/369 362/362/362 357/357/357
f 365/365/365 370/370/370 372/372/372 371/371/371
f 371/371/371 372/372/372 367/367/367 366/366/366
f 375/375/375 163/163/163 373/373/373
f 161/161/161 375/375/375 365/365/365
f 163/163/163 375/375/375 161/161/161
f 373/373/373 374/374/374 376/376/376 375/375/375
f 375/375/375 376/376/376 370/370/370 365/365/365
f 377/377/377 378/378/378 374/374/374 373/373/373
f 321/321/321 237/237/237 76/76/76
f 321/321/321 238/238/238 237/237/237
f 321/321/321 240/240/240 239/239/239
f 319/319/319 242/242/242 241/241/241
f 319/319/319 241/241/241 240/240/240
f 321/321/321 239/239/239 238/238/238
f 324/324/324 244/244/244 243/243/243
f 324/324/324 245/245/245 244/244/244
f 322/322/322 247/247/247 246/246/246
f 329/329/329 249/249/249 248/248/248
f 329/329/329 248/248/248 247/247/247
f 322/322/322 246/246/246 245/245/245
f 324/324/324 243/243/243 242/242/242
f 319/319/319 240/240/240 321/321/321
f 324/324/324 242/242/242 319/319/319
f 230/230/230 318/318/318 320/320/320
f 329/329/329 247/247/247 322/322/322
f 324/324/324 322/322/322 245/245/245
f 76/76/76 320/320/320 321/321/321
f 327/327/327 251/251/251 250/250/250
f 332/332/332 253/253/253 252/252/252
f 327/327/327 252/252/252 251/251/251
f 332/332/332 252/252/252 327/327/327
f 332/332/332 255/255/255 254/254/254
f 332/332/332 254/254/254 253/253/253
f 330/330/330 255/255/255 332/332/332
f 327/327/327 250/250/250 249/249/249 329/329/329
f 235/235/235 320/320/320 76/76/76
f 330/330/330 257/257/257 256/256/256
f 330/330/330 258/258/258 257/257/257
f 337/337/337 260/260/260 259/259/259
f 335/335/335 262/262/262 261/261/261
f 335/335/335 261/261/261 260/260/260
f 337/337/337 259/259/259 258/258/258
f 340/340/340 264/264/264 263/263/263
f 338/338/338 266/266/266 265/265/265
f 340/340/340 265/265/265 264/264/264
f 338/338/338 268/268/268 267/267/267
f 345/345/345 270/270/270 269/269/269
f 345/345/345 269/269/269 268/268/268
f 338/338/338 267/267/267 266/266/266
f 335/335/335 263/263/263 262/262/262
f 330/330/330 337/337/337 258/258/258
f 270/270/270 343/343/343 271/271/271
f 337/337/337 335/335/335 260/260/260
f 340/340/340 263/263/263 335/335/335
f 345/345/345 268/268/268 338/338/338
f 340/340/340 338/338/338 265/265/265
f 270/270/270 345/345/345 343/343/343
f 343/343/343 273/273/273 272/272/272
f 348/348/348 275/275/275 274/274/274
f 348/348/348 274/274/274 273/273/273
f 348/348/348 273/273/273 343/343/343
f 346/346/346 276/276/276 275/275/275 348/348/348
f 277/277/277 276/276/276 346/346/346
f 271/271/271 343/343/343 272/272/272
f 255/255/255 330/330/330 256/256/256
f 320/320/320 235/235/235 230/230/230
f 236/236/236 157/157/157 156/156/156
f 77/77/77 236/236/236 235/235/235
f 236/236/236 77/77/77 159/159/159
f 236/236/236 158/158/158 157/157/157
f 158/158/158 236/236/236 159/159/159
f 230/230/230 235/235/235 231/231/231
f 76/76/76 77/77/77 235/235/235
f 232/232/232 236/236/236 156/156/156
f 234/234/234 152/152/152 151/151/151 227/227/227
f 229/229/229 147/147/147 146/146/146 224/224/224
f 227/227/227 149/149/149 148/148/148 229/229/229
f 232/232/232 154/154/154 153/153/153 234/234/234
f 224/224/224 144/144/144 143/143/143 226/226/226
f 232/232/232 156/156/156 155/155/155
f 232/232/232 155/155/155 154/154/154
f 234/234/234 153/153/153 152/152/152
f 227/227/227 151/151/151 150/150/150
f 147/147/147 229/229/229 148/148/148
f 224/224/224 145/145/145 144/144/144
f 226/226/226 143/143/143 142/142/142
f 145/145/145 224/224/224 146/146/146
f 149/149/149 227/227/227 150/150/150
f 142/142/142 141/141/141 226/226/226
f 218/218/218 141/141/141 140/140/140
f 226/226/226 141/141/141 218/218/218
f 218/218/218 139/139/139 138/138/138 220/220/220
f 218/218/218 140/140/140 139/139/139
f 220/220/220 138/138/138 137/137/137
f 137/137/137 136/136/136 220/220/220
f 134/134/134 215/215/215 135/135/135
f 217/217/217 131/131/131 130/130/130 208/208/208
f 215/215/215 134/134/134 133/133/133 217/217/217
f 135/135/135 215/215/215 136/136/136
f 210/210/210 126/126/126 125/125/125 205/205/205
f 208/208/208 129/129/129 128/128/128 210/210/210
f 205/205/205 124/124/124 123/123/123 207/207/207
f 220/220/220 136/136/136 215/215/215
f 217/217/217 133/133/133 132/132/132
f 129/129/129 208/208/208 130/130/130
f 131/131/131 217/217/217 132/132/132
f 210/210/210 127/127/127 126/126/126
f 205/205/205 125/125/125 124/124/124
f 207/207/207 123/123/123 122/122/122
f 121/121/121 120/120/120 199/199/199
f 121/121/121 207/207/207 122/122/122
f 127/127/127 210/210/210 128/128/128
f 207/207/207 121/121/121 199/199/199
f 353/353/353 278/278/278 277/277/277 346/346/346
f 353/353/353 279/279/279 278/278/278
f 351/351/351 281/281/281 280/280/280
f 351/351/351 283/283/283 282/282/282
f 351/351/351 282/282/282 281/281/281
f 353/353/353 280/280/280 279/279/279
f 356/356/356 285/285/285 284/284/284
f 354/354/354 286/286/286 285/285/285
f 354/354/354 288/288/288 287/287/287
f 361/361/361 290/290/290 289/289/289
f 361/361/361 289/289/289 288/288/288
f 354/354/354 287/287/287 286/286/286
f 356/356/356 284/284/284 283/283/283
f 353/353/353 351/351/351 280/280/280
f 359/359/359 291/291/291 290/290/290
f 351/351/351 356/356/356 283/283/283
f 354/354/354 285/285/285 356/356/356
f 359/359/359 290/290/290 361/361/361
f 354/354/354 361/361/361 288/288/288
f 359/359/359 292/292/292 291/291/291
f 364/364/364 293/293/293 292/292/292 359/359/359
f 364/364/364 295/295/295 294/294/294
f 364/364/364 294/294/294 293/293/293
f 362/362/362 296/296/296 295/295/295 364/364/364
f 298/298/298 297/297/297 362/362/362
f 296/296/296 362/362/362 297/297/297
f 369/369/369 299/299/299 298/298/298
f 369/369/369 300/300/300 299/299/299
f 367/367/367 302/302/302 301/301/301
f 372/372/372 304/304/304 303/303/303
f 367/367/367 303/303/303 302/302/302
f 369/369/369 301/301/301 300/300/300
f 372/372/372 306/306/306 305/305/305
f 370/370/370 308/308/308 307/307/307
f 370/370/370 307/307/307 306/306/306
f 376/376/376 310/310/310 309/309/309
f 374/374/374 312/312/312 311/311/311
f 376/376/376 311/311/311 310/310/310
f 376/376/376 309/309/309 308/308/308
f 372/372/372 305/305/305 304/304/304
f 367/367/367 301/301/301 369/369/369
f 372/372/372 303/303/303 367/367/367
f 376/376/376 308/308/308 370/370/370
f 376/376/376 374/374/374 311/311/311
f 372/372/372 370/370/370 306/306/306
f 378/378/378 314/314/314 313/313/313
f 378/378/378 316/316/316 315/315/315
f 378/378/378 315/315/315 314/314/314
f 373/373/373 163/163/163 377/377/377
f 166/166/166 377/377/377 163/163/163
f 378/378/378 377/377/377 78/78/78
f 78/78/78 316/316/316 378/378/378
f 78/78/78 377/377/377 166/166/166
f 378/378/378 313/313/313 374/374/374
f 312/312/312 374/374/374 313/313/313
f 362/362/362 369/369/369 298/298/298
f 118/118/118 199/199/199 119/119/119
f 201/201/201 199/199/199 118/118/118
f 120/120/120 119/119/119 199/199/199
f 201/201/201 118/118/118 117/117/117
f 116/116/116 115/115/115 196/196/196
f 116/116/116 201/201/201 117/117/117
f 196/196/196 201/201/201 116/116/116
f 114/114/114 196/196/196 115/115/115
f 196/196/196 114/114/114 113/113/113 198/198/198
f 188/188/188 109/109/109 108/108/108 190/190/190
f 185/185/185 104/104/104 103/103/103 187/187/187
f 190/190/190 106/106/106 105/105/105 185/185/185
f 198/198/198 111/111/111 110/110/110 188/188/188
f 187/187/187 101/101/101 100/100/100 179/179/179
f 198/198/198 113/113/113 112/112/112
f 109/109/109 188/188/188 110/110/110
f 111/111/111 198/198/198 112/112/112
f 190/190/190 107/107/107 106/106/106
f 185/185/185 105/105/105 104/104/104
f 187/187/187 103/103/103 102/102/102
f 101/101/101 187/187/187 102/102/102
f 107/107/107 190/190/190 108/108/108
f 100/100/100 99/99/99 179/179/179
f 98/98/98 179/179/179 99/99/99
f 179/179/179 98/98/98 97/97/97 181/181/181
f 181/181/181 96/96/96 95/95/95 176/176/176
f 96/96/96 181/181/181 97/97/97
f 95/95/95 94/94/94 176/176/176
f 176/176/176 93/93/93 92/92/92 178/178/178
f 163/163/163 164/164/164 166/166/166
f 168/168/168 88/88/88 87/87/87 170/170/170
f 178/178/178 91/91/91 90/90/90 168/168/168
f 170/170/170 86/86/86 85/85/85 165/165/165
f 165/165/165 83/83/83 82/82/82 167/167/167
f 167/167/167 79/79/79 166/166/166
f 94/94/94 93/93/93 176/176/176
f 178/178/178 92/92/92 91/91/91
f 168/168/168 90/90/90 89/89/89
f 88/88/88 168/168/168 89/89/89
f 165/165/165 84/84/84 83/83/83
f 84/84/84 165/165/165 85/85/85
f 167/167/167 82/82/82 81/81/81
f 167/167/167 80/80/80 79/79/79
f 80/80/80 167/167/167 81/81/81
f 86/86/86 170/170/170 87/87/87
f 79/79/79 78/78/78 166/166/166
f 408/408/408 407/407/407 405/405/405 406/406/406
f 411/411/411 410/410/410 403/403/403 409/409/409
f 406/406/406 405/405/405 410/410/410 411/411/411
f 410/410/410 402/402/402 403/403/403
f 404/404/404 410/410/410 405/405/405
f 402/402/402 410/410/410 404/404/404
f 416/416/416 415/415/415 413/413/413 414/414/414
f 409/409/409 403/403/403 415/415/415 416/416/416
f 414/414/414 413/413/413 417/417/417 418/418/418
f 415/415/415 412/412/412 413/413/413
f 402/402/402 415/415/415 403/403/403
f 412/412/412 415/415/415 402/402/402
f 445/445/445 402/402/402 439/439/439
f 412/412/412 445/445/445 440/440/440
f 402/402/402 445/445/445 412/412/412
f 440/440/440 441/441/441 443/443/443 442/442/442
f 439/439/439 444/444/444 446/446/446 445/445/445
f 445/445/445 446/446/446 441/441/441 440/440/440
f 449/449/449 404/404/404 447/447/447
f 402/402/402 449/449/449 439/439/439
f 404/404/404 449/449/449 402/402/402
f 447/447/447 448/448/448 450/450/450 449/449/449
f 449/449/449 450/450/450 444/444/444 439/439/439
f 451/451/451 452/452/452 448/448/448 447/447/447
f 443/443/443 419/419/419 379/379/379
f 443/443/443 421/421/421 420/420/420
f 443/443/443 420/420/420 419/419/419
f 379/379/379 442/442/442 443/443/443
f 441/441/441 422/422/422 421/421/421 443/443/443
f 422/422/422 441/441/441 423/423/423
f 442/442/442 379/379/379 380/380/380 417/417/417
f 441/441/441 425/425/425 424/424/424
f 446/446/446 427/427/427 426/426/426
f 446/446/446 426/426/426 425/425/425
f 425/425/425 441/441/441 446/446/446
f 444/444/444 428/428/428 427/427/427 446/446/446
f 423/423/423 441/441/441 424/424/424
f 412/412/412 440/440/440 442/442/442
f 418/418/418 380/380/380 401/401/401
f 380/380/380 418/418/418 417/417/417
f 418/418/418 399/399/399 398/398/398 414/414/414
f 400/400/400 418/418/418 401/401/401
f 418/418/418 400/400/400 399/399/399
f 398/398/398 397/397/397 414/414/414
f 417/417/417 413/413/413 412/412/412
f 414/414/414 396/396/396 395/395/395 416/416/416
f 416/416/416 394/394/394 393/393/393
f 393/393/393 392/392/392 409/409/409
f 394/394/394 416/416/416 395/395/395
f 409/409/409 416/416/416 393/393/393
f 397/397/397 396/396/396 414/414/414
f 412/412/412 442/442/442 417/417/417
f 444/444/444 430/430/430 429/429/429
f 450/450/450 432/432/432 431/431/431
f 450/450/450 431/431/431 430/430/430
f 450/450/450 430/430/430 444/444/444
f 448/448/448 433/433/433 432/432/432 450/450/450
f 434/434/434 433/433/433 448/448/448
f 428/428/428 444/444/444 429/429/429
f 452/452/452 436/436/436 435/435/435 448/448/448
f 452/452/452 437/437/437 436/436/436
f 451/451/451 381/381/381 452/452/452
f 438/438/438 452/452/452 381/381/381
f 407/407/407 382/382/382 381/381/381 451/451/451
f 452/452/452 438/438/438 437/437/437
f 404/404/404 451/451/451 447/447/447
f 435/435/435 434/434/434 448/448/448
f 392/392/392 391/391/391 409/409/409
f 409/409/409 391/391/391 390/390/390
f 411/411/411 388/388/388 387/387/387 406/406/406
f 411/411/411 409/409/409 390/390/390
f 411/411/411 390/390/390 389/389/389
f 388/388/388 411/411/411 389/389/389
f 382/382/382 407/407/407 408/408/408
f 407/407/407 404/404/404 405/405/405
f 406/406/406 385/385/385 384/384/384 408/408/408
f 406/406/406 386/386/386 385/385/385
f 408/408/408 384/384/384 383/383/383
f 408/408/408 383/383/383 382/382/382
f 387/387/387 386/386/386 406/406/406
f 407/407/407 451/451/451 404/404/404
f 460/460/460 459/459/459 455/455/455 456/456/456
f 461/461/461 460/460/460 456/456/456 457/457/457
f 462/462/462 461/461/461 457/457/457 458/458/458
f 700/700/700 460/460/460 464/464/464
f 459/459/459 700/700/700 463/463/463
f 460/460/460 700/700/700 459/459/459
f 703/703/703 461/461/461 465/465/465
f 460/460/460 703/703/703 464/464/464
f 461/461/461 703/703/703 460/460/460
f 713/713/713 462/462/462 466/466/466
f 461/461/461 713/713/713 465/465/465
f 462/462/462 713/713/713 461/461/461
f 696/696/696 698/698/698 697/697/697 463/463/463
f 699/699/699 701/701/701 700/700/700 464/464/464
f 701/701/701 696/696/696 463/463/463 700/700/700
f 702/702/702 704/704/704 703/703/703 465/465/465
f 704/704/704 699/699/699 464/464/464 703/703/703
f 712/712/712 714/714/714 713/713/713 466/466/466
f 714/714/714 702/702/702 465/465/465 713/713/713
f 716/716/716 712/712/712 466/466/466 715/715/715
f 695/695/695 471/471/471 467/467/467
f 472/472/472 695/695/695 468/468/468
f 471/471/471 695/695/695 472/472/472
f 694/694/694 472/472/472 468/468/468
f 473/473/473 694/694/694 469/469/469
f 472/472/472 694/694/694 473/473/473
f 717/717/717 473/473/473 469/469/469
f 474/474/474 717/717/717 470/470/470
f 473/473/473 717/717/717 474/474/474
f 476/476/476 475/475/475 471/471/471 472/472/472
f 477/477/477 476/476/476 472/472/472 473/473/473
f 478/478/478 477/477/477 473/473/473 474/474/474
f 480/480/480 479/479/479 475/475/475 476/476/476
f 481/481/481 480/480/480 476/476/476 477/477/477
f 482/482/482 481/481/481 477/477/477 478/478/478
f 484/484/484 483/483/483 479/479/479 480/480/480
f 485/485/485 484/484/484 480/480/480 481/481/481
f 486/486/486 485/485/485 481/481/481 482/482/482
f 488/488/488 487/487/487 483/483/483 484/484/484
f 489/489/489 488/488/488 484/484/484 485/485/485
f 490/490/490 489/489/489 485/485/485 486/486/486
f 492/492/492 491/491/491 487/487/487 488/488/488
f 493/493/493 492/492/492 488/488/488 489/489/489
f 494/494/494 493/493/493 489/489/489 490/490/490
f 496/496/496 495/495/495 491/491/491 492/492/492
f 497/497/497 496/496/496 492/492/492 493/493/493
f 498/498/498 497/497/497 493/493/493 494/494/494
f 500/500/500 499/499/499 495/495/495 496/496/496
f 501/501/501 500/500/500 496/496/496 497/497/497
f 502/502/502 501/501/501 497/497/497 498/498/498
f 504/504/504 503/503/503 499/499/499 500/500/500
f 505/505/505 504/504/504 500/500/500 501/501/501
f 506/506/506 505/505/505 501/501/501 502/502/502
f 736/736/736 504/504/504 508/508/508
f 503/503/503 736/736/736 507/507/507
f 504/504/504 736/736/736 503/503/503
f 737/737/737 505/505/505 509/509/509
f 504/504/504 737/737/737 508/508/508
f 505/505/505 737/737/737 504/504/504
f 745/745/745 506/506/506 510/510/510
f 505/505/505 745/745/745 509/509/509
f 506/506/506 745/745/745 505/505/505
f 511/511/511 734/734/734 735/735/735 732/732/732
f 512/512/512 731/731/731 733/733/733 729/729/729
f 731/731/731 511/511/511 732/732/732 733/733/733
f 513/513/513 727/727/727 730/730/730 728/728/728
f 727/727/727 512/512/512 729/729/729 730/730/730
f 514/514/514 749/749/749 750/750/750 747/747/747
f 749/749/749 513/513/513 728/728/728 750/750/750
f 746/746/746 514/514/514 747/747/747 748/748/748
f 731/731/731 515/515/515 511/511/511
f 516/516/516 731/731/731 512/512/512
f 515/515/515 731/731/731 516/516/516
f 727/727/727 516/516/516 512/512/512
f 517/517/517 727/727/727 513/513/513
f 516/516/516 727/727/727 517/517/517
f 749/749/749 517/517/517 513/513/513
f 518/518/518 749/749/749 514/514/514
f 517/517/517 749/749/749 518/518/518
f 520/520/520 519/519/519 515/515/515 516/516/516
f 521/521/521 520/520/520 516/516/516 517/517/517
f 522/522/522 521/521/521 517/517/517 518/518/518
f 455/455/455 605/605/605 453/453/453
f 455/455/455 607/607/607 606/606/606
f 455/455/455 606/606/606 605/605/605
f 455/455/455 609/609/609 608/608/608
f 459/459/459 611/611/611 610/610/610
f 455/455/455 610/610/610 609/609/609
f 455/455/455 608/608/608 607/607/607
f 459/459/459 613/613/613 612/612/612
f 697/697/697 615/615/615 614/614/614
f 459/459/459 614/614/614 613/613/613
f 697/697/697 617/617/617 616/616/616
f 698/698/698 619/619/619 618/618/618
f 698/698/698 618/618/618 617/617/617
f 697/697/697 616/616/616 615/615/615
f 459/459/459 612/612/612 611/611/611
f 459/459/459 610/610/610 455/455/455
f 463/463/463 697/697/697 459/459/459
f 698/698/698 617/617/617 697/697/697
f 614/614/614 459/459/459 697/697/697
f 691/691/691 696/696/696 701/701/701
f 696/696/696 691/691/691 698/698/698
f 453/453/453 456/456/456 455/455/455
f 698/698/698 691/691/691 690/690/690
f 689/689/689 620/620/620 690/690/690
f 620/620/620 689/689/689 621/621/621
f 622/622/622 689/689/689 688/688/688
f 699/699/699 704/704/704 693/693/693
f 701/701/701 699/699/699 692/692/692
f 701/701/701 692/692/692 691/691/691
f 699/699/699 693/693/693 692/692/692
f 622/622/622 621/621/621 689/689/689
f 698/698/698 690/690/690 619/619/619
f 620/620/620 619/619/619 690/690/690
f 454/454/454 457/457/457 456/456/456 453/453/453
f 624/624/624 623/623/623 688/688/688
f 467/467/467 625/625/625 624/624/624
f 688/688/688 467/467/467 624/624/624
f 471/471/471 627/627/627 626/626/626
f 471/471/471 629/629/629 628/628/628
f 471/471/471 628/628/628 627/627/627
f 467/467/467 626/626/626 625/625/625
f 475/475/475 631/631/631 630/630/630
f 475/475/475 633/633/633 632/632/632
f 475/475/475 632/632/632 631/631/631
f 479/479/479 635/635/635 634/634/634
f 479/479/479 637/637/637 636/636/636
f 479/479/479 636/636/636 635/635/635
f 475/475/475 634/634/634 633/633/633
f 471/471/471 630/630/630 629/629/629
f 695/695/695 467/467/467 687/687/687
f 471/471/471 626/626/626 467/467/467
f 630/630/630 471/471/471 475/475/475
f 475/475/475 479/479/479 634/634/634
f 468/468/468 695/695/695 686/686/686
f 687/687/687 686/686/686 695/695/695
f 688/688/688 687/687/687 467/467/467
f 483/483/483 639/639/639 638/638/638
f 483/483/483 641/641/641 640/640/640
f 483/483/483 640/640/640 639/639/639
f 487/487/487 643/643/643 642/642/642 483/483/483
f 641/641/641 483/483/483 642/642/642
f 487/487/487 644/644/644 643/643/643
f 645/645/645 644/644/644 487/487/487
f 479/479/479 483/483/483 638/638/638
f 479/479/479 638/638/638 637/637/637
f 468/468/468 686/686/686 685/685/685
f 622/622/622 688/688/688 623/623/623
f 454/454/454 458/458/458 457/457/457
f 705/705/705 702/702/702 714/714/714
f 458/458/458 599/599/599 598/598/598 462/462/462
f 454/454/454 604/604/604 458/458/458
f 462/462/462 715/715/715 466/466/466
f 462/462/462 595/595/595 715/715/715
f 714/714/714 706/706/706 705/705/705
f 693/693/693 702/702/702 705/705/705
f 714/714/714 712/712/712 706/706/706
f 716/716/716 706/706/706 712/712/712
f 707/707/707 716/716/716 590/590/590
f 706/706/706 716/716/716 707/707/707
f 587/587/587 708/708/708 588/588/588
f 715/715/715 592/592/592 591/591/591 716/716/716
f 702/702/702 693/693/693 704/704/704
f 589/589/589 708/708/708 707/707/707
f 458/458/458 604/604/604 603/603/603
f 458/458/458 602/602/602 601/601/601
f 602/602/602 458/458/458 603/603/603
f 458/458/458 600/600/600 599/599/599
f 462/462/462 598/598/598 597/597/597
f 600/600/600 458/458/458 601/601/601
f 462/462/462 596/596/596 595/595/595
f 715/715/715 594/594/594 593/593/593
f 594/594/594 715/715/715 595/595/595
f 707/707/707 590/590/590 589/589/589
f 708/708/708 589/589/589 588/588/588
f 590/590/590 716/716/716 591/591/591
f 592/592/592 715/715/715 593/593/593
f 596/596/596 462/462/462 597/597/597
f 587/587/587 709/709/709 708/708/708
f 469/469/469 685/685/685 711/711/711
f 685/685/685 469/469/469 694/694/694
f 717/717/717 711/711/711 710/710/710
f 587/587/587 586/586/586 709/709/709
f 710/710/710 709/709/709 470/470/470
f 585/585/585 709/709/709 586/586/586
f 585/585/585 470/470/470 709/709/709
f 469/469/469 711/711/711 717/717/717
f 710/710/710 470/470/470 717/717/717
f 581/581/581 474/474/474 582/582/582
f 470/470/470 583/583/583 582/582/582 474/474/474
f 583/583/583 470/470/470 584/584/584
f 478/478/478 575/575/575 574/574/574 482/482/482
f 482/482/482 571/571/571 570/570/570 486/486/486
f 474/474/474 579/579/579 578/578/578 478/478/478
f 585/585/585 584/584/584 470/470/470
f 474/474/474 581/581/581 580/580/580
f 579/579/579 474/474/474 580/580/580
f 478/478/478 577/577/577 576/576/576
f 575/575/575 478/478/478 576/576/576
f 577/577/577 478/478/478 578/578/578
f 482/482/482 573/573/573 572/572/572
f 571/571/571 482/482/482 572/572/572
f 486/486/486 569/569/569 568/568/568
f 567/567/567 566/566/566 490/490/490
f 566/566/566 565/565/565 490/490/490
f 567/567/567 486/486/486 568/568/568
f 569/569/569 486/486/486 570/570/570
f 573/573/573 482/482/482 574/574/574
f 567/567/567 490/490/490 486/486/486
f 685/685/685 694/694/694 468/468/468
f 646/646/646 487/487/487 647/647/647
f 491/491/491 648/648/648 647/647/647
f 487/487/487 491/491/491 647/647/647
f 491/491/491 650/650/650 649/649/649
f 495/495/495 652/652/652 651/651/651
f 491/491/491 651/651/651 650/650/650
f 491/491/491 649/649/649 648/648/648
f 495/495/495 654/654/654 653/653/653
f 499/499/499 656/656/656 655/655/655
f 495/495/495 655/655/655 654/654/654
f 499/499/499 658/658/658 657/657/657
f 503/503/503 660/660/660 659/659/659
f 499/499/499 659/659/659 658/658/658
f 499/499/499 657/657/657 656/656/656
f 495/495/495 653/653/653 652/652/652
f 503/503/503 662/662/662 661/661/661
f 507/507/507 663/663/663 662/662/662 503/503/503
f 495/495/495 651/651/651 491/491/491
f 503/503/503 659/659/659 499/499/499
f 495/495/495 499/499/499 655/655/655
f 507/507/507 664/664/664 663/663/663
f 660/660/660 503/503/503 661/661/661
f 665/665/665 507/507/507 723/723/723
f 667/667/667 666/666/666 723/723/723
f 723/723/723 666/666/666 665/665/665
f 724/724/724 723/723/723 507/507/507
f 736/736/736 724/724/724 507/507/507
f 726/726/726 508/508/508 737/737/737
f 736/736/736 508/508/508 725/725/725
f 508/508/508 726/726/726 725/725/725
f 736/736/736 725/725/725 724/724/724
f 664/664/664 507/507/507 665/665/665
f 722/722/722 669/669/669 668/668/668
f 735/735/735 671/671/671 670/670/670
f 721/721/721 670/670/670 669/669/669
f 734/734/734 673/673/673 672/672/672
f 734/734/734 675/675/675 674/674/674
f 734/734/734 674/674/674 673/673/673
f 735/735/735 672/672/672 671/671/671
f 515/515/515 677/677/677 676/676/676
f 515/515/515 679/679/679 678/678/678
f 515/515/515 678/678/678 677/677/677
f 519/519/519 681/681/681 680/680/680
f 519/519/519 683/683/683 682/682/682
f 519/519/519 682/682/682 681/681/681
f 519/519/519 680/680/680 679/679/679
f 515/515/515 676/676/676 675/675/675
f 722/722/722 667/667/667 723/723/723
f 720/720/720 735/735/735 721/721/721
f 669/669/669 722/722/722 721/721/721
f 670/670/670 721/721/721 735/735/735
f 733/733/733 720/720/720 719/719/719
f 720/720/720 733/733/733 732/732/732
f 732/732/732 735/735/735 720/720/720
f 729/729/729 733/733/733 719/719/719
f 734/734/734 511/511/511 515/515/515
f 515/515/515 675/675/675 734/734/734
f 735/735/735 734/734/734 672/672/672
f 523/523/523 684/684/684 519/519/519
f 718/718/718 729/729/729 719/719/719
f 519/519/519 679/679/679 515/515/515
f 523/523/523 519/519/519 520/520/520
f 523/523/523 520/520/520 521/521/521 524/524/524
f 684/684/684 683/683/683 519/519/519
f 668/668/668 667/667/667 722/722/722
f 729/729/729 718/718/718 730/730/730
f 565/565/565 564/564/564 490/490/490
f 490/490/490 564/564/564 563/563/563
f 490/490/490 563/563/563 562/562/562 494/494/494
f 494/494/494 560/560/560 559/559/559
f 494/494/494 561/561/561 560/560/560
f 561/561/561 494/494/494 562/562/562
f 494/494/494 559/559/559 558/558/558 498/498/498
f 738/738/738 509/509/509 745/745/745
f 509/509/509 738/738/738 726/726/726
f 739/739/739 738/738/738 745/745/745
f 502/502/502 551/551/551 550/550/550 506/506/506
f 506/506/506 547/547/547 546/546/546 510/510/510
f 745/745/745 510/510/510 739/739/739
f 498/498/498 555/555/555 554/554/554 502/502/502
f 509/509/509 726/726/726 737/737/737
f 544/544/544 740/740/740 510/510/510
f 498/498/498 557/557/557 556/556/556
f 557/557/557 498/498/498 558/558/558
f 502/502/502 553/553/553 552/552/552
f 553/553/553 502/502/502 554/554/554
f 555/555/555 498/498/498 556/556/556
f 506/506/506 549/549/549 548/548/548
f 549/549/549 506/506/506 550/550/550
f 510/510/510 545/545/545 544/544/544
f 544/544/544 543/543/543 740/740/740
f 545/545/545 510/510/510 546/546/546
f 547/547/547 506/506/506 548/548/548
f 551/551/551 502/502/502 552/552/552
f 740/740/740 739/739/739 510/510/510
f 728/728/728 718/718/718 744/744/744
f 750/750/750 744/744/744 743/743/743
f 541/541/541 741/741/741 542/542/542
f 740/740/740 542/542/542 741/741/741
f 540/540/540 742/742/742 741/741/741
f 541/541/541 540/540/540 741/741/741
f 748/748/748 743/743/743 742/742/742
f 543/543/543 542/542/542 740/740/740
f 744/744/744 750/750/750 728/728/728
f 728/728/728 730/730/730 718/718/718
f 743/743/743 747/747/747 750/750/750
f 518/518/518 746/746/746 534/534/534
f 514/514/514 746/746/746 518/518/518
f 748/748/748 538/538/538 537/537/537 746/746/746
f 748/748/748 742/742/742 539/539/539
f 522/522/522 524/524/524 521/521/521
f 743/743/743 748/748/748 747/747/747
f 518/518/518 531/531/531 530/530/530 522/522/522
f 742/742/742 540/540/540 539/539/539
f 538/538/538 748/748/748 539/539/539
f 746/746/746 536/536/536 535/535/535
f 518/518/518 534/534/534 533/533/533
f 534/534/534 746/746/746 535/535/535
f 536/536/536 746/746/746 537/537/537
f 518/518/518 532/532/532 531/531/531
f 522/522/522 530/530/530 529/529/529
f 522/522/522 528/528/528 527/527/527
f 522/522/522 526/526/526 525/525/525
f 522/522/522 525/525/525 524/524/524
f 526/526/526 522/522/522 527/527/527
f 528/528/528 522/522/522 529/529/529
f 532/532/532 518/518/518 533/533/533
f 646/646/646 645/645/645 487/487/487
f 844/844/844 837/837/837 949/949/949
f 949/949/949 836/836/836 751/751/751
f 751/751/751 816/816/816 844/844/844
f 844/844/844 949/949/949 751/751/751
f 847/847/847 846/846/846 844/844/844
f 816/816/816 834/834/834 847/847/847
f 844/844/844 816/816/816 847/847/847
f 834/834/834 842/842/842 849/849/849 847/847/847
f 847/847/847 849/849/849 848/848/848 846/846/846
f 846/846/846 848/848/848 852/852/852 850/850/850
f 850/850/850 852/852/852 851/851/851 845/845/845
f 850/850/850 845/845/845 837/837/837
f 844/844/844 846/846/846 850/850/850
f 837/837/837 844/844/844 850/850/850
f 859/859/859 854/854/854 946/946/946
f 946/946/946 853/853/853 837/837/837
f 837/837/837 845/845/845 859/859/859
f 859/859/859 946/946/946 837/837/837
f 845/845/845 851/851/851 861/861/861 859/859/859
f 859/859/859 861/861/861 860/860/860 854/854/854
f 854/854/854 860/860/860 863/863/863 862/862/862
f 853/853/853 946/946/946 947/947/947 945/945/945
f 946/946/946 854/854/854 862/862/862 947/947/947
f 958/958/958 948/948/948 836/836/836
f 949/949/949 950/950/950 958/958/958
f 836/836/836 949/949/949 958/958/958
f 955/955/955 950/950/950 949/949/949
f 837/837/837 853/853/853 955/955/955
f 949/949/949 837/837/837 955/955/955
f 950/950/950 955/955/955 956/956/956 954/954/954
f 955/955/955 853/853/853 945/945/945 956/956/956
f 948/948/948 958/958/958 959/959/959 957/957/957
f 958/958/958 950/950/950 954/954/954 959/959/959
f 824/824/824 817/817/817 815/815/815
f 752/752/752 795/795/795 824/824/824
f 815/815/815 752/752/752 824/824/824
f 827/827/827 826/826/826 824/824/824
f 795/795/795 813/813/813 827/827/827
f 824/824/824 795/795/795 827/827/827
f 813/813/813 822/822/822 829/829/829 827/827/827
f 827/827/827 829/829/829 828/828/828 826/826/826
f 826/826/826 828/828/828 832/832/832 830/830/830
f 830/830/830 832/832/832 831/831/831 825/825/825
f 830/830/830 825/825/825 817/817/817
f 824/824/824 826/826/826 830/830/830
f 817/817/817 824/824/824 830/830/830
f 838/838/838 835/835/835 833/833/833
f 817/817/817 825/825/825 838/838/838
f 833/833/833 817/817/817 838/838/838
f 825/825/825 831/831/831 840/840/840 838/838/838
f 838/838/838 840/840/840 839/839/839 835/835/835
f 835/835/835 839/839/839 843/843/843 841/841/841
f 841/841/841 843/843/843 842/842/842 834/834/834
f 841/841/841 834/834/834 816/816/816
f 833/833/833 835/835/835 841/841/841
f 816/816/816 833/833/833 841/841/841
f 833/833/833 816/816/816 751/751/751
f 815/815/815 817/817/817 833/833/833
f 751/751/751 815/815/815 833/833/833
f 803/803/803 796/796/796 794/794/794
f 753/753/753 782/782/782 803/803/803
f 794/794/794 753/753/753 803/803/803
f 806/806/806 805/805/805 803/803/803
f 782/782/782 792/792/792 806/806/806
f 803/803/803 782/782/782 806/806/806
f 792/792/792 801/801/801 808/808/808 806/806/806
f 806/806/806 808/808/808 807/807/807 805/805/805
f 805/805/805 807/807/807 811/811/811 809/809/809
f 809/809/809 811/811/811 810/810/810 804/804/804
f 809/809/809 804/804/804 796/796/796
f 803/803/803 805/805/805 809/809/809
f 796/796/796 803/803/803 809/809/809
f 818/818/818 814/814/814 812/812/812
f 796/796/796 804/804/804 818/818/818
f 812/812/812 796/796/796 818/818/818
f 804/804/804 810/810/810 820/820/820 818/818/818
f 818/818/818 820/820/820 819/819/819 814/814/814
f 814/814/814 819/819/819 823/823/823 821/821/821
f 821/821/821 823/823/823 822/822/822 813/813/813
f 821/821/821 813/813/813 795/795/795
f 812/812/812 814/814/814 821/821/821
f 795/795/795 812/812/812 821/821/821
f 812/812/812 795/795/795 752/752/752
f 794/794/794 796/796/796 812/812/812
f 752/752/752 794/794/794 812/812/812
f 1255/1255/1255 1253/1253/1253 1252/1252/1252 1254/1254/1254
f 1248/1248/1248 1255/1255/1255 1254/1254/1254 1242/1242/1242
f 1258/1258/1258 1256/1256/1256 784/784/784 1257/1257/1257
f 1253/1253/1253 1258/1258/1258 1257/1257/1257 1252/1252/1252
f 1257/1257/1257 784/784/784 783/783/783
f 1251/1251/1251 1252/1252/1252 1257/1257/1257
f 783/783/783 1251/1251/1251 1257/1257/1257
f 1254/1254/1254 1252/1252/1252 1251/1251/1251
f 781/781/781 1242/1242/1242 1254/1254/1254
f 1251/1251/1251 781/781/781 1254/1254/1254
f 1261/1261/1261 1259/1259/1259 786/786/786 1260/1260/1260
f 1256/1256/1256 1261/1261/1261 1260/1260/1260 784/784/784
f 1259/1259/1259 1262/1262/1262 788/788/788 786/786/786
f 786/786/786 788/788/788 790/790/790 787/787/787
f 787/787/787 790/790/790 789/789/789 785/785/785
f 1260/1260/1260 786/786/786 787/787/787
f 787/787/787 785/785/785 783/783/783
f 783/783/783 784/784/784 1260/1260/1260
f 1260/1260/1260 787/787/787 783/783/783
f 797/797/797 793/793/793 791/791/791
f 783/783/783 785/785/785 797/797/797
f 791/791/791 783/783/783 797/797/797
f 785/785/785 789/789/789 799/799/799 797/797/797
f 797/797/797 799/799/799 798/798/798 793/793/793
f 793/793/793 798/798/798 802/802/802 800/800/800
f 800/800/800 802/802/802 801/801/801 792/792/792
f 800/800/800 792/792/792 782/782/782
f 791/791/791 793/793/793 800/800/800
f 782/782/782 791/791/791 800/800/800
f 1251/1251/1251 783/783/783 791/791/791
f 791/791/791 782/782/782 753/753/753
f 753/753/753 781/781/781 1251/1251/1251
f 1251/1251/1251 791/791/791 753/753/753
f 970/970/970 951/951/951 754/754/754
f 952/952/952 953/953/953 970/970/970
f 754/754/754 952/952/952 970/970/970
f 961/961/961 953/953/953 952/952/952
f 751/751/751 836/836/836 961/961/961
f 952/952/952 751/751/751 961/961/961
f 967/967/967 960/960/960 953/953/953
f 961/961/961 962/962/962 967/967/967
f 953/953/953 961/961/961 967/967/967
f 964/964/964 962/962/962 961/961/961
f 836/836/836 948/948/948 964/964/964
f 961/961/961 836/836/836 964/964/964
f 962/962/962 964/964/964 965/965/965 963/963/963
f 964/964/964 948/948/948 957/957/957 965/965/965
f 960/960/960 967/967/967 968/968/968 966/966/966
f 967/967/967 962/962/962 963/963/963 968/968/968
f 979/979/979 969/969/969 951/951/951
f 970/970/970 971/971/971 979/979/979
f 951/951/951 970/970/970 979/979/979
f 976/976/976 971/971/971 970/970/970
f 953/953/953 960/960/960 976/976/976
f 970/970/970 953/953/953 976/976/976
f 971/971/971 976/976/976 977/977/977 975/975/975
f 976/976/976 960/960/960 966/966/966 977/977/977
f 969/969/969 979/979/979 980/980/980 978/978/978
f 979/979/979 971/971/971 975/975/975 980/980/980
f 815/815/815 751/751/751 952/952/952
f 952/952/952 754/754/754 755/755/755
f 755/755/755 752/752/752 815/815/815
f 815/815/815 952/952/952 755/755/755
f 1225/1225/1225 753/753/753 794/794/794
f 794/794/794 752/752/752 755/755/755
f 755/755/755 756/756/756 1225/1225/1225
f 1225/1225/1225 794/794/794 755/755/755
f 1238/1238/1238 1236/1236/1236 1235/1235/1235 1237/1237/1237
f 1230/1230/1230 1238/1238/1238 1237/1237/1237 1222/1222/1222
f 1241/1241/1241 1239/1239/1239 1233/1233/1233 1240/1240/1240
f 1236/1236/1236 1241/1241/1241 1240/1240/1240 1235/1235/1235
f 1240/1240/1240 1233/1233/1233 1226/1226/1226
f 1234/1234/1234 1235/1235/1235 1240/1240/1240
f 1226/1226/1226 1234/1234/1234 1240/1240/1240
f 1237/1237/1237 1235/1235/1235 1234/1234/1234
f 1204/1204/1204 1222/1222/1222 1237/1237/1237
f 1234/1234/1234 1204/1204/1204 1237/1237/1237
f 1247/1247/1247 1245/1245/1245 1244/1244/1244 1246/1246/1246
f 1239/1239/1239 1247/1247/1247 1246/1246/1246 1233/1233/1233
f 1250/1250/1250 1248/1248/1248 1242/1242/1242 1249/1249/1249
f 1245/1245/1245 1250/1250/1250 1249/1249/1249 1244/1244/1244
f 1249/1249/1249 1242/1242/1242 781/781/781
f 1243/1243/1243 1244/1244/1244 1249/1249/1249
f 781/781/781 1243/1243/1243 1249/1249/1249
f 1246/1246/1246 1244/1244/1244 1243/1243/1243
f 1226/1226/1226 1233/1233/1233 1246/1246/1246
f 1243/1243/1243 1226/1226/1226 1246/1246/1246
f 1243/1243/1243 781/781/781 753/753/753
f 1225/1225/1225 1226/1226/1226 1243/1243/1243
f 753/753/753 1225/1225/1225 1243/1243/1243
f 1234/1234/1234 1226/1226/1226 1225/1225/1225
f 756/756/756 1204/1204/1204 1234/1234/1234
f 1225/1225/1225 756/756/756 1234/1234/1234
f 991/991/991 972/972/972 757/757/757
f 973/973/973 974/974/974 991/991/991
f 757/757/757 973/973/973 991/991/991
f 982/982/982 974/974/974 973/973/973
f 754/754/754 951/951/951 982/982/982
f 973/973/973 754/754/754 982/982/982
f 988/988/988 981/981/981 974/974/974
f 982/982/982 983/983/983 988/988/988
f 974/974/974 982/982/982 988/988/988
f 985/985/985 983/983/983 982/982/982
f 951/951/951 969/969/969 985/985/985
f 982/982/982 951/951/951 985/985/985
f 983/983/983 985/985/985 986/986/986 984/984/984
f 985/985/985 969/969/969 978/978/978 986/986/986
f 981/981/981 988/988/988 989/989/989 987/987/987
f 988/988/988 983/983/983 984/984/984 989/989/989
f 999/999/999 990/990/990 972/972/972
f 991/991/991 992/992/992 999/999/999
f 972/972/972 991/991/991 999/999/999
f 996/996/996 992/992/992 991/991/991
f 974/974/974 981/981/981 996/996/996
f 991/991/991 974/974/974 996/996/996
f 992/992/992 996/996/996 997/997/997 995/995/995
f 996/996/996 981/981/981 987/987/987 997/997/997
f 990/990/990 999/999/999 1000/1000/1000 998/998/998
f 999/999/999 992/992/992 995/995/995 1000/1000/1000
f 973/973/973 757/757/757 1049/1049/1049
f 1049/1049/1049 758/758/758 755/755/755
f 755/755/755 754/754/754 973/973/973
f 973/973/973 1049/1049/1049 755/755/755
f 1070/1070/1070 759/759/759 1205/1205/1205
f 1205/1205/1205 756/756/756 755/755/755
f 755/755/755 758/758/758 1070/1070/1070
f 1070/1070/1070 1205/1205/1205 755/755/755
f 1218/1218/1218 1216/1216/1216 1215/1215/1215 1217/1217/1217
f 1210/1210/1210 1218/1218/1218 1217/1217/1217 1201/1201/1201
f 1221/1221/1221 1219/1219/1219 1213/1213/1213 1220/1220/1220
f 1216/1216/1216 1221/1221/1221 1220/1220/1220 1215/1215/1215
f 1220/1220/1220 1213/1213/1213 1206/1206/1206
f 1214/1214/1214 1215/1215/1215 1220/1220/1220
f 1206/1206/1206 1214/1214/1214 1220/1220/1220
f 1217/1217/1217 1215/1215/1215 1214/1214/1214
f 1090/1090/1090 1201/1201/1201 1217/1217/1217
f 1214/1214/1214 1090/1090/1090 1217/1217/1217
f 1229/1229/1229 1227/1227/1227 1224/1224/1224 1228/1228/1228
f 1219/1219/1219 1229/1229/1229 1228/1228/1228 1213/1213/1213
f 1232/1232/1232 1230/1230/1230 1222/1222/1222 1231/1231/1231
f 1227/1227/1227 1232/1232/1232 1231/1231/1231 1224/1224/1224
f 1231/1231/1231 1222/1222/1222 1204/1204/1204
f 1223/1223/1223 1224/1224/1224 1231/1231/1231
f 1204/1204/1204 1223/1223/1223 1231/1231/1231
f 1228/1228/1228 1224/1224/1224 1223/1223/1223
f 1206/1206/1206 1213/1213/1213 1228/1228/1228
f 1223/1223/1223 1206/1206/1206 1228/1228/1228
f 1223/1223/1223 1204/1204/1204 756/756/756
f 1205/1205/1205 1206/1206/1206 1223/1223/1223
f 756/756/756 1205/1205/1205 1223/1223/1223
f 1214/1214/1214 1206/1206/1206 1205/1205/1205
f 759/759/759 1090/1090/1090 1214/1214/1214
f 1205/1205/1205 759/759/759 1214/1214/1214
f 1054/1054/1054 1045/1045/1045 1055/1055/1055 1056/1056/1056
f 1056/1056/1056 1055/1055/1055 1047/1047/1047 1051/1051/1051
f 1055/1055/1055 1045/1045/1045 993/993/993
f 1046/1046/1046 1047/1047/1047 1055/1055/1055
f 993/993/993 1046/1046/1046 1055/1055/1055
f 1052/1052/1052 1047/1047/1047 1046/1046/1046
f 994/994/994 1010/1010/1010 1052/1052/1052
f 1046/1046/1046 994/994/994 1052/1052/1052
f 1051/1051/1051 1047/1047/1047 1052/1052/1052 1053/1053/1053
f 1053/1053/1053 1052/1052/1052 1010/1010/1010 1042/1042/1042
f 1002/1002/1002 994/994/994 1046/1046/1046
f 1046/1046/1046 993/993/993 757/757/757
f 757/757/757 972/972/972 1002/1002/1002
f 1002/1002/1002 1046/1046/1046 757/757/757
f 1008/1008/1008 1001/1001/1001 994/994/994
f 1002/1002/1002 1003/1003/1003 1008/1008/1008
f 994/994/994 1002/1002/1002 1008/1008/1008
f 1005/1005/1005 1003/1003/1003 1002/1002/1002
f 972/972/972 990/990/990 1005/1005/1005
f 1002/1002/1002 972/972/972 1005/1005/1005
f 1003/1003/1003 1005/1005/1005 1006/1006/1006 1004/1004/1004
f 1005/1005/1005 990/990/990 998/998/998 1006/1006/1006
f 1001/1001/1001 1008/1008/1008 1009/1009/1009 1007/1007/1007
f 1008/1008/1008 1003/1003/1003 1004/1004/1004 1009/1009/1009
f 1042/1042/1042 1010/1010/1010 1043/1043/1043 1044/1044/1044
f 1044/1044/1044 1043/1043/1043 1011/1011/1011 1015/1015/1015
f 1013/1013/1013 1011/1011/1011 1043/1043/1043
f 1043/1043/1043 1010/1010/1010 994/994/994
f 994/994/994 1001/1001/1001 1013/1013/1013
f 1013/1013/1013 1043/1043/1043 994/994/994
f 1011/1011/1011 1013/1013/1013 1014/1014/1014 1012/1012/1012
f 1013/1013/1013 1001/1001/1001 1007/1007/1007 1014/1014/1014
f 1015/1015/1015 1011/1011/1011 1012/1012/1012 1016/1016/1016
f 1075/1075/1075 1066/1066/1066 1076/1076/1076 1077/1077/1077
f 1077/1077/1077 1076/1076/1076 1068/1068/1068 1072/1072/1072
f 1076/1076/1076 1066/1066/1066 1048/1048/1048
f 1067/1067/1067 1068/1068/1068 1076/1076/1076
f 1048/1048/1048 1067/1067/1067 1076/1076/1076
f 1073/1073/1073 1068/1068/1068 1067/1067/1067
f 1050/1050/1050 1057/1057/1057 1073/1073/1073
f 1067/1067/1067 1050/1050/1050 1073/1073/1073
f 1072/1072/1072 1068/1068/1068 1073/1073/1073 1074/1074/1074
f 1074/1074/1074 1073/1073/1073 1057/1057/1057 1063/1063/1063
f 1067/1067/1067 1048/1048/1048 758/758/758
f 1049/1049/1049 1050/1050/1050 1067/1067/1067
f 758/758/758 1049/1049/1049 1067/1067/1067
f 1058/1058/1058 1050/1050/1050 1049/1049/1049
f 757/757/757 993/993/993 1058/1058/1058
f 1049/1049/1049 757/757/757 1058/1058/1058
f 1063/1063/1063 1057/1057/1057 1064/1064/1064 1065/1065/1065
f 1065/1065/1065 1064/1064/1064 1059/1059/1059 1060/1060/1060
f 1064/1064/1064 1057/1057/1057 1050/1050/1050
f 1058/1058/1058 1059/1059/1059 1064/1064/1064
f 1050/1050/1050 1058/1058/1058 1064/1064/1064
f 1061/1061/1061 1059/1059/1059 1058/1058/1058
f 993/993/993 1045/1045/1045 1061/1061/1061
f 1058/1058/1058 993/993/993 1061/1061/1061
f 1060/1060/1060 1059/1059/1059 1061/1061/1061 1062/1062/1062
f 1062/1062/1062 1061/1061/1061 1045/1045/1045 1054/1054/1054
f 1095/1095/1095 1087/1087/1087 1096/1096/1096 1097/1097/1097
f 1097/1097/1097 1096/1096/1096 1089/1089/1089 1092/1092/1092
f 1096/1096/1096 1087/1087/1087 1069/1069/1069
f 1088/1088/1088 1089/1089/1089 1096/1096/1096
f 1069/1069/1069 1088/1088/1088 1096/1096/1096
f 1093/1093/1093 1089/1089/1089 1088/1088/1088
f 1071/1071/1071 1078/1078/1078 1093/1093/1093
f 1088/1088/1088 1071/1071/1071 1093/1093/1093
f 1092/1092/1092 1089/1089/1089 1093/1093/1093 1094/1094/1094
f 1094/1094/1094 1093/1093/1093 1078/1078/1078 1084/1084/1084
f 1088/1088/1088 1069/1069/1069 759/759/759
f 1070/1070/1070 1071/1071/1071 1088/1088/1088
f 759/759/759 1070/1070/1070 1088/1088/1088
f 1079/1079/1079 1071/1071/1071 1070/1070/1070
f 758/758/758 1048/1048/1048 1079/1079/1079
f 1070/1070/1070 758/758/758 1079/1079/1079
f 1084/1084/1084 1078/1078/1078 1085/1085/1085 1086/1086/1086
f 1086/1086/1086 1085/1085/1085 1080/1080/1080 1081/1081/1081
f 1085/1085/1085 1078/1078/1078 1071/1071/1071
f 1079/1079/1079 1080/1080/1080 1085/1085/1085
f 1071/1071/1071 1079/1079/1079 1085/1085/1085
f 1082/1082/1082 1080/1080/1080 1079/1079/1079
f 1048/1048/1048 1066/1066/1066 1082/1082/1082
f 1079/1079/1079 1048/1048/1048 1082/1082/1082
f 1081/1081/1081 1080/1080/1080 1082/1082/1082 1083/1083/1083
f 1083/1083/1083 1082/1082/1082 1066/1066/1066 1075/1075/1075
f 1116/1116/1116 1115/1115/1115 1108/1108/1108 1109/1109/1109
f 1200/1200/1200 1198/1198/1198 1107/1107/1107 1199/1199/1199
f 1115/1115/1115 1200/1200/1200 1199/1199/1199 1108/1108/1108
f 1110/1110/1110 1108/1108/1108 1199/1199/1199
f 1199/1199/1199 1107/1107/1107 1091/1091/1091
f 1091/1091/1091 1098/1098/1098 1110/1110/1110
f 1110/1110/1110 1199/1199/1199 1091/1091/1091
f 1109/1109/1109 1108/1108/1108 1110/1110/1110 1111/1111/1111
f 1111/1111/1111 1110/1110/1110 1098/1098/1098 1104/1104/1104
f 1209/1209/1209 1207/1207/1207 1203/1203/1203 1208/1208/1208
f 1198/1198/1198 1209/1209/1209 1208/1208/1208 1107/1107/1107
f 1212/1212/1212 1210/1210/1210 1201/1201/1201 1211/1211/1211
f 1207/1207/1207 1212/1212/1212 1211/1211/1211 1203/1203/1203
f 1211/1211/1211 1201/1201/1201 1090/1090/1090
f 1202/1202/1202 1203/1203/1203 1211/1211/1211
f 1090/1090/1090 1202/1202/1202 1211/1211/1211
f 1208/1208/1208 1203/1203/1203 1202/1202/1202
f 1091/1091/1091 1107/1107/1107 1208/1208/1208
f 1202/1202/1202 1091/1091/1091 1208/1208/1208
f 1099/1099/1099 1091/1091/1091 1202/1202/1202
f 1202/1202/1202 1090/1090/1090 759/759/759
f 759/759/759 1069/1069/1069 1099/1099/1099
f 1099/1099/1099 1202/1202/1202 759/759/759
f 1104/1104/1104 1098/1098/1098 1105/1105/1105 1106/1106/1106
f 1106/1106/1106 1105/1105/1105 1100/1100/1100 1101/1101/1101
f 1105/1105/1105 1098/1098/1098 1091/1091/1091
f 1099/1099/1099 1100/1100/1100 1105/1105/1105
f 1091/1091/1091 1099/1099/1099 1105/1105/1105
f 1102/1102/1102 1100/1100/1100 1099/1099/1099
f 1069/1069/1069 1087/1087/1087 1102/1102/1102
f 1099/1099/1099 1069/1069/1069 1102/1102/1102
f 1101/1101/1101 1100/1100/1100 1102/1102/1102 1103/1103/1103
f 1103/1103/1103 1102/1102/1102 1087/1087/1087 1095/1095/1095
f 863/863/863 857/857/857 858/858/858
f 865/865/865 863/863/863 864/864/864
f 858/858/858 864/864/864 863/863/863
f 856/856/856 857/857/857 863/863/863
f 860/860/860 780/780/780 855/855/855
f 780/780/780 860/860/860 861/861/861
f 863/863/863 860/860/860 856/856/856
f 856/856/856 860/860/860 855/855/855
f 851/851/851 780/780/780 861/861/861
f 865/865/865 862/862/862 863/863/863
f 862/862/862 866/866/866 867/867/867
f 947/947/947 868/868/868 869/869/869
f 947/947/947 869/869/869 870/870/870
f 862/862/862 867/867/867 868/868/868
f 862/862/862 868/868/868 947/947/947
f 945/945/945 870/870/870 871/871/871
f 947/947/947 870/870/870 945/945/945
f 873/873/873 945/945/945 872/872/872
f 871/871/871 872/872/872 945/945/945
f 865/865/865 866/866/866 862/862/862
f 778/778/778 779/779/779 852/852/852 848/848/848
f 776/776/776 777/777/777 842/842/842 843/843/843
f 777/777/777 778/778/778 849/849/849 842/842/842
f 775/775/775 776/776/776 843/843/843 839/839/839
f 779/779/779 780/780/780 851/851/851 852/852/852
f 774/774/774 775/775/775 839/839/839 840/840/840
f 772/772/772 773/773/773 832/832/832 828/828/828
f 771/771/771 772/772/772 828/828/828 829/829/829
f 773/773/773 774/774/774 831/831/831 832/832/832
f 778/778/778 848/848/848 849/849/849
f 774/774/774 840/840/840 831/831/831
f 822/822/822 771/771/771 829/829/829
f 945/945/945 873/873/873 956/956/956
f 956/956/956 874/874/874 875/875/875
f 954/954/954 876/876/876 877/877/877
f 954/954/954 877/877/877 878/878/878
f 956/956/956 875/875/875 876/876/876
f 959/959/959 879/879/879 880/880/880
f 957/957/957 881/881/881 882/882/882
f 957/957/957 882/882/882 883/883/883
f 959/959/959 880/880/880 881/881/881
f 959/959/959 878/878/878 879/879/879
f 965/965/965 884/884/884 885/885/885
f 963/963/963 886/886/886 887/887/887
f 963/963/963 887/887/887 888/888/888
f 965/965/965 885/885/885 886/886/886
f 968/968/968 889/889/889 890/890/890
f 968/968/968 890/890/890 891/891/891
f 966/966/966 892/892/892 893/893/893
f 966/966/966 893/893/893 894/894/894
f 968/968/968 891/891/891 892/892/892
f 963/963/963 888/888/888 889/889/889
f 957/957/957 883/883/883 884/884/884
f 954/954/954 956/956/956 876/876/876
f 959/959/959 881/881/881 957/957/957
f 878/878/878 959/959/959 954/954/954
f 957/957/957 884/884/884 965/965/965
f 894/894/894 895/895/895 977/977/977
f 963/963/963 965/965/965 886/886/886
f 966/966/966 968/968/968 892/892/892
f 977/977/977 966/966/966 894/894/894
f 963/963/963 889/889/889 968/968/968
f 977/977/977 895/895/895 896/896/896
f 975/975/975 977/977/977 896/896/896 897/897/897
f 975/975/975 898/898/898 899/899/899
f 975/975/975 899/899/899 900/900/900
f 975/975/975 897/897/897 898/898/898
f 975/975/975 900/900/900 980/980/980
f 901/901/901 980/980/980 900/900/900
f 902/902/902 980/980/980 901/901/901
f 978/978/978 902/902/902 903/903/903
f 904/904/904 978/978/978 903/903/903
f 980/980/980 902/902/902 978/978/978
f 873/873/873 874/874/874 956/956/956
f 769/769/769 770/770/770 823/823/823 819/819/819
f 767/767/767 768/768/768 820/820/820 810/810/810
f 768/768/768 769/769/769 819/819/819 820/820/820
f 766/766/766 767/767/767 811/811/811 807/807/807
f 770/770/770 771/771/771 822/822/822 823/823/823
f 765/765/765 766/766/766 807/807/807 808/808/808
f 763/763/763 764/764/764 801/801/801 802/802/802
f 762/762/762 763/763/763 798/798/798 799/799/799
f 764/764/764 765/765/765 808/808/808 801/801/801
f 767/767/767 810/810/810 811/811/811
f 763/763/763 802/802/802 798/798/798
f 761/761/761 762/762/762 799/799/799 789/789/789
f 760/760/760 761/761/761 789/789/789 790/790/790
f 760/760/760 790/790/790 788/788/788
f 1265/1265/1265 760/760/760 788/788/788
f 1262/1262/1262 1264/1264/1264 1265/1265/1265
f 1197/1197/1197 1263/1263/1263 1262/1262/1262
f 1264/1264/1264 1262/1262/1262 1263/1263/1263
f 1196/1196/1196 1197/1197/1197 1262/1262/1262
f 1262/1262/1262 1265/1265/1265 788/788/788
f 1195/1195/1195 1196/1196/1196 1262/1262/1262
f 1194/1194/1194 1195/1195/1195 1259/1259/1259
f 1259/1259/1259 1261/1261/1261 1192/1192/1192 1193/1193/1193
f 1195/1195/1195 1262/1262/1262 1259/1259/1259
f 1261/1261/1261 1256/1256/1256 1189/1189/1189 1190/1190/1190
f 1259/1259/1259 1193/1193/1193 1194/1194/1194
f 1261/1261/1261 1190/1190/1190 1191/1191/1191
f 1191/1191/1191 1192/1192/1192 1261/1261/1261
f 1189/1189/1189 1256/1256/1256 1188/1188/1188
f 1187/1187/1187 1188/1188/1188 1256/1256/1256
f 1258/1258/1258 1185/1185/1185 1186/1186/1186
f 1187/1187/1187 1258/1258/1258 1186/1186/1186
f 1258/1258/1258 1253/1253/1253 1184/1184/1184 1185/1185/1185
f 1187/1187/1187 1256/1256/1256 1258/1258/1258
f 1253/1253/1253 1182/1182/1182 1183/1183/1183
f 1182/1182/1182 1255/1255/1255 1181/1181/1181
f 1183/1183/1183 1184/1184/1184 1253/1253/1253
f 1255/1255/1255 1182/1182/1182 1253/1253/1253
f 1255/1255/1255 1248/1248/1248 1179/1179/1179 1180/1180/1180
f 1248/1248/1248 1250/1250/1250 1176/1176/1176 1177/1177/1177
f 1250/1250/1250 1245/1245/1245 1173/1173/1173 1174/1174/1174
f 1178/1178/1178 1179/1179/1179 1248/1248/1248
f 1245/1245/1245 1247/1247/1247 1171/1171/1171 1172/1172/1172
f 1247/1247/1247 1239/1239/1239 1168/1168/1168 1169/1169/1169
f 1239/1239/1239 1241/1241/1241 1165/1165/1165 1166/1166/1166
f 1241/1241/1241 1236/1236/1236 1163/1163/1163 1164/1164/1164
f 1236/1236/1236 1238/1238/1238 1160/1160/1160 1161/1161/1161
f 1181/1181/1181 1255/1255/1255 1180/1180/1180
f 1248/1248/1248 1177/1177/1177 1178/1178/1178
f 1250/1250/1250 1175/1175/1175 1176/1176/1176
f 1250/1250/1250 1174/1174/1174 1175/1175/1175
f 1245/1245/1245 1172/1172/1172 1173/1173/1173
f 1247/1247/1247 1169/1169/1169 1170/1170/1170
f 1170/1170/1170 1171/1171/1171 1247/1247/1247
f 1239/1239/1239 1166/1166/1166 1167/1167/1167
f 1241/1241/1241 1164/1164/1164 1165/1165/1165
f 1236/1236/1236 1161/1161/1161 1162/1162/1162
f 1238/1238/1238 1158/1158/1158 1159/1159/1159
f 1158/1158/1158 1230/1230/1230 1157/1157/1157
f 1159/1159/1159 1160/1160/1160 1238/1238/1238
f 1162/1162/1162 1163/1163/1163 1236/1236/1236
f 1167/1167/1167 1168/1168/1168 1239/1239/1239
f 1238/1238/1238 1230/1230/1230 1158/1158/1158
f 986/986/986 978/978/978 904/904/904 905/905/905
f 986/986/986 906/906/906 907/907/907
f 984/984/984 907/907/907 908/908/908
f 986/986/986 905/905/905 906/906/906
f 984/984/984 909/909/909 910/910/910
f 989/989/989 911/911/911 912/912/912
f 989/989/989 912/912/912 913/913/913
f 989/989/989 910/910/910 911/911/911
f 984/984/984 908/908/908 909/909/909
f 987/987/987 914/914/914 915/915/915
f 997/997/997 916/916/916 917/917/917
f 997/997/997 917/917/917 918/918/918
f 997/997/997 915/915/915 916/916/916
f 995/995/995 919/919/919 920/920/920
f 995/995/995 920/920/920 921/921/921
f 1000/1000/1000 922/922/922 923/923/923
f 998/998/998 923/923/923 924/924/924
f 1000/1000/1000 921/921/921 922/922/922
f 995/995/995 918/918/918 919/919/919
f 987/987/987 913/913/913 914/914/914
f 984/984/984 986/986/986 907/907/907
f 987/987/987 989/989/989 913/913/913
f 910/910/910 989/989/989 984/984/984
f 926/926/926 998/998/998 925/925/925
f 998/998/998 924/924/924 925/925/925
f 997/997/997 987/987/987 915/915/915
f 1000/1000/1000 995/995/995 921/921/921
f 998/998/998 1000/1000/1000 923/923/923
f 997/997/997 918/918/918 995/995/995
f 1006/1006/1006 998/998/998 926/926/926 927/927/927
f 1006/1006/1006 927/927/927 928/928/928
f 1004/1004/1004 929/929/929 930/930/930
f 1004/1004/1004 930/930/930 931/931/931
f 1006/1006/1006 928/928/928 929/929/929
f 1006/1006/1006 929/929/929 1004/1004/1004
f 1009/1009/1009 931/931/931 932/932/932
f 1004/1004/1004 931/931/931 1009/1009/1009
f 934/934/934 1009/1009/1009 933/933/933
f 932/932/932 933/933/933 1009/1009/1009
f 1007/1007/1007 1009/1009/1009 934/934/934 935/935/935
f 1007/1007/1007 935/935/935 936/936/936
f 1014/1014/1014 937/937/937 938/938/938
f 1014/1014/1014 938/938/938 939/939/939
f 1007/1007/1007 936/936/936 937/937/937
f 1014/1014/1014 1007/1007/1007 937/937/937
f 1012/1012/1012 940/940/940 941/941/941
f 942/942/942 1012/1012/1012 941/941/941
f 1012/1012/1012 1014/1014/1014 939/939/939 940/940/940
f 943/943/943 1016/1016/1016 942/942/942
f 1017/1017/1017 1016/1016/1016 944/944/944
f 943/943/943 944/944/944 1016/1016/1016
f 1017/1017/1017 1018/1018/1018 1016/1016/1016
f 1019/1019/1019 1015/1015/1015 1016/1016/1016
f 1020/1020/1020 1044/1044/1044 1015/1015/1015
f 1042/1042/1042 1044/1044/1044 1020/1020/1020 1021/1021/1021
f 1019/1019/1019 1020/1020/1020 1015/1015/1015
f 1019/1019/1019 1016/1016/1016 1018/1018/1018
f 1012/1012/1012 942/942/942 1016/1016/1016
f 1022/1022/1022 1051/1051/1051 1053/1053/1053
f 1054/1054/1054 1056/1056/1056 1023/1023/1023 1024/1024/1024
f 1062/1062/1062 1054/1054/1054 1024/1024/1024 1025/1025/1025
f 1056/1056/1056 1051/1051/1051 1023/1023/1023
f 1026/1026/1026 1065/1065/1065 1060/1060/1060
f 1074/1074/1074 1063/1063/1063 1027/1027/1027 1028/1028/1028
f 1072/1072/1072 1074/1074/1074 1028/1028/1028 1029/1029/1029
f 1063/1063/1063 1065/1065/1065 1027/1027/1027
f 1060/1060/1060 1062/1062/1062 1025/1025/1025 1026/1026/1026
f 1022/1022/1022 1023/1023/1023 1051/1051/1051
f 1027/1027/1027 1065/1065/1065 1026/1026/1026
f 1077/1077/1077 1072/1072/1072 1029/1029/1029 1030/1030/1030
f 1075/1075/1075 1077/1077/1077 1030/1030/1030
f 1021/1021/1021 1022/1022/1022 1053/1053/1053 1042/1042/1042
f 1157/1157/1157 1230/1230/1230 1156/1156/1156
f 1155/1155/1155 1156/1156/1156 1230/1230/1230
f 1232/1232/1232 1154/1154/1154 1155/1155/1155
f 1230/1230/1230 1232/1232/1232 1155/1155/1155
f 1232/1232/1232 1227/1227/1227 1152/1152/1152 1153/1153/1153
f 1232/1232/1232 1153/1153/1153 1154/1154/1154
f 1227/1227/1227 1151/1151/1151 1152/1152/1152
f 1227/1227/1227 1150/1150/1150 1151/1151/1151
f 1227/1227/1227 1229/1229/1229 1149/1149/1149 1150/1150/1150
f 1147/1147/1147 1148/1148/1148 1229/1229/1229
f 1219/1219/1219 1221/1221/1221 1144/1144/1144 1145/1145/1145
f 1221/1221/1221 1216/1216/1216 1141/1141/1141 1142/1142/1142
f 1219/1219/1219 1147/1147/1147 1229/1229/1229
f 1149/1149/1149 1229/1229/1229 1148/1148/1148
f 1216/1216/1216 1218/1218/1218 1139/1139/1139 1140/1140/1140
f 1218/1218/1218 1210/1210/1210 1136/1136/1136 1137/1137/1137
f 1210/1210/1210 1212/1212/1212 1133/1133/1133 1134/1134/1134
f 1212/1212/1212 1207/1207/1207 1131/1131/1131 1132/1132/1132
f 1207/1207/1207 1209/1209/1209 1128/1128/1128 1129/1129/1129
f 1219/1219/1219 1146/1146/1146 1147/1147/1147
f 1221/1221/1221 1143/1143/1143 1144/1144/1144
f 1145/1145/1145 1146/1146/1146 1219/1219/1219
f 1218/1218/1218 1138/1138/1138 1139/1139/1139
f 1140/1140/1140 1141/1141/1141 1216/1216/1216
f 1142/1142/1142 1143/1143/1143 1221/1221/1221
f 1210/1210/1210 1134/1134/1134 1135/1135/1135
f 1135/1135/1135 1136/1136/1136 1210/1210/1210
f 1207/1207/1207 1130/1130/1130 1131/1131/1131
f 1209/1209/1209 1127/1127/1127 1128/1128/1128
f 1129/1129/1129 1130/1130/1130 1207/1207/1207
f 1132/1132/1132 1133/1133/1133 1212/1212/1212
f 1137/1137/1137 1138/1138/1138 1218/1218/1218
f 1127/1127/1127 1209/1209/1209 1126/1126/1126
f 1031/1031/1031 1083/1083/1083 1075/1075/1075
f 1086/1086/1086 1081/1081/1081 1032/1032/1032 1033/1033/1033
f 1084/1084/1084 1086/1086/1086 1033/1033/1033 1034/1034/1034
f 1081/1081/1081 1083/1083/1083 1031/1031/1031 1032/1032/1032
f 1035/1035/1035 1092/1092/1092 1094/1094/1094
f 1095/1095/1095 1097/1097/1097 1036/1036/1036 1037/1037/1037
f 1103/1103/1103 1095/1095/1095 1037/1037/1037 1038/1038/1038
f 1097/1097/1097 1092/1092/1092 1035/1035/1035 1036/1036/1036
f 1094/1094/1094 1084/1084/1084 1034/1034/1034
f 1034/1034/1034 1035/1035/1035 1094/1094/1094
f 1039/1039/1039 1106/1106/1106 1101/1101/1101
f 1103/1103/1103 1038/1038/1038 1101/1101/1101
f 1101/1101/1101 1038/1038/1038 1039/1039/1039
f 1039/1039/1039 1040/1040/1040 1104/1104/1104 1106/1106/1106
f 1031/1031/1031 1075/1075/1075 1030/1030/1030
f 1198/1198/1198 1125/1125/1125 1126/1126/1126
f 1124/1124/1124 1125/1125/1125 1198/1198/1198
f 1198/1198/1198 1200/1200/1200 1123/1123/1123 1124/1124/1124
f 1126/1126/1126 1209/1209/1209 1198/1198/1198
f 1200/1200/1200 1115/1115/1115 1120/1120/1120 1121/1121/1121
f 1200/1200/1200 1122/1122/1122 1123/1123/1123
f 1115/1115/1115 1119/1119/1119 1120/1120/1120
f 1121/1121/1121 1122/1122/1122 1200/1200/1200
f 1119/1119/1119 1115/1115/1115 1118/1118/1118
f 1111/1111/1111 1104/1104/1104 1040/1040/1040 1041/1041/1041
f 1109/1109/1109 1111/1111/1111 1041/1041/1041
f 1112/1112/1112 1109/1109/1109 1041/1041/1041
f 1117/1117/1117 1118/1118/1118 1116/1116/1116
f 1116/1116/1116 1118/1118/1118 1115/1115/1115
f 1114/1114/1114 1117/1117/1117 1116/1116/1116
f 1114/1114/1114 1116/1116/1116 1113/1113/1113
f 1112/1112/1112 1113/1113/1113 1116/1116/1116
f 1112/1112/1112 1116/1116/1116 1109/1109/1109
f 1365/1365/1365 1470/1470/1470 1358/1358/1358
f 1470/1470/1470 1266/1266/1266 1357/1357/1357
f 1266/1266/1266 1365/1365/1365 1337/1337/1337
f 1365/1365/1365 1266/1266/1266 1470/1470/1470
f 1368/1368/1368 1365/1365/1365 1367/1367/1367
f 1337/1337/1337 1368/1368/1368 1355/1355/1355
f 1365/1365/1365 1368/1368/1368 1337/1337/1337
f 1355/1355/1355 1368/1368/1368 1370/1370/1370 1363/1363/1363
f 1368/1368/1368 1367/1367/1367 1369/1369/1369 1370/1370/1370
f 1367/1367/1367 1371/1371/1371 1373/1373/1373 1369/1369/1369
f 1371/1371/1371 1366/1366/1366 1372/1372/1372 1373/1373/1373
f 1371/1371/1371 1358/1358/1358 1366/1366/1366
f 1365/1365/1365 1371/1371/1371 1367/1367/1367
f 1358/1358/1358 1371/1371/1371 1365/1365/1365
f 1376/1376/1376 1467/1467/1467 1375/1375/1375
f 1467/1467/1467 1358/1358/1358 1374/1374/1374
f 1358/1358/1358 1376/1376/1376 1366/1366/1366
f 1376/1376/1376 1358/1358/1358 1467/1467/1467
f 1366/1366/1366 1376/1376/1376 1378/1378/1378 1372/1372/1372
f 1376/1376/1376 1375/1375/1375 1377/1377/1377 1378/1378/1378
f 1375/1375/1375 1383/1383/1383 1384/1384/1384 1377/1377/1377
f 1374/1374/1374 1466/1466/1466 1468/1468/1468 1467/1467/1467
f 1467/1467/1467 1468/1468/1468 1383/1383/1383 1375/1375/1375
f 1479/1479/1479 1357/1357/1357 1469/1469/1469
f 1470/1470/1470 1479/1479/1479 1471/1471/1471
f 1357/1357/1357 1479/1479/1479 1470/1470/1470
f 1476/1476/1476 1470/1470/1470 1471/1471/1471
f 1358/1358/1358 1476/1476/1476 1374/1374/1374
f 1470/1470/1470 1476/1476/1476 1358/1358/1358
f 1471/1471/1471 1475/1475/1475 1477/1477/1477 1476/1476/1476
f 1476/1476/1476 1477/1477/1477 1466/1466/1466 1374/1374/1374
f 1469/1469/1469 1478/1478/1478 1480/1480/1480 1479/1479/1479
f 1479/1479/1479 1480/1480/1480 1475/1475/1475 1471/1471/1471
f 1345/1345/1345 1336/1336/1336 1338/1338/1338
f 1267/1267/1267 1345/1345/1345 1295/1295/1295
f 1336/1336/1336 1345/1345/1345 1267/1267/1267
f 1348/1348/1348 1345/1345/1345 1347/1347/1347
f 1295/1295/1295 1348/1348/1348 1334/1334/1334
f 1345/1345/1345 1348/1348/1348 1295/1295/1295
f 1334/1334/1334 1348/1348/1348 1350/1350/1350 1343/1343/1343
f 1348/1348/1348 1347/1347/1347 1349/1349/1349 1350/1350/1350
f 1347/1347/1347 1351/1351/1351 1353/1353/1353 1349/1349/1349
f 1351/1351/1351 1346/1346/1346 1352/1352/1352 1353/1353/1353
f 1351/1351/1351 1338/1338/1338 1346/1346/1346
f 1345/1345/1345 1351/1351/1351 1347/1347/1347
f 1338/1338/1338 1351/1351/1351 1345/1345/1345
f 1359/1359/1359 1354/1354/1354 1356/1356/1356
f 1338/1338/1338 1359/1359/1359 1346/1346/1346
f 1354/1354/1354 1359/1359/1359 1338/1338/1338
f 1346/1346/1346 1359/1359/1359 1361/1361/1361 1352/1352/1352
f 1359/1359/1359 1356/1356/1356 1360/1360/1360 1361/1361/1361
f 1356/1356/1356 1362/1362/1362 1364/1364/1364 1360/1360/1360
f 1362/1362/1362 1355/1355/1355 1363/1363/1363 1364/1364/1364
f 1362/1362/1362 1337/1337/1337 1355/1355/1355
f 1354/1354/1354 1362/1362/1362 1356/1356/1356
f 1337/1337/1337 1362/1362/1362 1354/1354/1354
f 1354/1354/1354 1266/1266/1266 1337/1337/1337
f 1336/1336/1336 1354/1354/1354 1338/1338/1338
f 1266/1266/1266 1354/1354/1354 1336/1336/1336
f 1324/1324/1324 1294/1294/1294 1296/1296/1296
f 1268/1268/1268 1324/1324/1324 1280/1280/1280
f 1294/1294/1294 1324/1324/1324 1268/1268/1268
f 1327/1327/1327 1324/1324/1324 1326/1326/1326
f 1280/1280/1280 1327/1327/1327 1292/1292/1292
f 1324/1324/1324 1327/1327/1327 1280/1280/1280
f 1292/1292/1292 1327/1327/1327 1329/1329/1329 1322/1322/1322
f 1327/1327/1327 1326/1326/1326 1328/1328/1328 1329/1329/1329
f 1326/1326/1326 1330/1330/1330 1332/1332/1332 1328/1328/1328
f 1330/1330/1330 1325/1325/1325 1331/1331/1331 1332/1332/1332
f 1330/1330/1330 1296/1296/1296 1325/1325/1325
f 1324/1324/1324 1330/1330/1330 1326/1326/1326
f 1296/1296/1296 1330/1330/1330 1324/1324/1324
f 1339/1339/1339 1333/1333/1333 1335/1335/1335
f 1296/1296/1296 1339/1339/1339 1325/1325/1325
f 1333/1333/1333 1339/1339/1339 1296/1296/1296
f 1325/1325/1325 1339/1339/1339 1341/1341/1341 1331/1331/1331
f 1339/1339/1339 1335/1335/1335 1340/1340/1340 1341/1341/1341
f 1335/1335/1335 1342/1342/1342 1344/1344/1344 1340/1340/1340
f 1342/1342/1342 1334/1334/1334 1343/1343/1343 1344/1344/1344
f 1342/1342/1342 1295/1295/1295 1334/1334/1334
f 1333/1333/1333 1342/1342/1342 1335/1335/1335
f 1295/1295/1295 1342/1342/1342 1333/1333/1333
f 1333/1333/1333 1267/1267/1267 1295/1295/1295
f 1294/1294/1294 1333/1333/1333 1296/1296/1296
f 1267/1267/1267 1333/1333/1333 1294/1294/1294
f 1774/1774/1774 1773/1773/1773 1771/1771/1771 1772/1772/1772
f 1767/1767/1767 1761/1761/1761 1773/1773/1773 1774/1774/1774
f 1777/1777/1777 1776/1776/1776 1282/1282/1282 1775/1775/1775
f 1772/1772/1772 1771/1771/1771 1776/1776/1776 1777/1777/1777
f 1776/1776/1776 1281/1281/1281 1282/1282/1282
f 1770/1770/1770 1776/1776/1776 1771/1771/1771
f 1281/1281/1281 1776/1776/1776 1770/1770/1770
f 1773/1773/1773 1770/1770/1770 1771/1771/1771
f 1279/1279/1279 1773/1773/1773 1761/1761/1761
f 1770/1770/1770 1773/1773/1773 1279/1279/1279
f 1779/1779/1779 1778/1778/1778 1284/1284/1284 1285/1285/1285
f 1775/1775/1775 1282/1282/1282 1778/1778/1778 1779/1779/1779
f 1285/1285/1285 1284/1284/1284 1286/1286/1286 1287/1287/1287
f 1284/1284/1284 1288/1288/1288 1290/1290/1290 1286/1286/1286
f 1288/1288/1288 1283/1283/1283 1289/1289/1289 1290/1290/1290
f 1778/1778/1778 1288/1288/1288 1284/1284/1284
f 1288/1288/1288 1281/1281/1281 1283/1283/1283
f 1281/1281/1281 1778/1778/1778 1282/1282/1282
f 1778/1778/1778 1281/1281/1281 1288/1288/1288
f 1318/1318/1318 1291/1291/1291 1293/1293/1293
f 1281/1281/1281 1318/1318/1318 1283/1283/1283
f 1291/1291/1291 1318/1318/1318 1281/1281/1281
f 1283/1283/1283 1318/1318/1318 1320/1320/1320 1289/1289/1289
f 1318/1318/1318 1293/1293/1293 1319/1319/1319 1320/1320/1320
f 1293/1293/1293 1321/1321/1321 1323/1323/1323 1319/1319/1319
f 1321/1321/1321 1292/1292/1292 1322/1322/1322 1323/1323/1323
f 1321/1321/1321 1280/1280/1280 1292/1292/1292
f 1291/1291/1291 1321/1321/1321 1293/1293/1293
f 1280/1280/1280 1321/1321/1321 1291/1291/1291
f 1770/1770/1770 1291/1291/1291 1281/1281/1281
f 1291/1291/1291 1268/1268/1268 1280/1280/1280
f 1268/1268/1268 1770/1770/1770 1279/1279/1279
f 1770/1770/1770 1268/1268/1268 1291/1291/1291
f 1491/1491/1491 1269/1269/1269 1472/1472/1472
f 1473/1473/1473 1491/1491/1491 1474/1474/1474
f 1269/1269/1269 1491/1491/1491 1473/1473/1473
f 1482/1482/1482 1473/1473/1473 1474/1474/1474
f 1266/1266/1266 1482/1482/1482 1357/1357/1357
f 1473/1473/1473 1482/1482/1482 1266/1266/1266
f 1488/1488/1488 1474/1474/1474 1481/1481/1481
f 1482/1482/1482 1488/1488/1488 1483/1483/1483
f 1474/1474/1474 1488/1488/1488 1482/1482/1482
f 1485/1485/1485 1482/1482/1482 1483/1483/1483
f 1357/1357/1357 1485/1485/1485 1469/1469/1469
f 1482/1482/1482 1485/1485/1485 1357/1357/1357
f 1483/1483/1483 1484/1484/1484 1486/1486/1486 1485/1485/1485
f 1485/1485/1485 1486/1486/1486 1478/1478/1478 1469/1469/1469
f 1481/1481/1481 1487/1487/1487 1489/1489/1489 1488/1488/1488
f 1488/1488/1488 1489/1489/1489 1484/1484/1484 1483/1483/1483
f 1500/1500/1500 1472/1472/1472 1490/1490/1490
f 1491/1491/1491 1500/1500/1500 1492/1492/1492
f 1472/1472/1472 1500/1500/1500 1491/1491/1491
f 1497/1497/1497 1491/1491/1491 1492/1492/1492
f 1474/1474/1474 1497/1497/1497 1481/1481/1481
f 1491/1491/1491 1497/1497/1497 1474/1474/1474
f 1492/1492/1492 1496/1496/1496 1498/1498/1498 1497/1497/1497
f 1497/1497/1497 1498/1498/1498 1487/1487/1487 1481/1481/1481
f 1490/1490/1490 1499/1499/1499 1501/1501/1501 1500/1500/1500
f 1500/1500/1500 1501/1501/1501 1496/1496/1496 1492/1492/1492
f 1336/1336/1336 1473/1473/1473 1266/1266/1266
f 1473/1473/1473 1270/1270/1270 1269/1269/1269
f 1270/1270/1270 1336/1336/1336 1267/1267/1267
f 1336/1336/1336 1270/1270/1270 1473/1473/1473
f 1744/1744/1744 1294/1294/1294 1268/1268/1268
f 1294/1294/1294 1270/1270/1270 1267/1267/1267
f 1270/1270/1270 1744/1744/1744 1271/1271/1271
f 1744/1744/1744 1270/1270/1270 1294/1294/1294
f 1757/1757/1757 1756/1756/1756 1754/1754/1754 1755/1755/1755
f 1749/1749/1749 1741/1741/1741 1756/1756/1756 1757/1757/1757
f 1760/1760/1760 1759/1759/1759 1752/1752/1752 1758/1758/1758
f 1755/1755/1755 1754/1754/1754 1759/1759/1759 1760/1760/1760
f 1759/1759/1759 1745/1745/1745 1752/1752/1752
f 1753/1753/1753 1759/1759/1759 1754/1754/1754
f 1745/1745/1745 1759/1759/1759 1753/1753/1753
f 1756/1756/1756 1753/1753/1753 1754/1754/1754
f 1723/1723/1723 1756/1756/1756 1741/1741/1741
f 1753/1753/1753 1756/1756/1756 1723/1723/1723
f 1766/1766/1766 1765/1765/1765 1763/1763/1763 1764/1764/1764
f 1758/1758/1758 1752/1752/1752 1765/1765/1765 1766/1766/1766
f 1769/1769/1769 1768/1768/1768 1761/1761/1761 1767/1767/1767
f 1764/1764/1764 1763/1763/1763 1768/1768/1768 1769/1769/1769
f 1768/1768/1768 1279/1279/1279 1761/1761/1761
f 1762/1762/1762 1768/1768/1768 1763/1763/1763
f 1279/1279/1279 1768/1768/1768 1762/1762/1762
f 1765/1765/1765 1762/1762/1762 1763/1763/1763
f 1745/1745/1745 1765/1765/1765 1752/1752/1752
f 1762/1762/1762 1765/1765/1765 1745/1745/1745
f 1762/1762/1762 1268/1268/1268 1279/1279/1279
f 1744/1744/1744 1762/1762/1762 1745/1745/1745
f 1268/1268/1268 1762/1762/1762 1744/1744/1744
f 1753/1753/1753 1744/1744/1744 1745/1745/1745
f 1271/1271/1271 1753/1753/1753 1723/1723/1723
f 1744/1744/1744 1753/1753/1753 1271/1271/1271
f 1512/1512/1512 1272/1272/1272 1493/1493/1493
f 1494/1494/1494 1512/1512/1512 1495/1495/1495
f 1272/1272/1272 1512/1512/1512 1494/1494/1494
f 1503/1503/1503 1494/1494/1494 1495/1495/1495
f 1269/1269/1269 1503/1503/1503 1472/1472/1472
f 1494/1494/1494 1503/1503/1503 1269/1269/1269
f 1509/1509/1509 1495/1495/1495 1502/1502/1502
f 1503/1503/1503 1509/1509/1509 1504/1504/1504
f 1495/1495/1495 1509/1509/1509 1503/1503/1503
f 1506/1506/1506 1503/1503/1503 1504/1504/1504
f 1472/1472/1472 1506/1506/1506 1490/1490/1490
f 1503/1503/1503 1506/1506/1506 1472/1472/1472
f 1504/1504/1504 1505/1505/1505 1507/1507/1507 1506/1506/1506
f 1506/1506/1506 1507/1507/1507 1499/1499/1499 1490/1490/1490
f 1502/1502/1502 1508/1508/1508 1510/1510/1510 1509/1509/1509
f 1509/1509/1509 1510/1510/1510 1505/1505/1505 1504/1504/1504
f 1520/1520/1520 1493/1493/1493 1511/1511/1511
f 1512/1512/1512 1520/1520/1520 1513/1513/1513
f 1493/1493/1493 1520/1520/1520 1512/1512/1512
f 1517/1517/1517 1512/1512/1512 1513/1513/1513
f 1495/1495/1495 1517/1517/1517 1502/1502/1502
f 1512/1512/1512 1517/1517/1517 1495/1495/1495
f 1513/1513/1513 1516/1516/1516 1518/1518/1518 1517/1517/1517
f 1517/1517/1517 1518/1518/1518 1508/1508/1508 1502/1502/1502
f 1511/1511/1511 1519/1519/1519 1521/1521/1521 1520/1520/1520
f 1520/1520/1520 1521/1521/1521 1516/1516/1516 1513/1513/1513
f 1494/1494/1494 1548/1548/1548 1272/1272/1272
f 1548/1548/1548 1270/1270/1270 1273/1273/1273
f 1270/1270/1270 1494/1494/1494 1269/1269/1269
f 1494/1494/1494 1270/1270/1270 1548/1548/1548
f 1590/1590/1590 1724/1724/1724 1274/1274/1274
f 1724/1724/1724 1270/1270/1270 1271/1271/1271
f 1270/1270/1270 1590/1590/1590 1273/1273/1273
f 1590/1590/1590 1270/1270/1270 1724/1724/1724
f 1737/1737/1737 1736/1736/1736 1734/1734/1734 1735/1735/1735
f 1729/1729/1729 1720/1720/1720 1736/1736/1736 1737/1737/1737
f 1740/1740/1740 1739/1739/1739 1732/1732/1732 1738/1738/1738
f 1735/1735/1735 1734/1734/1734 1739/1739/1739 1740/1740/1740
f 1739/1739/1739 1725/1725/1725 1732/1732/1732
f 1733/1733/1733 1739/1739/1739 1734/1734/1734
f 1725/1725/1725 1739/1739/1739 1733/1733/1733
f 1736/1736/1736 1733/1733/1733 1734/1734/1734
f 1610/1610/1610 1736/1736/1736 1720/1720/1720
f 1733/1733/1733 1736/1736/1736 1610/1610/1610
f 1748/1748/1748 1747/1747/1747 1743/1743/1743 1746/1746/1746
f 1738/1738/1738 1732/1732/1732 1747/1747/1747 1748/1748/1748
f 1751/1751/1751 1750/1750/1750 1741/1741/1741 1749/1749/1749
f 1746/1746/1746 1743/1743/1743 1750/1750/1750 1751/1751/1751
f 1750/1750/1750 1723/1723/1723 1741/1741/1741
f 1742/1742/1742 1750/1750/1750 1743/1743/1743
f 1723/1723/1723 1750/1750/1750 1742/1742/1742
f 1747/1747/1747 1742/1742/1742 1743/1743/1743
f 1725/1725/1725 1747/1747/1747 1732/1732/1732
f 1742/1742/1742 1747/1747/1747 1725/1725/1725
f 1742/1742/1742 1271/1271/1271 1723/1723/1723
f 1724/1724/1724 1742/1742/1742 1725/1725/1725
f 1271/1271/1271 1742/1742/1742 1724/1724/1724
f 1733/1733/1733 1724/1724/1724 1725/1725/1725
f 1274/1274/1274 1733/1733/1733 1610/1610/1610
f 1724/1724/1724 1733/1733/1733 1274/1274/1274
f 1574/1574/1574 1576/1576/1576 1575/1575/1575 1544/1544/1544
f 1576/1576/1576 1571/1571/1571 1546/1546/1546 1575/1575/1575
f 1575/1575/1575 1514/1514/1514 1544/1544/1544
f 1545/1545/1545 1575/1575/1575 1546/1546/1546
f 1514/1514/1514 1575/1575/1575 1545/1545/1545
f 1572/1572/1572 1545/1545/1545 1546/1546/1546
f 1515/1515/1515 1572/1572/1572 1531/1531/1531
f 1545/1545/1545 1572/1572/1572 1515/1515/1515
f 1571/1571/1571 1573/1573/1573 1572/1572/1572 1546/1546/1546
f 1573/1573/1573 1541/1541/1541 1531/1531/1531 1572/1572/1572
f 1523/1523/1523 1545/1545/1545 1515/1515/1515
f 1545/1545/1545 1272/1272/1272 1514/1514/1514
f 1272/1272/1272 1523/1523/1523 1493/1493/1493
f 1523/1523/1523 1272/1272/1272 1545/1545/1545
f 1529/1529/1529 1515/1515/1515 1522/1522/1522
f 1523/1523/1523 1529/1529/1529 1524/1524/1524
f 1515/1515/1515 1529/1529/1529 1523/1523/1523
f 1526/1526/1526 1523/1523/1523 1524/1524/1524
f 1493/1493/1493 1526/1526/1526 1511/1511/1511
f 1523/1523/1523 1526/1526/1526 1493/1493/1493
f 1524/1524/1524 1525/1525/1525 1527/1527/1527 1526/1526/1526
f 1526/1526/1526 1527/1527/1527 1519/1519/1519 1511/1511/1511
f 1522/1522/1522 1528/1528/1528 1530/1530/1530 1529/1529/1529
f 1529/1529/1529 1530/1530/1530 1525/1525/1525 1524/1524/1524
f 1541/1541/1541 1543/1543/1543 1542/1542/1542 1531/1531/1531
f 1543/1543/1543 1536/1536/1536 1532/1532/1532 1542/1542/1542
f 1534/1534/1534 1542/1542/1542 1532/1532/1532
f 1542/1542/1542 1515/1515/1515 1531/1531/1531
f 1515/1515/1515 1534/1534/1534 1522/1522/1522
f 1534/1534/1534 1515/1515/1515 1542/1542/1542
f 1532/1532/1532 1533/1533/1533 1535/1535/1535 1534/1534/1534
f 1534/1534/1534 1535/1535/1535 1528/1528/1528 1522/1522/1522
f 1536/1536/1536 1537/1537/1537 1533/1533/1533 1532/1532/1532
f 1595/1595/1595 1597/1597/1597 1596/1596/1596 1586/1586/1586
f 1597/1597/1597 1592/1592/1592 1588/1588/1588 1596/1596/1596
f 1596/1596/1596 1547/1547/1547 1586/1586/1586
f 1587/1587/1587 1596/1596/1596 1588/1588/1588
f 1547/1547/1547 1596/1596/1596 1587/1587/1587
f 1593/1593/1593 1587/1587/1587 1588/1588/1588
f 1549/1549/1549 1593/1593/1593 1577/1577/1577
f 1587/1587/1587 1593/1593/1593 1549/1549/1549
f 1592/1592/1592 1594/1594/1594 1593/1593/1593 1588/1588/1588
f 1594/1594/1594 1583/1583/1583 1577/1577/1577 1593/1593/1593
f 1587/1587/1587 1273/1273/1273 1547/1547/1547
f 1548/1548/1548 1587/1587/1587 1549/1549/1549
f 1273/1273/1273 1587/1587/1587 1548/1548/1548
f 1578/1578/1578 1548/1548/1548 1549/1549/1549
f 1272/1272/1272 1578/1578/1578 1514/1514/1514
f 1548/1548/1548 1578/1578/1578 1272/1272/1272
f 1583/1583/1583 1585/1585/1585 1584/1584/1584 1577/1577/1577
f 1585/1585/1585 1580/1580/1580 1579/1579/1579 1584/1584/1584
f 1584/1584/1584 1549/1549/1549 1577/1577/1577
f 1578/1578/1578 1584/1584/1584 1579/1579/1579
f 1549/1549/1549 1584/1584/1584 1578/1578/1578
f 1581/1581/1581 1578/1578/1578 1579/1579/1579
f 1514/1514/1514 1581/1581/1581 1544/1544/1544
f 1578/1578/1578 1581/1581/1581 1514/1514/1514
f 1580/1580/1580 1582/1582/1582 1581/1581/1581 1579/1579/1579
f 1582/1582/1582 1574/1574/1574 1544/1544/1544 1581/1581/1581
f 1615/1615/1615 1617/1617/1617 1616/1616/1616 1607/1607/1607
f 1617/1617/1617 1612/1612/1612 1609/1609/1609 1616/1616/1616
f 1616/1616/1616 1589/1589/1589 1607/1607/1607
f 1608/1608/1608 1616/1616/1616 1609/1609/1609
f 1589/1589/1589 1616/1616/1616 1608/1608/1608
f 1613/1613/1613 1608/1608/1608 1609/1609/1609
f 1591/1591/1591 1613/1613/1613 1598/1598/1598
f 1608/1608/1608 1613/1613/1613 1591/1591/1591
f 1612/1612/1612 1614/1614/1614 1613/1613/1613 1609/1609/1609
f 1614/1614/1614 1604/1604/1604 1598/1598/1598 1613/1613/1613
f 1608/1608/1608 1274/1274/1274 1589/1589/1589
f 1590/1590/1590 1608/1608/1608 1591/1591/1591
f 1274/1274/1274 1608/1608/1608 1590/1590/1590
f 1599/1599/1599 1590/1590/1590 1591/1591/1591
f 1273/1273/1273 1599/1599/1599 1547/1547/1547
f 1590/1590/1590 1599/1599/1599 1273/1273/1273
f 1604/1604/1604 1606/1606/1606 1605/1605/1605 1598/1598/1598
f 1606/1606/1606 1601/1601/1601 1600/1600/1600 1605/1605/1605
f 1605/1605/1605 1591/1591/1591 1598/1598/1598
f 1599/1599/1599 1605/1605/1605 1600/1600/1600
f 1591/1591/1591 1605/1605/1605 1599/1599/1599
f 1602/1602/1602 1599/1599/1599 1600/1600/1600
f 1547/1547/1547 1602/1602/1602 1586/1586/1586
f 1599/1599/1599 1602/1602/1602 1547/1547/1547
f 1601/1601/1601 1603/1603/1603 1602/1602/1602 1600/1600/1600
f 1603/1603/1603 1595/1595/1595 1586/1586/1586 1602/1602/1602
f 1636/1636/1636 1629/1629/1629 1628/1628/1628 1635/1635/1635
f 1719/1719/1719 1718/1718/1718 1627/1627/1627 1717/1717/1717
f 1635/1635/1635 1628/1628/1628 1718/1718/1718 1719/1719/1719
f 1630/1630/1630 1718/1718/1718 1628/1628/1628
f 1718/1718/1718 1611/1611/1611 1627/1627/1627
f 1611/1611/1611 1630/1630/1630 1618/1618/1618
f 1630/1630/1630 1611/1611/1611 1718/1718/1718
f 1629/1629/1629 1631/1631/1631 1630/1630/1630 1628/1628/1628
f 1631/1631/1631 1624/1624/1624 1618/1618/1618 1630/1630/1630
f 1728/1728/1728 1727/1727/1727 1722/1722/1722 1726/1726/1726
f 1717/1717/1717 1627/1627/1627 1727/1727/1727 1728/1728/1728
f 1731/1731/1731 1730/1730/1730 1720/1720/1720 1729/1729/1729
f 1726/1726/1726 1722/1722/1722 1730/1730/1730 1731/1731/1731
f 1730/1730/1730 1610/1610/1610 1720/1720/1720
f 1721/1721/1721 1730/1730/1730 1722/1722/1722
f 1610/1610/1610 1730/1730/1730 1721/1721/1721
f 1727/1727/1727 1721/1721/1721 1722/1722/1722
f 1611/1611/1611 1727/1727/1727 1627/1627/1627
f 1721/1721/1721 1727/1727/1727 1611/1611/1611
f 1619/1619/1619 1721/1721/1721 1611/1611/1611
f 1721/1721/1721 1274/1274/1274 1610/1610/1610
f 1274/1274/1274 1619/1619/1619 1589/1589/1589
f 1619/1619/1619 1274/1274/1274 1721/1721/1721
f 1624/1624/1624 1626/1626/1626 1625/1625/1625 1618/1618/1618
f 1626/1626/1626 1621/1621/1621 1620/1620/1620 1625/1625/1625
f 1625/1625/1625 1611/1611/1611 1618/1618/1618
f 1619/1619/1619 1625/1625/1625 1620/1620/1620
f 1611/1611/1611 1625/1625/1625 1619/1619/1619
f 1622/1622/1622 1619/1619/1619 1620/1620/1620
f 1589/1589/1589 1622/1622/1622 1607/1607/1607
f 1619/1619/1619 1622/1622/1622 1589/1589/1589
f 1621/1621/1621 1623/1623/1623 1622/1622/1622 1620/1620/1620
f 1623/1623/1623 1615/1615/1615 1607/1607/1607 1622/1622/1622
f 1384/1384/1384 1381/1381/1381 1380/1380/1380
f 1384/1384/1384 1385/1385/1385 1382/1382/1382
f 1381/1381/1381 1384/1384/1384 1382/1382/1382
f 1379/1379/1379 1384/1384/1384 1380/1380/1380
f 1377/1377/1377 1379/1379/1379 1317/1317/1317
f 1317/1317/1317 1378/1378/1378 1377/1377/1377
f 1316/1316/1316 1372/1372/1372 1378/1378/1378 1317/1317/1317
f 1377/1377/1377 1384/1384/1384 1379/1379/1379
f 1384/1384/1384 1386/1386/1386 1385/1385/1385
f 1383/1383/1383 1387/1387/1387 1386/1386/1386
f 1383/1383/1383 1389/1389/1389 1388/1388/1388
f 1468/1468/1468 1390/1390/1390 1389/1389/1389
f 1383/1383/1383 1388/1388/1388 1387/1387/1387
f 1383/1383/1383 1468/1468/1468 1389/1389/1389
f 1391/1391/1391 1390/1390/1390 1468/1468/1468
f 1466/1466/1466 1392/1392/1392 1391/1391/1391 1468/1468/1468
f 1466/1466/1466 1393/1393/1393 1392/1392/1392
f 1394/1394/1394 1393/1393/1393 1466/1466/1466
f 1384/1384/1384 1383/1383/1383 1386/1386/1386
f 1315/1315/1315 1373/1373/1373 1372/1372/1372 1316/1316/1316
f 1313/1313/1313 1363/1363/1363 1370/1370/1370 1314/1314/1314
f 1312/1312/1312 1364/1364/1364 1363/1363/1363 1313/1313/1313
f 1314/1314/1314 1369/1369/1369 1373/1373/1373 1315/1315/1315
f 1310/1310/1310 1361/1361/1361 1360/1360/1360 1311/1311/1311
f 1308/1308/1308 1349/1349/1349 1353/1353/1353 1309/1309/1309
f 1307/1307/1307 1350/1350/1350 1349/1349/1349 1308/1308/1308
f 1309/1309/1309 1353/1353/1353 1352/1352/1352 1310/1310/1310
f 1311/1311/1311 1360/1360/1360 1364/1364/1364 1312/1312/1312
f 1314/1314/1314 1370/1370/1370 1369/1369/1369
f 1310/1310/1310 1352/1352/1352 1361/1361/1361
f 1343/1343/1343 1350/1350/1350 1307/1307/1307
f 1477/1477/1477 1395/1395/1395 1394/1394/1394
f 1477/1477/1477 1397/1397/1397 1396/1396/1396
f 1475/1475/1475 1398/1398/1398 1397/1397/1397
f 1477/1477/1477 1396/1396/1396 1395/1395/1395
f 1480/1480/1480 1400/1400/1400 1399/1399/1399
f 1480/1480/1480 1402/1402/1402 1401/1401/1401
f 1478/1478/1478 1403/1403/1403 1402/1402/1402
f 1480/1480/1480 1401/1401/1401 1400/1400/1400
f 1475/1475/1475 1399/1399/1399 1398/1398/1398
f 1478/1478/1478 1405/1405/1405 1404/1404/1404
f 1486/1486/1486 1407/1407/1407 1406/1406/1406
f 1484/1484/1484 1408/1408/1408 1407/1407/1407
f 1486/1486/1486 1406/1406/1406 1405/1405/1405
f 1484/1484/1484 1410/1410/1410 1409/1409/1409
f 1489/1489/1489 1411/1411/1411 1410/1410/1410
f 1489/1489/1489 1413/1413/1413 1412/1412/1412
f 1487/1487/1487 1414/1414/1414 1413/1413/1413
f 1489/1489/1489 1412/1412/1412 1411/1411/1411
f 1484/1484/1484 1409/1409/1409 1408/1408/1408
f 1478/1478/1478 1404/1404/1404 1403/1403/1403
f 1475/1475/1475 1397/1397/1397 1477/1477/1477
f 1478/1478/1478 1402/1402/1402 1480/1480/1480
f 1399/1399/1399 1475/1475/1475 1480/1480/1480
f 1498/1498/1498 1416/1416/1416 1415/1415/1415 1487/1487/1487
f 1487/1487/1487 1415/1415/1415 1414/1414/1414
f 1486/1486/1486 1405/1405/1405 1478/1478/1478
f 1489/1489/1489 1410/1410/1410 1484/1484/1484
f 1487/1487/1487 1413/1413/1413 1489/1489/1489
f 1486/1486/1486 1484/1484/1484 1407/1407/1407
f 1498/1498/1498 1418/1418/1418 1417/1417/1417
f 1496/1496/1496 1420/1420/1420 1419/1419/1419
f 1496/1496/1496 1421/1421/1421 1420/1420/1420
f 1496/1496/1496 1419/1419/1419 1418/1418/1418
f 1496/1496/1496 1418/1418/1418 1498/1498/1498
f 1501/1501/1501 1421/1421/1421 1496/1496/1496
f 1501/1501/1501 1423/1423/1423 1422/1422/1422
f 1499/1499/1499 1424/1424/1424 1423/1423/1423 1501/1501/1501
f 1421/1421/1421 1501/1501/1501 1422/1422/1422
f 1416/1416/1416 1498/1498/1498 1417/1417/1417
f 1466/1466/1466 1477/1477/1477 1394/1394/1394
f 1305/1305/1305 1340/1340/1340 1344/1344/1344 1306/1306/1306
f 1303/1303/1303 1331/1331/1331 1341/1341/1341 1304/1304/1304
f 1304/1304/1304 1341/1341/1341 1340/1340/1340 1305/1305/1305
f 1302/1302/1302 1328/1328/1328 1332/1332/1332 1303/1303/1303
f 1306/1306/1306 1344/1344/1344 1343/1343/1343 1307/1307/1307
f 1301/1301/1301 1329/1329/1329 1328/1328/1328 1302/1302/1302
f 1299/1299/1299 1323/1323/1323 1322/1322/1322 1300/1300/1300
f 1298/1298/1298 1320/1320/1320 1319/1319/1319 1299/1299/1299
f 1300/1300/1300 1322/1322/1322 1329/1329/1329 1301/1301/1301
f 1303/1303/1303 1332/1332/1332 1331/1331/1331
f 1299/1299/1299 1319/1319/1319 1323/1323/1323
f 1297/1297/1297 1289/1289/1289 1320/1320/1320 1298/1298/1298
f 1278/1278/1278 1290/1290/1290 1289/1289/1289 1297/1297/1297
f 1278/1278/1278 1286/1286/1286 1290/1290/1290
f 1277/1277/1277 1286/1286/1286 1278/1278/1278
f 1287/1287/1287 1277/1277/1277 1276/1276/1276
f 1716/1716/1716 1287/1287/1287 1275/1275/1275
f 1276/1276/1276 1275/1275/1275 1287/1287/1287
f 1287/1287/1287 1716/1716/1716 1715/1715/1715
f 1287/1287/1287 1286/1286/1286 1277/1277/1277
f 1285/1285/1285 1715/1715/1715 1714/1714/1714
f 1713/1713/1713 1285/1285/1285 1714/1714/1714
f 1285/1285/1285 1713/1713/1713 1712/1712/1712 1779/1779/1779
f 1285/1285/1285 1287/1287/1287 1715/1715/1715
f 1779/1779/1779 1710/1710/1710 1709/1709/1709 1775/1775/1775
f 1779/1779/1779 1712/1712/1712 1711/1711/1711
f 1775/1775/1775 1709/1709/1709 1708/1708/1708
f 1710/1710/1710 1779/1779/1779 1711/1711/1711
f 1708/1708/1708 1707/1707/1707 1775/1775/1775
f 1777/1777/1777 1707/1707/1707 1706/1706/1706
f 1705/1705/1705 1777/1777/1777 1706/1706/1706
f 1777/1777/1777 1705/1705/1705 1704/1704/1704 1772/1772/1772
f 1777/1777/1777 1775/1775/1775 1707/1707/1707
f 1772/1772/1772 1702/1702/1702 1701/1701/1701 1774/1774/1774
f 1772/1772/1772 1703/1703/1703 1702/1702/1702
f 1703/1703/1703 1772/1772/1772 1704/1704/1704
f 1701/1701/1701 1700/1700/1700 1774/1774/1774
f 1697/1697/1697 1767/1767/1767 1698/1698/1698
f 1769/1769/1769 1694/1694/1694 1693/1693/1693 1764/1764/1764
f 1764/1764/1764 1692/1692/1692 1691/1691/1691 1766/1766/1766
f 1767/1767/1767 1697/1697/1697 1696/1696/1696 1769/1769/1769
f 1700/1700/1700 1699/1699/1699 1774/1774/1774
f 1698/1698/1698 1767/1767/1767 1699/1699/1699
f 1758/1758/1758 1686/1686/1686 1685/1685/1685 1760/1760/1760
f 1760/1760/1760 1684/1684/1684 1683/1683/1683 1755/1755/1755
f 1766/1766/1766 1689/1689/1689 1688/1688/1688 1758/1758/1758
f 1755/1755/1755 1681/1681/1681 1680/1680/1680 1757/1757/1757
f 1767/1767/1767 1774/1774/1774 1699/1699/1699
f 1769/1769/1769 1695/1695/1695 1694/1694/1694
f 1695/1695/1695 1769/1769/1769 1696/1696/1696
f 1766/1766/1766 1690/1690/1690 1689/1689/1689
f 1690/1690/1690 1766/1766/1766 1691/1691/1691
f 1692/1692/1692 1764/1764/1764 1693/1693/1693
f 1758/1758/1758 1687/1687/1687 1686/1686/1686
f 1760/1760/1760 1685/1685/1685 1684/1684/1684
f 1755/1755/1755 1682/1682/1682 1681/1681/1681
f 1757/1757/1757 1679/1679/1679 1678/1678/1678
f 1678/1678/1678 1677/1677/1677 1749/1749/1749
f 1679/1679/1679 1757/1757/1757 1680/1680/1680
f 1682/1682/1682 1755/1755/1755 1683/1683/1683
f 1687/1687/1687 1758/1758/1758 1688/1688/1688
f 1757/1757/1757 1678/1678/1678 1749/1749/1749
f 1499/1499/1499 1426/1426/1426 1425/1425/1425
f 1507/1507/1507 1428/1428/1428 1427/1427/1427
f 1505/1505/1505 1429/1429/1429 1428/1428/1428
f 1507/1507/1507 1427/1427/1427 1426/1426/1426
f 1505/1505/1505 1431/1431/1431 1430/1430/1430
f 1510/1510/1510 1433/1433/1433 1432/1432/1432
f 1510/1510/1510 1434/1434/1434 1433/1433/1433
f 1510/1510/1510 1432/1432/1432 1431/1431/1431
f 1505/1505/1505 1430/1430/1430 1429/1429/1429
f 1508/1508/1508 1436/1436/1436 1435/1435/1435
f 1518/1518/1518 1438/1438/1438 1437/1437/1437
f 1518/1518/1518 1439/1439/1439 1438/1438/1438
f 1518/1518/1518 1437/1437/1437 1436/1436/1436
f 1516/1516/1516 1441/1441/1441 1440/1440/1440
f 1516/1516/1516 1442/1442/1442 1441/1441/1441
f 1521/1521/1521 1444/1444/1444 1443/1443/1443
f 1519/1519/1519 1445/1445/1445 1444/1444/1444
f 1521/1521/1521 1443/1443/1443 1442/1442/1442
f 1516/1516/1516 1440/1440/1440 1439/1439/1439
f 1508/1508/1508 1435/1435/1435 1434/1434/1434
f 1507/1507/1507 1426/1426/1426 1499/1499/1499
f 1505/1505/1505 1510/1510/1510 1431/1431/1431
f 1428/1428/1428 1507/1507/1507 1505/1505/1505
f 1510/1510/1510 1508/1508/1508 1434/1434/1434
f 1445/1445/1445 1519/1519/1519 1446/1446/1446
f 1518/1518/1518 1436/1436/1436 1508/1508/1508
f 1521/1521/1521 1442/1442/1442 1516/1516/1516
f 1519/1519/1519 1444/1444/1444 1521/1521/1521
f 1518/1518/1518 1516/1516/1516 1439/1439/1439
f 1519/1519/1519 1447/1447/1447 1446/1446/1446
f 1527/1527/1527 1448/1448/1448 1447/1447/1447
f 1527/1527/1527 1450/1450/1450 1449/1449/1449
f 1525/1525/1525 1451/1451/1451 1450/1450/1450
f 1527/1527/1527 1449/1449/1449 1448/1448/1448
f 1527/1527/1527 1525/1525/1525 1450/1450/1450
f 1452/1452/1452 1451/1451/1451 1525/1525/1525
f 1530/1530/1530 1453/1453/1453 1452/1452/1452 1525/1525/1525
f 1530/1530/1530 1454/1454/1454 1453/1453/1453
f 1455/1455/1455 1454/1454/1454 1530/1530/1530
f 1519/1519/1519 1527/1527/1527 1447/1447/1447
f 1424/1424/1424 1499/1499/1499 1425/1425/1425
f 1528/1528/1528 1456/1456/1456 1455/1455/1455
f 1528/1528/1528 1458/1458/1458 1457/1457/1457
f 1535/1535/1535 1459/1459/1459 1458/1458/1458
f 1528/1528/1528 1457/1457/1457 1456/1456/1456
f 1535/1535/1535 1458/1458/1458 1528/1528/1528
f 1533/1533/1533 1461/1461/1461 1460/1460/1460
f 1462/1462/1462 1461/1461/1461 1533/1533/1533
f 1535/1535/1535 1533/1533/1533 1460/1460/1460
f 1535/1535/1535 1460/1460/1460 1459/1459/1459
f 1537/1537/1537 1464/1464/1464 1463/1463/1463 1533/1533/1533
f 1465/1465/1465 1464/1464/1464 1537/1537/1537
f 1537/1537/1537 1538/1538/1538 1465/1465/1465
f 1539/1539/1539 1537/1537/1537 1536/1536/1536
f 1540/1540/1540 1536/1536/1536 1543/1543/1543
f 1541/1541/1541 1550/1550/1550 1540/1540/1540 1543/1543/1543
f 1539/1539/1539 1536/1536/1536 1540/1540/1540
f 1539/1539/1539 1538/1538/1538 1537/1537/1537
f 1462/1462/1462 1533/1533/1533 1463/1463/1463
f 1551/1551/1551 1573/1573/1573 1571/1571/1571
f 1574/1574/1574 1553/1553/1553 1552/1552/1552 1576/1576/1576
f 1582/1582/1582 1554/1554/1554 1553/1553/1553 1574/1574/1574
f 1576/1576/1576 1552/1552/1552 1571/1571/1571
f 1555/1555/1555 1580/1580/1580 1585/1585/1585
f 1594/1594/1594 1557/1557/1557 1556/1556/1556 1583/1583/1583
f 1592/1592/1592 1558/1558/1558 1557/1557/1557 1594/1594/1594
f 1583/1583/1583 1556/1556/1556 1585/1585/1585
f 1580/1580/1580 1555/1555/1555 1554/1554/1554 1582/1582/1582
f 1551/1551/1551 1571/1571/1571 1552/1552/1552
f 1556/1556/1556 1555/1555/1555 1585/1585/1585
f 1597/1597/1597 1559/1559/1559 1558/1558/1558 1592/1592/1592
f 1595/1595/1595 1559/1559/1559 1597/1597/1597
f 1550/1550/1550 1541/1541/1541 1573/1573/1573 1551/1551/1551
f 1530/1530/1530 1528/1528/1528 1455/1455/1455
f 1677/1677/1677 1676/1676/1676 1749/1749/1749
f 1675/1675/1675 1749/1749/1749 1676/1676/1676
f 1751/1751/1751 1675/1675/1675 1674/1674/1674
f 1749/1749/1749 1675/1675/1675 1751/1751/1751
f 1751/1751/1751 1673/1673/1673 1672/1672/1672 1746/1746/1746
f 1751/1751/1751 1674/1674/1674 1673/1673/1673
f 1746/1746/1746 1672/1672/1672 1671/1671/1671
f 1746/1746/1746 1671/1671/1671 1670/1670/1670
f 1746/1746/1746 1670/1670/1670 1669/1669/1669 1748/1748/1748
f 1667/1667/1667 1748/1748/1748 1668/1668/1668
f 1738/1738/1738 1665/1665/1665 1664/1664/1664 1740/1740/1740
f 1740/1740/1740 1662/1662/1662 1661/1661/1661 1735/1735/1735
f 1738/1738/1738 1748/1748/1748 1667/1667/1667
f 1669/1669/1669 1668/1668/1668 1748/1748/1748
f 1735/1735/1735 1660/1660/1660 1659/1659/1659 1737/1737/1737
f 1737/1737/1737 1657/1657/1657 1656/1656/1656 1729/1729/1729
f 1729/1729/1729 1654/1654/1654 1653/1653/1653 1731/1731/1731
f 1731/1731/1731 1652/1652/1652 1651/1651/1651 1726/1726/1726
f 1726/1726/1726 1649/1649/1649 1648/1648/1648 1728/1728/1728
f 1738/1738/1738 1667/1667/1667 1666/1666/1666
f 1740/1740/1740 1664/1664/1664 1663/1663/1663
f 1665/1665/1665 1738/1738/1738 1666/1666/1666
f 1737/1737/1737 1659/1659/1659 1658/1658/1658
f 1660/1660/1660 1735/1735/1735 1661/1661/1661
f 1662/1662/1662 1740/1740/1740 1663/1663/1663
f 1729/1729/1729 1655/1655/1655 1654/1654/1654
f 1655/1655/1655 1729/1729/1729 1656/1656/1656
f 1726/1726/1726 1651/1651/1651 1650/1650/1650
f 1728/1728/1728 1648/1648/1648 1647/1647/1647
f 1649/1649/1649 1726/1726/1726 1650/1650/1650
f 1652/1652/1652 1731/1731/1731 1653/1653/1653
f 1657/1657/1657 1737/1737/1737 1658/1658/1658
f 1647/1647/1647 1646/1646/1646 1728/1728/1728
f 1560/1560/1560 1595/1595/1595 1603/1603/1603
f 1606/1606/1606 1562/1562/1562 1561/1561/1561 1601/1601/1601
f 1604/1604/1604 1563/1563/1563 1562/1562/1562 1606/1606/1606
f 1601/1601/1601 1561/1561/1561 1560/1560/1560 1603/1603/1603
f 1564/1564/1564 1614/1614/1614 1612/1612/1612
f 1615/1615/1615 1566/1566/1566 1565/1565/1565 1617/1617/1617
f 1623/1623/1623 1567/1567/1567 1566/1566/1566 1615/1615/1615
f 1617/1617/1617 1565/1565/1565 1564/1564/1564 1612/1612/1612
f 1614/1614/1614 1563/1563/1563 1604/1604/1604
f 1563/1563/1563 1614/1614/1614 1564/1564/1564
f 1568/1568/1568 1621/1621/1621 1626/1626/1626
f 1623/1623/1623 1621/1621/1621 1567/1567/1567
f 1621/1621/1621 1568/1568/1568 1567/1567/1567
f 1568/1568/1568 1626/1626/1626 1624/1624/1624 1569/1569/1569
f 1560/1560/1560 1559/1559/1559 1595/1595/1595
f 1717/1717/1717 1646/1646/1646 1645/1645/1645
f 1644/1644/1644 1717/1717/1717 1645/1645/1645
f 1717/1717/1717 1644/1644/1644 1643/1643/1643 1719/1719/1719
f 1646/1646/1646 1717/1717/1717 1728/1728/1728
f 1719/1719/1719 1641/1641/1641 1640/1640/1640 1635/1635/1635
f 1719/1719/1719 1643/1643/1643 1642/1642/1642
f 1635/1635/1635 1640/1640/1640 1639/1639/1639
f 1641/1641/1641 1719/1719/1719 1642/1642/1642
f 1639/1639/1639 1638/1638/1638 1635/1635/1635
f 1631/1631/1631 1570/1570/1570 1569/1569/1569 1624/1624/1624
f 1629/1629/1629 1570/1570/1570 1631/1631/1631
f 1632/1632/1632 1570/1570/1570 1629/1629/1629
f 1637/1637/1637 1636/1636/1636 1638/1638/1638
f 1636/1636/1636 1635/1635/1635 1638/1638/1638
f 1634/1634/1634 1636/1636/1636 1637/1637/1637
f 1634/1634/1634 1633/1633/1633 1636/1636/1636
f 1632/1632/1632 1636/1636/1636 1633/1633/1633
f 1632/1632/1632 1629/1629/1629 1636/1636/1636
f 1780/1780/1780 1789/1789/1789 1788/1788/1788 1781/1781/1781
f 1789/1789/1789 1790/1790/1790 1787/1787/1787 1788/1788/1788
f 1786/1786/1786 1787/1787/1787 1790/1790/1790 1791/1791/1791
f 1785/1785/1785 1792/1792/1792 1793/1793/1793
f 1794/1794/1794 1782/1782/1782 1783/1783/1783 1784/1784/1784
f 1793/1793/1793 1794/1794/1794 1784/1784/1784 1785/1785/1785
f 1792/1792/1792 1785/1785/1785 1786/1786/1786
f 1791/1791/1791 1792/1792/1792 1786/1786/1786
f 1795/1795/1795 1805/1805/1805 1804/1804/1804 1796/1796/1796
f 1806/1806/1806 1807/1807/1807 1802/1802/1802 1803/1803/1803
f 1805/1805/1805 1806/1806/1806 1803/1803/1803 1804/1804/1804
f 1807/1807/1807 1808/1808/1808 1801/1801/1801 1802/1802/1802
f 1808/1808/1808 1809/1809/1809 1800/1800/1800 1801/1801/1801
f 1810/1810/1810 1797/1797/1797 1798/1798/1798 1799/1799/1799
f 1809/1809/1809 1810/1810/1810 1799/1799/1799 1800/1800/1800
f 1811/1811/1811 1820/1820/1820 1819/1819/1819 1812/1812/1812
f 1820/1820/1820 1821/1821/1821 1818/1818/1818 1819/1819/1819
f 1822/1822/1822 1817/1817/1817 1818/1818/1818 1821/1821/1821
f 1823/1823/1823 1824/1824/1824 1815/1815/1815 1816/1816/1816
f 1813/1813/1813 1814/1814/1814 1815/1815/1815 1824/1824/1824
f 1816/1816/1816 1817/1817/1817 1822/1822/1822 1823/1823/1823
f 1825/1825/1825 1834/1834/1834 1833/1833/1833 1826/1826/1826
f 1834/1834/1834 1835/1835/1835 1832/1832/1832 1833/1833/1833
f 1831/1831/1831 1832/1832/1832 1835/1835/1835 1836/1836/1836
f 1837/1837/1837 1838/1838/1838 1830/1830/1830 1831/1831/1831
f 1839/1839/1839 1827/1827/1827 1828/1828/1828 1829/1829/1829
f 1838/1838/1838 1839/1839/1839 1829/1829/1829 1830/1830/1830
f 1836/1836/1836 1837/1837/1837 1831/1831/1831
f 1842/1842/1842 1887/1887/1887 1890/1890/1890 1889/1889/1889
f 1843/1843/1843 1884/1884/1884 1888/1888/1888 1886/1886/1886
f 1886/1886/1886 1888/1888/1888 1887/1887/1887 1842/1842/1842
f 1844/1844/1844 1881/1881/1881 1885/1885/1885 1883/1883/1883
f 1883/1883/1883 1885/1885/1885 1884/1884/1884 1843/1843/1843
f 1880/1880/1880 1882/1882/1882 1881/1881/1881 1844/1844/1844
f 1886/1886/1886 1842/1842/1842 1846/1846/1846
f 1847/1847/1847 1843/1843/1843 1886/1886/1886
f 1846/1846/1846 1847/1847/1847 1886/1886/1886
f 1883/1883/1883 1843/1843/1843 1847/1847/1847
f 1848/1848/1848 1844/1844/1844 1883/1883/1883
f 1847/1847/1847 1848/1848/1848 1883/1883/1883
f 1851/1851/1851 1847/1847/1847 1846/1846/1846 1850/1850/1850
f 1852/1852/1852 1848/1848/1848 1847/1847/1847 1851/1851/1851
f 1869/1869/1869 1855/1855/1855 1851/1851/1851
f 1850/1850/1850 1854/1854/1854 1869/1869/1869
f 1851/1851/1851 1850/1850/1850 1869/1869/1869
f 1873/1873/1873 1856/1856/1856 1852/1852/1852
f 1851/1851/1851 1855/1855/1855 1873/1873/1873
f 1852/1852/1852 1851/1851/1851 1873/1873/1873
f 1868/1868/1868 1855/1855/1855 1869/1869/1869 1871/1871/1871
f 1871/1871/1871 1869/1869/1869 1854/1854/1854 1870/1870/1870
f 1872/1872/1872 1856/1856/1856 1873/1873/1873 1874/1874/1874
f 1874/1874/1874 1873/1873/1873 1855/1855/1855 1868/1868/1868
f 1876/1876/1876 1875/1875/1875 1856/1856/1856 1872/1872/1872
f 1879/1879/1879 1840/1840/1840 1890/1890/1890
f 1889/1889/1889 1890/1890/1890 1840/1840/1840
f 1878/1878/1878 1879/1879/1879 1887/1887/1887 1888/1888/1888
f 1890/1890/1890 1887/1887/1887 1879/1879/1879
f 1846/1846/1846 1889/1889/1889 1845/1845/1845
f 1840/1840/1840 1845/1845/1845 1889/1889/1889
f 1889/1889/1889 1846/1846/1846 1842/1842/1842
f 1884/1884/1884 1878/1878/1878 1888/1888/1888
f 1846/1846/1846 1845/1845/1845 1849/1849/1849 1850/1850/1850
f 1877/1877/1877 1878/1878/1878 1884/1884/1884 1885/1885/1885
f 1841/1841/1841 1877/1877/1877 1881/1881/1881 1882/1882/1882
f 1885/1885/1885 1881/1881/1881 1877/1877/1877
f 1848/1848/1848 1880/1880/1880 1844/1844/1844
f 1863/1863/1863 1864/1864/1864 1880/1880/1880
f 1882/1882/1882 1880/1880/1880 1864/1864/1864
f 1848/1848/1848 1863/1863/1863 1880/1880/1880
f 1863/1863/1863 1848/1848/1848 1862/1862/1862
f 1841/1841/1841 1882/1882/1882 1864/1864/1864
f 1853/1853/1853 1854/1854/1854 1850/1850/1850 1849/1849/1849
f 1853/1853/1853 1870/1870/1870 1854/1854/1854
f 1870/1870/1870 1853/1853/1853 1857/1857/1857
f 1871/1871/1871 1870/1870/1870 1865/1865/1865
f 1857/1857/1857 1865/1865/1865 1870/1870/1870
f 1866/1866/1866 1871/1871/1871 1865/1865/1865
f 1874/1874/1874 1868/1868/1868 1866/1866/1866
f 1871/1871/1871 1866/1866/1866 1868/1868/1868
f 1867/1867/1867 1874/1874/1874 1866/1866/1866
f 1875/1875/1875 1860/1860/1860 1852/1852/1852
f 1861/1861/1861 1862/1862/1862 1848/1848/1848 1852/1852/1852
f 1852/1852/1852 1860/1860/1860 1861/1861/1861
f 1875/1875/1875 1852/1852/1852 1856/1856/1856
f 1867/1867/1867 1876/1876/1876 1872/1872/1872
f 1858/1858/1858 1859/1859/1859 1876/1876/1876
f 1875/1875/1875 1876/1876/1876 1859/1859/1859
f 1867/1867/1867 1858/1858/1858 1876/1876/1876
f 1860/1860/1860 1875/1875/1875 1859/1859/1859
f 1874/1874/1874 1867/1867/1867 1872/1872/1872
f 1913/1913/1913 2013/2013/2013 2014/2014/2014 2012/2012/2012
f 2004/2004/2004 2008/2008/2008 2007/2007/2007 1932/1932/1932
f 1933/1933/1933 2016/2016/2016 2017/2017/2017 2015/2015/2015
f 2016/2016/2016 1913/1913/1913 2012/2012/2012 2017/2017/2017
f 2016/2016/2016 1933/1933/1933 1934/1934/1934
f 1914/1914/1914 1913/1913/1913 2016/2016/2016
f 1934/1934/1934 1914/1914/1914 2016/2016/2016
f 1935/1935/1935 1915/1915/1915 1914/1914/1914 1934/1934/1934
f 1936/1936/1936 1916/1916/1916 1915/1915/1915 1935/1935/1935
f 1937/1937/1937 1917/1917/1917 1916/1916/1916 1936/1936/1936
f 1938/1938/1938 1918/1918/1918 1917/1917/1917 1937/1937/1937
f 1939/1939/1939 1919/1919/1919 1918/1918/1918 1938/1938/1938
f 1940/1940/1940 1920/1920/1920 1919/1919/1919 1939/1939/1939
f 1941/1941/1941 1921/1921/1921 1920/1920/1920 1940/1940/1940
f 1942/1942/1942 1922/1922/1922 1921/1921/1921 1941/1941/1941
f 1943/1943/1943 1923/1923/1923 1922/1922/1922 1942/1942/1942
f 1944/1944/1944 1924/1924/1924 1923/1923/1923 1943/1943/1943
f 1945/1945/1945 1925/1925/1925 1924/1924/1924 1944/1944/1944
f 1946/1946/1946 1926/1926/1926 1925/1925/1925 1945/1945/1945
f 1947/1947/1947 1927/1927/1927 1926/1926/1926 1946/1946/1946
f 1948/1948/1948 1928/1928/1928 1927/1927/1927 1947/1947/1947
f 1949/1949/1949 1929/1929/1929 1928/1928/1928 1948/1948/1948
f 1950/1950/1950 1930/1930/1930 1929/1929/1929 1949/1949/1949
f 1951/1951/1951 1931/1931/1931 1930/1930/1930 1950/1950/1950
f 2005/2005/2005 1932/1932/1932 1931/1931/1931
f 1951/1951/1951 1952/1952/1952 2005/2005/2005
f 1931/1931/1931 1951/1951/1951 2005/2005/2005
f 2006/2006/2006 2004/2004/2004 1932/1932/1932 2005/2005/2005
f 2001/2001/2001 2006/2006/2006 2005/2005/2005 1952/1952/1952
f 1953/1953/1953 2019/2019/2019 2020/2020/2020 2018/2018/2018
f 2019/2019/2019 1933/1933/1933 2015/2015/2015 2020/2020/2020
f 2019/2019/2019 1953/1953/1953 1954/1954/1954
f 1934/1934/1934 1933/1933/1933 2019/2019/2019
f 1954/1954/1954 1934/1934/1934 2019/2019/2019
f 1955/1955/1955 1935/1935/1935 1934/1934/1934 1954/1954/1954
f 1956/1956/1956 1936/1936/1936 1935/1935/1935 1955/1955/1955
f 1957/1957/1957 1937/1937/1937 1936/1936/1936 1956/1956/1956
f 1958/1958/1958 1938/1938/1938 1937/1937/1937 1957/1957/1957
f 1959/1959/1959 1939/1939/1939 1938/1938/1938 1958/1958/1958
f 1960/1960/1960 1940/1940/1940 1939/1939/1939 1959/1959/1959
f 1961/1961/1961 1941/1941/1941 1940/1940/1940 1960/1960/1960
f 1962/1962/1962 1942/1942/1942 1941/1941/1941 1961/1961/1961
f 1963/1963/1963 1943/1943/1943 1942/1942/1942 1962/1962/1962
f 1964/1964/1964 1944/1944/1944 1943/1943/1943 1963/1963/1963
f 1965/1965/1965 1945/1945/1945 1944/1944/1944 1964/1964/1964
f 1966/1966/1966 1946/1946/1946 1945/1945/1945 1965/1965/1965
f 1967/1967/1967 1947/1947/1947 1946/1946/1946 1966/1966/1966
f 1968/1968/1968 1948/1948/1948 1947/1947/1947 1967/1967/1967
f 1969/1969/1969 1949/1949/1949 1948/1948/1948 1968/1968/1968
f 1970/1970/1970 1950/1950/1950 1949/1949/1949 1969/1969/1969
f 1971/1971/1971 1951/1951/1951 1950/1950/1950 1970/1970/1970
f 2002/2002/2002 1952/1952/1952 1951/1951/1951
f 1971/1971/1971 1972/1972/1972 2002/2002/2002
f 1951/1951/1951 1971/1971/1971 2002/2002/2002
f 2003/2003/2003 2001/2001/2001 1952/1952/1952 2002/2002/2002
f 1998/1998/1998 2003/2003/2003 2002/2002/2002 1972/1972/1972
f 2021/2021/2021 1953/1953/1953 2018/2018/2018 2022/2022/2022
f 2000/2000/2000 1998/1998/1998 1972/1972/1972 1999/1999/1999
f 2014/2014/2014 1892/1892/1892 1891/1891/1891
f 2013/2013/2013 1893/1893/1893 1892/1892/1892
f 1894/1894/1894 1893/1893/1893 1914/1914/1914 1915/1915/1915
f 2014/2014/2014 2013/2013/2013 1892/1892/1892
f 1895/1895/1895 1894/1894/1894 1915/1915/1915 1916/1916/1916
f 2014/2014/2014 1891/1891/1891 2009/2009/2009
f 1896/1896/1896 1895/1895/1895 1916/1916/1916 1917/1917/1917
f 1897/1897/1897 1896/1896/1896 1917/1917/1917 1918/1918/1918
f 1899/1899/1899 1898/1898/1898 1919/1919/1919 1920/1920/1920
f 1901/1901/1901 1900/1900/1900 1921/1921/1921 1922/1922/1922
f 1900/1900/1900 1899/1899/1899 1920/1920/1920 1921/1921/1921
f 1898/1898/1898 1897/1897/1897 1918/1918/1918 1919/1919/1919
f 2013/2013/2013 1914/1914/1914 1893/1893/1893
f 2017/2017/2017 2012/2012/2012 2009/2009/2009
f 2013/2013/2013 1913/1913/1913 1914/1914/1914
f 2009/2009/2009 2010/2010/2010 2017/2017/2017
f 2009/2009/2009 2012/2012/2012 2014/2014/2014
f 1922/1922/1922 1923/1923/1923 1902/1902/1902 1901/1901/1901
f 1904/1904/1904 1903/1903/1903 1924/1924/1924 1925/1925/1925
f 1905/1905/1905 1904/1904/1904 1925/1925/1925 1926/1926/1926
f 1907/1907/1907 1906/1906/1906 1927/1927/1927 1928/1928/1928
f 1908/1908/1908 1907/1907/1907 1928/1928/1928 1929/1929/1929
f 1906/1906/1906 1905/1905/1905 1926/1926/1926 1927/1927/1927
f 1910/1910/1910 1909/1909/1909 1930/1930/1930 1931/1931/1931
f 1931/1931/1931 2007/2007/2007 1910/1910/1910
f 2008/2008/2008 1911/1911/1911 2007/2007/2007
f 1910/1910/1910 2007/2007/2007 1911/1911/1911
f 1997/1997/1997 1912/1912/1912 2008/2008/2008
f 1911/1911/1911 2008/2008/2008 1912/1912/1912
f 1909/1909/1909 1908/1908/1908 1929/1929/1929 1930/1930/1930
f 1903/1903/1903 1902/1902/1902 1923/1923/1923 1924/1924/1924
f 2007/2007/2007 1931/1931/1931 1932/1932/1932
f 2008/2008/2008 2004/2004/2004 1997/1997/1997
f 1996/1996/1996 1997/1997/1997 2004/2004/2004 2006/2006/2006
f 2006/2006/2006 2001/2001/2001 1996/1996/1996
f 2010/2010/2010 2015/2015/2015 2017/2017/2017
f 2015/2015/2015 2010/2010/2010 2020/2020/2020
f 2011/2011/2011 2020/2020/2020 2010/2010/2010
f 2018/2018/2018 2020/2020/2020 2011/2011/2011
f 2021/2021/2021 1954/1954/1954 1953/1953/1953
f 2018/2018/2018 2011/2011/2011 2022/2022/2022
f 1956/1956/1956 1955/1955/1955 1976/1976/1976 1977/1977/1977
f 1957/1957/1957 1956/1956/1956 1977/1977/1977 1978/1978/1978
f 1959/1959/1959 1958/1958/1958 1979/1979/1979 1980/1980/1980
f 1961/1961/1961 1960/1960/1960 1981/1981/1981 1982/1982/1982
f 1960/1960/1960 1959/1959/1959 1980/1980/1980 1981/1981/1981
f 1958/1958/1958 1957/1957/1957 1978/1978/1978 1979/1979/1979
f 1955/1955/1955 1954/1954/1954 1975/1975/1975 1976/1976/1976
f 1974/1974/1974 2021/2021/2021 2022/2022/2022
f 2011/2011/2011 1973/1973/1973 2022/2022/2022
f 1973/1973/1973 1974/1974/1974 2022/2022/2022
f 2021/2021/2021 1975/1975/1975 1954/1954/1954
f 2021/2021/2021 1974/1974/1974 1975/1975/1975
f 1982/1982/1982 1983/1983/1983 1962/1962/1962 1961/1961/1961
f 1983/1983/1983 1984/1984/1984 1963/1963/1963 1962/1962/1962
f 1964/1964/1964 1963/1963/1963 1984/1984/1984 1985/1985/1985
f 1965/1965/1965 1964/1964/1964 1985/1985/1985 1986/1986/1986
f 1967/1967/1967 1966/1966/1966 1987/1987/1987 1988/1988/1988
f 1968/1968/1968 1967/1967/1967 1988/1988/1988 1989/1989/1989
f 1966/1966/1966 1965/1965/1965 1986/1986/1986 1987/1987/1987
f 1995/1995/1995 1996/1996/1996 2001/2001/2001 2003/2003/2003
f 2003/2003/2003 1998/1998/1998 1995/1995/1995
f 1970/1970/1970 1969/1969/1969 1990/1990/1990 1991/1991/1991
f 1999/1999/1999 1972/1972/1972 1971/1971/1971
f 1971/1971/1971 1970/1970/1970 1991/1991/1991 1992/1992/1992
f 1969/1969/1969 1968/1968/1968 1989/1989/1989 1990/1990/1990
f 1993/1993/1993 2000/2000/2000 1999/1999/1999
f 1994/1994/1994 1995/1995/1995 1998/1998/1998 2000/2000/2000
f 1971/1971/1971 1992/1992/1992 1999/1999/1999
f 2000/2000/2000 1993/1993/1993 1994/1994/1994
f 1999/1999/1999 1992/1992/1992 1993/1993/1993
f 2105/2105/2105 2431/2431/2431 2432/2432/2432 2430/2430/2430
f 2450/2450/2450 2454/2454/2454 2453/2453/2453 2184/2184/2184
f 2185/2185/2185 2434/2434/2434 2435/2435/2435 2433/2433/2433
f 2434/2434/2434 2105/2105/2105 2430/2430/2430 2435/2435/2435
f 2434/2434/2434 2185/2185/2185 2186/2186/2186
f 2106/2106/2106 2105/2105/2105 2434/2434/2434
f 2186/2186/2186 2106/2106/2106 2434/2434/2434
f 2187/2187/2187 2107/2107/2107 2106/2106/2106 2186/2186/2186
f 2188/2188/2188 2108/2108/2108 2107/2107/2107 2187/2187/2187
f 2189/2189/2189 2109/2109/2109 2108/2108/2108 2188/2188/2188
f 2190/2190/2190 2110/2110/2110 2109/2109/2109 2189/2189/2189
f 2191/2191/2191 2111/2111/2111 2110/2110/2110 2190/2190/2190
f 2192/2192/2192 2112/2112/2112 2111/2111/2111 2191/2191/2191
f 2193/2193/2193 2113/2113/2113 2112/2112/2112 2192/2192/2192
f 2194/2194/2194 2114/2114/2114 2113/2113/2113 2193/2193/2193
f 2195/2195/2195 2115/2115/2115 2114/2114/2114 2194/2194/2194
f 2196/2196/2196 2116/2116/2116 2115/2115/2115 2195/2195/2195
f 2197/2197/2197 2117/2117/2117 2116/2116/2116 2196/2196/2196
f 2198/2198/2198 2118/2118/2118 2117/2117/2117 2197/2197/2197
f 2199/2199/2199 2119/2119/2119 2118/2118/2118 2198/2198/2198
f 2200/2200/2200 2120/2120/2120 2119/2119/2119 2199/2199/2199
f 2201/2201/2201 2121/2121/2121 2120/2120/2120 2200/2200/2200
f 2202/2202/2202 2122/2122/2122 2121/2121/2121 2201/2201/2201
f 2203/2203/2203 2123/2123/2123 2122/2122/2122 2202/2202/2202
f 2204/2204/2204 2124/2124/2124 2123/2123/2123 2203/2203/2203
f 2205/2205/2205 2125/2125/2125 2124/2124/2124 2204/2204/2204
f 2206/2206/2206 2126/2126/2126 2125/2125/2125 2205/2205/2205
f 2207/2207/2207 2127/2127/2127 2126/2126/2126 2206/2206/2206
f 2208/2208/2208 2128/2128/2128 2127/2127/2127 2207/2207/2207
f 2209/2209/2209 2129/2129/2129 2128/2128/2128 2208/2208/2208
f 2210/2210/2210 2130/2130/2130 2129/2129/2129 2209/2209/2209
f 2211/2211/2211 2131/2131/2131 2130/2130/2130 2210/2210/2210
f 2212/2212/2212 2132/2132/2132 2131/2131/2131 2211/2211/2211
f 2213/2213/2213 2133/2133/2133 2132/2132/2132 2212/2212/2212
f 2214/2214/2214 2134/2134/2134 2133/2133/2133 2213/2213/2213
f 2215/2215/2215 2135/2135/2135 2134/2134/2134 2214/2214/2214
f 2216/2216/2216 2136/2136/2136 2135/2135/2135 2215/2215/2215
f 2217/2217/2217 2137/2137/2137 2136/2136/2136 2216/2216/2216
f 2218/2218/2218 2138/2138/2138 2137/2137/2137 2217/2217/2217
f 2219/2219/2219 2139/2139/2139 2138/2138/2138 2218/2218/2218
f 2220/2220/2220 2140/2140/2140 2139/2139/2139 2219/2219/2219
f 2221/2221/2221 2141/2141/2141 2140/2140/2140 2220/2220/2220
f 2222/2222/2222 2142/2142/2142 2141/2141/2141 2221/2221/2221
f 2223/2223/2223 2143/2143/2143 2142/2142/2142 2222/2222/2222
f 2224/2224/2224 2144/2144/2144 2143/2143/2143 2223/2223/2223
f 2225/2225/2225 2145/2145/2145 2144/2144/2144 2224/2224/2224
f 2226/2226/2226 2146/2146/2146 2145/2145/2145 2225/2225/2225
f 2227/2227/2227 2147/2147/2147 2146/2146/2146 2226/2226/2226
f 2228/2228/2228 2148/2148/2148 2147/2147/2147 2227/2227/2227
f 2229/2229/2229 2149/2149/2149 2148/2148/2148 2228/2228/2228
f 2230/2230/2230 2150/2150/2150 2149/2149/2149 2229/2229/2229
f 2231/2231/2231 2151/2151/2151 2150/2150/2150 2230/2230/2230
f 2232/2232/2232 2152/2152/2152 2151/2151/2151 2231/2231/2231
f 2233/2233/2233 2153/2153/2153 2152/2152/2152 2232/2232/2232
f 2234/2234/2234 2154/2154/2154 2153/2153/2153 2233/2233/2233
f 2235/2235/2235 2155/2155/2155 2154/2154/2154 2234/2234/2234
f 2236/2236/2236 2156/2156/2156 2155/2155/2155 2235/2235/2235
f 2237/2237/2237 2157/2157/2157 2156/2156/2156 2236/2236/2236
f 2238/2238/2238 2158/2158/2158 2157/2157/2157 2237/2237/2237
f 2239/2239/2239 2159/2159/2159 2158/2158/2158 2238/2238/2238
f 2240/2240/2240 2160/2160/2160 2159/2159/2159 2239/2239/2239
f 2241/2241/2241 2161/2161/2161 2160/2160/2160 2240/2240/2240
f 2242/2242/2242 2162/2162/2162 2161/2161/2161 2241/2241/2241
f 2243/2243/2243 2163/2163/2163 2162/2162/2162 2242/2242/2242
f 2244/2244/2244 2164/2164/2164 2163/2163/2163 2243/2243/2243
f 2245/2245/2245 2165/2165/2165 2164/2164/2164 2244/2244/2244
f 2246/2246/2246 2166/2166/2166 2165/2165/2165 2245/2245/2245
f 2247/2247/2247 2167/2167/2167 2166/2166/2166 2246/2246/2246
f 2248/2248/2248 2168/2168/2168 2167/2167/2167 2247/2247/2247
f 2249/2249/2249 2169/2169/2169 2168/2168/2168 2248/2248/2248
f 2250/2250/2250 2170/2170/2170 2169/2169/2169 2249/2249/2249
f 2251/2251/2251 2171/2171/2171 2170/2170/2170 2250/2250/2250
f 2252/2252/2252 2172/2172/2172 2171/2171/2171 2251/2251/2251
f 2253/2253/2253 2173/2173/2173 2172/2172/2172 2252/2252/2252
f 2254/2254/2254 2174/2174/2174 2173/2173/2173 2253/2253/2253
f 2255/2255/2255 2175/2175/2175 2174/2174/2174 2254/2254/2254
f 2256/2256/2256 2176/2176/2176 2175/2175/2175 2255/2255/2255
f 2257/2257/2257 2177/2177/2177 2176/2176/2176 2256/2256/2256
f 2258/2258/2258 2178/2178/2178 2177/2177/2177 2257/2257/2257
f 2259/2259/2259 2179/2179/2179 2178/2178/2178 2258/2258/2258
f 2260/2260/2260 2180/2180/2180 2179/2179/2179 2259/2259/2259
f 2261/2261/2261 2181/2181/2181 2180/2180/2180 2260/2260/2260
f 2262/2262/2262 2182/2182/2182 2181/2181/2181 2261/2261/2261
f 2263/2263/2263 2183/2183/2183 2182/2182/2182 2262/2262/2262
f 2451/2451/2451 2184/2184/2184 2183/2183/2183
f 2263/2263/2263 2264/2264/2264 2451/2451/2451
f 2183/2183/2183 2263/2263/2263 2451/2451/2451
f 2452/2452/2452 2450/2450/2450 2184/2184/2184 2451/2451/2451
f 2447/2447/2447 2452/2452/2452 2451/2451/2451 2264/2264/2264
f 2265/2265/2265 2437/2437/2437 2438/2438/2438 2436/2436/2436
f 2437/2437/2437 2185/2185/2185 2433/2433/2433 2438/2438/2438
f 2437/2437/2437 2265/2265/2265 2266/2266/2266
f 2186/2186/2186 2185/2185/2185 2437/2437/2437
f 2266/2266/2266 2186/2186/2186 2437/2437/2437
f 2267/2267/2267 2187/2187/2187 2186/2186/2186 2266/2266/2266
f 2268/2268/2268 2188/2188/2188 2187/2187/2187 2267/2267/2267
f 2269/2269/2269 2189/2189/2189 2188/2188/2188 2268/2268/2268
f 2270/2270/2270 2190/2190/2190 2189/2189/2189 2269/2269/2269
f 2271/2271/2271 2191/2191/2191 2190/2190/2190 2270/2270/2270
f 2272/2272/2272 2192/2192/2192 2191/2191/2191 2271/2271/2271
f 2273/2273/2273 2193/2193/2193 2192/2192/2192 2272/2272/2272
f 2274/2274/2274 2194/2194/2194 2193/2193/2193 2273/2273/2273
f 2275/2275/2275 2195/2195/2195 2194/2194/2194 2274/2274/2274
f 2276/2276/2276 2196/2196/2196 2195/2195/2195 2275/2275/2275
f 2277/2277/2277 2197/2197/2197 2196/2196/2196 2276/2276/2276
f 2278/2278/2278 2198/2198/2198 2197/2197/2197 2277/2277/2277
f 2279/2279/2279 2199/2199/2199 2198/2198/2198 2278/2278/2278
f 2280/2280/2280 2200/2200/2200 2199/2199/2199 2279/2279/2279
f 2281/2281/2281 2201/2201/2201 2200/2200/2200 2280/2280/2280
f 2282/2282/2282 2202/2202/2202 2201/2201/2201 2281/2281/2281
f 2283/2283/2283 2203/2203/2203 2202/2202/2202 2282/2282/2282
f 2284/2284/2284 2204/2204/2204 2203/2203/2203 2283/2283/2283
f 2285/2285/2285 2205/2205/2205 2204/2204/2204 2284/2284/2284
f 2286/2286/2286 2206/2206/2206 2205/2205/2205 2285/2285/2285
f 2287/2287/2287 2207/2207/2207 2206/2206/2206 2286/2286/2286
f 2288/2288/2288 2208/2208/2208 2207/2207/2207 2287/2287/2287
f 2289/2289/2289 2209/2209/2209 2208/2208/2208 2288/2288/2288
f 2290/2290/2290 2210/2210/2210 2209/2209/2209 2289/2289/2289
f 2291/2291/2291 2211/2211/2211 2210/2210/2210 2290/2290/2290
f 2292/2292/2292 2212/2212/2212 2211/2211/2211 2291/2291/2291
f 2293/2293/2293 2213/2213/2213 2212/2212/2212 2292/2292/2292
f 2294/2294/2294 2214/2214/2214 2213/2213/2213 2293/2293/2293
f 2295/2295/2295 2215/2215/2215 2214/2214/2214 2294/2294/2294
f 2296/2296/2296 2216/2216/2216 2215/2215/2215 2295/2295/2295
f 2297/2297/2297 2217/2217/2217 2216/2216/2216 2296/2296/2296
f 2298/2298/2298 2218/2218/2218 2217/2217/2217 2297/2297/2297
f 2299/2299/2299 2219/2219/2219 2218/2218/2218 2298/2298/2298
f 2300/2300/2300 2220/2220/2220 2219/2219/2219 2299/2299/2299
f 2301/2301/2301 2221/2221/2221 2220/2220/2220 2300/2300/2300
f 2302/2302/2302 2222/2222/2222 2221/2221/2221 2301/2301/2301
f 2303/2303/2303 2223/2223/2223 2222/2222/2222 2302/2302/2302
f 2304/2304/2304 2224/2224/2224 2223/2223/2223 2303/2303/2303
f 2305/2305/2305 2225/2225/2225 2224/2224/2224 2304/2304/2304
f 2306/2306/2306 2226/2226/2226 2225/2225/2225 2305/2305/2305
f 2307/2307/2307 2227/2227/2227 2226/2226/2226 2306/2306/2306
f 2308/2308/2308 2228/2228/2228 2227/2227/2227 2307/2307/2307
f 2309/2309/2309 2229/2229/2229 2228/2228/2228 2308/2308/2308
f 2310/2310/2310 2230/2230/2230 2229/2229/2229 2309/2309/2309
f 2311/2311/2311 2231/2231/2231 2230/2230/2230 2310/2310/2310
f 2312/2312/2312 2232/2232/2232 2231/2231/2231 2311/2311/2311
f 2313/2313/2313 2233/2233/2233 2232/2232/2232 2312/2312/2312
f 2314/2314/2314 2234/2234/2234 2233/2233/2233 2313/2313/2313
f 2315/2315/2315 2235/2235/2235 2234/2234/2234 2314/2314/2314
f 2316/2316/2316 2236/2236/2236 2235/2235/2235 2315/2315/2315
f 2317/2317/2317 2237/2237/2237 2236/2236/2236 2316/2316/2316
f 2318/2318/2318 2238/2238/2238 2237/2237/2237 2317/2317/2317
f 2319/2319/2319 2239/2239/2239 2238/2238/2238 2318/2318/2318
f 2320/2320/2320 2240/2240/2240 2239/2239/2239 2319/2319/2319
f 2321/2321/2321 2241/2241/2241 2240/2240/2240 2320/2320/2320
f 2322/2322/2322 2242/2242/2242 2241/2241/2241 2321/2321/2321
f 2323/2323/2323 2243/2243/2243 2242/2242/2242 2322/2322/2322
f 2324/2324/2324 2244/2244/2244 2243/2243/2243 2323/2323/2323
f 2325/2325/2325 2245/2245/2245 2244/2244/2244 2324/2324/2324
f 2326/2326/2326 2246/2246/2246 2245/2245/2245 2325/2325/2325
f 2327/2327/2327 2247/2247/2247 2246/2246/2246 2326/2326/2326
f 2328/2328/2328 2248/2248/2248 2247/2247/2247 2327/2327/2327
f 2329/2329/2329 2249/2249/2249 2248/2248/2248 2328/2328/2328
f 2330/2330/2330 2250/2250/2250 2249/2249/2249 2329/2329/2329
f 2331/2331/2331 2251/2251/2251 2250/2250/2250 2330/2330/2330
f 2332/2332/2332 2252/2252/2252 2251/2251/2251 2331/2331/2331
f 2333/2333/2333 2253/2253/2253 2252/2252/2252 2332/2332/2332
f 2334/2334/2334 2254/2254/2254 2253/2253/2253 2333/2333/2333
f 2335/2335/2335 2255/2255/2255 2254/2254/2254 2334/2334/2334
f 2336/2336/2336 2256/2256/2256 2255/2255/2255 2335/2335/2335
f 2337/2337/2337 2257/2257/2257 2256/2256/2256 2336/2336/2336
f 2338/2338/2338 2258/2258/2258 2257/2257/2257 2337/2337/2337
f 2339/2339/2339 2259/2259/2259 2258/2258/2258 2338/2338/2338
f 2340/2340/2340 2260/2260/2260 2259/2259/2259 2339/2339/2339
f 2341/2341/2341 2261/2261/2261 2260/2260/2260 2340/2340/2340
f 2342/2342/2342 2262/2262/2262 2261/2261/2261 2341/2341/2341
f 2343/2343/2343 2263/2263/2263 2262/2262/2262 2342/2342/2342
f 2448/2448/2448 2264/2264/2264 2263/2263/2263
f 2343/2343/2343 2344/2344/2344 2448/2448/2448
f 2263/2263/2263 2343/2343/2343 2448/2448/2448
f 2449/2449/2449 2447/2447/2447 2264/2264/2264 2448/2448/2448
f 2444/2444/2444 2449/2449/2449 2448/2448/2448 2344/2344/2344
f 2439/2439/2439 2265/2265/2265 2436/2436/2436 2440/2440/2440
f 2446/2446/2446 2444/2444/2444 2344/2344/2344 2445/2445/2445
f 2432/2432/2432 2024/2024/2024 2023/2023/2023
f 2026/2026/2026 2025/2025/2025 2106/2106/2106 2107/2107/2107
f 2027/2027/2027 2026/2026/2026 2107/2107/2107 2108/2108/2108
f 2025/2025/2025 2024/2024/2024 2431/2431/2431
f 2029/2029/2029 2028/2028/2028 2109/2109/2109 2110/2110/2110
f 2031/2031/2031 2030/2030/2030 2111/2111/2111 2112/2112/2112
f 2032/2032/2032 2031/2031/2031 2112/2112/2112 2113/2113/2113
f 2030/2030/2030 2029/2029/2029 2110/2110/2110 2111/2111/2111
f 2028/2028/2028 2027/2027/2027 2108/2108/2108 2109/2109/2109
f 2034/2034/2034 2033/2033/2033 2114/2114/2114 2115/2115/2115
f 2035/2035/2035 2034/2034/2034 2115/2115/2115 2116/2116/2116
f 2033/2033/2033 2032/2032/2032 2113/2113/2113 2114/2114/2114
f 2036/2036/2036 2035/2035/2035 2116/2116/2116 2117/2117/2117
f 2431/2431/2431 2024/2024/2024 2432/2432/2432
f 2037/2037/2037 2036/2036/2036 2117/2117/2117 2118/2118/2118
f 2038/2038/2038 2037/2037/2037 2118/2118/2118 2119/2119/2119
f 2040/2040/2040 2039/2039/2039 2120/2120/2120 2121/2121/2121
f 2041/2041/2041 2040/2040/2040 2121/2121/2121 2122/2122/2122
f 2039/2039/2039 2038/2038/2038 2119/2119/2119 2120/2120/2120
f 2042/2042/2042 2041/2041/2041 2122/2122/2122 2123/2123/2123
f 2432/2432/2432 2023/2023/2023 2427/2427/2427
f 2043/2043/2043 2042/2042/2042 2123/2123/2123 2124/2124/2124
f 2045/2045/2045 2044/2044/2044 2125/2125/2125 2126/2126/2126
f 2046/2046/2046 2045/2045/2045 2126/2126/2126 2127/2127/2127
f 2044/2044/2044 2043/2043/2043 2124/2124/2124 2125/2125/2125
f 2048/2048/2048 2047/2047/2047 2128/2128/2128 2129/2129/2129
f 2049/2049/2049 2048/2048/2048 2129/2129/2129 2130/2130/2130
f 2051/2051/2051 2050/2050/2050 2131/2131/2131 2132/2132/2132
f 2052/2052/2052 2051/2051/2051 2132/2132/2132 2133/2133/2133
f 2050/2050/2050 2049/2049/2049 2130/2130/2130 2131/2131/2131
f 2047/2047/2047 2046/2046/2046 2127/2127/2127 2128/2128/2128
f 2054/2054/2054 2053/2053/2053 2134/2134/2134 2135/2135/2135
f 2056/2056/2056 2055/2055/2055 2136/2136/2136 2137/2137/2137
f 2057/2057/2057 2056/2056/2056 2137/2137/2137 2138/2138/2138
f 2055/2055/2055 2054/2054/2054 2135/2135/2135 2136/2136/2136
f 2059/2059/2059 2058/2058/2058 2139/2139/2139 2140/2140/2140
f 2060/2060/2060 2059/2059/2059 2140/2140/2140 2141/2141/2141
f 2062/2062/2062 2061/2061/2061 2142/2142/2142 2143/2143/2143
f 2063/2063/2063 2062/2062/2062 2143/2143/2143 2144/2144/2144
f 2061/2061/2061 2060/2060/2060 2141/2141/2141 2142/2142/2142
f 2058/2058/2058 2057/2057/2057 2138/2138/2138 2139/2139/2139
f 2053/2053/2053 2052/2052/2052 2133/2133/2133 2134/2134/2134
f 2106/2106/2106 2025/2025/2025 2431/2431/2431 2105/2105/2105
f 2435/2435/2435 2430/2430/2430 2427/2427/2427
f 2427/2427/2427 2428/2428/2428 2435/2435/2435
f 2427/2427/2427 2430/2430/2430 2432/2432/2432
f 2144/2144/2144 2145/2145/2145 2064/2064/2064 2063/2063/2063
f 2066/2066/2066 2065/2065/2065 2146/2146/2146 2147/2147/2147
f 2068/2068/2068 2067/2067/2067 2148/2148/2148 2149/2149/2149
f 2069/2069/2069 2068/2068/2068 2149/2149/2149 2150/2150/2150
f 2067/2067/2067 2066/2066/2066 2147/2147/2147 2148/2148/2148
f 2071/2071/2071 2070/2070/2070 2151/2151/2151 2152/2152/2152
f 2073/2073/2073 2072/2072/2072 2153/2153/2153 2154/2154/2154
f 2074/2074/2074 2073/2073/2073 2154/2154/2154 2155/2155/2155
f 2072/2072/2072 2071/2071/2071 2152/2152/2152 2153/2153/2153
f 2070/2070/2070 2069/2069/2069 2150/2150/2150 2151/2151/2151
f 2076/2076/2076 2075/2075/2075 2156/2156/2156 2157/2157/2157
f 2078/2078/2078 2077/2077/2077 2158/2158/2158 2159/2159/2159
f 2079/2079/2079 2078/2078/2078 2159/2159/2159 2160/2160/2160
f 2077/2077/2077 2076/2076/2076 2157/2157/2157 2158/2158/2158
f 2081/2081/2081 2080/2080/2080 2161/2161/2161 2162/2162/2162
f 2082/2082/2082 2081/2081/2081 2162/2162/2162 2163/2163/2163
f 2084/2084/2084 2083/2083/2083 2164/2164/2164 2165/2165/2165
f 2085/2085/2085 2084/2084/2084 2165/2165/2165 2166/2166/2166
f 2083/2083/2083 2082/2082/2082 2163/2163/2163 2164/2164/2164
f 2080/2080/2080 2079/2079/2079 2160/2160/2160 2161/2161/2161
f 2075/2075/2075 2074/2074/2074 2155/2155/2155 2156/2156/2156
f 2087/2087/2087 2086/2086/2086 2167/2167/2167 2168/2168/2168
f 2089/2089/2089 2088/2088/2088 2169/2169/2169 2170/2170/2170
f 2090/2090/2090 2089/2089/2089 2170/2170/2170 2171/2171/2171
f 2088/2088/2088 2087/2087/2087 2168/2168/2168 2169/2169/2169
f 2092/2092/2092 2091/2091/2091 2172/2172/2172 2173/2173/2173
f 2093/2093/2093 2092/2092/2092 2173/2173/2173 2174/2174/2174
f 2095/2095/2095 2094/2094/2094 2175/2175/2175 2176/2176/2176
f 2096/2096/2096 2095/2095/2095 2176/2176/2176 2177/2177/2177
f 2094/2094/2094 2093/2093/2093 2174/2174/2174 2175/2175/2175
f 2091/2091/2091 2090/2090/2090 2171/2171/2171 2172/2172/2172
f 2098/2098/2098 2097/2097/2097 2178/2178/2178 2179/2179/2179
f 2100/2100/2100 2099/2099/2099 2180/2180/2180 2181/2181/2181
f 2101/2101/2101 2100/2100/2100 2181/2181/2181 2182/2182/2182
f 2099/2099/2099 2098/2098/2098 2179/2179/2179 2180/2180/2180
f 2102/2102/2102 2183/2183/2183 2184/2184/2184 2453/2453/2453
f 2453/2453/2453 2103/2103/2103 2102/2102/2102
f 2104/2104/2104 2103/2103/2103 2454/2454/2454
f 2453/2453/2453 2454/2454/2454 2103/2103/2103
f 2443/2443/2443 2104/2104/2104 2454/2454/2454
f 2102/2102/2102 2101/2101/2101 2182/2182/2182 2183/2183/2183
f 2097/2097/2097 2096/2096/2096 2177/2177/2177 2178/2178/2178
f 2086/2086/2086 2085/2085/2085 2166/2166/2166 2167/2167/2167
f 2065/2065/2065 2064/2064/2064 2145/2145/2145 2146/2146/2146
f 2442/2442/2442 2443/2443/2443 2450/2450/2450 2452/2452/2452
f 2452/2452/2452 2447/2447/2447 2442/2442/2442
f 2454/2454/2454 2450/2450/2450 2443/2443/2443
f 2433/2433/2433 2435/2435/2435 2428/2428/2428
f 2438/2438/2438 2433/2433/2433 2428/2428/2428
f 2440/2440/2440 2436/2436/2436 2429/2429/2429
f 2429/2429/2429 2436/2436/2436 2438/2438/2438
f 2438/2438/2438 2428/2428/2428 2429/2429/2429
f 2267/2267/2267 2266/2266/2266 2347/2347/2347 2348/2348/2348
f 2269/2269/2269 2268/2268/2268 2349/2349/2349 2350/2350/2350
f 2270/2270/2270 2269/2269/2269 2350/2350/2350 2351/2351/2351
f 2268/2268/2268 2267/2267/2267 2348/2348/2348 2349/2349/2349
f 2266/2266/2266 2265/2265/2265 2439/2439/2439
f 2272/2272/2272 2271/2271/2271 2352/2352/2352 2353/2353/2353
f 2274/2274/2274 2273/2273/2273 2354/2354/2354 2355/2355/2355
f 2275/2275/2275 2274/2274/2274 2355/2355/2355 2356/2356/2356
f 2273/2273/2273 2272/2272/2272 2353/2353/2353 2354/2354/2354
f 2277/2277/2277 2276/2276/2276 2357/2357/2357 2358/2358/2358
f 2278/2278/2278 2277/2277/2277 2358/2358/2358 2359/2359/2359
f 2280/2280/2280 2279/2279/2279 2360/2360/2360 2361/2361/2361
f 2281/2281/2281 2280/2280/2280 2361/2361/2361 2362/2362/2362
f 2279/2279/2279 2278/2278/2278 2359/2359/2359 2360/2360/2360
f 2276/2276/2276 2275/2275/2275 2356/2356/2356 2357/2357/2357
f 2271/2271/2271 2270/2270/2270 2351/2351/2351 2352/2352/2352
f 2283/2283/2283 2282/2282/2282 2363/2363/2363 2364/2364/2364
f 2285/2285/2285 2284/2284/2284 2365/2365/2365 2366/2366/2366
f 2286/2286/2286 2285/2285/2285 2366/2366/2366 2367/2367/2367
f 2284/2284/2284 2283/2283/2283 2364/2364/2364 2365/2365/2365
f 2288/2288/2288 2287/2287/2287 2368/2368/2368 2369/2369/2369
f 2289/2289/2289 2288/2288/2288 2369/2369/2369 2370/2370/2370
f 2291/2291/2291 2290/2290/2290 2371/2371/2371 2372/2372/2372
f 2292/2292/2292 2291/2291/2291 2372/2372/2372 2373/2373/2373
f 2290/2290/2290 2289/2289/2289 2370/2370/2370 2371/2371/2371
f 2287/2287/2287 2286/2286/2286 2367/2367/2367 2368/2368/2368
f 2294/2294/2294 2293/2293/2293 2374/2374/2374 2375/2375/2375
f 2296/2296/2296 2295/2295/2295 2376/2376/2376 2377/2377/2377
f 2297/2297/2297 2296/2296/2296 2377/2377/2377 2378/2378/2378
f 2295/2295/2295 2294/2294/2294 2375/2375/2375 2376/2376/2376
f 2299/2299/2299 2298/2298/2298 2379/2379/2379 2380/2380/2380
f 2300/2300/2300 2299/2299/2299 2380/2380/2380 2381/2381/2381
f 2302/2302/2302 2301/2301/2301 2382/2382/2382 2383/2383/2383
f 2303/2303/2303 2302/2302/2302 2383/2383/2383 2384/2384/2384
f 2301/2301/2301 2300/2300/2300 2381/2381/2381 2382/2382/2382
f 2298/2298/2298 2297/2297/2297 2378/2378/2378 2379/2379/2379
f 2293/2293/2293 2292/2292/2292 2373/2373/2373 2374/2374/2374
f 2282/2282/2282 2281/2281/2281 2362/2362/2362 2363/2363/2363
f 2439/2439/2439 2347/2347/2347 2266/2266/2266
f 2346/2346/2346 2439/2439/2439 2440/2440/2440
f 2440/2440/2440 2345/2345/2345 2346/2346/2346
f 2439/2439/2439 2346/2346/2346 2347/2347/2347
f 2345/2345/2345 2440/2440/2440 2429/2429/2429
f 2304/2304/2304 2303/2303/2303 2384/2384/2384 2385/2385/2385
f 2385/2385/2385 2386/2386/2386 2305/2305/2305 2304/2304/2304
f 2306/2306/2306 2305/2305/2305 2386/2386/2386 2387/2387/2387
f 2308/2308/2308 2307/2307/2307 2388/2388/2388 2389/2389/2389
f 2309/2309/2309 2308/2308/2308 2389/2389/2389 2390/2390/2390
f 2307/2307/2307 2306/2306/2306 2387/2387/2387 2388/2388/2388
f 2311/2311/2311 2310/2310/2310 2391/2391/2391 2392/2392/2392
f 2313/2313/2313 2312/2312/2312 2393/2393/2393 2394/2394/2394
f 2314/2314/2314 2313/2313/2313 2394/2394/2394 2395/2395/2395
f 2312/2312/2312 2311/2311/2311 2392/2392/2392 2393/2393/2393
f 2310/2310/2310 2309/2309/2309 2390/2390/2390 2391/2391/2391
f 2316/2316/2316 2315/2315/2315 2396/2396/2396 2397/2397/2397
f 2318/2318/2318 2317/2317/2317 2398/2398/2398 2399/2399/2399
f 2319/2319/2319 2318/2318/2318 2399/2399/2399 2400/2400/2400
f 2317/2317/2317 2316/2316/2316 2397/2397/2397 2398/2398/2398
f 2321/2321/2321 2320/2320/2320 2401/2401/2401 2402/2402/2402
f 2322/2322/2322 2321/2321/2321 2402/2402/2402 2403/2403/2403
f 2324/2324/2324 2323/2323/2323 2404/2404/2404 2405/2405/2405
f 2325/2325/2325 2324/2324/2324 2405/2405/2405 2406/2406/2406
f 2323/2323/2323 2322/2322/2322 2403/2403/2403 2404/2404/2404
f 2320/2320/2320 2319/2319/2319 2400/2400/2400 2401/2401/2401
f 2315/2315/2315 2314/2314/2314 2395/2395/2395 2396/2396/2396
f 2327/2327/2327 2326/2326/2326 2407/2407/2407 2408/2408/2408
f 2329/2329/2329 2328/2328/2328 2409/2409/2409 2410/2410/2410
f 2330/2330/2330 2329/2329/2329 2410/2410/2410 2411/2411/2411
f 2328/2328/2328 2327/2327/2327 2408/2408/2408 2409/2409/2409
f 2441/2441/2441 2442/2442/2442 2447/2447/2447 2449/2449/2449
f 2441/2441/2441 2449/2449/2449 2444/2444/2444
f 2332/2332/2332 2331/2331/2331 2412/2412/2412 2413/2413/2413
f 2333/2333/2333 2332/2332/2332 2413/2413/2413 2414/2414/2414
f 2331/2331/2331 2330/2330/2330 2411/2411/2411 2412/2412/2412
f 2335/2335/2335 2334/2334/2334 2415/2415/2415 2416/2416/2416
f 2337/2337/2337 2336/2336/2336 2417/2417/2417 2418/2418/2418
f 2338/2338/2338 2337/2337/2337 2418/2418/2418 2419/2419/2419
f 2336/2336/2336 2335/2335/2335 2416/2416/2416 2417/2417/2417
f 2340/2340/2340 2339/2339/2339 2420/2420/2420 2421/2421/2421
f 2341/2341/2341 2340/2340/2340 2421/2421/2421 2422/2422/2422
f 2343/2343/2343 2342/2342/2342 2423/2423/2423 2424/2424/2424
f 2445/2445/2445 2344/2344/2344 2343/2343/2343
f 2342/2342/2342 2341/2341/2341 2422/2422/2422 2423/2423/2423
f 2339/2339/2339 2338/2338/2338 2419/2419/2419 2420/2420/2420
f 2334/2334/2334 2333/2333/2333 2414/2414/2414 2415/2415/2415
f 2326/2326/2326 2325/2325/2325 2406/2406/2406 2407/2407/2407
f 2445/2445/2445 2425/2425/2425 2446/2446/2446
f 2426/2426/2426 2441/2441/2441 2444/2444/2444 2446/2446/2446
f 2445/2445/2445 2424/2424/2424 2425/2425/2425
f 2446/2446/2446 2425/2425/2425 2426/2426/2426
f 2343/2343/2343 2424/2424/2424 2445/2445/2445
f 2457/2457/2457 2499/2499/2499 2502/2502/2502 2501/2501/2501
f 2458/2458/2458 2496/2496/2496 2500/2500/2500 2498/2498/2498
f 2498/2498/2498 2500/2500/2500 2499/2499/2499 2457/2457/2457
f 2459/2459/2459 2493/2493/2493 2497/2497/2497 2495/2495/2495
f 2495/2495/2495 2497/2497/2497 2496/2496/2496 2458/2458/2458
f 2492/2492/2492 2494/2494/2494 2493/2493/2493 2459/2459/2459
f 2498/2498/2498 2457/2457/2457 2461/2461/2461
f 2462/2462/2462 2458/2458/2458 2498/2498/2498
f 2461/2461/2461 2462/2462/2462 2498/2498/2498
f 2495/2495/2495 2458/2458/2458 2462/2462/2462
f 2463/2463/2463 2459/2459/2459 2495/2495/2495
f 2462/2462/2462 2463/2463/2463 2495/2495/2495
f 2482/2482/2482 2466/2466/2466 2462/2462/2462
f 2461/2461/2461 2465/2465/2465 2482/2482/2482
f 2462/2462/2462 2461/2461/2461 2482/2482/2482
f 2485/2485/2485 2467/2467/2467 2463/2463/2463
f 2462/2462/2462 2466/2466/2466 2485/2485/2485
f 2463/2463/2463 2462/2462/2462 2485/2485/2485
f 2478/2478/2478 2465/2465/2465 2479/2479/2479 2480/2480/2480
f 2481/2481/2481 2466/2466/2466 2482/2482/2482 2483/2483/2483
f 2483/2483/2483 2482/2482/2482 2465/2465/2465 2478/2478/2478
f 2484/2484/2484 2467/2467/2467 2485/2485/2485 2486/2486/2486
f 2486/2486/2486 2485/2485/2485 2466/2466/2466 2481/2481/2481
f 2488/2488/2488 2487/2487/2487 2467/2467/2467 2484/2484/2484
f 2491/2491/2491 2455/2455/2455 2502/2502/2502
f 2501/2501/2501 2502/2502/2502 2455/2455/2455
f 2490/2490/2490 2491/2491/2491 2499/2499/2499 2500/2500/2500
f 2502/2502/2502 2499/2499/2499 2491/2491/2491
f 2461/2461/2461 2457/2457/2457 2501/2501/2501
f 2455/2455/2455 2460/2460/2460 2501/2501/2501
f 2490/2490/2490 2500/2500/2500 2496/2496/2496
f 2497/2497/2497 2490/2490/2490 2496/2496/2496
f 2493/2493/2493 2489/2489/2489 2497/2497/2497
f 2490/2490/2490 2497/2497/2497 2489/2489/2489
f 2456/2456/2456 2489/2489/2489 2493/2493/2493 2494/2494/2494
f 2474/2474/2474 2456/2456/2456 2494/2494/2494
f 2494/2494/2494 2492/2492/2492 2474/2474/2474
f 2492/2492/2492 2463/2463/2463 2473/2473/2473
f 2492/2492/2492 2473/2473/2473 2474/2474/2474
f 2473/2473/2473 2463/2463/2463 2472/2472/2472
f 2459/2459/2459 2463/2463/2463 2492/2492/2492
f 2460/2460/2460 2461/2461/2461 2501/2501/2501
f 2460/2460/2460 2479/2479/2479 2461/2461/2461
f 2480/2480/2480 2479/2479/2479 2464/2464/2464
f 2461/2461/2461 2479/2479/2479 2465/2465/2465
f 2480/2480/2480 2464/2464/2464 2468/2468/2468
f 2464/2464/2464 2479/2479/2479 2460/2460/2460
f 2480/2480/2480 2475/2475/2475 2478/2478/2478
f 2478/2478/2478 2475/2475/2475 2483/2483/2483
f 2476/2476/2476 2483/2483/2483 2475/2475/2475
f 2468/2468/2468 2475/2475/2475 2480/2480/2480
f 2476/2476/2476 2481/2481/2481 2483/2483/2483
f 2487/2487/2487 2463/2463/2463 2467/2467/2467
f 2470/2470/2470 2471/2471/2471 2487/2487/2487
f 2463/2463/2463 2487/2487/2487 2471/2471/2471
f 2487/2487/2487 2488/2488/2488 2470/2470/2470
f 2472/2472/2472 2463/2463/2463 2471/2471/2471
f 2481/2481/2481 2476/2476/2476 2486/2486/2486
f 2477/2477/2477 2486/2486/2486 2476/2476/2476
f 2484/2484/2484 2486/2486/2486 2477/2477/2477
f 2484/2484/2484 2477/2477/2477 2488/2488/2488
f 2469/2469/2469 2488/2488/2488 2477/2477/2477
f 2470/2470/2470 2488/2488/2488 2469/2469/2469
f 2505/2505/2505 2533/2533/2533 2536/2536/2536 2535/2535/2535
f 2506/2506/2506 2530/2530/2530 2534/2534/2534 2532/2532/2532
f 2532/2532/2532 2534/2534/2534 2533/2533/2533 2505/2505/2505
f 2507/2507/2507 2527/2527/2527 2531/2531/2531 2529/2529/2529
f 2529/2529/2529 2531/2531/2531 2530/2530/2530 2506/2506/2506
f 2526/2526/2526 2528/2528/2528 2527/2527/2527 2507/2507/2507
f 2532/2532/2532 2505/2505/2505 2509/2509/2509
f 2510/2510/2510 2506/2506/2506 2532/2532/2532
f 2509/2509/2509 2510/2510/2510 2532/2532/2532
f 2529/2529/2529 2506/2506/2506 2510/2510/2510
f 2511/2511/2511 2507/2507/2507 2529/2529/2529
f 2510/2510/2510 2511/2511/2511 2529/2529/2529
f 2544/2544/2544 2514/2514/2514 2510/2510/2510
f 2509/2509/2509 2513/2513/2513 2544/2544/2544
f 2510/2510/2510 2509/2509/2509 2544/2544/2544
f 2547/2547/2547 2515/2515/2515 2511/2511/2511
f 2510/2510/2510 2514/2514/2514 2547/2547/2547
f 2511/2511/2511 2510/2510/2510 2547/2547/2547
f 2540/2540/2540 2513/2513/2513 2541/2541/2541 2542/2542/2542
f 2543/2543/2543 2514/2514/2514 2544/2544/2544 2545/2545/2545
f 2545/2545/2545 2544/2544/2544 2513/2513/2513 2540/2540/2540
f 2546/2546/2546 2515/2515/2515 2547/2547/2547 2548/2548/2548
f 2548/2548/2548 2547/2547/2547 2514/2514/2514 2543/2543/2543
f 2550/2550/2550 2549/2549/2549 2515/2515/2515 2546/2546/2546
f 2525/2525/2525 2503/2503/2503 2536/2536/2536
f 2535/2535/2535 2536/2536/2536 2503/2503/2503
f 2524/2524/2524 2525/2525/2525 2533/2533/2533 2534/2534/2534
f 2536/2536/2536 2533/2533/2533 2525/2525/2525
f 2509/2509/2509 2505/2505/2505 2535/2535/2535
f 2503/2503/2503 2508/2508/2508 2535/2535/2535
f 2524/2524/2524 2534/2534/2534 2530/2530/2530
f 2531/2531/2531 2524/2524/2524 2530/2530/2530
f 2527/2527/2527 2523/2523/2523 2531/2531/2531
f 2524/2524/2524 2531/2531/2531 2523/2523/2523
f 2504/2504/2504 2523/2523/2523 2527/2527/2527 2528/2528/2528
f 2522/2522/2522 2504/2504/2504 2528/2528/2528
f 2528/2528/2528 2526/2526/2526 2522/2522/2522
f 2526/2526/2526 2511/2511/2511 2521/2521/2521
f 2526/2526/2526 2521/2521/2521 2522/2522/2522
f 2521/2521/2521 2511/2511/2511 2520/2520/2520
f 2507/2507/2507 2511/2511/2511 2526/2526/2526
f 2508/2508/2508 2509/2509/2509 2535/2535/2535
f 2508/2508/2508 2541/2541/2541 2509/2509/2509
f 2542/2542/2542 2541/2541/2541 2512/2512/2512
f 2509/2509/2509 2541/2541/2541 2513/2513/2513
f 2542/2542/2542 2512/2512/2512 2516/2516/2516
f 2512/2512/2512 2541/2541/2541 2508/2508/2508
f 2542/2542/2542 2537/2537/2537 2540/2540/2540
f 2540/2540/2540 2537/2537/2537 2545/2545/2545
f 2538/2538/2538 2545/2545/2545 2537/2537/2537
f 2516/2516/2516 2537/2537/2537 2542/2542/2542
f 2538/2538/2538 2543/2543/2543 2545/2545/2545
f 2549/2549/2549 2511/2511/2511 2515/2515/2515
f 2518/2518/2518 2519/2519/2519 2549/2549/2549
f 2511/2511/2511 2549/2549/2549 2519/2519/2519
f 2549/2549/2549 2550/2550/2550 2518/2518/2518
f 2520/2520/2520 2511/2511/2511 2519/2519/2519
f 2543/2543/2543 2538/2538/2538 2548/2548/2548
f 2539/2539/2539 2548/2548/2548 2538/2538/2538
f 2546/2546/2546 2548/2548/2548 2539/2539/2539
f 2546/2546/2546 2539/2539/2539 2550/2550/2550
f 2517/2517/2517 2550/2550/2550 2539/2539/2539
f 2518/2518/2518 2550/2550/2550 2517/2517/2517
f 2633/2633/2633 2973/2973/2973 2974/2974/2974 2972/2972/2972
f 2964/2964/2964 2968/2968/2968 2967/2967/2967 2712/2712/2712
f 2713/2713/2713 2976/2976/2976 2977/2977/2977 2975/2975/2975
f 2976/2976/2976 2633/2633/2633 2972/2972/2972 2977/2977/2977
f 2976/2976/2976 2713/2713/2713 2714/2714/2714
f 2634/2634/2634 2633/2633/2633 2976/2976/2976
f 2714/2714/2714 2634/2634/2634 2976/2976/2976
f 2715/2715/2715 2635/2635/2635 2634/2634/2634 2714/2714/2714
f 2716/2716/2716 2636/2636/2636 2635/2635/2635 2715/2715/2715
f 2717/2717/2717 2637/2637/2637 2636/2636/2636 2716/2716/2716
f 2718/2718/2718 2638/2638/2638 2637/2637/2637 2717/2717/2717
f 2719/2719/2719 2639/2639/2639 2638/2638/2638 2718/2718/2718
f 2720/2720/2720 2640/2640/2640 2639/2639/2639 2719/2719/2719
f 2721/2721/2721 2641/2641/2641 2640/2640/2640 2720/2720/2720
f 2722/2722/2722 2642/2642/2642 2641/2641/2641 2721/2721/2721
f 2723/2723/2723 2643/2643/2643 2642/2642/2642 2722/2722/2722
f 2724/2724/2724 2644/2644/2644 2643/2643/2643 2723/2723/2723
f 2725/2725/2725 2645/2645/2645 2644/2644/2644 2724/2724/2724
f 2726/2726/2726 2646/2646/2646 2645/2645/2645 2725/2725/2725
f 2727/2727/2727 2647/2647/2647 2646/2646/2646 2726/2726/2726
f 2728/2728/2728 2648/2648/2648 2647/2647/2647 2727/2727/2727
f 2729/2729/2729 2649/2649/2649 2648/2648/2648 2728/2728/2728
f 2730/2730/2730 2650/2650/2650 2649/2649/2649 2729/2729/2729
f 2731/2731/2731 2651/2651/2651 2650/2650/2650 2730/2730/2730
f 2732/2732/2732 2652/2652/2652 2651/2651/2651 2731/2731/2731
f 2733/2733/2733 2653/2653/2653 2652/2652/2652 2732/2732/2732
f 2734/2734/2734 2654/2654/2654 2653/2653/2653 2733/2733/2733
f 2735/2735/2735 2655/2655/2655 2654/2654/2654 2734/2734/2734
f 2736/2736/2736 2656/2656/2656 2655/2655/2655 2735/2735/2735
f 2737/2737/2737 2657/2657/2657 2656/2656/2656 2736/2736/2736
f 2738/2738/2738 2658/2658/2658 2657/2657/2657 2737/2737/2737
f 2739/2739/2739 2659/2659/2659 2658/2658/2658 2738/2738/2738
f 2740/2740/2740 2660/2660/2660 2659/2659/2659 2739/2739/2739
f 2741/2741/2741 2661/2661/2661 2660/2660/2660 2740/2740/2740
f 2742/2742/2742 2662/2662/2662 2661/2661/2661 2741/2741/2741
f 2743/2743/2743 2663/2663/2663 2662/2662/2662 2742/2742/2742
f 2744/2744/2744 2664/2664/2664 2663/2663/2663 2743/2743/2743
f 2745/2745/2745 2665/2665/2665 2664/2664/2664 2744/2744/2744
f 2746/2746/2746 2666/2666/2666 2665/2665/2665 2745/2745/2745
f 2747/2747/2747 2667/2667/2667 2666/2666/2666 2746/2746/2746
f 2748/2748/2748 2668/2668/2668 2667/2667/2667 2747/2747/2747
f 2749/2749/2749 2669/2669/2669 2668/2668/2668 2748/2748/2748
f 2750/2750/2750 2670/2670/2670 2669/2669/2669 2749/2749/2749
f 2751/2751/2751 2671/2671/2671 2670/2670/2670 2750/2750/2750
f 2752/2752/2752 2672/2672/2672 2671/2671/2671 2751/2751/2751
f 2753/2753/2753 2673/2673/2673 2672/2672/2672 2752/2752/2752
f 2754/2754/2754 2674/2674/2674 2673/2673/2673 2753/2753/2753
f 2755/2755/2755 2675/2675/2675 2674/2674/2674 2754/2754/2754
f 2756/2756/2756 2676/2676/2676 2675/2675/2675 2755/2755/2755
f 2757/2757/2757 2677/2677/2677 2676/2676/2676 2756/2756/2756
f 2758/2758/2758 2678/2678/2678 2677/2677/2677 2757/2757/2757
f 2759/2759/2759 2679/2679/2679 2678/2678/2678 2758/2758/2758
f 2760/2760/2760 2680/2680/2680 2679/2679/2679 2759/2759/2759
f 2761/2761/2761 2681/2681/2681 2680/2680/2680 2760/2760/2760
f 2762/2762/2762 2682/2682/2682 2681/2681/2681 2761/2761/2761
f 2763/2763/2763 2683/2683/2683 2682/2682/2682 2762/2762/2762
f 2764/2764/2764 2684/2684/2684 2683/2683/2683 2763/2763/2763
f 2765/2765/2765 2685/2685/2685 2684/2684/2684 2764/2764/2764
f 2766/2766/2766 2686/2686/2686 2685/2685/2685 2765/2765/2765
f 2767/2767/2767 2687/2687/2687 2686/2686/2686 2766/2766/2766
f 2768/2768/2768 2688/2688/2688 2687/2687/2687 2767/2767/2767
f 2769/2769/2769 2689/2689/2689 2688/2688/2688 2768/2768/2768
f 2770/2770/2770 2690/2690/2690 2689/2689/2689 2769/2769/2769
f 2771/2771/2771 2691/2691/2691 2690/2690/2690 2770/2770/2770
f 2772/2772/2772 2692/2692/2692 2691/2691/2691 2771/2771/2771
f 2773/2773/2773 2693/2693/2693 2692/2692/2692 2772/2772/2772
f 2774/2774/2774 2694/2694/2694 2693/2693/2693 2773/2773/2773
f 2775/2775/2775 2695/2695/2695 2694/2694/2694 2774/2774/2774
f 2776/2776/2776 2696/2696/2696 2695/2695/2695 2775/2775/2775
f 2777/2777/2777 2697/2697/2697 2696/2696/2696 2776/2776/2776
f 2778/2778/2778 2698/2698/2698 2697/2697/2697 2777/2777/2777
f 2779/2779/2779 2699/2699/2699 2698/2698/2698 2778/2778/2778
f 2780/2780/2780 2700/2700/2700 2699/2699/2699 2779/2779/2779
f 2781/2781/2781 2701/2701/2701 2700/2700/2700 2780/2780/2780
f 2782/2782/2782 2702/2702/2702 2701/2701/2701 2781/2781/2781
f 2783/2783/2783 2703/2703/2703 2702/2702/2702 2782/2782/2782
f 2784/2784/2784 2704/2704/2704 2703/2703/2703 2783/2783/2783
f 2785/2785/2785 2705/2705/2705 2704/2704/2704 2784/2784/2784
f 2786/2786/2786 2706/2706/2706 2705/2705/2705 2785/2785/2785
f 2787/2787/2787 2707/2707/2707 2706/2706/2706 2786/2786/2786
f 2788/2788/2788 2708/2708/2708 2707/2707/2707 2787/2787/2787
f 2789/2789/2789 2709/2709/2709 2708/2708/2708 2788/2788/2788
f 2790/2790/2790 2710/2710/2710 2709/2709/2709 2789/2789/2789
f 2791/2791/2791 2711/2711/2711 2710/2710/2710 2790/2790/2790
f 2965/2965/2965 2712/2712/2712 2711/2711/2711
f 2791/2791/2791 2792/2792/2792 2965/2965/2965
f 2711/2711/2711 2791/2791/2791 2965/2965/2965
f 2966/2966/2966 2964/2964/2964 2712/2712/2712 2965/2965/2965
f 2961/2961/2961 2966/2966/2966 2965/2965/2965 2792/2792/2792
f 2793/2793/2793 2979/2979/2979 2980/2980/2980 2978/2978/2978
f 2979/2979/2979 2713/2713/2713 2975/2975/2975 2980/2980/2980
f 2979/2979/2979 2793/2793/2793 2794/2794/2794
f 2714/2714/2714 2713/2713/2713 2979/2979/2979
f 2794/2794/2794 2714/2714/2714 2979/2979/2979
f 2795/2795/2795 2715/2715/2715 2714/2714/2714 2794/2794/2794
f 2796/2796/2796 2716/2716/2716 2715/2715/2715 2795/2795/2795
f 2797/2797/2797 2717/2717/2717 2716/2716/2716 2796/2796/2796
f 2798/2798/2798 2718/2718/2718 2717/2717/2717 2797/2797/2797
f 2799/2799/2799 2719/2719/2719 2718/2718/2718 2798/2798/2798
f 2800/2800/2800 2720/2720/2720 2719/2719/2719 2799/2799/2799
f 2801/2801/2801 2721/2721/2721 2720/2720/2720 2800/2800/2800
f 2802/2802/2802 2722/2722/2722 2721/2721/2721 2801/2801/2801
f 2803/2803/2803 2723/2723/2723 2722/2722/2722 2802/2802/2802
f 2804/2804/2804 2724/2724/2724 2723/2723/2723 2803/2803/2803
f 2805/2805/2805 2725/2725/2725 2724/2724/2724 2804/2804/2804
f 2806/2806/2806 2726/2726/2726 2725/2725/2725 2805/2805/2805
f 2807/2807/2807 2727/2727/2727 2726/2726/2726 2806/2806/2806
f 2808/2808/2808 2728/2728/2728 2727/2727/2727 2807/2807/2807
f 2809/2809/2809 2729/2729/2729 2728/2728/2728 2808/2808/2808
f 2810/2810/2810 2730/2730/2730 2729/2729/2729 2809/2809/2809
f 2811/2811/2811 2731/2731/2731 2730/2730/2730 2810/2810/2810
f 2812/2812/2812 2732/2732/2732 2731/2731/2731 2811/2811/2811
f 2813/2813/2813 2733/2733/2733 2732/2732/2732 2812/2812/2812
f 2814/2814/2814 2734/2734/2734 2733/2733/2733 2813/2813/2813
f 2815/2815/2815 2735/2735/2735 2734/2734/2734 2814/2814/2814
f 2816/2816/2816 2736/2736/2736 2735/2735/2735 2815/2815/2815
f 2817/2817/2817 2737/2737/2737 2736/2736/2736 2816/2816/2816
f 2818/2818/2818 2738/2738/2738 2737/2737/2737 2817/2817/2817
f 2819/2819/2819 2739/2739/2739 2738/2738/2738 2818/2818/2818
f 2820/2820/2820 2740/2740/2740 2739/2739/2739 2819/2819/2819
f 2821/2821/2821 2741/2741/2741 2740/2740/2740 2820/2820/2820
f 2822/2822/2822 2742/2742/2742 2741/2741/2741 2821/2821/2821
f 2823/2823/2823 2743/2743/2743 2742/2742/2742 2822/2822/2822
f 2824/2824/2824 2744/2744/2744 2743/2743/2743 2823/2823/2823
f 2825/2825/2825 2745/2745/2745 2744/2744/2744 2824/2824/2824
f 2826/2826/2826 2746/2746/2746 2745/2745/2745 2825/2825/2825
f 2827/2827/2827 2747/2747/2747 2746/2746/2746 2826/2826/2826
f 2828/2828/2828 2748/2748/2748 2747/2747/2747 2827/2827/2827
f 2829/2829/2829 2749/2749/2749 2748/2748/2748 2828/2828/2828
f 2830/2830/2830 2750/2750/2750 2749/2749/2749 2829/2829/2829
f 2831/2831/2831 2751/2751/2751 2750/2750/2750 2830/2830/2830
f 2832/2832/2832 2752/2752/2752 2751/2751/2751 2831/2831/2831
f 2833/2833/2833 2753/2753/2753 2752/2752/2752 2832/2832/2832
f 2834/2834/2834 2754/2754/2754 2753/2753/2753 2833/2833/2833
f 2835/2835/2835 2755/2755/2755 2754/2754/2754 2834/2834/2834
f 2836/2836/2836 2756/2756/2756 2755/2755/2755 2835/2835/2835
f 2837/2837/2837 2757/2757/2757 2756/2756/2756 2836/2836/2836
f 2838/2838/2838 2758/2758/2758 2757/2757/2757 2837/2837/2837
f 2839/2839/2839 2759/2759/2759 2758/2758/2758 2838/2838/2838
f 2840/2840/2840 2760/2760/2760 2759/2759/2759 2839/2839/2839
f 2841/2841/2841 2761/2761/2761 2760/2760/2760 2840/2840/2840
f 2842/2842/2842 2762/2762/2762 2761/2761/2761 2841/2841/2841
f 2843/2843/2843 2763/2763/2763 2762/2762/2762 2842/2842/2842
f 2844/2844/2844 2764/2764/2764 2763/2763/2763 2843/2843/2843
f 2845/2845/2845 2765/2765/2765 2764/2764/2764 2844/2844/2844
f 2846/2846/2846 2766/2766/2766 2765/2765/2765 2845/2845/2845
f 2847/2847/2847 2767/2767/2767 2766/2766/2766 2846/2846/2846
f 2848/2848/2848 2768/2768/2768 2767/2767/2767 2847/2847/2847
f 2849/2849/2849 2769/2769/2769 2768/2768/2768 2848/2848/2848
f 2850/2850/2850 2770/2770/2770 2769/2769/2769 2849/2849/2849
f 2851/2851/2851 2771/2771/2771 2770/2770/2770 2850/2850/2850
f 2852/2852/2852 2772/2772/2772 2771/2771/2771 2851/2851/2851
f 2853/2853/2853 2773/2773/2773 2772/2772/2772 2852/2852/2852
f 2854/2854/2854 2774/2774/2774 2773/2773/2773 2853/2853/2853
f 2855/2855/2855 2775/2775/2775 2774/2774/2774 2854/2854/2854
f 2856/2856/2856 2776/2776/2776 2775/2775/2775 2855/2855/2855
f 2857/2857/2857 2777/2777/2777 2776/2776/2776 2856/2856/2856
f 2858/2858/2858 2778/2778/2778 2777/2777/2777 2857/2857/2857
f 2859/2859/2859 2779/2779/2779 2778/2778/2778 2858/2858/2858
f 2860/2860/2860 2780/2780/2780 2779/2779/2779 2859/2859/2859
f 2861/2861/2861 2781/2781/2781 2780/2780/2780 2860/2860/2860
f 2862/2862/2862 2782/2782/2782 2781/2781/2781 2861/2861/2861
f 2863/2863/2863 2783/2783/2783 2782/2782/2782 2862/2862/2862
f 2864/2864/2864 2784/2784/2784 2783/2783/2783 2863/2863/2863
f 2865/2865/2865 2785/2785/2785 2784/2784/2784 2864/2864/2864
f 2866/2866/2866 2786/2786/2786 2785/2785/2785 2865/2865/2865
f 2867/2867/2867 2787/2787/2787 2786/2786/2786 2866/2866/2866
f 2868/2868/2868 2788/2788/2788 2787/2787/2787 2867/2867/2867
f 2869/2869/2869 2789/2789/2789 2788/2788/2788 2868/2868/2868
f 2870/2870/2870 2790/2790/2790 2789/2789/2789 2869/2869/2869
f 2871/2871/2871 2791/2791/2791 2790/2790/2790 2870/2870/2870
f 2962/2962/2962 2792/2792/2792 2791/2791/2791
f 2871/2871/2871 2872/2872/2872 2962/2962/2962
f 2791/2791/2791 2871/2871/2871 2962/2962/2962
f 2963/2963/2963 2961/2961/2961 2792/2792/2792 2962/2962/2962
f 2958/2958/2958 2963/2963/2963 2962/2962/2962 2872/2872/2872
f 2981/2981/2981 2793/2793/2793 2978/2978/2978 2982/2982/2982
f 2960/2960/2960 2958/2958/2958 2872/2872/2872 2959/2959/2959
f 2974/2974/2974 2552/2552/2552 2551/2551/2551
f 2554/2554/2554 2553/2553/2553 2634/2634/2634 2635/2635/2635
f 2555/2555/2555 2554/2554/2554 2635/2635/2635 2636/2636/2636
f 2553/2553/2553 2552/2552/2552 2973/2973/2973
f 2557/2557/2557 2556/2556/2556 2637/2637/2637 2638/2638/2638
f 2559/2559/2559 2558/2558/2558 2639/2639/2639 2640/2640/2640
f 2560/2560/2560 2559/2559/2559 2640/2640/2640 2641/2641/2641
f 2558/2558/2558 2557/2557/2557 2638/2638/2638 2639/2639/2639
f 2556/2556/2556 2555/2555/2555 2636/2636/2636 2637/2637/2637
f 2562/2562/2562 2561/2561/2561 2642/2642/2642 2643/2643/2643
f 2563/2563/2563 2562/2562/2562 2643/2643/2643 2644/2644/2644
f 2561/2561/2561 2560/2560/2560 2641/2641/2641 2642/2642/2642
f 2564/2564/2564 2563/2563/2563 2644/2644/2644 2645/2645/2645
f 2973/2973/2973 2552/2552/2552 2974/2974/2974
f 2565/2565/2565 2564/2564/2564 2645/2645/2645 2646/2646/2646
f 2566/2566/2566 2565/2565/2565 2646/2646/2646 2647/2647/2647
f 2568/2568/2568 2567/2567/2567 2648/2648/2648 2649/2649/2649
f 2569/2569/2569 2568/2568/2568 2649/2649/2649 2650/2650/2650
f 2567/2567/2567 2566/2566/2566 2647/2647/2647 2648/2648/2648
f 2570/2570/2570 2569/2569/2569 2650/2650/2650 2651/2651/2651
f 2974/2974/2974 2551/2551/2551 2969/2969/2969
f 2571/2571/2571 2570/2570/2570 2651/2651/2651 2652/2652/2652
f 2573/2573/2573 2572/2572/2572 2653/2653/2653 2654/2654/2654
f 2574/2574/2574 2573/2573/2573 2654/2654/2654 2655/2655/2655
f 2572/2572/2572 2571/2571/2571 2652/2652/2652 2653/2653/2653
f 2576/2576/2576 2575/2575/2575 2656/2656/2656 2657/2657/2657
f 2577/2577/2577 2576/2576/2576 2657/2657/2657 2658/2658/2658
f 2579/2579/2579 2578/2578/2578 2659/2659/2659 2660/2660/2660
f 2580/2580/2580 2579/2579/2579 2660/2660/2660 2661/2661/2661
f 2578/2578/2578 2577/2577/2577 2658/2658/2658 2659/2659/2659
f 2575/2575/2575 2574/2574/2574 2655/2655/2655 2656/2656/2656
f 2582/2582/2582 2581/2581/2581 2662/2662/2662 2663/2663/2663
f 2584/2584/2584 2583/2583/2583 2664/2664/2664 2665/2665/2665
f 2585/2585/2585 2584/2584/2584 2665/2665/2665 2666/2666/2666
f 2583/2583/2583 2582/2582/2582 2663/2663/2663 2664/2664/2664
f 2587/2587/2587 2586/2586/2586 2667/2667/2667 2668/2668/2668
f 2588/2588/2588 2587/2587/2587 2668/2668/2668 2669/2669/2669
f 2590/2590/2590 2589/2589/2589 2670/2670/2670 2671/2671/2671
f 2591/2591/2591 2590/2590/2590 2671/2671/2671 2672/2672/2672
f 2589/2589/2589 2588/2588/2588 2669/2669/2669 2670/2670/2670
f 2586/2586/2586 2585/2585/2585 2666/2666/2666 2667/2667/2667
f 2581/2581/2581 2580/2580/2580 2661/2661/2661 2662/2662/2662
f 2973/2973/2973 2634/2634/2634 2553/2553/2553
f 2977/2977/2977 2972/2972/2972 2969/2969/2969
f 2633/2633/2633 2634/2634/2634 2973/2973/2973
f 2969/2969/2969 2970/2970/2970 2977/2977/2977
f 2969/2969/2969 2972/2972/2972 2974/2974/2974
f 2672/2672/2672 2673/2673/2673 2592/2592/2592 2591/2591/2591
f 2594/2594/2594 2593/2593/2593 2674/2674/2674 2675/2675/2675
f 2596/2596/2596 2595/2595/2595 2676/2676/2676 2677/2677/2677
f 2597/2597/2597 2596/2596/2596 2677/2677/2677 2678/2678/2678
f 2595/2595/2595 2594/2594/2594 2675/2675/2675 2676/2676/2676
f 2599/2599/2599 2598/2598/2598 2679/2679/2679 2680/2680/2680
f 2601/2601/2601 2600/2600/2600 2681/2681/2681 2682/2682/2682
f 2602/2602/2602 2601/2601/2601 2682/2682/2682 2683/2683/2683
f 2600/2600/2600 2599/2599/2599 2680/2680/2680 2681/2681/2681
f 2598/2598/2598 2597/2597/2597 2678/2678/2678 2679/2679/2679
f 2604/2604/2604 2603/2603/2603 2684/2684/2684 2685/2685/2685
f 2606/2606/2606 2605/2605/2605 2686/2686/2686 2687/2687/2687
f 2607/2607/2607 2606/2606/2606 2687/2687/2687 2688/2688/2688
f 2605/2605/2605 2604/2604/2604 2685/2685/2685 2686/2686/2686
f 2609/2609/2609 2608/2608/2608 2689/2689/2689 2690/2690/2690
f 2610/2610/2610 2609/2609/2609 2690/2690/2690 2691/2691/2691
f 2612/2612/2612 2611/2611/2611 2692/2692/2692 2693/2693/2693
f 2613/2613/2613 2612/2612/2612 2693/2693/2693 2694/2694/2694
f 2611/2611/2611 2610/2610/2610 2691/2691/2691 2692/2692/2692
f 2608/2608/2608 2607/2607/2607 2688/2688/2688 2689/2689/2689
f 2603/2603/2603 2602/2602/2602 2683/2683/2683 2684/2684/2684
f 2615/2615/2615 2614/2614/2614 2695/2695/2695 2696/2696/2696
f 2617/2617/2617 2616/2616/2616 2697/2697/2697 2698/2698/2698
f 2618/2618/2618 2617/2617/2617 2698/2698/2698 2699/2699/2699
f 2616/2616/2616 2615/2615/2615 2696/2696/2696 2697/2697/2697
f 2620/2620/2620 2619/2619/2619 2700/2700/2700 2701/2701/2701
f 2621/2621/2621 2620/2620/2620 2701/2701/2701 2702/2702/2702
f 2623/2623/2623 2622/2622/2622 2703/2703/2703 2704/2704/2704
f 2624/2624/2624 2623/2623/2623 2704/2704/2704 2705/2705/2705
f 2622/2622/2622 2621/2621/2621 2702/2702/2702 2703/2703/2703
f 2619/2619/2619 2618/2618/2618 2699/2699/2699 2700/2700/2700
f 2626/2626/2626 2625/2625/2625 2706/2706/2706 2707/2707/2707
f 2628/2628/2628 2627/2627/2627 2708/2708/2708 2709/2709/2709
f 2629/2629/2629 2628/2628/2628 2709/2709/2709 2710/2710/2710
f 2627/2627/2627 2626/2626/2626 2707/2707/2707 2708/2708/2708
f 2630/2630/2630 2711/2711/2711 2967/2967/2967 2631/2631/2631
f 2632/2632/2632 2631/2631/2631 2968/2968/2968
f 2967/2967/2967 2968/2968/2968 2631/2631/2631
f 2957/2957/2957 2632/2632/2632 2968/2968/2968
f 2630/2630/2630 2629/2629/2629 2710/2710/2710 2711/2711/2711
f 2625/2625/2625 2624/2624/2624 2705/2705/2705 2706/2706/2706
f 2614/2614/2614 2613/2613/2613 2694/2694/2694 2695/2695/2695
f 2593/2593/2593 2592/2592/2592 2673/2673/2673 2674/2674/2674
f 2711/2711/2711 2712/2712/2712 2967/2967/2967
f 2956/2956/2956 2957/2957/2957 2964/2964/2964 2966/2966/2966
f 2966/2966/2966 2961/2961/2961 2956/2956/2956
f 2968/2968/2968 2964/2964/2964 2957/2957/2957
f 2975/2975/2975 2977/2977/2977 2970/2970/2970
f 2980/2980/2980 2975/2975/2975 2970/2970/2970
f 2982/2982/2982 2978/2978/2978 2971/2971/2971
f 2971/2971/2971 2978/2978/2978 2980/2980/2980
f 2980/2980/2980 2970/2970/2970 2971/2971/2971
f 2795/2795/2795 2794/2794/2794 2875/2875/2875 2876/2876/2876
f 2797/2797/2797 2796/2796/2796 2877/2877/2877 2878/2878/2878
f 2798/2798/2798 2797/2797/2797 2878/2878/2878 2879/2879/2879
f 2796/2796/2796 2795/2795/2795 2876/2876/2876 2877/2877/2877
f 2794/2794/2794 2793/2793/2793 2981/2981/2981
f 2800/2800/2800 2799/2799/2799 2880/2880/2880 2881/2881/2881
f 2802/2802/2802 2801/2801/2801 2882/2882/2882 2883/2883/2883
f 2803/2803/2803 2802/2802/2802 2883/2883/2883 2884/2884/2884
f 2801/2801/2801 2800/2800/2800 2881/2881/2881 2882/2882/2882
f 2805/2805/2805 2804/2804/2804 2885/2885/2885 2886/2886/2886
f 2806/2806/2806 2805/2805/2805 2886/2886/2886 2887/2887/2887
f 2808/2808/2808 2807/2807/2807 2888/2888/2888 2889/2889/2889
f 2809/2809/2809 2808/2808/2808 2889/2889/2889 2890/2890/2890
f 2807/2807/2807 2806/2806/2806 2887/2887/2887 2888/2888/2888
f 2804/2804/2804 2803/2803/2803 2884/2884/2884 2885/2885/2885
f 2799/2799/2799 2798/2798/2798 2879/2879/2879 2880/2880/2880
f 2811/2811/2811 2810/2810/2810 2891/2891/2891 2892/2892/2892
f 2813/2813/2813 2812/2812/2812 2893/2893/2893 2894/2894/2894
f 2814/2814/2814 2813/2813/2813 2894/2894/2894 2895/2895/2895
f 2812/2812/2812 2811/2811/2811 2892/2892/2892 2893/2893/2893
f 2816/2816/2816 2815/2815/2815 2896/2896/2896 2897/2897/2897
f 2817/2817/2817 2816/2816/2816 2897/2897/2897 2898/2898/2898
f 2819/2819/2819 2818/2818/2818 2899/2899/2899 2900/2900/2900
f 2820/2820/2820 2819/2819/2819 2900/2900/2900 2901/2901/2901
f 2818/2818/2818 2817/2817/2817 2898/2898/2898 2899/2899/2899
f 2815/2815/2815 2814/2814/2814 2895/2895/2895 2896/2896/2896
f 2822/2822/2822 2821/2821/2821 2902/2902/2902 2903/2903/2903
f 2824/2824/2824 2823/2823/2823 2904/2904/2904 2905/2905/2905
f 2825/2825/2825 2824/2824/2824 2905/2905/2905 2906/2906/2906
f 2823/2823/2823 2822/2822/2822 2903/2903/2903 2904/2904/2904
f 2827/2827/2827 2826/2826/2826 2907/2907/2907 2908/2908/2908
f 2828/2828/2828 2827/2827/2827 2908/2908/2908 2909/2909/2909
f 2830/2830/2830 2829/2829/2829 2910/2910/2910 2911/2911/2911
f 2831/2831/2831 2830/2830/2830 2911/2911/2911 2912/2912/2912
f 2829/2829/2829 2828/2828/2828 2909/2909/2909 2910/2910/2910
f 2826/2826/2826 2825/2825/2825 2906/2906/2906 2907/2907/2907
f 2821/2821/2821 2820/2820/2820 2901/2901/2901 2902/2902/2902
f 2810/2810/2810 2809/2809/2809 2890/2890/2890 2891/2891/2891
f 2981/2981/2981 2875/2875/2875 2794/2794/2794
f 2874/2874/2874 2981/2981/2981 2982/2982/2982
f 2982/2982/2982 2873/2873/2873 2874/2874/2874
f 2981/2981/2981 2874/2874/2874 2875/2875/2875
f 2873/2873/2873 2982/2982/2982 2971/2971/2971
f 2832/2832/2832 2831/2831/2831 2912/2912/2912 2913/2913/2913
f 2913/2913/2913 2914/2914/2914 2833/2833/2833 2832/2832/2832
f 2834/2834/2834 2833/2833/2833 2914/2914/2914 2915/2915/2915
f 2836/2836/2836 2835/2835/2835 2916/2916/2916 2917/2917/2917
f 2837/2837/2837 2836/2836/2836 2917/2917/2917 2918/2918/2918
f 2835/2835/2835 2834/2834/2834 2915/2915/2915 2916/2916/2916
f 2839/2839/2839 2838/2838/2838 2919/2919/2919 2920/2920/2920
f 2841/2841/2841 2840/2840/2840 2921/2921/2921 2922/2922/2922
f 2842/2842/2842 2841/2841/2841 2922/2922/2922 2923/2923/2923
f 2840/2840/2840 2839/2839/2839 2920/2920/2920 2921/2921/2921
f 2838/2838/2838 2837/2837/2837 2918/2918/2918 2919/2919/2919
f 2844/2844/2844 2843/2843/2843 2924/2924/2924 2925/2925/2925
f 2846/2846/2846 2845/2845/2845 2926/2926/2926 2927/2927/2927
f 2847/2847/2847 2846/2846/2846 2927/2927/2927 2928/2928/2928
f 2845/2845/2845 2844/2844/2844 2925/2925/2925 2926/2926/2926
f 2849/2849/2849 2848/2848/2848 2929/2929/2929 2930/2930/2930
f 2850/2850/2850 2849/2849/2849 2930/2930/2930 2931/2931/2931
f 2852/2852/2852 2851/2851/2851 2932/2932/2932 2933/2933/2933
f 2853/2853/2853 2852/2852/2852 2933/2933/2933 2934/2934/2934
f 2851/2851/2851 2850/2850/2850 2931/2931/2931 2932/2932/2932
f 2848/2848/2848 2847/2847/2847 2928/2928/2928 2929/2929/2929
f 2843/2843/2843 2842/2842/2842 2923/2923/2923 2924/2924/2924
f 2855/2855/2855 2854/2854/2854 2935/2935/2935 2936/2936/2936
f 2857/2857/2857 2856/2856/2856 2937/2937/2937 2938/2938/2938
f 2858/2858/2858 2857/2857/2857 2938/2938/2938 2939/2939/2939
f 2856/2856/2856 2855/2855/2855 2936/2936/2936 2937/2937/2937
f 2955/2955/2955 2956/2956/2956 2961/2961/2961 2963/2963/2963
f 2955/2955/2955 2963/2963/2963 2958/2958/2958
f 2860/2860/2860 2859/2859/2859 2940/2940/2940 2941/2941/2941
f 2861/2861/2861 2860/2860/2860 2941/2941/2941 2942/2942/2942
f 2859/2859/2859 2858/2858/2858 2939/2939/2939 2940/2940/2940
f 2863/2863/2863 2862/2862/2862 2943/2943/2943 2944/2944/2944
f 2865/2865/2865 2864/2864/2864 2945/2945/2945 2946/2946/2946
f 2866/2866/2866 2865/2865/2865 2946/2946/2946 2947/2947/2947
f 2864/2864/2864 2863/2863/2863 2944/2944/2944 2945/2945/2945
f 2868/2868/2868 2867/2867/2867 2948/2948/2948 2949/2949/2949
f 2869/2869/2869 2868/2868/2868 2949/2949/2949 2950/2950/2950
f 2871/2871/2871 2870/2870/2870 2951/2951/2951 2952/2952/2952
f 2959/2959/2959 2872/2872/2872 2871/2871/2871
f 2870/2870/2870 2869/2869/2869 2950/2950/2950 2951/2951/2951
f 2867/2867/2867 2866/2866/2866 2947/2947/2947 2948/2948/2948
f 2862/2862/2862 2861/2861/2861 2942/2942/2942 2943/2943/2943
f 2854/2854/2854 2853/2853/2853 2934/2934/2934 2935/2935/2935
f 2959/2959/2959 2953/2953/2953 2960/2960/2960
f 2954/2954/2954 2955/2955/2955 2958/2958/2958 2960/2960/2960
f 2959/2959/2959 2952/2952/2952 2953/2953/2953
f 2960/2960/2960 2953/2953/2953 2954/2954/2954
f 2871/2871/2871 2952/2952/2952 2959/2959/2959
f 3005/3005/3005 3091/3091/3091 3092/3092/3092 3090/3090/3090
f 3110/3110/3110 3114/3114/3114 3113/3113/3113 3024/3024/3024
f 3025/3025/3025 3094/3094/3094 3095/3095/3095 3093/3093/3093
f 3094/3094/3094 3005/3005/3005 3090/3090/3090 3095/3095/3095
f 3094/3094/3094 3025/3025/3025 3026/3026/3026
f 3006/3006/3006 3005/3005/3005 3094/3094/3094
f 3026/3026/3026 3006/3006/3006 3094/3094/3094
f 3027/3027/3027 3007/3007/3007 3006/3006/3006 3026/3026/3026
f 3028/3028/3028 3008/3008/3008 3007/3007/3007 3027/3027/3027
f 3029/3029/3029 3009/3009/3009 3008/3008/3008 3028/3028/3028
f 3030/3030/3030 3010/3010/3010 3009/3009/3009 3029/3029/3029
f 3031/3031/3031 3011/3011/3011 3010/3010/3010 3030/3030/3030
f 3032/3032/3032 3012/3012/3012 3011/3011/3011 3031/3031/3031
f 3033/3033/3033 3013/3013/3013 3012/3012/3012 3032/3032/3032
f 3034/3034/3034 3014/3014/3014 3013/3013/3013 3033/3033/3033
f 3035/3035/3035 3015/3015/3015 3014/3014/3014 3034/3034/3034
f 3036/3036/3036 3016/3016/3016 3015/3015/3015 3035/3035/3035
f 3037/3037/3037 3017/3017/3017 3016/3016/3016 3036/3036/3036
f 3038/3038/3038 3018/3018/3018 3017/3017/3017 3037/3037/3037
f 3039/3039/3039 3019/3019/3019 3018/3018/3018 3038/3038/3038
f 3040/3040/3040 3020/3020/3020 3019/3019/3019 3039/3039/3039
f 3041/3041/3041 3021/3021/3021 3020/3020/3020 3040/3040/3040
f 3042/3042/3042 3022/3022/3022 3021/3021/3021 3041/3041/3041
f 3043/3043/3043 3023/3023/3023 3022/3022/3022 3042/3042/3042
f 3111/3111/3111 3024/3024/3024 3023/3023/3023
f 3043/3043/3043 3044/3044/3044 3111/3111/3111
f 3023/3023/3023 3043/3043/3043 3111/3111/3111
f 3112/3112/3112 3110/3110/3110 3024/3024/3024 3111/3111/3111
f 3107/3107/3107 3112/3112/3112 3111/3111/3111 3044/3044/3044
f 3045/3045/3045 3097/3097/3097 3098/3098/3098 3096/3096/3096
f 3097/3097/3097 3025/3025/3025 3093/3093/3093 3098/3098/3098
f 3097/3097/3097 3045/3045/3045 3046/3046/3046
f 3026/3026/3026 3025/3025/3025 3097/3097/3097
f 3046/3046/3046 3026/3026/3026 3097/3097/3097
f 3047/3047/3047 3027/3027/3027 3026/3026/3026 3046/3046/3046
f 3048/3048/3048 3028/3028/3028 3027/3027/3027 3047/3047/3047
f 3049/3049/3049 3029/3029/3029 3028/3028/3028 3048/3048/3048
f 3050/3050/3050 3030/3030/3030 3029/3029/3029 3049/3049/3049
f 3051/3051/3051 3031/3031/3031 3030/3030/3030 3050/3050/3050
f 3052/3052/3052 3032/3032/3032 3031/3031/3031 3051/3051/3051
f 3053/3053/3053 3033/3033/3033 3032/3032/3032 3052/3052/3052
f 3054/3054/3054 3034/3034/3034 3033/3033/3033 3053/3053/3053
f 3055/3055/3055 3035/3035/3035 3034/3034/3034 3054/3054/3054
f 3056/3056/3056 3036/3036/3036 3035/3035/3035 3055/3055/3055
f 3057/3057/3057 3037/3037/3037 3036/3036/3036 3056/3056/3056
f 3058/3058/3058 3038/3038/3038 3037/3037/3037 3057/3057/3057
f 3059/3059/3059 3039/3039/3039 3038/3038/3038 3058/3058/3058
f 3060/3060/3060 3040/3040/3040 3039/3039/3039 3059/3059/3059
f 3061/3061/3061 3041/3041/3041 3040/3040/3040 3060/3060/3060
f 3062/3062/3062 3042/3042/3042 3041/3041/3041 3061/3061/3061
f 3063/3063/3063 3043/3043/3043 3042/3042/3042 3062/3062/3062
f 3108/3108/3108 3044/3044/3044 3043/3043/3043
f 3063/3063/3063 3064/3064/3064 3108/3108/3108
f 3043/3043/3043 3063/3063/3063 3108/3108/3108
f 3109/3109/3109 3107/3107/3107 3044/3044/3044 3108/3108/3108
f 3104/3104/3104 3109/3109/3109 3108/3108/3108 3064/3064/3064
f 3099/3099/3099 3045/3045/3045 3096/3096/3096 3100/3100/3100
f 3106/3106/3106 3104/3104/3104 3064/3064/3064 3105/3105/3105
f 3092/3092/3092 2984/2984/2984 2983/2983/2983
f 3091/3091/3091 2985/2985/2985 2984/2984/2984
f 2986/2986/2986 2985/2985/2985 3006/3006/3006 3007/3007/3007
f 3092/3092/3092 3091/3091/3091 2984/2984/2984
f 2987/2987/2987 2986/2986/2986 3007/3007/3007 3008/3008/3008
f 3092/3092/3092 2983/2983/2983 3087/3087/3087
f 2988/2988/2988 2987/2987/2987 3008/3008/3008 3009/3009/3009
f 2989/2989/2989 2988/2988/2988 3009/3009/3009 3010/3010/3010
f 2991/2991/2991 2990/2990/2990 3011/3011/3011 3012/3012/3012
f 2993/2993/2993 2992/2992/2992 3013/3013/3013 3014/3014/3014
f 2992/2992/2992 2991/2991/2991 3012/3012/3012 3013/3013/3013
f 2990/2990/2990 2989/2989/2989 3010/3010/3010 3011/3011/3011
f 3006/3006/3006 2985/2985/2985 3091/3091/3091 3005/3005/3005
f 3095/3095/3095 3090/3090/3090 3087/3087/3087
f 3087/3087/3087 3088/3088/3088 3095/3095/3095
f 3087/3087/3087 3090/3090/3090 3092/3092/3092
f 3014/3014/3014 3015/3015/3015 2994/2994/2994 2993/2993/2993
f 2996/2996/2996 2995/2995/2995 3016/3016/3016 3017/3017/3017
f 2997/2997/2997 2996/2996/2996 3017/3017/3017 3018/3018/3018
f 2999/2999/2999 2998/2998/2998 3019/3019/3019 3020/3020/3020
f 3000/3000/3000 2999/2999/2999 3020/3020/3020 3021/3021/3021
f 2998/2998/2998 2997/2997/2997 3018/3018/3018 3019/3019/3019
f 3002/3002/3002 3001/3001/3001 3022/3022/3022 3023/3023/3023
f 3002/3002/3002 3023/3023/3023 3024/3024/3024 3113/3113/3113
f 3114/3114/3114 3003/3003/3003 3113/3113/3113
f 3002/3002/3002 3113/3113/3113 3003/3003/3003
f 3103/3103/3103 3004/3004/3004 3114/3114/3114
f 3003/3003/3003 3114/3114/3114 3004/3004/3004
f 3001/3001/3001 3000/3000/3000 3021/3021/3021 3022/3022/3022
f 2995/2995/2995 2994/2994/2994 3015/3015/3015 3016/3016/3016
f 3114/3114/3114 3110/3110/3110 3103/3103/3103
f 3102/3102/3102 3103/3103/3103 3110/3110/3110 3112/3112/3112
f 3112/3112/3112 3107/3107/3107 3102/3102/3102
f 3088/3088/3088 3093/3093/3093 3095/3095/3095
f 3093/3093/3093 3088/3088/3088 3098/3098/3098
f 3089/3089/3089 3098/3098/3098 3088/3088/3088
f 3096/3096/3096 3098/3098/3098 3089/3089/3089
f 3099/3099/3099 3046/3046/3046 3045/3045/3045
f 3096/3096/3096 3089/3089/3089 3100/3100/3100
f 3048/3048/3048 3047/3047/3047 3068/3068/3068 3069/3069/3069
f 3049/3049/3049 3048/3048/3048 3069/3069/3069 3070/3070/3070
f 3051/3051/3051 3050/3050/3050 3071/3071/3071 3072/3072/3072
f 3053/3053/3053 3052/3052/3052 3073/3073/3073 3074/3074/3074
f 3052/3052/3052 3051/3051/3051 3072/3072/3072 3073/3073/3073
f 3050/3050/3050 3049/3049/3049 3070/3070/3070 3071/3071/3071
f 3047/3047/3047 3046/3046/3046 3067/3067/3067 3068/3068/3068
f 3066/3066/3066 3099/3099/3099 3100/3100/3100
f 3089/3089/3089 3065/3065/3065 3100/3100/3100
f 3065/3065/3065 3066/3066/3066 3100/3100/3100
f 3067/3067/3067 3046/3046/3046 3099/3099/3099 3066/3066/3066
f 3074/3074/3074 3075/3075/3075 3054/3054/3054 3053/3053/3053
f 3075/3075/3075 3076/3076/3076 3055/3055/3055 3054/3054/3054
f 3056/3056/3056 3055/3055/3055 3076/3076/3076 3077/3077/3077
f 3057/3057/3057 3056/3056/3056 3077/3077/3077 3078/3078/3078
f 3059/3059/3059 3058/3058/3058 3079/3079/3079 3080/3080/3080
f 3060/3060/3060 3059/3059/3059 3080/3080/3080 3081/3081/3081
f 3058/3058/3058 3057/3057/3057 3078/3078/3078 3079/3079/3079
f 3101/3101/3101 3102/3102/3102 3107/3107/3107 3109/3109/3109
f 3109/3109/3109 3104/3104/3104 3101/3101/3101
f 3062/3062/3062 3061/3061/3061 3082/3082/3082 3083/3083/3083
f 3105/3105/3105 3064/3064/3064 3063/3063/3063
f 3063/3063/3063 3062/3062/3062 3083/3083/3083 3084/3084/3084
f 3061/3061/3061 3060/3060/3060 3081/3081/3081 3082/3082/3082
f 3085/3085/3085 3106/3106/3106 3105/3105/3105
f 3086/3086/3086 3101/3101/3101 3104/3104/3104 3106/3106/3106
f 3063/3063/3063 3084/3084/3084 3085/3085/3085 3105/3105/3105
f 3106/3106/3106 3085/3085/3085 3086/3086/3086
f 3117/3117/3117 3159/3159/3159 3162/3162/3162 3161/3161/3161
f 3118/3118/3118 3156/3156/3156 3160/3160/3160 3158/3158/3158
f 3158/3158/3158 3160/3160/3160 3159/3159/3159 3117/3117/3117
f 3119/3119/3119 3153/3153/3153 3157/3157/3157 3155/3155/3155
f 3155/3155/3155 3157/3157/3157 3156/3156/3156 3118/3118/3118
f 3152/3152/3152 3154/3154/3154 3153/3153/3153 3119/3119/3119
f 3158/3158/3158 3117/3117/3117 3121/3121/3121
f 3122/3122/3122 3118/3118/3118 3158/3158/3158
f 3121/3121/3121 3122/3122/3122 3158/3158/3158
f 3155/3155/3155 3118/3118/3118 3122/3122/3122
f 3123/3123/3123 3119/3119/3119 3155/3155/3155
f 3122/3122/3122 3123/3123/3123 3155/3155/3155
f 3142/3142/3142 3126/3126/3126 3122/3122/3122
f 3121/3121/3121 3125/3125/3125 3142/3142/3142
f 3122/3122/3122 3121/3121/3121 3142/3142/3142
f 3145/3145/3145 3127/3127/3127 3123/3123/3123
f 3122/3122/3122 3126/3126/3126 3145/3145/3145
f 3123/3123/3123 3122/3122/3122 3145/3145/3145
f 3138/3138/3138 3125/3125/3125 3139/3139/3139 3140/3140/3140
f 3141/3141/3141 3126/3126/3126 3142/3142/3142 3143/3143/3143
f 3143/3143/3143 3142/3142/3142 3125/3125/3125 3138/3138/3138
f 3144/3144/3144 3127/3127/3127 3145/3145/3145 3146/3146/3146
f 3146/3146/3146 3145/3145/3145 3126/3126/3126 3141/3141/3141
f 3148/3148/3148 3147/3147/3147 3127/3127/3127 3144/3144/3144
f 3151/3151/3151 3115/3115/3115 3162/3162/3162
f 3161/3161/3161 3162/3162/3162 3115/3115/3115
f 3150/3150/3150 3151/3151/3151 3159/3159/3159 3160/3160/3160
f 3162/3162/3162 3159/3159/3159 3151/3151/3151
f 3121/3121/3121 3117/3117/3117 3161/3161/3161
f 3115/3115/3115 3120/3120/3120 3161/3161/3161
f 3150/3150/3150 3160/3160/3160 3156/3156/3156
f 3157/3157/3157 3150/3150/3150 3156/3156/3156
f 3153/3153/3153 3149/3149/3149 3157/3157/3157
f 3150/3150/3150 3157/3157/3157 3149/3149/3149
f 3116/3116/3116 3149/3149/3149 3153/3153/3153 3154/3154/3154
f 3134/3134/3134 3116/3116/3116 3154/3154/3154
f 3154/3154/3154 3152/3152/3152 3134/3134/3134
f 3152/3152/3152 3123/3123/3123 3133/3133/3133
f 3152/3152/3152 3133/3133/3133 3134/3134/3134
f 3133/3133/3133 3123/3123/3123 3132/3132/3132
f 3119/3119/3119 3123/3123/3123 3152/3152/3152
f 3120/3120/3120 3121/3121/3121 3161/3161/3161
f 3120/3120/3120 3139/3139/3139 3121/3121/3121
f 3140/3140/3140 3139/3139/3139 3124/3124/3124
f 3121/3121/3121 3139/3139/3139 3125/3125/3125
f 3140/3140/3140 3124/3124/3124 3128/3128/3128
f 3124/3124/3124 3139/3139/3139 3120/3120/3120
f 3140/3140/3140 3135/3135/3135 3138/3138/3138
f 3138/3138/3138 3135/3135/3135 3143/3143/3143
f 3136/3136/3136 3143/3143/3143 3135/3135/3135
f 3128/3128/3128 3135/3135/3135 3140/3140/3140
f 3136/3136/3136 3141/3141/3141 3143/3143/3143
f 3147/3147/3147 3123/3123/3123 3127/3127/3127
f 3130/3130/3130 3131/3131/3131 3147/3147/3147
f 3123/3123/3123 3147/3147/3147 3131/3131/3131
f 3147/3147/3147 3148/3148/3148 3130/3130/3130
f 3132/3132/3132 3123/3123/3123 3131/3131/3131
f 3141/3141/3141 3136/3136/3136 3146/3146/3146
f 3137/3137/3137 3146/3146/3146 3136/3136/3136
f 3144/3144/3144 3146/3146/3146 3137/3137/3137
f 3144/3144/3144 3137/3137/3137 3148/3148/3148
f 3129/3129/3129 3148/3148/3148 3137/3137/3137
f 3130/3130/3130 3148/3148/3148 3129/3129/3129
f 3165/3165/3165 3193/3193/3193 3196/3196/3196 3195/3195/3195
f 3166/3166/3166 3190/3190/3190 3194/3194/3194 3192/3192/3192
f 3192/3192/3192 3194/3194/3194 3193/3193/3193 3165/3165/3165
f 3167/3167/3167 3187/3187/3187 3191/3191/3191 3189/3189/3189
f 3189/3189/3189 3191/3191/3191 3190/3190/3190 3166/3166/3166
f 3186/3186/3186 3188/3188/3188 3187/3187/3187 3167/3167/3167
f 3192/3192/3192 3165/3165/3165 3169/3169/3169
f 3170/3170/3170 3166/3166/3166 3192/3192/3192
f 3169/3169/3169 3170/3170/3170 3192/3192/3192
f 3189/3189/3189 3166/3166/3166 3170/3170/3170
f 3171/3171/3171 3167/3167/3167 3189/3189/3189
f 3170/3170/3170 3171/3171/3171 3189/3189/3189
f 3204/3204/3204 3174/3174/3174 3170/3170/3170
f 3169/3169/3169 3173/3173/3173 3204/3204/3204
f 3170/3170/3170 3169/3169/3169 3204/3204/3204
f 3207/3207/3207 3175/3175/3175 3171/3171/3171
f 3170/3170/3170 3174/3174/3174 3207/3207/3207
f 3171/3171/3171 3170/3170/3170 3207/3207/3207
f 3200/3200/3200 3173/3173/3173 3201/3201/3201 3202/3202/3202
f 3203/3203/3203 3174/3174/3174 3204/3204/3204 3205/3205/3205
f 3205/3205/3205 3204/3204/3204 3173/3173/3173 3200/3200/3200
f 3206/3206/3206 3175/3175/3175 3207/3207/3207 3208/3208/3208
f 3208/3208/3208 3207/3207/3207 3174/3174/3174 3203/3203/3203
f 3210/3210/3210 3209/3209/3209 3175/3175/3175 3206/3206/3206
f 3185/3185/3185 3163/3163/3163 3196/3196/3196
f 3178/3178/3178 3196/3196/3196 3163/3163/3163
f 3194/3194/3194 3185/3185/3185 3193/3193/3193
f 3196/3196/3196 3193/3193/3193 3185/3185/3185
f 3184/3184/3184 3185/3185/3185 3194/3194/3194
f 3178/3178/3178 3179/3179/3179 3195/3195/3195 3196/3196/3196
f 3169/3169/3169 3165/3165/3165 3195/3195/3195
f 3195/3195/3195 3179/3179/3179 3169/3169/3169
f 3191/3191/3191 3184/3184/3184 3190/3190/3190
f 3194/3194/3194 3190/3190/3190 3184/3184/3184
f 3164/3164/3164 3183/3183/3183 3187/3187/3187 3188/3188/3188
f 3184/3184/3184 3191/3191/3191 3183/3183/3183
f 3191/3191/3191 3187/3187/3187 3183/3183/3183
f 3168/3168/3168 3188/3188/3188 3186/3186/3186
f 3186/3186/3186 3172/3172/3172 3168/3168/3168
f 3164/3164/3164 3188/3188/3188 3168/3168/3168
f 3171/3171/3171 3186/3186/3186 3167/3167/3167
f 3180/3180/3180 3169/3169/3169 3179/3179/3179
f 3201/3201/3201 3181/3181/3181 3182/3182/3182
f 3173/3173/3173 3169/3169/3169 3201/3201/3201
f 3181/3181/3181 3201/3201/3201 3169/3169/3169
f 3202/3202/3202 3201/3201/3201 3182/3182/3182
f 3180/3180/3180 3181/3181/3181 3169/3169/3169
f 3197/3197/3197 3202/3202/3202 3176/3176/3176
f 3182/3182/3182 3176/3176/3176 3202/3202/3202
f 3205/3205/3205 3200/3200/3200 3197/3197/3197
f 3202/3202/3202 3197/3197/3197 3200/3200/3200
f 3198/3198/3198 3205/3205/3205 3197/3197/3197
f 3172/3172/3172 3171/3171/3171 3209/3209/3209
f 3175/3175/3175 3209/3209/3209 3171/3171/3171
f 3177/3177/3177 3172/3172/3172 3209/3209/3209 3210/3210/3210
f 3186/3186/3186 3171/3171/3171 3172/3172/3172
f 3198/3198/3198 3199/3199/3199 3208/3208/3208 3203/3203/3203
f 3206/3206/3206 3208/3208/3208 3199/3199/3199
f 3206/3206/3206 3199/3199/3199 3210/3210/3210
f 3177/3177/3177 3210/3210/3210 3199/3199/3199
f 3198/3198/3198 3203/3203/3203 3205/3205/3205
f 3293/3293/3293 3633/3633/3633 3634/3634/3634 3632/3632/3632
f 3624/3624/3624 3628/3628/3628 3627/3627/3627 3372/3372/3372
f 3373/3373/3373 3636/3636/3636 3637/3637/3637 3635/3635/3635
f 3636/3636/3636 3293/3293/3293 3632/3632/3632 3637/3637/3637
f 3636/3636/3636 3373/3373/3373 3374/3374/3374
f 3294/3294/3294 3293/3293/3293 3636/3636/3636
f 3374/3374/3374 3294/3294/3294 3636/3636/3636
f 3375/3375/3375 3295/3295/3295 3294/3294/3294 3374/3374/3374
f 3376/3376/3376 3296/3296/3296 3295/3295/3295 3375/3375/3375
f 3377/3377/3377 3297/3297/3297 3296/3296/3296 3376/3376/3376
f 3378/3378/3378 3298/3298/3298 3297/3297/3297 3377/3377/3377
f 3379/3379/3379 3299/3299/3299 3298/3298/3298 3378/3378/3378
f 3380/3380/3380 3300/3300/3300 3299/3299/3299 3379/3379/3379
f 3381/3381/3381 3301/3301/3301 3300/3300/3300 3380/3380/3380
f 3382/3382/3382 3302/3302/3302 3301/3301/3301 3381/3381/3381
f 3383/3383/3383 3303/3303/3303 3302/3302/3302 3382/3382/3382
f 3384/3384/3384 3304/3304/3304 3303/3303/3303 3383/3383/3383
f 3385/3385/3385 3305/3305/3305 3304/3304/3304 3384/3384/3384
f 3386/3386/3386 3306/3306/3306 3305/3305/3305 3385/3385/3385
f 3387/3387/3387 3307/3307/3307 3306/3306/3306 3386/3386/3386
f 3388/3388/3388 3308/3308/3308 3307/3307/3307 3387/3387/3387
f 3389/3389/3389 3309/3309/3309 3308/3308/3308 3388/3388/3388
f 3390/3390/3390 3310/3310/3310 3309/3309/3309 3389/3389/3389
f 3391/3391/3391 3311/3311/3311 3310/3310/3310 3390/3390/3390
f 3392/3392/3392 3312/3312/3312 3311/3311/3311 3391/3391/3391
f 3393/3393/3393 3313/3313/3313 3312/3312/3312 3392/3392/3392
f 3394/3394/3394 3314/3314/3314 3313/3313/3313 3393/3393/3393
f 3395/3395/3395 3315/3315/3315 3314/3314/3314 3394/3394/3394
f 3396/3396/3396 3316/3316/3316 3315/3315/3315 3395/3395/3395
f 3397/3397/3397 3317/3317/3317 3316/3316/3316 3396/3396/3396
f 3398/3398/3398 3318/3318/3318 3317/3317/3317 3397/3397/3397
f 3399/3399/3399 3319/3319/3319 3318/3318/3318 3398/3398/3398
f 3400/3400/3400 3320/3320/3320 3319/3319/3319 3399/3399/3399
f 3401/3401/3401 3321/3321/3321 3320/3320/3320 3400/3400/3400
f 3402/3402/3402 3322/3322/3322 3321/3321/3321 3401/3401/3401
f 3403/3403/3403 3323/3323/3323 3322/3322/3322 3402/3402/3402
f 3404/3404/3404 3324/3324/3324 3323/3323/3323 3403/3403/3403
f 3405/3405/3405 3325/3325/3325 3324/3324/3324 3404/3404/3404
f 3406/3406/3406 3326/3326/3326 3325/3325/3325 3405/3405/3405
f 3407/3407/3407 3327/3327/3327 3326/3326/3326 3406/3406/3406
f 3408/3408/3408 3328/3328/3328 3327/3327/3327 3407/3407/3407
f 3409/3409/3409 3329/3329/3329 3328/3328/3328 3408/3408/3408
f 3410/3410/3410 3330/3330/3330 3329/3329/3329 3409/3409/3409
f 3411/3411/3411 3331/3331/3331 3330/3330/3330 3410/3410/3410
f 3412/3412/3412 3332/3332/3332 3331/3331/3331 3411/3411/3411
f 3413/3413/3413 3333/3333/3333 3332/3332/3332 3412/3412/3412
f 3414/3414/3414 3334/3334/3334 3333/3333/3333 3413/3413/3413
f 3415/3415/3415 3335/3335/3335 3334/3334/3334 3414/3414/3414
f 3416/3416/3416 3336/3336/3336 3335/3335/3335 3415/3415/3415
f 3417/3417/3417 3337/3337/3337 3336/3336/3336 3416/3416/3416
f 3418/3418/3418 3338/3338/3338 3337/3337/3337 3417/3417/3417
f 3419/3419/3419 3339/3339/3339 3338/3338/3338 3418/3418/3418
f 3420/3420/3420 3340/3340/3340 3339/3339/3339 3419/3419/3419
f 3421/3421/3421 3341/3341/3341 3340/3340/3340 3420/3420/3420
f 3422/3422/3422 3342/3342/3342 3341/3341/3341 3421/3421/3421
f 3423/3423/3423 3343/3343/3343 3342/3342/3342 3422/3422/3422
f 3424/3424/3424 3344/3344/3344 3343/3343/3343 3423/3423/3423
f 3425/3425/3425 3345/3345/3345 3344/3344/3344 3424/3424/3424
f 3426/3426/3426 3346/3346/3346 3345/3345/3345 3425/3425/3425
f 3427/3427/3427 3347/3347/3347 3346/3346/3346 3426/3426/3426
f 3428/3428/3428 3348/3348/3348 3347/3347/3347 3427/3427/3427
f 3429/3429/3429 3349/3349/3349 3348/3348/3348 3428/3428/3428
f 3430/3430/3430 3350/3350/3350 3349/3349/3349 3429/3429/3429
f 3431/3431/3431 3351/3351/3351 3350/3350/3350 3430/3430/3430
f 3432/3432/3432 3352/3352/3352 3351/3351/3351 3431/3431/3431
f 3433/3433/3433 3353/3353/3353 3352/3352/3352 3432/3432/3432
f 3434/3434/3434 3354/3354/3354 3353/3353/3353 3433/3433/3433
f 3435/3435/3435 3355/3355/3355 3354/3354/3354 3434/3434/3434
f 3436/3436/3436 3356/3356/3356 3355/3355/3355 3435/3435/3435
f 3437/3437/3437 3357/3357/3357 3356/3356/3356 3436/3436/3436
f 3438/3438/3438 3358/3358/3358 3357/3357/3357 3437/3437/3437
f 3439/3439/3439 3359/3359/3359 3358/3358/3358 3438/3438/3438
f 3440/3440/3440 3360/3360/3360 3359/3359/3359 3439/3439/3439
f 3441/3441/3441 3361/3361/3361 3360/3360/3360 3440/3440/3440
f 3442/3442/3442 3362/3362/3362 3361/3361/3361 3441/3441/3441
f 3443/3443/3443 3363/3363/3363 3362/3362/3362 3442/3442/3442
f 3444/3444/3444 3364/3364/3364 3363/3363/3363 3443/3443/3443
f 3445/3445/3445 3365/3365/3365 3364/3364/3364 3444/3444/3444
f 3446/3446/3446 3366/3366/3366 3365/3365/3365 3445/3445/3445
f 3447/3447/3447 3367/3367/3367 3366/3366/3366 3446/3446/3446
f 3448/3448/3448 3368/3368/3368 3367/3367/3367 3447/3447/3447
f 3449/3449/3449 3369/3369/3369 3368/3368/3368 3448/3448/3448
f 3450/3450/3450 3370/3370/3370 3369/3369/3369 3449/3449/3449
f 3451/3451/3451 3371/3371/3371 3370/3370/3370 3450/3450/3450
f 3625/3625/3625 3372/3372/3372 3371/3371/3371
f 3451/3451/3451 3452/3452/3452 3625/3625/3625
f 3371/3371/3371 3451/3451/3451 3625/3625/3625
f 3626/3626/3626 3624/3624/3624 3372/3372/3372 3625/3625/3625
f 3621/3621/3621 3626/3626/3626 3625/3625/3625 3452/3452/3452
f 3453/3453/3453 3639/3639/3639 3640/3640/3640 3638/3638/3638
f 3639/3639/3639 3373/3373/3373 3635/3635/3635 3640/3640/3640
f 3639/3639/3639 3453/3453/3453 3454/3454/3454
f 3374/3374/3374 3373/3373/3373 3639/3639/3639
f 3454/3454/3454 3374/3374/3374 3639/3639/3639
f 3455/3455/3455 3375/3375/3375 3374/3374/3374 3454/3454/3454
f 3456/3456/3456 3376/3376/3376 3375/3375/3375 3455/3455/3455
f 3457/3457/3457 3377/3377/3377 3376/3376/3376 3456/3456/3456
f 3458/3458/3458 3378/3378/3378 3377/3377/3377 3457/3457/3457
f 3459/3459/3459 3379/3379/3379 3378/3378/3378 3458/3458/3458
f 3460/3460/3460 3380/3380/3380 3379/3379/3379 3459/3459/3459
f 3461/3461/3461 3381/3381/3381 3380/3380/3380 3460/3460/3460
f 3462/3462/3462 3382/3382/3382 3381/3381/3381 3461/3461/3461
f 3463/3463/3463 3383/3383/3383 3382/3382/3382 3462/3462/3462
f 3464/3464/3464 3384/3384/3384 3383/3383/3383 3463/3463/3463
f 3465/3465/3465 3385/3385/3385 3384/3384/3384 3464/3464/3464
f 3466/3466/3466 3386/3386/3386 3385/3385/3385 3465/3465/3465
f 3467/3467/3467 3387/3387/3387 3386/3386/3386 3466/3466/3466
f 3468/3468/3468 3388/3388/3388 3387/3387/3387 3467/3467/3467
f 3469/3469/3469 3389/3389/3389 3388/3388/3388 3468/3468/3468
f 3470/3470/3470 3390/3390/3390 3389/3389/3389 3469/3469/3469
f 3471/3471/3471 3391/3391/3391 3390/3390/3390 3470/3470/3470
f 3472/3472/3472 3392/3392/3392 3391/3391/3391 3471/3471/3471
f 3473/3473/3473 3393/3393/3393 3392/3392/3392 3472/3472/3472
f 3474/3474/3474 3394/3394/3394 3393/3393/3393 3473/3473/3473
f 3475/3475/3475 3395/3395/3395 3394/3394/3394 3474/3474/3474
f 3476/3476/3476 3396/3396/3396 3395/3395/3395 3475/3475/3475
f 3477/3477/3477 3397/3397/3397 3396/3396/3396 3476/3476/3476
f 3478/3478/3478 3398/3398/3398 3397/3397/3397 3477/3477/3477
f 3479/3479/3479 3399/3399/3399 3398/3398/3398 3478/3478/3478
f 3480/3480/3480 3400/3400/3400 3399/3399/3399 3479/3479/3479
f 3481/3481/3481 3401/3401/3401 3400/3400/3400 3480/3480/3480
f 3482/3482/3482 3402/3402/3402 3401/3401/3401 3481/3481/3481
f 3483/3483/3483 3403/3403/3403 3402/3402/3402 3482/3482/3482
f 3484/3484/3484 3404/3404/3404 3403/3403/3403 3483/3483/3483
f 3485/3485/3485 3405/3405/3405 3404/3404/3404 3484/3484/3484
f 3486/3486/3486 3406/3406/3406 3405/3405/3405 3485/3485/3485
f 3487/3487/3487 3407/3407/3407 3406/3406/3406 3486/3486/3486
f 3488/3488/3488 3408/3408/3408 3407/3407/3407 3487/3487/3487
f 3489/3489/3489 3409/3409/3409 3408/3408/3408 3488/3488/3488
f 3490/3490/3490 3410/3410/3410 3409/3409/3409 3489/3489/3489
f 3491/3491/3491 3411/3411/3411 3410/3410/3410 3490/3490/3490
f 3492/3492/3492 3412/3412/3412 3411/3411/3411 3491/3491/3491
f 3493/3493/3493 3413/3413/3413 3412/3412/3412 3492/3492/3492
f 3494/3494/3494 3414/3414/3414 3413/3413/3413 3493/3493/3493
f 3495/3495/3495 3415/3415/3415 3414/3414/3414 3494/3494/3494
f 3496/3496/3496 3416/3416/3416 3415/3415/3415 3495/3495/3495
f 3497/3497/3497 3417/3417/3417 3416/3416/3416 3496/3496/3496
f 3498/3498/3498 3418/3418/3418 3417/3417/3417 3497/3497/3497
f 3499/3499/3499 3419/3419/3419 3418/3418/3418 3498/3498/3498
f 3500/3500/3500 3420/3420/3420 3419/3419/3419 3499/3499/3499
f 3501/3501/3501 3421/3421/3421 3420/3420/3420 3500/3500/3500
f 3502/3502/3502 3422/3422/3422 3421/3421/3421 3501/3501/3501
f 3503/3503/3503 3423/3423/3423 3422/3422/3422 3502/3502/3502
f 3504/3504/3504 3424/3424/3424 3423/3423/3423 3503/3503/3503
f 3505/3505/3505 3425/3425/3425 3424/3424/3424 3504/3504/3504
f 3506/3506/3506 3426/3426/3426 3425/3425/3425 3505/3505/3505
f 3507/3507/3507 3427/3427/3427 3426/3426/3426 3506/3506/3506
f 3508/3508/3508 3428/3428/3428 3427/3427/3427 3507/3507/3507
f 3509/3509/3509 3429/3429/3429 3428/3428/3428 3508/3508/3508
f 3510/3510/3510 3430/3430/3430 3429/3429/3429 3509/3509/3509
f 3511/3511/3511 3431/3431/3431 3430/3430/3430 3510/3510/3510
f 3512/3512/3512 3432/3432/3432 3431/3431/3431 3511/3511/3511
f 3513/3513/3513 3433/3433/3433 3432/3432/3432 3512/3512/3512
f 3514/3514/3514 3434/3434/3434 3433/3433/3433 3513/3513/3513
f 3515/3515/3515 3435/3435/3435 3434/3434/3434 3514/3514/3514
f 3516/3516/3516 3436/3436/3436 3435/3435/3435 3515/3515/3515
f 3517/3517/3517 3437/3437/3437 3436/3436/3436 3516/3516/3516
f 3518/3518/3518 3438/3438/3438 3437/3437/3437 3517/3517/3517
f 3519/3519/3519 3439/3439/3439 3438/3438/3438 3518/3518/3518
f 3520/3520/3520 3440/3440/3440 3439/3439/3439 3519/3519/3519
f 3521/3521/3521 3441/3441/3441 3440/3440/3440 3520/3520/3520
f 3522/3522/3522 3442/3442/3442 3441/3441/3441 3521/3521/3521
f 3523/3523/3523 3443/3443/3443 3442/3442/3442 3522/3522/3522
f 3524/3524/3524 3444/3444/3444 3443/3443/3443 3523/3523/3523
f 3525/3525/3525 3445/3445/3445 3444/3444/3444 3524/3524/3524
f 3526/3526/3526 3446/3446/3446 3445/3445/3445 3525/3525/3525
f 3527/3527/3527 3447/3447/3447 3446/3446/3446 3526/3526/3526
f 3528/3528/3528 3448/3448/3448 3447/3447/3447 3527/3527/3527
f 3529/3529/3529 3449/3449/3449 3448/3448/3448 3528/3528/3528
f 3530/3530/3530 3450/3450/3450 3449/3449/3449 3529/3529/3529
f 3531/3531/3531 3451/3451/3451 3450/3450/3450 3530/3530/3530
f 3622/3622/3622 3452/3452/3452 3451/3451/3451
f 3531/3531/3531 3532/3532/3532 3622/3622/3622
f 3451/3451/3451 3531/3531/3531 3622/3622/3622
f 3623/3623/3623 3621/3621/3621 3452/3452/3452 3622/3622/3622
f 3618/3618/3618 3623/3623/3623 3622/3622/3622 3532/3532/3532
f 3641/3641/3641 3453/3453/3453 3638/3638/3638 3642/3642/3642
f 3620/3620/3620 3618/3618/3618 3532/3532/3532 3619/3619/3619
f 3634/3634/3634 3212/3212/3212 3211/3211/3211
f 3214/3214/3214 3213/3213/3213 3294/3294/3294 3295/3295/3295
f 3215/3215/3215 3214/3214/3214 3295/3295/3295 3296/3296/3296
f 3213/3213/3213 3212/3212/3212 3633/3633/3633
f 3217/3217/3217 3216/3216/3216 3297/3297/3297 3298/3298/3298
f 3219/3219/3219 3218/3218/3218 3299/3299/3299 3300/3300/3300
f 3220/3220/3220 3219/3219/3219 3300/3300/3300 3301/3301/3301
f 3218/3218/3218 3217/3217/3217 3298/3298/3298 3299/3299/3299
f 3216/3216/3216 3215/3215/3215 3296/3296/3296 3297/3297/3297
f 3222/3222/3222 3221/3221/3221 3302/3302/3302 3303/3303/3303
f 3223/3223/3223 3222/3222/3222 3303/3303/3303 3304/3304/3304
f 3221/3221/3221 3220/3220/3220 3301/3301/3301 3302/3302/3302
f 3224/3224/3224 3223/3223/3223 3304/3304/3304 3305/3305/3305
f 3633/3633/3633 3212/3212/3212 3634/3634/3634
f 3225/3225/3225 3224/3224/3224 3305/3305/3305 3306/3306/3306
f 3226/3226/3226 3225/3225/3225 3306/3306/3306 3307/3307/3307
f 3228/3228/3228 3227/3227/3227 3308/3308/3308 3309/3309/3309
f 3229/3229/3229 3228/3228/3228 3309/3309/3309 3310/3310/3310
f 3227/3227/3227 3226/3226/3226 3307/3307/3307 3308/3308/3308
f 3230/3230/3230 3229/3229/3229 3310/3310/3310 3311/3311/3311
f 3634/3634/3634 3211/3211/3211 3629/3629/3629
f 3231/3231/3231 3230/3230/3230 3311/3311/3311 3312/3312/3312
f 3233/3233/3233 3232/3232/3232 3313/3313/3313 3314/3314/3314
f 3234/3234/3234 3233/3233/3233 3314/3314/3314 3315/3315/3315
f 3232/3232/3232 3231/3231/3231 3312/3312/3312 3313/3313/3313
f 3236/3236/3236 3235/3235/3235 3316/3316/3316 3317/3317/3317
f 3237/3237/3237 3236/3236/3236 3317/3317/3317 3318/3318/3318
f 3239/3239/3239 3238/3238/3238 3319/3319/3319 3320/3320/3320
f 3240/3240/3240 3239/3239/3239 3320/3320/3320 3321/3321/3321
f 3238/3238/3238 3237/3237/3237 3318/3318/3318 3319/3319/3319
f 3235/3235/3235 3234/3234/3234 3315/3315/3315 3316/3316/3316
f 3242/3242/3242 3241/3241/3241 3322/3322/3322 3323/3323/3323
f 3244/3244/3244 3243/3243/3243 3324/3324/3324 3325/3325/3325
f 3245/3245/3245 3244/3244/3244 3325/3325/3325 3326/3326/3326
f 3243/3243/3243 3242/3242/3242 3323/3323/3323 3324/3324/3324
f 3247/3247/3247 3246/3246/3246 3327/3327/3327 3328/3328/3328
f 3248/3248/3248 3247/3247/3247 3328/3328/3328 3329/3329/3329
f 3250/3250/3250 3249/3249/3249 3330/3330/3330 3331/3331/3331
f 3251/3251/3251 3250/3250/3250 3331/3331/3331 3332/3332/3332
f 3249/3249/3249 3248/3248/3248 3329/3329/3329 3330/3330/3330
f 3246/3246/3246 3245/3245/3245 3326/3326/3326 3327/3327/3327
f 3241/3241/3241 3240/3240/3240 3321/3321/3321 3322/3322/3322
f 3294/3294/3294 3213/3213/3213 3633/3633/3633 3293/3293/3293
f 3637/3637/3637 3632/3632/3632 3629/3629/3629
f 3629/3629/3629 3630/3630/3630 3637/3637/3637
f 3629/3629/3629 3632/3632/3632 3634/3634/3634
f 3332/3332/3332 3333/3333/3333 3252/3252/3252 3251/3251/3251
f 3254/3254/3254 3253/3253/3253 3334/3334/3334 3335/3335/3335
f 3256/3256/3256 3255/3255/3255 3336/3336/3336 3337/3337/3337
f 3257/3257/3257 3256/3256/3256 3337/3337/3337 3338/3338/3338
f 3255/3255/3255 3254/3254/3254 3335/3335/3335 3336/3336/3336
f 3259/3259/3259 3258/3258/3258 3339/3339/3339 3340/3340/3340
f 3261/3261/3261 3260/3260/3260 3341/3341/3341 3342/3342/3342
f 3262/3262/3262 3261/3261/3261 3342/3342/3342 3343/3343/3343
f 3260/3260/3260 3259/3259/3259 3340/3340/3340 3341/3341/3341
f 3258/3258/3258 3257/3257/3257 3338/3338/3338 3339/3339/3339
f 3264/3264/3264 3263/3263/3263 3344/3344/3344 3345/3345/3345
f 3266/3266/3266 3265/3265/3265 3346/3346/3346 3347/3347/3347
f 3267/3267/3267 3266/3266/3266 3347/3347/3347 3348/3348/3348
f 3265/3265/3265 3264/3264/3264 3345/3345/3345 3346/3346/3346
f 3269/3269/3269 3268/3268/3268 3349/3349/3349 3350/3350/3350
f 3270/3270/3270 3269/3269/3269 3350/3350/3350 3351/3351/3351
f 3272/3272/3272 3271/3271/3271 3352/3352/3352 3353/3353/3353
f 3273/3273/3273 3272/3272/3272 3353/3353/3353 3354/3354/3354
f 3271/3271/3271 3270/3270/3270 3351/3351/3351 3352/3352/3352
f 3268/3268/3268 3267/3267/3267 3348/3348/3348 3349/3349/3349
f 3263/3263/3263 3262/3262/3262 3343/3343/3343 3344/3344/3344
f 3275/3275/3275 3274/3274/3274 3355/3355/3355 3356/3356/3356
f 3277/3277/3277 3276/3276/3276 3357/3357/3357 3358/3358/3358
f 3278/3278/3278 3277/3277/3277 3358/3358/3358 3359/3359/3359
f 3276/3276/3276 3275/3275/3275 3356/3356/3356 3357/3357/3357
f 3280/3280/3280 3279/3279/3279 3360/3360/3360 3361/3361/3361
f 3281/3281/3281 3280/3280/3280 3361/3361/3361 3362/3362/3362
f 3283/3283/3283 3282/3282/3282 3363/3363/3363 3364/3364/3364
f 3284/3284/3284 3283/3283/3283 3364/3364/3364 3365/3365/3365
f 3282/3282/3282 3281/3281/3281 3362/3362/3362 3363/3363/3363
f 3279/3279/3279 3278/3278/3278 3359/3359/3359 3360/3360/3360
f 3286/3286/3286 3285/3285/3285 3366/3366/3366 3367/3367/3367
f 3288/3288/3288 3287/3287/3287 3368/3368/3368 3369/3369/3369
f 3289/3289/3289 3288/3288/3288 3369/3369/3369 3370/3370/3370
f 3287/3287/3287 3286/3286/3286 3367/3367/3367 3368/3368/3368
f 3290/3290/3290 3371/3371/3371 3372/3372/3372 3627/3627/3627
f 3627/3627/3627 3291/3291/3291 3290/3290/3290
f 3292/3292/3292 3291/3291/3291 3628/3628/3628
f 3627/3627/3627 3628/3628/3628 3291/3291/3291
f 3617/3617/3617 3292/3292/3292 3628/3628/3628
f 3290/3290/3290 3289/3289/3289 3370/3370/3370 3371/3371/3371
f 3285/3285/3285 3284/3284/3284 3365/3365/3365 3366/3366/3366
f 3274/3274/3274 3273/3273/3273 3354/3354/3354 3355/3355/3355
f 3253/3253/3253 3252/3252/3252 3333/3333/3333 3334/3334/3334
f 3616/3616/3616 3617/3617/3617 3624/3624/3624 3626/3626/3626
f 3626/3626/3626 3621/3621/3621 3616/3616/3616
f 3628/3628/3628 3624/3624/3624 3617/3617/3617
f 3635/3635/3635 3637/3637/3637 3630/3630/3630
f 3640/3640/3640 3635/3635/3635 3630/3630/3630
f 3642/3642/3642 3638/3638/3638 3631/3631/3631
f 3631/3631/3631 3638/3638/3638 3640/3640/3640
f 3640/3640/3640 3630/3630/3630 3631/3631/3631
f 3455/3455/3455 3454/3454/3454 3535/3535/3535 3536/3536/3536
f 3457/3457/3457 3456/3456/3456 3537/3537/3537 3538/3538/3538
f 3458/3458/3458 3457/3457/3457 3538/3538/3538 3539/3539/3539
f 3456/3456/3456 3455/3455/3455 3536/3536/3536 3537/3537/3537
f 3454/3454/3454 3453/3453/3453 3641/3641/3641
f 3460/3460/3460 3459/3459/3459 3540/3540/3540 3541/3541/3541
f 3462/3462/3462 3461/3461/3461 3542/3542/3542 3543/3543/3543
f 3463/3463/3463 3462/3462/3462 3543/3543/3543 3544/3544/3544
f 3461/3461/3461 3460/3460/3460 3541/3541/3541 3542/3542/3542
f 3465/3465/3465 3464/3464/3464 3545/3545/3545 3546/3546/3546
f 3466/3466/3466 3465/3465/3465 3546/3546/3546 3547/3547/3547
f 3468/3468/3468 3467/3467/3467 3548/3548/3548 3549/3549/3549
f 3469/3469/3469 3468/3468/3468 3549/3549/3549 3550/3550/3550
f 3467/3467/3467 3466/3466/3466 3547/3547/3547 3548/3548/3548
f 3464/3464/3464 3463/3463/3463 3544/3544/3544 3545/3545/3545
f 3459/3459/3459 3458/3458/3458 3539/3539/3539 3540/3540/3540
f 3471/3471/3471 3470/3470/3470 3551/3551/3551 3552/3552/3552
f 3473/3473/3473 3472/3472/3472 3553/3553/3553 3554/3554/3554
f 3474/3474/3474 3473/3473/3473 3554/3554/3554 3555/3555/3555
f 3472/3472/3472 3471/3471/3471 3552/3552/3552 3553/3553/3553
f 3476/3476/3476 3475/3475/3475 3556/3556/3556 3557/3557/3557
f 3477/3477/3477 3476/3476/3476 3557/3557/3557 3558/3558/3558
f 3479/3479/3479 3478/3478/3478 3559/3559/3559 3560/3560/3560
f 3480/3480/3480 3479/3479/3479 3560/3560/3560 3561/3561/3561
f 3478/3478/3478 3477/3477/3477 3558/3558/3558 3559/3559/3559
f 3475/3475/3475 3474/3474/3474 3555/3555/3555 3556/3556/3556
f 3482/3482/3482 3481/3481/3481 3562/3562/3562 3563/3563/3563
f 3484/3484/3484 3483/3483/3483 3564/3564/3564 3565/3565/3565
f 3485/3485/3485 3484/3484/3484 3565/3565/3565 3566/3566/3566
f 3483/3483/3483 3482/3482/3482 3563/3563/3563 3564/3564/3564
f 3487/3487/3487 3486/3486/3486 3567/3567/3567 3568/3568/3568
f 3488/3488/3488 3487/3487/3487 3568/3568/3568 3569/3569/3569
f 3490/3490/3490 3489/3489/3489 3570/3570/3570 3571/3571/3571
f 3491/3491/3491 3490/3490/3490 3571/3571/3571 3572/3572/3572
f 3489/3489/3489 3488/3488/3488 3569/3569/3569 3570/3570/3570
f 3486/3486/3486 3485/3485/3485 3566/3566/3566 3567/3567/3567
f 3481/3481/3481 3480/3480/3480 3561/3561/3561 3562/3562/3562
f 3470/3470/3470 3469/3469/3469 3550/3550/3550 3551/3551/3551
f 3641/3641/3641 3535/3535/3535 3454/3454/3454
f 3534/3534/3534 3641/3641/3641 3642/3642/3642
f 3642/3642/3642 3533/3533/3533 3534/3534/3534
f 3641/3641/3641 3534/3534/3534 3535/3535/3535
f 3533/3533/3533 3642/3642/3642 3631/3631/3631
f 3492/3492/3492 3491/3491/3491 3572/3572/3572 3573/3573/3573
f 3573/3573/3573 3574/3574/3574 3493/3493/3493 3492/3492/3492
f 3494/3494/3494 3493/3493/3493 3574/3574/3574 3575/3575/3575
f 3496/3496/3496 3495/3495/3495 3576/3576/3576 3577/3577/3577
f 3497/3497/3497 3496/3496/3496 3577/3577/3577 3578/3578/3578
f 3495/3495/3495 3494/3494/3494 3575/3575/3575 3576/3576/3576
f 3499/3499/3499 3498/3498/3498 3579/3579/3579 3580/3580/3580
f 3501/3501/3501 3500/3500/3500 3581/3581/3581 3582/3582/3582
f 3502/3502/3502 3501/3501/3501 3582/3582/3582 3583/3583/3583
f 3500/3500/3500 3499/3499/3499 3580/3580/3580 3581/3581/3581
f 3498/3498/3498 3497/3497/3497 3578/3578/3578 3579/3579/3579
f 3504/3504/3504 3503/3503/3503 3584/3584/3584 3585/3585/3585
f 3506/3506/3506 3505/3505/3505 3586/3586/3586 3587/3587/3587
f 3507/3507/3507 3506/3506/3506 3587/3587/3587 3588/3588/3588
f 3505/3505/3505 3504/3504/3504 3585/3585/3585 3586/3586/3586
f 3509/3509/3509 3508/3508/3508 3589/3589/3589 3590/3590/3590
f 3510/3510/3510 3509/3509/3509 3590/3590/3590 3591/3591/3591
f 3512/3512/3512 3511/3511/3511 3592/3592/3592 3593/3593/3593
f 3513/3513/3513 3512/3512/3512 3593/3593/3593 3594/3594/3594
f 3511/3511/3511 3510/3510/3510 3591/3591/3591 3592/3592/3592
f 3508/3508/3508 3507/3507/3507 3588/3588/3588 3589/3589/3589
f 3503/3503/3503 3502/3502/3502 3583/3583/3583 3584/3584/3584
f 3515/3515/3515 3514/3514/3514 3595/3595/3595 3596/3596/3596
f 3517/3517/3517 3516/3516/3516 3597/3597/3597 3598/3598/3598
f 3518/3518/3518 3517/3517/3517 3598/3598/3598 3599/3599/3599
f 3516/3516/3516 3515/3515/3515 3596/3596/3596 3597/3597/3597
f 3615/3615/3615 3616/3616/3616 3621/3621/3621 3623/3623/3623
f 3615/3615/3615 3623/3623/3623 3618/3618/3618
f 3520/3520/3520 3519/3519/3519 3600/3600/3600 3601/3601/3601
f 3521/3521/3521 3520/3520/3520 3601/3601/3601 3602/3602/3602
f 3519/3519/3519 3518/3518/3518 3599/3599/3599 3600/3600/3600
f 3523/3523/3523 3522/3522/3522 3603/3603/3603 3604/3604/3604
f 3525/3525/3525 3524/3524/3524 3605/3605/3605 3606/3606/3606
f 3526/3526/3526 3525/3525/3525 3606/3606/3606 3607/3607/3607
f 3524/3524/3524 3523/3523/3523 3604/3604/3604 3605/3605/3605
f 3528/3528/3528 3527/3527/3527 3608/3608/3608 3609/3609/3609
f 3529/3529/3529 3528/3528/3528 3609/3609/3609 3610/3610/3610
f 3531/3531/3531 3530/3530/3530 3611/3611/3611 3612/3612/3612
f 3619/3619/3619 3532/3532/3532 3531/3531/3531
f 3530/3530/3530 3529/3529/3529 3610/3610/3610 3611/3611/3611
f 3527/3527/3527 3526/3526/3526 3607/3607/3607 3608/3608/3608
f 3522/3522/3522 3521/3521/3521 3602/3602/3602 3603/3603/3603
f 3514/3514/3514 3513/3513/3513 3594/3594/3594 3595/3595/3595
f 3619/3619/3619 3613/3613/3613 3620/3620/3620
f 3614/3614/3614 3615/3615/3615 3618/3618/3618 3620/3620/3620
f 3619/3619/3619 3612/3612/3612 3613/3613/3613
f 3620/3620/3620 3613/3613/3613 3614/3614/3614
f 3531/3531/3531 3612/3612/3612 3619/3619/3619
f 3664/3664/3664 3750/3750/3750 3751/3751/3751 3749/3749/3749
f 3769/3769/3769 3773/3773/3773 3772/3772/3772 3683/3683/3683
f 3684/3684/3684 3753/3753/3753 3754/3754/3754 3752/3752/3752
f 3753/3753/3753 3664/3664/3664 3749/3749/3749 3754/3754/3754
f 3753/3753/3753 3684/3684/3684 3685/3685/3685
f 3665/3665/3665 3664/3664/3664 3753/3753/3753
f 3685/3685/3685 3665/3665/3665 3753/3753/3753
f 3686/3686/3686 3666/3666/3666 3665/3665/3665 3685/3685/3685
f 3687/3687/3687 3667/3667/3667 3666/3666/3666 3686/3686/3686
f 3688/3688/3688 3668/3668/3668 3667/3667/3667 3687/3687/3687
f 3689/3689/3689 3669/3669/3669 3668/3668/3668 3688/3688/3688
f 3690/3690/3690 3670/3670/3670 3669/3669/3669 3689/3689/3689
f 3691/3691/3691 3671/3671/3671 3670/3670/3670 3690/3690/3690
f 3692/3692/3692 3672/3672/3672 3671/3671/3671 3691/3691/3691
f 3693/3693/3693 3673/3673/3673 3672/3672/3672 3692/3692/3692
f 3694/3694/3694 3674/3674/3674 3673/3673/3673 3693/3693/3693
f 3695/3695/3695 3675/3675/3675 3674/3674/3674 3694/3694/3694
f 3696/3696/3696 3676/3676/3676 3675/3675/3675 3695/3695/3695
f 3697/3697/3697 3677/3677/3677 3676/3676/3676 3696/3696/3696
f 3698/3698/3698 3678/3678/3678 3677/3677/3677 3697/3697/3697
f 3699/3699/3699 3679/3679/3679 3678/3678/3678 3698/3698/3698
f 3700/3700/3700 3680/3680/3680 3679/3679/3679 3699/3699/3699
f 3701/3701/3701 3681/3681/3681 3680/3680/3680 3700/3700/3700
f 3702/3702/3702 3682/3682/3682 3681/3681/3681 3701/3701/3701
f 3770/3770/3770 3683/3683/3683 3682/3682/3682
f 3702/3702/3702 3703/3703/3703 3770/3770/3770
f 3682/3682/3682 3702/3702/3702 3770/3770/3770
f 3771/3771/3771 3769/3769/3769 3683/3683/3683 3770/3770/3770
f 3766/3766/3766 3771/3771/3771 3770/3770/3770 3703/3703/3703
f 3704/3704/3704 3756/3756/3756 3757/3757/3757 3755/3755/3755
f 3756/3756/3756 3684/3684/3684 3752/3752/3752 3757/3757/3757
f 3756/3756/3756 3704/3704/3704 3705/3705/3705
f 3685/3685/3685 3684/3684/3684 3756/3756/3756
f 3705/3705/3705 3685/3685/3685 3756/3756/3756
f 3706/3706/3706 3686/3686/3686 3685/3685/3685 3705/3705/3705
f 3707/3707/3707 3687/3687/3687 3686/3686/3686 3706/3706/3706
f 3708/3708/3708 3688/3688/3688 3687/3687/3687 3707/3707/3707
f 3709/3709/3709 3689/3689/3689 3688/3688/3688 3708/3708/3708
f 3710/3710/3710 3690/3690/3690 3689/3689/3689 3709/3709/3709
f 3711/3711/3711 3691/3691/3691 3690/3690/3690 3710/3710/3710
f 3712/3712/3712 3692/3692/3692 3691/3691/3691 3711/3711/3711
f 3713/3713/3713 3693/3693/3693 3692/3692/3692 3712/3712/3712
f 3714/3714/3714 3694/3694/3694 3693/3693/3693 3713/3713/3713
f 3715/3715/3715 3695/3695/3695 3694/3694/3694 3714/3714/3714
f 3716/3716/3716 3696/3696/3696 3695/3695/3695 3715/3715/3715
f 3717/3717/3717 3697/3697/3697 3696/3696/3696 3716/3716/3716
f 3718/3718/3718 3698/3698/3698 3697/3697/3697 3717/3717/3717
f 3719/3719/3719 3699/3699/3699 3698/3698/3698 3718/3718/3718
f 3720/3720/3720 3700/3700/3700 3699/3699/3699 3719/3719/3719
f 3721/3721/3721 3701/3701/3701 3700/3700/3700 3720/3720/3720
f 3722/3722/3722 3702/3702/3702 3701/3701/3701 3721/3721/3721
f 3767/3767/3767 3703/3703/3703 3702/3702/3702
f 3722/3722/3722 3723/3723/3723 3767/3767/3767
f 3702/3702/3702 3722/3722/3722 3767/3767/3767
f 3768/3768/3768 3766/3766/3766 3703/3703/3703 3767/3767/3767
f 3763/3763/3763 3768/3768/3768 3767/3767/3767 3723/3723/3723
f 3758/3758/3758 3704/3704/3704 3755/3755/3755 3759/3759/3759
f 3765/3765/3765 3763/3763/3763 3723/3723/3723 3764/3764/3764
f 3751/3751/3751 3644/3644/3644 3643/3643/3643
f 3750/3750/3750 3645/3645/3645 3644/3644/3644
f 3646/3646/3646 3645/3645/3645 3665/3665/3665 3666/3666/3666
f 3751/3751/3751 3750/3750/3750 3644/3644/3644
f 3647/3647/3647 3646/3646/3646 3666/3666/3666 3667/3667/3667
f 3751/3751/3751 3643/3643/3643 3746/3746/3746
f 3648/3648/3648 3647/3647/3647 3667/3667/3667 3668/3668/3668
f 3649/3649/3649 3648/3648/3648 3668/3668/3668 3669/3669/3669
f 3651/3651/3651 3650/3650/3650 3670/3670/3670 3671/3671/3671
f 3653/3653/3653 3652/3652/3652 3672/3672/3672 3673/3673/3673
f 3652/3652/3652 3651/3651/3651 3671/3671/3671 3672/3672/3672
f 3650/3650/3650 3649/3649/3649 3669/3669/3669 3670/3670/3670
f 3750/3750/3750 3665/3665/3665 3645/3645/3645
f 3754/3754/3754 3749/3749/3749 3746/3746/3746
f 3750/3750/3750 3664/3664/3664 3665/3665/3665
f 3746/3746/3746 3747/3747/3747 3754/3754/3754
f 3751/3751/3751 3746/3746/3746 3749/3749/3749
f 3656/3656/3656 3655/3655/3655 3675/3675/3675 3676/3676/3676
f 3657/3657/3657 3656/3656/3656 3676/3676/3676 3677/3677/3677
f 3659/3659/3659 3658/3658/3658 3678/3678/3678 3679/3679/3679
f 3660/3660/3660 3659/3659/3659 3679/3679/3679 3680/3680/3680
f 3658/3658/3658 3657/3657/3657 3677/3677/3677 3678/3678/3678
f 3662/3662/3662 3661/3661/3661 3681/3681/3681 3682/3682/3682
f 3682/3682/3682 3772/3772/3772 3662/3662/3662
f 3663/3663/3663 3772/3772/3772 3773/3773/3773
f 3769/3769/3769 3762/3762/3762 3773/3773/3773
f 3773/3773/3773 3762/3762/3762 3663/3663/3663
f 3662/3662/3662 3772/3772/3772 3663/3663/3663
f 3661/3661/3661 3660/3660/3660 3680/3680/3680 3681/3681/3681
f 3655/3655/3655 3654/3654/3654 3674/3674/3674 3675/3675/3675
f 3673/3673/3673 3674/3674/3674 3654/3654/3654 3653/3653/3653
f 3761/3761/3761 3762/3762/3762 3769/3769/3769 3771/3771/3771
f 3771/3771/3771 3766/3766/3766 3761/3761/3761
f 3772/3772/3772 3682/3682/3682 3683/3683/3683
f 3747/3747/3747 3752/3752/3752 3754/3754/3754
f 3752/3752/3752 3747/3747/3747 3757/3757/3757
f 3748/3748/3748 3757/3757/3757 3747/3747/3747
f 3755/3755/3755 3757/3757/3757 3748/3748/3748
f 3758/3758/3758 3705/3705/3705 3704/3704/3704
f 3755/3755/3755 3748/3748/3748 3759/3759/3759
f 3707/3707/3707 3706/3706/3706 3727/3727/3727 3728/3728/3728
f 3708/3708/3708 3707/3707/3707 3728/3728/3728 3729/3729/3729
f 3710/3710/3710 3709/3709/3709 3730/3730/3730 3731/3731/3731
f 3712/3712/3712 3711/3711/3711 3732/3732/3732 3733/3733/3733
f 3711/3711/3711 3710/3710/3710 3731/3731/3731 3732/3732/3732
f 3709/3709/3709 3708/3708/3708 3729/3729/3729 3730/3730/3730
f 3706/3706/3706 3705/3705/3705 3726/3726/3726 3727/3727/3727
f 3725/3725/3725 3758/3758/3758 3759/3759/3759
f 3748/3748/3748 3724/3724/3724 3759/3759/3759
f 3724/3724/3724 3725/3725/3725 3759/3759/3759
f 3758/3758/3758 3726/3726/3726 3705/3705/3705
f 3758/3758/3758 3725/3725/3725 3726/3726/3726
f 3733/3733/3733 3734/3734/3734 3713/3713/3713 3712/3712/3712
f 3734/3734/3734 3735/3735/3735 3714/3714/3714 3713/3713/3713
f 3715/3715/3715 3714/3714/3714 3735/3735/3735 3736/3736/3736
f 3716/3716/3716 3715/3715/3715 3736/3736/3736 3737/3737/3737
f 3718/3718/3718 3717/3717/3717 3738/3738/3738 3739/3739/3739
f 3719/3719/3719 3718/3718/3718 3739/3739/3739 3740/3740/3740
f 3717/3717/3717 3716/3716/3716 3737/3737/3737 3738/3738/3738
f 3760/3760/3760 3761/3761/3761 3766/3766/3766 3768/3768/3768
f 3768/3768/3768 3763/3763/3763 3760/3760/3760
f 3721/3721/3721 3720/3720/3720 3741/3741/3741 3742/3742/3742
f 3764/3764/3764 3723/3723/3723 3722/3722/3722
f 3722/3722/3722 3721/3721/3721 3742/3742/3742 3743/3743/3743
f 3720/3720/3720 3719/3719/3719 3740/3740/3740 3741/3741/3741
f 3744/3744/3744 3765/3765/3765 3764/3764/3764
f 3745/3745/3745 3760/3760/3760 3763/3763/3763 3765/3765/3765
f 3722/3722/3722 3743/3743/3743 3764/3764/3764
f 3765/3765/3765 3744/3744/3744 3745/3745/3745
f 3764/3764/3764 3743/3743/3743 3744/3744/3744
f 3776/3776/3776 3809/3809/3809 3812/3812/3812 3811/3811/3811
f 3777/3777/3777 3806/3806/3806 3810/3810/3810 3808/3808/3808
f 3808/3808/3808 3810/3810/3810 3809/3809/3809 3776/3776/3776
f 3778/3778/3778 3803/3803/3803 3807/3807/3807 3805/3805/3805
f 3805/3805/3805 3807/3807/3807 3806/3806/3806 3777/3777/3777
f 3802/3802/3802 3804/3804/3804 3803/3803/3803 3778/3778/3778
f 3808/3808/3808 3776/3776/3776 3780/3780/3780
f 3781/3781/3781 3777/3777/3777 3808/3808/3808
f 3780/3780/3780 3781/3781/3781 3808/3808/3808
f 3805/3805/3805 3777/3777/3777 3781/3781/3781
f 3782/3782/3782 3778/3778/3778 3805/3805/3805
f 3781/3781/3781 3782/3782/3782 3805/3805/3805
f 3785/3785/3785 3781/3781/3781 3780/3780/3780 3784/3784/3784
f 3786/3786/3786 3782/3782/3782 3781/3781/3781 3785/3785/3785
f 3820/3820/3820 3789/3789/3789 3785/3785/3785
f 3784/3784/3784 3788/3788/3788 3820/3820/3820
f 3785/3785/3785 3784/3784/3784 3820/3820/3820
f 3823/3823/3823 3790/3790/3790 3786/3786/3786
f 3785/3785/3785 3789/3789/3789 3823/3823/3823
f 3786/3786/3786 3785/3785/3785 3823/3823/3823
f 3816/3816/3816 3788/3788/3788 3817/3817/3817 3818/3818/3818
f 3819/3819/3819 3789/3789/3789 3820/3820/3820 3821/3821/3821
f 3821/3821/3821 3820/3820/3820 3788/3788/3788 3816/3816/3816
f 3822/3822/3822 3790/3790/3790 3823/3823/3823 3824/3824/3824
f 3824/3824/3824 3823/3823/3823 3789/3789/3789 3819/3819/3819
f 3801/3801/3801 3774/3774/3774 3812/3812/3812
f 3793/3793/3793 3812/3812/3812 3774/3774/3774
f 3810/3810/3810 3801/3801/3801 3809/3809/3809
f 3812/3812/3812 3809/3809/3809 3801/3801/3801
f 3800/3800/3800 3801/3801/3801 3810/3810/3810
f 3811/3811/3811 3793/3793/3793 3794/3794/3794
f 3776/3776/3776 3811/3811/3811 3780/3780/3780
f 3794/3794/3794 3780/3780/3780 3811/3811/3811
f 3780/3780/3780 3794/3794/3794 3795/3795/3795
f 3793/3793/3793 3811/3811/3811 3812/3812/3812
f 3807/3807/3807 3800/3800/3800 3806/3806/3806
f 3810/3810/3810 3806/3806/3806 3800/3800/3800
f 3775/3775/3775 3799/3799/3799 3803/3803/3803 3804/3804/3804
f 3800/3800/3800 3807/3807/3807 3799/3799/3799
f 3807/3807/3807 3803/3803/3803 3799/3799/3799
f 3802/3802/3802 3778/3778/3778 3782/3782/3782
f 3779/3779/3779 3804/3804/3804 3802/3802/3802
f 3802/3802/3802 3783/3783/3783 3779/3779/3779
f 3775/3775/3775 3804/3804/3804 3779/3779/3779
f 3783/3783/3783 3802/3802/3802 3782/3782/3782
f 3784/3784/3784 3780/3780/3780 3795/3795/3795 3796/3796/3796
f 3817/3817/3817 3784/3784/3784 3797/3797/3797
f 3796/3796/3796 3797/3797/3797 3784/3784/3784
f 3798/3798/3798 3817/3817/3817 3797/3797/3797
f 3788/3788/3788 3784/3784/3784 3817/3817/3817
f 3818/3818/3818 3798/3798/3798 3791/3791/3791
f 3813/3813/3813 3818/3818/3818 3791/3791/3791
f 3813/3813/3813 3816/3816/3816 3818/3818/3818
f 3821/3821/3821 3816/3816/3816 3813/3813/3813
f 3798/3798/3798 3818/3818/3818 3817/3817/3817
f 3783/3783/3783 3782/3782/3782 3786/3786/3786 3787/3787/3787
f 3790/3790/3790 3787/3787/3787 3786/3786/3786
f 3792/3792/3792 3787/3787/3787 3790/3790/3790
f 3824/3824/3824 3819/3819/3819 3814/3814/3814
f 3821/3821/3821 3814/3814/3814 3819/3819/3819
f 3815/3815/3815 3824/3824/3824 3814/3814/3814
f 3792/3792/3792 3822/3822/3822 3815/3815/3815
f 3824/3824/3824 3815/3815/3815 3822/3822/3822
f 3790/3790/3790 3822/3822/3822 3792/3792/3792
f 3814/3814/3814 3821/3821/3821 3813/3813/3813
f 3827/3827/3827 3872/3872/3872 3875/3875/3875 3874/3874/3874
f 3828/3828/3828 3869/3869/3869 3873/3873/3873 3871/3871/3871
f 3871/3871/3871 3873/3873/3873 3872/3872/3872 3827/3827/3827
f 3829/3829/3829 3866/3866/3866 3870/3870/3870 3868/3868/3868
f 3868/3868/3868 3870/3870/3870 3869/3869/3869 3828/3828/3828
f 3865/3865/3865 3867/3867/3867 3866/3866/3866 3829/3829/3829
f 3871/3871/3871 3827/3827/3827 3831/3831/3831
f 3832/3832/3832 3828/3828/3828 3871/3871/3871
f 3831/3831/3831 3832/3832/3832 3871/3871/3871
f 3868/3868/3868 3828/3828/3828 3832/3832/3832
f 3833/3833/3833 3829/3829/3829 3868/3868/3868
f 3832/3832/3832 3833/3833/3833 3868/3868/3868
f 3836/3836/3836 3832/3832/3832 3831/3831/3831 3835/3835/3835
f 3837/3837/3837 3833/3833/3833 3832/3832/3832 3836/3836/3836
f 3857/3857/3857 3840/3840/3840 3836/3836/3836
f 3835/3835/3835 3839/3839/3839 3857/3857/3857
f 3836/3836/3836 3835/3835/3835 3857/3857/3857
f 3860/3860/3860 3841/3841/3841 3837/3837/3837
f 3836/3836/3836 3840/3840/3840 3860/3860/3860
f 3837/3837/3837 3836/3836/3836 3860/3860/3860
f 3853/3853/3853 3839/3839/3839 3854/3854/3854 3855/3855/3855
f 3856/3856/3856 3840/3840/3840 3857/3857/3857 3858/3858/3858
f 3858/3858/3858 3857/3857/3857 3839/3839/3839 3853/3853/3853
f 3859/3859/3859 3841/3841/3841 3860/3860/3860 3861/3861/3861
f 3861/3861/3861 3860/3860/3860 3840/3840/3840 3856/3856/3856
f 3864/3864/3864 3825/3825/3825 3875/3875/3875
f 3844/3844/3844 3875/3875/3875 3825/3825/3825
f 3873/3873/3873 3864/3864/3864 3872/3872/3872
f 3875/3875/3875 3872/3872/3872 3864/3864/3864
f 3863/3863/3863 3864/3864/3864 3873/3873/3873
f 3874/3874/3874 3844/3844/3844 3845/3845/3845
f 3827/3827/3827 3874/3874/3874 3831/3831/3831
f 3845/3845/3845 3831/3831/3831 3874/3874/3874
f 3831/3831/3831 3845/3845/3845 3846/3846/3846
f 3844/3844/3844 3874/3874/3874 3875/3875/3875
f 3870/3870/3870 3863/3863/3863 3869/3869/3869
f 3873/3873/3873 3869/3869/3869 3863/3863/3863
f 3826/3826/3826 3862/3862/3862 3866/3866/3866 3867/3867/3867
f 3863/3863/3863 3870/3870/3870 3862/3862/3862
f 3870/3870/3870 3866/3866/3866 3862/3862/3862
f 3865/3865/3865 3829/3829/3829 3833/3833/3833
f 3830/3830/3830 3867/3867/3867 3865/3865/3865
f 3865/3865/3865 3834/3834/3834 3830/3830/3830
f 3826/3826/3826 3867/3867/3867 3830/3830/3830
f 3834/3834/3834 3865/3865/3865 3833/3833/3833
f 3835/3835/3835 3831/3831/3831 3846/3846/3846 3847/3847/3847
f 3854/3854/3854 3835/3835/3835 3848/3848/3848
f 3847/3847/3847 3848/3848/3848 3835/3835/3835
f 3849/3849/3849 3854/3854/3854 3848/3848/3848
f 3839/3839/3839 3835/3835/3835 3854/3854/3854
f 3855/3855/3855 3849/3849/3849 3842/3842/3842
f 3850/3850/3850 3855/3855/3855 3842/3842/3842
f 3850/3850/3850 3853/3853/3853 3855/3855/3855
f 3858/3858/3858 3853/3853/3853 3850/3850/3850
f 3849/3849/3849 3855/3855/3855 3854/3854/3854
f 3834/3834/3834 3833/3833/3833 3837/3837/3837 3838/3838/3838
f 3841/3841/3841 3838/3838/3838 3837/3837/3837
f 3843/3843/3843 3838/3838/3838 3841/3841/3841
f 3861/3861/3861 3856/3856/3856 3851/3851/3851
f 3858/3858/3858 3851/3851/3851 3856/3856/3856
f 3852/3852/3852 3861/3861/3861 3851/3851/3851
f 3843/3843/3843 3859/3859/3859 3852/3852/3852
f 3861/3861/3861 3852/3852/3852 3859/3859/3859
f 3841/3841/3841 3859/3859/3859 3843/3843/3843
f 3851/3851/3851 3858/3858/3858 3850/3850/3850
f 3898/3898/3898 3997/3997/3997 3998/3998/3998 3996/3996/3996
f 3988/3988/3988 3992/3992/3992 3991/3991/3991 3917/3917/3917
f 3918/3918/3918 4000/4000/4000 4001/4001/4001 3999/3999/3999
f 4000/4000/4000 3898/3898/3898 3996/3996/3996 4001/4001/4001
f 4000/4000/4000 3918/3918/3918 3919/3919/3919
f 3899/3899/3899 3898/3898/3898 4000/4000/4000
f 3919/3919/3919 3899/3899/3899 4000/4000/4000
f 3920/3920/3920 3900/3900/3900 3899/3899/3899 3919/3919/3919
f 3921/3921/3921 3901/3901/3901 3900/3900/3900 3920/3920/3920
f 3922/3922/3922 3902/3902/3902 3901/3901/3901 3921/3921/3921
f 3923/3923/3923 3903/3903/3903 3902/3902/3902 3922/3922/3922
f 3924/3924/3924 3904/3904/3904 3903/3903/3903 3923/3923/3923
f 3925/3925/3925 3905/3905/3905 3904/3904/3904 3924/3924/3924
f 3926/3926/3926 3906/3906/3906 3905/3905/3905 3925/3925/3925
f 3927/3927/3927 3907/3907/3907 3906/3906/3906 3926/3926/3926
f 3928/3928/3928 3908/3908/3908 3907/3907/3907 3927/3927/3927
f 3929/3929/3929 3909/3909/3909 3908/3908/3908 3928/3928/3928
f 3930/3930/3930 3910/3910/3910 3909/3909/3909 3929/3929/3929
f 3931/3931/3931 3911/3911/3911 3910/3910/3910 3930/3930/3930
f 3932/3932/3932 3912/3912/3912 3911/3911/3911 3931/3931/3931
f 3933/3933/3933 3913/3913/3913 3912/3912/3912 3932/3932/3932
f 3934/3934/3934 3914/3914/3914 3913/3913/3913 3933/3933/3933
f 3935/3935/3935 3915/3915/3915 3914/3914/3914 3934/3934/3934
f 3936/3936/3936 3916/3916/3916 3915/3915/3915 3935/3935/3935
f 3989/3989/3989 3917/3917/3917 3916/3916/3916
f 3936/3936/3936 3937/3937/3937 3989/3989/3989
f 3916/3916/3916 3936/3936/3936 3989/3989/3989
f 3990/3990/3990 3988/3988/3988 3917/3917/3917 3989/3989/3989
f 3985/3985/3985 3990/3990/3990 3989/3989/3989 3937/3937/3937
f 3938/3938/3938 4003/4003/4003 4004/4004/4004 4002/4002/4002
f 4003/4003/4003 3918/3918/3918 3999/3999/3999 4004/4004/4004
f 4003/4003/4003 3938/3938/3938 3939/3939/3939
f 3919/3919/3919 3918/3918/3918 4003/4003/4003
f 3939/3939/3939 3919/3919/3919 4003/4003/4003
f 3940/3940/3940 3920/3920/3920 3919/3919/3919 3939/3939/3939
f 3941/3941/3941 3921/3921/3921 3920/3920/3920 3940/3940/3940
f 3942/3942/3942 3922/3922/3922 3921/3921/3921 3941/3941/3941
f 3943/3943/3943 3923/3923/3923 3922/3922/3922 3942/3942/3942
f 3944/3944/3944 3924/3924/3924 3923/3923/3923 3943/3943/3943
f 3945/3945/3945 3925/3925/3925 3924/3924/3924 3944/3944/3944
f 3946/3946/3946 3926/3926/3926 3925/3925/3925 3945/3945/3945
f 3947/3947/3947 3927/3927/3927 3926/3926/3926 3946/3946/3946
f 3948/3948/3948 3928/3928/3928 3927/3927/3927 3947/3947/3947
f 3949/3949/3949 3929/3929/3929 3928/3928/3928 3948/3948/3948
f 3950/3950/3950 3930/3930/3930 3929/3929/3929 3949/3949/3949
f 3951/3951/3951 3931/3931/3931 3930/3930/3930 3950/3950/3950
f 3952/3952/3952 3932/3932/3932 3931/3931/3931 3951/3951/3951
f 3953/3953/3953 3933/3933/3933 3932/3932/3932 3952/3952/3952
f 3954/3954/3954 3934/3934/3934 3933/3933/3933 3953/3953/3953
f 3955/3955/3955 3935/3935/3935 3934/3934/3934 3954/3954/3954
f 3956/3956/3956 3936/3936/3936 3935/3935/3935 3955/3955/3955
f 3986/3986/3986 3937/3937/3937 3936/3936/3936
f 3956/3956/3956 3957/3957/3957 3986/3986/3986
f 3936/3936/3936 3956/3956/3956 3986/3986/3986
f 3987/3987/3987 3985/3985/3985 3937/3937/3937 3986/3986/3986
f 3982/3982/3982 3987/3987/3987 3986/3986/3986 3957/3957/3957
f 4005/4005/4005 3938/3938/3938 4002/4002/4002 4006/4006/4006
f 3984/3984/3984 3982/3982/3982 3957/3957/3957 3983/3983/3983
f 3998/3998/3998 3877/3877/3877 3876/3876/3876
f 3997/3997/3997 3878/3878/3878 3877/3877/3877
f 3879/3879/3879 3878/3878/3878 3899/3899/3899 3900/3900/3900
f 3998/3998/3998 3997/3997/3997 3877/3877/3877
f 3880/3880/3880 3879/3879/3879 3900/3900/3900 3901/3901/3901
f 3998/3998/3998 3876/3876/3876 3993/3993/3993
f 3881/3881/3881 3880/3880/3880 3901/3901/3901 3902/3902/3902
f 3882/3882/3882 3881/3881/3881 3902/3902/3902 3903/3903/3903
f 3884/3884/3884 3883/3883/3883 3904/3904/3904 3905/3905/3905
f 3886/3886/3886 3885/3885/3885 3906/3906/3906 3907/3907/3907
f 3885/3885/3885 3884/3884/3884 3905/3905/3905 3906/3906/3906
f 3883/3883/3883 3882/3882/3882 3903/3903/3903 3904/3904/3904
f 3997/3997/3997 3899/3899/3899 3878/3878/3878
f 4001/4001/4001 3996/3996/3996 3993/3993/3993
f 3997/3997/3997 3898/3898/3898 3899/3899/3899
f 4001/4001/4001 3993/3993/3993 3994/3994/3994
f 3993/3993/3993 3996/3996/3996 3998/3998/3998
f 3907/3907/3907 3908/3908/3908 3887/3887/3887 3886/3886/3886
f 3889/3889/3889 3888/3888/3888 3909/3909/3909 3910/3910/3910
f 3890/3890/3890 3889/3889/3889 3910/3910/3910 3911/3911/3911
f 3892/3892/3892 3891/3891/3891 3912/3912/3912 3913/3913/3913
f 3893/3893/3893 3892/3892/3892 3913/3913/3913 3914/3914/3914
f 3891/3891/3891 3890/3890/3890 3911/3911/3911 3912/3912/3912
f 3895/3895/3895 3894/3894/3894 3915/3915/3915 3916/3916/3916
f 3916/3916/3916 3991/3991/3991 3895/3895/3895
f 3992/3992/3992 3896/3896/3896 3991/3991/3991
f 3895/3895/3895 3991/3991/3991 3896/3896/3896
f 3981/3981/3981 3897/3897/3897 3992/3992/3992
f 3896/3896/3896 3992/3992/3992 3897/3897/3897
f 3894/3894/3894 3893/3893/3893 3914/3914/3914 3915/3915/3915
f 3888/3888/3888 3887/3887/3887 3908/3908/3908 3909/3909/3909
f 3991/3991/3991 3916/3916/3916 3917/3917/3917
f 3992/3992/3992 3988/3988/3988 3981/3981/3981
f 3980/3980/3980 3981/3981/3981 3988/3988/3988 3990/3990/3990
f 3990/3990/3990 3985/3985/3985 3980/3980/3980
f 3999/3999/3999 3994/3994/3994 4004/4004/4004
f 3995/3995/3995 4004/4004/4004 3994/3994/3994
f 4006/4006/4006 4002/4002/4002 3995/3995/3995
f 3995/3995/3995 4002/4002/4002 4004/4004/4004
f 3940/3940/3940 3939/3939/3939 3959/3959/3959 3960/3960/3960
f 3941/3941/3941 3940/3940/3940 3960/3960/3960 3961/3961/3961
f 3943/3943/3943 3942/3942/3942 3962/3962/3962 3963/3963/3963
f 3945/3945/3945 3944/3944/3944 3964/3964/3964 3965/3965/3965
f 3944/3944/3944 3943/3943/3943 3963/3963/3963 3964/3964/3964
f 3942/3942/3942 3941/3941/3941 3961/3961/3961 3962/3962/3962
f 3939/3939/3939 3938/3938/3938 4005/4005/4005
f 4005/4005/4005 4006/4006/4006 3958/3958/3958
f 3995/3995/3995 3958/3958/3958 4006/4006/4006
f 3959/3959/3959 4005/4005/4005 3958/3958/3958
f 3939/3939/3939 4005/4005/4005 3959/3959/3959
f 3947/3947/3947 3946/3946/3946 3966/3966/3966 3967/3967/3967
f 3946/3946/3946 3945/3945/3945 3965/3965/3965 3966/3966/3966
f 3967/3967/3967 3968/3968/3968 3948/3948/3948 3947/3947/3947
f 3949/3949/3949 3948/3948/3948 3968/3968/3968 3969/3969/3969
f 3950/3950/3950 3949/3949/3949 3969/3969/3969 3970/3970/3970
f 3952/3952/3952 3951/3951/3951 3971/3971/3971 3972/3972/3972
f 3953/3953/3953 3952/3952/3952 3972/3972/3972 3973/3973/3973
f 3951/3951/3951 3950/3950/3950 3970/3970/3970 3971/3971/3971
f 3979/3979/3979 3980/3980/3980 3985/3985/3985 3987/3987/3987
f 3987/3987/3987 3982/3982/3982 3979/3979/3979
f 3955/3955/3955 3954/3954/3954 3974/3974/3974 3975/3975/3975
f 3983/3983/3983 3957/3957/3957 3956/3956/3956
f 3956/3956/3956 3955/3955/3955 3975/3975/3975 3976/3976/3976
f 3954/3954/3954 3953/3953/3953 3973/3973/3973 3974/3974/3974
f 3977/3977/3977 3984/3984/3984 3983/3983/3983
f 3978/3978/3978 3979/3979/3979 3982/3982/3982 3984/3984/3984
f 3956/3956/3956 3976/3976/3976 3983/3983/3983
f 3984/3984/3984 3977/3977/3977 3978/3978/3978
f 3983/3983/3983 3976/3976/3976 3977/3977/3977
f 3994/3994/3994 3999/3999/3999 4001/4001/4001
f 4089/4089/4089 4415/4415/4415 4416/4416/4416 4414/4414/4414
f 4434/4434/4434 4438/4438/4438 4437/4437/4437 4168/4168/4168
f 4169/4169/4169 4418/4418/4418 4419/4419/4419 4417/4417/4417
f 4418/4418/4418 4089/4089/4089 4414/4414/4414 4419/4419/4419
f 4418/4418/4418 4169/4169/4169 4170/4170/4170
f 4090/4090/4090 4089/4089/4089 4418/4418/4418
f 4170/4170/4170 4090/4090/4090 4418/4418/4418
f 4171/4171/4171 4091/4091/4091 4090/4090/4090 4170/4170/4170
f 4172/4172/4172 4092/4092/4092 4091/4091/4091 4171/4171/4171
f 4173/4173/4173 4093/4093/4093 4092/4092/4092 4172/4172/4172
f 4174/4174/4174 4094/4094/4094 4093/4093/4093 4173/4173/4173
f 4175/4175/4175 4095/4095/4095 4094/4094/4094 4174/4174/4174
f 4176/4176/4176 4096/4096/4096 4095/4095/4095 4175/4175/4175
f 4177/4177/4177 4097/4097/4097 4096/4096/4096 4176/4176/4176
f 4178/4178/4178 4098/4098/4098 4097/4097/4097 4177/4177/4177
f 4179/4179/4179 4099/4099/4099 4098/4098/4098 4178/4178/4178
f 4180/4180/4180 4100/4100/4100 4099/4099/4099 4179/4179/4179
f 4181/4181/4181 4101/4101/4101 4100/4100/4100 4180/4180/4180
f 4182/4182/4182 4102/4102/4102 4101/4101/4101 4181/4181/4181
f 4183/4183/4183 4103/4103/4103 4102/4102/4102 4182/4182/4182
f 4184/4184/4184 4104/4104/4104 4103/4103/4103 4183/4183/4183
f 4185/4185/4185 4105/4105/4105 4104/4104/4104 4184/4184/4184
f 4186/4186/4186 4106/4106/4106 4105/4105/4105 4185/4185/4185
f 4187/4187/4187 4107/4107/4107 4106/4106/4106 4186/4186/4186
f 4188/4188/4188 4108/4108/4108 4107/4107/4107 4187/4187/4187
f 4189/4189/4189 4109/4109/4109 4108/4108/4108 4188/4188/4188
f 4190/4190/4190 4110/4110/4110 4109/4109/4109 4189/4189/4189
f 4191/4191/4191 4111/4111/4111 4110/4110/4110 4190/4190/4190
f 4192/4192/4192 4112/4112/4112 4111/4111/4111 4191/4191/4191
f 4193/4193/4193 4113/4113/4113 4112/4112/4112 4192/4192/4192
f 4194/4194/4194 4114/4114/4114 4113/4113/4113 4193/4193/4193
f 4195/4195/4195 4115/4115/4115 4114/4114/4114 4194/4194/4194
f 4196/4196/4196 4116/4116/4116 4115/4115/4115 4195/4195/4195
f 4197/4197/4197 4117/4117/4117 4116/4116/4116 4196/4196/4196
f 4198/4198/4198 4118/4118/4118 4117/4117/4117 4197/4197/4197
f 4199/4199/4199 4119/4119/4119 4118/4118/4118 4198/4198/4198
f 4200/4200/4200 4120/4120/4120 4119/4119/4119 4199/4199/4199
f 4201/4201/4201 4121/4121/4121 4120/4120/4120 4200/4200/4200
f 4202/4202/4202 4122/4122/4122 4121/4121/4121 4201/4201/4201
f 4203/4203/4203 4123/4123/4123 4122/4122/4122 4202/4202/4202
f 4204/4204/4204 4124/4124/4124 4123/4123/4123 4203/4203/4203
f 4205/4205/4205 4125/4125/4125 4124/4124/4124 4204/4204/4204
f 4206/4206/4206 4126/4126/4126 4125/4125/4125 4205/4205/4205
f 4207/4207/4207 4127/4127/4127 4126/4126/4126 4206/4206/4206
f 4208/4208/4208 4128/4128/4128 4127/4127/4127 4207/4207/4207
f 4209/4209/4209 4129/4129/4129 4128/4128/4128 4208/4208/4208
f 4210/4210/4210 4130/4130/4130 4129/4129/4129 4209/4209/4209
f 4211/4211/4211 4131/4131/4131 4130/4130/4130 4210/4210/4210
f 4212/4212/4212 4132/4132/4132 4131/4131/4131 4211/4211/4211
f 4213/4213/4213 4133/4133/4133 4132/4132/4132 4212/4212/4212
f 4214/4214/4214 4134/4134/4134 4133/4133/4133 4213/4213/4213
f 4215/4215/4215 4135/4135/4135 4134/4134/4134 4214/4214/4214
f 4216/4216/4216 4136/4136/4136 4135/4135/4135 4215/4215/4215
f 4217/4217/4217 4137/4137/4137 4136/4136/4136 4216/4216/4216
f 4218/4218/4218 4138/4138/4138 4137/4137/4137 4217/4217/4217
f 4219/4219/4219 4139/4139/4139 4138/4138/4138 4218/4218/4218
f 4220/4220/4220 4140/4140/4140 4139/4139/4139 4219/4219/4219
f 4221/4221/4221 4141/4141/4141 4140/4140/4140 4220/4220/4220
f 4222/4222/4222 4142/4142/4142 4141/4141/4141 4221/4221/4221
f 4223/4223/4223 4143/4143/4143 4142/4142/4142 4222/4222/4222
f 4224/4224/4224 4144/4144/4144 4143/4143/4143 4223/4223/4223
f 4225/4225/4225 4145/4145/4145 4144/4144/4144 4224/4224/4224
f 4226/4226/4226 4146/4146/4146 4145/4145/4145 4225/4225/4225
f 4227/4227/4227 4147/4147/4147 4146/4146/4146 4226/4226/4226
f 4228/4228/4228 4148/4148/4148 4147/4147/4147 4227/4227/4227
f 4229/4229/4229 4149/4149/4149 4148/4148/4148 4228/4228/4228
f 4230/4230/4230 4150/4150/4150 4149/4149/4149 4229/4229/4229
f 4231/4231/4231 4151/4151/4151 4150/4150/4150 4230/4230/4230
f 4232/4232/4232 4152/4152/4152 4151/4151/4151 4231/4231/4231
f 4233/4233/4233 4153/4153/4153 4152/4152/4152 4232/4232/4232
f 4234/4234/4234 4154/4154/4154 4153/4153/4153 4233/4233/4233
f 4235/4235/4235 4155/4155/4155 4154/4154/4154 4234/4234/4234
f 4236/4236/4236 4156/4156/4156 4155/4155/4155 4235/4235/4235
f 4237/4237/4237 4157/4157/4157 4156/4156/4156 4236/4236/4236
f 4238/4238/4238 4158/4158/4158 4157/4157/4157 4237/4237/4237
f 4239/4239/4239 4159/4159/4159 4158/4158/4158 4238/4238/4238
f 4240/4240/4240 4160/4160/4160 4159/4159/4159 4239/4239/4239
f 4241/4241/4241 4161/4161/4161 4160/4160/4160 4240/4240/4240
f 4242/4242/4242 4162/4162/4162 4161/4161/4161 4241/4241/4241
f 4243/4243/4243 4163/4163/4163 4162/4162/4162 4242/4242/4242
f 4244/4244/4244 4164/4164/4164 4163/4163/4163 4243/4243/4243
f 4245/4245/4245 4165/4165/4165 4164/4164/4164 4244/4244/4244
f 4246/4246/4246 4166/4166/4166 4165/4165/4165 4245/4245/4245
f 4247/4247/4247 4167/4167/4167 4166/4166/4166 4246/4246/4246
f 4435/4435/4435 4168/4168/4168 4167/4167/4167
f 4247/4247/4247 4248/4248/4248 4435/4435/4435
f 4167/4167/4167 4247/4247/4247 4435/4435/4435
f 4436/4436/4436 4434/4434/4434 4168/4168/4168 4435/4435/4435
f 4431/4431/4431 4436/4436/4436 4435/4435/4435 4248/4248/4248
f 4249/4249/4249 4421/4421/4421 4422/4422/4422 4420/4420/4420
f 4421/4421/4421 4169/4169/4169 4417/4417/4417 4422/4422/4422
f 4421/4421/4421 4249/4249/4249 4250/4250/4250
f 4170/4170/4170 4169/4169/4169 4421/4421/4421
f 4250/4250/4250 4170/4170/4170 4421/4421/4421
f 4251/4251/4251 4171/4171/4171 4170/4170/4170 4250/4250/4250
f 4252/4252/4252 4172/4172/4172 4171/4171/4171 4251/4251/4251
f 4253/4253/4253 4173/4173/4173 4172/4172/4172 4252/4252/4252
f 4254/4254/4254 4174/4174/4174 4173/4173/4173 4253/4253/4253
f 4255/4255/4255 4175/4175/4175 4174/4174/4174 4254/4254/4254
f 4256/4256/4256 4176/4176/4176 4175/4175/4175 4255/4255/4255
f 4257/4257/4257 4177/4177/4177 4176/4176/4176 4256/4256/4256
f 4258/4258/4258 4178/4178/4178 4177/4177/4177 4257/4257/4257
f 4259/4259/4259 4179/4179/4179 4178/4178/4178 4258/4258/4258
f 4260/4260/4260 4180/4180/4180 4179/4179/4179 4259/4259/4259
f 4261/4261/4261 4181/4181/4181 4180/4180/4180 4260/4260/4260
f 4262/4262/4262 4182/4182/4182 4181/4181/4181 4261/4261/4261
f 4263/4263/4263 4183/4183/4183 4182/4182/4182 4262/4262/4262
f 4264/4264/4264 4184/4184/4184 4183/4183/4183 4263/4263/4263
f 4265/4265/4265 4185/4185/4185 4184/4184/4184 4264/4264/4264
f 4266/4266/4266 4186/4186/4186 4185/4185/4185 4265/4265/4265
f 4267/4267/4267 4187/4187/4187 4186/4186/4186 4266/4266/4266
f 4268/4268/4268 4188/4188/4188 4187/4187/4187 4267/4267/4267
f 4269/4269/4269 4189/4189/4189 4188/4188/4188 4268/4268/4268
f 4270/4270/4270 4190/4190/4190 4189/4189/4189 4269/4269/4269
f 4271/4271/4271 4191/4191/4191 4190/4190/4190 4270/4270/4270
f 4272/4272/4272 4192/4192/4192 4191/4191/4191 4271/4271/4271
f 4273/4273/4273 4193/4193/4193 4192/4192/4192 4272/4272/4272
f 4274/4274/4274 4194/4194/4194 4193/4193/4193 4273/4273/4273
f 4275/4275/4275 4195/4195/4195 4194/4194/4194 4274/4274/4274
f 4276/4276/4276 4196/4196/4196 4195/4195/4195 4275/4275/4275
f 4277/4277/4277 4197/4197/4197 4196/4196/4196 4276/4276/4276
f 4278/4278/4278 4198/4198/4198 4197/4197/4197 4277/4277/4277
f 4279/4279/4279 4199/4199/4199 4198/4198/4198 4278/4278/4278
f 4280/4280/4280 4200/4200/4200 4199/4199/4199 4279/4279/4279
f 4281/4281/4281 4201/4201/4201 4200/4200/4200 4280/4280/4280
f 4282/4282/4282 4202/4202/4202 4201/4201/4201 4281/4281/4281
f 4283/4283/4283 4203/4203/4203 4202/4202/4202 4282/4282/4282
f 4284/4284/4284 4204/4204/4204 4203/4203/4203 4283/4283/4283
f 4285/4285/4285 4205/4205/4205 4204/4204/4204 4284/4284/4284
f 4286/4286/4286 4206/4206/4206 4205/4205/4205 4285/4285/4285
f 4287/4287/4287 4207/4207/4207 4206/4206/4206 4286/4286/4286
f 4288/4288/4288 4208/4208/4208 4207/4207/4207 4287/4287/4287
f 4289/4289/4289 4209/4209/4209 4208/4208/4208 4288/4288/4288
f 4290/4290/4290 4210/4210/4210 4209/4209/4209 4289/4289/4289
f 4291/4291/4291 4211/4211/4211 4210/4210/4210 4290/4290/4290
f 4292/4292/4292 4212/4212/4212 4211/4211/4211 4291/4291/4291
f 4293/4293/4293 4213/4213/4213 4212/4212/4212 4292/4292/4292
f 4294/4294/4294 4214/4214/4214 4213/4213/4213 4293/4293/4293
f 4295/4295/4295 4215/4215/4215 4214/4214/4214 4294/4294/4294
f 4296/4296/4296 4216/4216/4216 4215/4215/4215 4295/4295/4295
f 4297/4297/4297 4217/4217/4217 4216/4216/4216 4296/4296/4296
f 4298/4298/4298 4218/4218/4218 4217/4217/4217 4297/4297/4297
f 4299/4299/4299 4219/4219/4219 4218/4218/4218 4298/4298/4298
f 4300/4300/4300 4220/4220/4220 4219/4219/4219 4299/4299/4299
f 4301/4301/4301 4221/4221/4221 4220/4220/4220 4300/4300/4300
f 4302/4302/4302 4222/4222/4222 4221/4221/4221 4301/4301/4301
f 4303/4303/4303 4223/4223/4223 4222/4222/4222 4302/4302/4302
f 4304/4304/4304 4224/4224/4224 4223/4223/4223 4303/4303/4303
f 4305/4305/4305 4225/4225/4225 4224/4224/4224 4304/4304/4304
f 4306/4306/4306 4226/4226/4226 4225/4225/4225 4305/4305/4305
f 4307/4307/4307 4227/4227/4227 4226/4226/4226 4306/4306/4306
f 4308/4308/4308 4228/4228/4228 4227/4227/4227 4307/4307/4307
f 4309/4309/4309 4229/4229/4229 4228/4228/4228 4308/4308/4308
f 4310/4310/4310 4230/4230/4230 4229/4229/4229 4309/4309/4309
f 4311/4311/4311 4231/4231/4231 4230/4230/4230 4310/4310/4310
f 4312/4312/4312 4232/4232/4232 4231/4231/4231 4311/4311/4311
f 4313/4313/4313 4233/4233/4233 4232/4232/4232 4312/4312/4312
f 4314/4314/4314 4234/4234/4234 4233/4233/4233 4313/4313/4313
f 4315/4315/4315 4235/4235/4235 4234/4234/4234 4314/4314/4314
f 4316/4316/4316 4236/4236/4236 4235/4235/4235 4315/4315/4315
f 4317/4317/4317 4237/4237/4237 4236/4236/4236 4316/4316/4316
f 4318/4318/4318 4238/4238/4238 4237/4237/4237 4317/4317/4317
f 4319/4319/4319 4239/4239/4239 4238/4238/4238 4318/4318/4318
f 4320/4320/4320 4240/4240/4240 4239/4239/4239 4319/4319/4319
f 4321/4321/4321 4241/4241/4241 4240/4240/4240 4320/4320/4320
f 4322/4322/4322 4242/4242/4242 4241/4241/4241 4321/4321/4321
f 4323/4323/4323 4243/4243/4243 4242/4242/4242 4322/4322/4322
f 4324/4324/4324 4244/4244/4244 4243/4243/4243 4323/4323/4323
f 4325/4325/4325 4245/4245/4245 4244/4244/4244 4324/4324/4324
f 4326/4326/4326 4246/4246/4246 4245/4245/4245 4325/4325/4325
f 4327/4327/4327 4247/4247/4247 4246/4246/4246 4326/4326/4326
f 4432/4432/4432 4248/4248/4248 4247/4247/4247
f 4327/4327/4327 4328/4328/4328 4432/4432/4432
f 4247/4247/4247 4327/4327/4327 4432/4432/4432
f 4433/4433/4433 4431/4431/4431 4248/4248/4248 4432/4432/4432
f 4428/4428/4428 4433/4433/4433 4432/4432/4432 4328/4328/4328
f 4423/4423/4423 4249/4249/4249 4420/4420/4420 4424/4424/4424
f 4430/4430/4430 4428/4428/4428 4328/4328/4328 4429/4429/4429
f 4416/4416/4416 4008/4008/4008 4007/4007/4007
f 4010/4010/4010 4009/4009/4009 4090/4090/4090 4091/4091/4091
f 4011/4011/4011 4010/4010/4010 4091/4091/4091 4092/4092/4092
f 4009/4009/4009 4008/4008/4008 4415/4415/4415
f 4013/4013/4013 4012/4012/4012 4093/4093/4093 4094/4094/4094
f 4015/4015/4015 4014/4014/4014 4095/4095/4095 4096/4096/4096
f 4016/4016/4016 4015/4015/4015 4096/4096/4096 4097/4097/4097
f 4014/4014/4014 4013/4013/4013 4094/4094/4094 4095/4095/4095
f 4012/4012/4012 4011/4011/4011 4092/4092/4092 4093/4093/4093
f 4018/4018/4018 4017/4017/4017 4098/4098/4098 4099/4099/4099
f 4019/4019/4019 4018/4018/4018 4099/4099/4099 4100/4100/4100
f 4017/4017/4017 4016/4016/4016 4097/4097/4097 4098/4098/4098
f 4020/4020/4020 4019/4019/4019 4100/4100/4100 4101/4101/4101
f 4415/4415/4415 4008/4008/4008 4416/4416/4416
f 4021/4021/4021 4020/4020/4020 4101/4101/4101 4102/4102/4102
f 4022/4022/4022 4021/4021/4021 4102/4102/4102 4103/4103/4103
f 4024/4024/4024 4023/4023/4023 4104/4104/4104 4105/4105/4105
f 4025/4025/4025 4024/4024/4024 4105/4105/4105 4106/4106/4106
f 4023/4023/4023 4022/4022/4022 4103/4103/4103 4104/4104/4104
f 4026/4026/4026 4025/4025/4025 4106/4106/4106 4107/4107/4107
f 4416/4416/4416 4007/4007/4007 4411/4411/4411
f 4027/4027/4027 4026/4026/4026 4107/4107/4107 4108/4108/4108
f 4029/4029/4029 4028/4028/4028 4109/4109/4109 4110/4110/4110
f 4030/4030/4030 4029/4029/4029 4110/4110/4110 4111/4111/4111
f 4028/4028/4028 4027/4027/4027 4108/4108/4108 4109/4109/4109
f 4032/4032/4032 4031/4031/4031 4112/4112/4112 4113/4113/4113
f 4033/4033/4033 4032/4032/4032 4113/4113/4113 4114/4114/4114
f 4035/4035/4035 4034/4034/4034 4115/4115/4115 4116/4116/4116
f 4036/4036/4036 4035/4035/4035 4116/4116/4116 4117/4117/4117
f 4034/4034/4034 4033/4033/4033 4114/4114/4114 4115/4115/4115
f 4031/4031/4031 4030/4030/4030 4111/4111/4111 4112/4112/4112
f 4038/4038/4038 4037/4037/4037 4118/4118/4118 4119/4119/4119
f 4040/4040/4040 4039/4039/4039 4120/4120/4120 4121/4121/4121
f 4041/4041/4041 4040/4040/4040 4121/4121/4121 4122/4122/4122
f 4039/4039/4039 4038/4038/4038 4119/4119/4119 4120/4120/4120
f 4043/4043/4043 4042/4042/4042 4123/4123/4123 4124/4124/4124
f 4044/4044/4044 4043/4043/4043 4124/4124/4124 4125/4125/4125
f 4046/4046/4046 4045/4045/4045 4126/4126/4126 4127/4127/4127
f 4047/4047/4047 4046/4046/4046 4127/4127/4127 4128/4128/4128
f 4045/4045/4045 4044/4044/4044 4125/4125/4125 4126/4126/4126
f 4042/4042/4042 4041/4041/4041 4122/4122/4122 4123/4123/4123
f 4037/4037/4037 4036/4036/4036 4117/4117/4117 4118/4118/4118
f 4415/4415/4415 4090/4090/4090 4009/4009/4009
f 4419/4419/4419 4414/4414/4414 4411/4411/4411
f 4089/4089/4089 4090/4090/4090 4415/4415/4415
f 4411/4411/4411 4412/4412/4412 4419/4419/4419
f 4411/4411/4411 4414/4414/4414 4416/4416/4416
f 4128/4128/4128 4129/4129/4129 4048/4048/4048 4047/4047/4047
f 4050/4050/4050 4049/4049/4049 4130/4130/4130 4131/4131/4131
f 4052/4052/4052 4051/4051/4051 4132/4132/4132 4133/4133/4133
f 4053/4053/4053 4052/4052/4052 4133/4133/4133 4134/4134/4134
f 4051/4051/4051 4050/4050/4050 4131/4131/4131 4132/4132/4132
f 4055/4055/4055 4054/4054/4054 4135/4135/4135 4136/4136/4136
f 4057/4057/4057 4056/4056/4056 4137/4137/4137 4138/4138/4138
f 4058/4058/4058 4057/4057/4057 4138/4138/4138 4139/4139/4139
f 4056/4056/4056 4055/4055/4055 4136/4136/4136 4137/4137/4137
f 4054/4054/4054 4053/4053/4053 4134/4134/4134 4135/4135/4135
f 4060/4060/4060 4059/4059/4059 4140/4140/4140 4141/4141/4141
f 4062/4062/4062 4061/4061/4061 4142/4142/4142 4143/4143/4143
f 4063/4063/4063 4062/4062/4062 4143/4143/4143 4144/4144/4144
f 4061/4061/4061 4060/4060/4060 4141/4141/4141 4142/4142/4142
f 4065/4065/4065 4064/4064/4064 4145/4145/4145 4146/4146/4146
f 4066/4066/4066 4065/4065/4065 4146/4146/4146 4147/4147/4147
f 4068/4068/4068 4067/4067/4067 4148/4148/4148 4149/4149/4149
f 4069/4069/4069 4068/4068/4068 4149/4149/4149 4150/4150/4150
f 4067/4067/4067 4066/4066/4066 4147/4147/4147 4148/4148/4148
f 4064/4064/4064 4063/4063/4063 4144/4144/4144 4145/4145/4145
f 4059/4059/4059 4058/4058/4058 4139/4139/4139 4140/4140/4140
f 4071/4071/4071 4070/4070/4070 4151/4151/4151 4152/4152/4152
f 4073/4073/4073 4072/4072/4072 4153/4153/4153 4154/4154/4154
f 4074/4074/4074 4073/4073/4073 4154/4154/4154 4155/4155/4155
f 4072/4072/4072 4071/4071/4071 4152/4152/4152 4153/4153/4153
f 4076/4076/4076 4075/4075/4075 4156/4156/4156 4157/4157/4157
f 4077/4077/4077 4076/4076/4076 4157/4157/4157 4158/4158/4158
f 4079/4079/4079 4078/4078/4078 4159/4159/4159 4160/4160/4160
f 4080/4080/4080 4079/4079/4079 4160/4160/4160 4161/4161/4161
f 4078/4078/4078 4077/4077/4077 4158/4158/4158 4159/4159/4159
f 4075/4075/4075 4074/4074/4074 4155/4155/4155 4156/4156/4156
f 4082/4082/4082 4081/4081/4081 4162/4162/4162 4163/4163/4163
f 4084/4084/4084 4083/4083/4083 4164/4164/4164 4165/4165/4165
f 4085/4085/4085 4084/4084/4084 4165/4165/4165 4166/4166/4166
f 4083/4083/4083 4082/4082/4082 4163/4163/4163 4164/4164/4164
f 4167/4167/4167 4437/4437/4437 4086/4086/4086
f 4437/4437/4437 4087/4087/4087 4086/4086/4086
f 4088/4088/4088 4087/4087/4087 4438/4438/4438
f 4437/4437/4437 4438/4438/4438 4087/4087/4087
f 4427/4427/4427 4088/4088/4088 4438/4438/4438
f 4086/4086/4086 4085/4085/4085 4166/4166/4166 4167/4167/4167
f 4081/4081/4081 4080/4080/4080 4161/4161/4161 4162/4162/4162
f 4070/4070/4070 4069/4069/4069 4150/4150/4150 4151/4151/4151
f 4049/4049/4049 4048/4048/4048 4129/4129/4129 4130/4130/4130
f 4167/4167/4167 4168/4168/4168 4437/4437/4437
f 4426/4426/4426 4427/4427/4427 4434/4434/4434 4436/4436/4436
f 4436/4436/4436 4431/4431/4431 4426/4426/4426
f 4438/4438/4438 4434/4434/4434 4427/4427/4427
f 4417/4417/4417 4419/4419/4419 4412/4412/4412
f 4422/4422/4422 4417/4417/4417 4412/4412/4412
f 4424/4424/4424 4420/4420/4420 4413/4413/4413
f 4413/4413/4413 4420/4420/4420 4422/4422/4422
f 4422/4422/4422 4412/4412/4412 4413/4413/4413
f 4251/4251/4251 4250/4250/4250 4331/4331/4331 4332/4332/4332
f 4253/4253/4253 4252/4252/4252 4333/4333/4333 4334/4334/4334
f 4254/4254/4254 4253/4253/4253 4334/4334/4334 4335/4335/4335
f 4252/4252/4252 4251/4251/4251 4332/4332/4332 4333/4333/4333
f 4250/4250/4250 4249/4249/4249 4423/4423/4423
f 4256/4256/4256 4255/4255/4255 4336/4336/4336 4337/4337/4337
f 4258/4258/4258 4257/4257/4257 4338/4338/4338 4339/4339/4339
f 4259/4259/4259 4258/4258/4258 4339/4339/4339 4340/4340/4340
f 4257/4257/4257 4256/4256/4256 4337/4337/4337 4338/4338/4338
f 4261/4261/4261 4260/4260/4260 4341/4341/4341 4342/4342/4342
f 4262/4262/4262 4261/4261/4261 4342/4342/4342 4343/4343/4343
f 4264/4264/4264 4263/4263/4263 4344/4344/4344 4345/4345/4345
f 4265/4265/4265 4264/4264/4264 4345/4345/4345 4346/4346/4346
f 4263/4263/4263 4262/4262/4262 4343/4343/4343 4344/4344/4344
f 4260/4260/4260 4259/4259/4259 4340/4340/4340 4341/4341/4341
f 4255/4255/4255 4254/4254/4254 4335/4335/4335 4336/4336/4336
f 4267/4267/4267 4266/4266/4266 4347/4347/4347 4348/4348/4348
f 4269/4269/4269 4268/4268/4268 4349/4349/4349 4350/4350/4350
f 4270/4270/4270 4269/4269/4269 4350/4350/4350 4351/4351/4351
f 4268/4268/4268 4267/4267/4267 4348/4348/4348 4349/4349/4349
f 4272/4272/4272 4271/4271/4271 4352/4352/4352 4353/4353/4353
f 4273/4273/4273 4272/4272/4272 4353/4353/4353 4354/4354/4354
f 4275/4275/4275 4274/4274/4274 4355/4355/4355 4356/4356/4356
f 4276/4276/4276 4275/4275/4275 4356/4356/4356 4357/4357/4357
f 4274/4274/4274 4273/4273/4273 4354/4354/4354 4355/4355/4355
f 4271/4271/4271 4270/4270/4270 4351/4351/4351 4352/4352/4352
f 4278/4278/4278 4277/4277/4277 4358/4358/4358 4359/4359/4359
f 4280/4280/4280 4279/4279/4279 4360/4360/4360 4361/4361/4361
f 4281/4281/4281 4280/4280/4280 4361/4361/4361 4362/4362/4362
f 4279/4279/4279 4278/4278/4278 4359/4359/4359 4360/4360/4360
f 4283/4283/4283 4282/4282/4282 4363/4363/4363 4364/4364/4364
f 4284/4284/4284 4283/4283/4283 4364/4364/4364 4365/4365/4365
f 4286/4286/4286 4285/4285/4285 4366/4366/4366 4367/4367/4367
f 4287/4287/4287 4286/4286/4286 4367/4367/4367 4368/4368/4368
f 4285/4285/4285 4284/4284/4284 4365/4365/4365 4366/4366/4366
f 4282/4282/4282 4281/4281/4281 4362/4362/4362 4363/4363/4363
f 4277/4277/4277 4276/4276/4276 4357/4357/4357 4358/4358/4358
f 4266/4266/4266 4265/4265/4265 4346/4346/4346 4347/4347/4347
f 4423/4423/4423 4331/4331/4331 4250/4250/4250
f 4330/4330/4330 4423/4423/4423 4424/4424/4424
f 4424/4424/4424 4329/4329/4329 4330/4330/4330
f 4423/4423/4423 4330/4330/4330 4331/4331/4331
f 4329/4329/4329 4424/4424/4424 4413/4413/4413
f 4288/4288/4288 4287/4287/4287 4368/4368/4368 4369/4369/4369
f 4369/4369/4369 4370/4370/4370 4289/4289/4289 4288/4288/4288
f 4290/4290/4290 4289/4289/4289 4370/4370/4370 4371/4371/4371
f 4292/4292/4292 4291/4291/4291 4372/4372/4372 4373/4373/4373
f 4293/4293/4293 4292/4292/4292 4373/4373/4373 4374/4374/4374
f 4291/4291/4291 4290/4290/4290 4371/4371/4371 4372/4372/4372
f 4295/4295/4295 4294/4294/4294 4375/4375/4375 4376/4376/4376
f 4297/4297/4297 4296/4296/4296 4377/4377/4377 4378/4378/4378
f 4298/4298/4298 4297/4297/4297 4378/4378/4378 4379/4379/4379
f 4296/4296/4296 4295/4295/4295 4376/4376/4376 4377/4377/4377
f 4294/4294/4294 4293/4293/4293 4374/4374/4374 4375/4375/4375
f 4300/4300/4300 4299/4299/4299 4380/4380/4380 4381/4381/4381
f 4302/4302/4302 4301/4301/4301 4382/4382/4382 4383/4383/4383
f 4303/4303/4303 4302/4302/4302 4383/4383/4383 4384/4384/4384
f 4301/4301/4301 4300/4300/4300 4381/4381/4381 4382/4382/4382
f 4305/4305/4305 4304/4304/4304 4385/4385/4385 4386/4386/4386
f 4306/4306/4306 4305/4305/4305 4386/4386/4386 4387/4387/4387
f 4308/4308/4308 4307/4307/4307 4388/4388/4388 4389/4389/4389
f 4309/4309/4309 4308/4308/4308 4389/4389/4389 4390/4390/4390
f 4307/4307/4307 4306/4306/4306 4387/4387/4387 4388/4388/4388
f 4304/4304/4304 4303/4303/4303 4384/4384/4384 4385/4385/4385
f 4299/4299/4299 4298/4298/4298 4379/4379/4379 4380/4380/4380
f 4311/4311/4311 4310/4310/4310 4391/4391/4391 4392/4392/4392
f 4313/4313/4313 4312/4312/4312 4393/4393/4393 4394/4394/4394
f 4314/4314/4314 4313/4313/4313 4394/4394/4394 4395/4395/4395
f 4312/4312/4312 4311/4311/4311 4392/4392/4392 4393/4393/4393
f 4425/4425/4425 4426/4426/4426 4431/4431/4431 4433/4433/4433
f 4425/4425/4425 4433/4433/4433 4428/4428/4428
f 4316/4316/4316 4315/4315/4315 4396/4396/4396 4397/4397/4397
f 4317/4317/4317 4316/4316/4316 4397/4397/4397 4398/4398/4398
f 4315/4315/4315 4314/4314/4314 4395/4395/4395 4396/4396/4396
f 4319/4319/4319 4318/4318/4318 4399/4399/4399 4400/4400/4400
f 4321/4321/4321 4320/4320/4320 4401/4401/4401 4402/4402/4402
f 4322/4322/4322 4321/4321/4321 4402/4402/4402 4403/4403/4403
f 4320/4320/4320 4319/4319/4319 4400/4400/4400 4401/4401/4401
f 4324/4324/4324 4323/4323/4323 4404/4404/4404 4405/4405/4405
f 4325/4325/4325 4324/4324/4324 4405/4405/4405 4406/4406/4406
f 4327/4327/4327 4326/4326/4326 4407/4407/4407 4408/4408/4408
f 4429/4429/4429 4328/4328/4328 4327/4327/4327
f 4326/4326/4326 4325/4325/4325 4406/4406/4406 4407/4407/4407
f 4323/4323/4323 4322/4322/4322 4403/4403/4403 4404/4404/4404
f 4318/4318/4318 4317/4317/4317 4398/4398/4398 4399/4399/4399
f 4310/4310/4310 4309/4309/4309 4390/4390/4390 4391/4391/4391
f 4429/4429/4429 4409/4409/4409 4430/4430/4430
f 4410/4410/4410 4425/4425/4425 4428/4428/4428 4430/4430/4430
f 4429/4429/4429 4408/4408/4408 4409/4409/4409
f 4430/4430/4430 4409/4409/4409 4410/4410/4410
f 4327/4327/4327 4408/4408/4408 4429/4429/4429
f 4441/4441/4441 4474/4474/4474 4477/4477/4477 4476/4476/4476
f 4442/4442/4442 4471/4471/4471 4475/4475/4475 4473/4473/4473
f 4473/4473/4473 4475/4475/4475 4474/4474/4474 4441/4441/4441
f 4443/4443/4443 4468/4468/4468 4472/4472/4472 4470/4470/4470
f 4470/4470/4470 4472/4472/4472 4471/4471/4471 4442/4442/4442
f 4467/4467/4467 4469/4469/4469 4468/4468/4468 4443/4443/4443
f 4473/4473/4473 4441/4441/4441 4445/4445/4445
f 4446/4446/4446 4442/4442/4442 4473/4473/4473
f 4445/4445/4445 4446/4446/4446 4473/4473/4473
f 4470/4470/4470 4442/4442/4442 4446/4446/4446
f 4447/4447/4447 4443/4443/4443 4470/4470/4470
f 4446/4446/4446 4447/4447/4447 4470/4470/4470
f 4450/4450/4450 4446/4446/4446 4445/4445/4445 4449/4449/4449
f 4451/4451/4451 4447/4447/4447 4446/4446/4446 4450/4450/4450
f 4485/4485/4485 4454/4454/4454 4450/4450/4450
f 4449/4449/4449 4453/4453/4453 4485/4485/4485
f 4450/4450/4450 4449/4449/4449 4485/4485/4485
f 4488/4488/4488 4455/4455/4455 4451/4451/4451
f 4450/4450/4450 4454/4454/4454 4488/4488/4488
f 4451/4451/4451 4450/4450/4450 4488/4488/4488
f 4481/4481/4481 4453/4453/4453 4482/4482/4482 4483/4483/4483
f 4484/4484/4484 4454/4454/4454 4485/4485/4485 4486/4486/4486
f 4486/4486/4486 4485/4485/4485 4453/4453/4453 4481/4481/4481
f 4487/4487/4487 4455/4455/4455 4488/4488/4488 4489/4489/4489
f 4489/4489/4489 4488/4488/4488 4454/4454/4454 4484/4484/4484
f 4466/4466/4466 4439/4439/4439 4477/4477/4477
f 4458/4458/4458 4477/4477/4477 4439/4439/4439
f 4475/4475/4475 4466/4466/4466 4474/4474/4474
f 4477/4477/4477 4474/4474/4474 4466/4466/4466
f 4465/4465/4465 4466/4466/4466 4475/4475/4475
f 4476/4476/4476 4458/4458/4458 4459/4459/4459
f 4441/4441/4441 4476/4476/4476 4445/4445/4445
f 4459/4459/4459 4445/4445/4445 4476/4476/4476
f 4445/4445/4445 4459/4459/4459 4460/4460/4460
f 4458/4458/4458 4476/4476/4476 4477/4477/4477
f 4472/4472/4472 4465/4465/4465 4471/4471/4471
f 4475/4475/4475 4471/4471/4471 4465/4465/4465
f 4440/4440/4440 4464/4464/4464 4468/4468/4468 4469/4469/4469
f 4465/4465/4465 4472/4472/4472 4464/4464/4464
f 4472/4472/4472 4468/4468/4468 4464/4464/4464
f 4467/4467/4467 4443/4443/4443 4447/4447/4447
f 4444/4444/4444 4469/4469/4469 4467/4467/4467
f 4467/4467/4467 4448/4448/4448 4444/4444/4444
f 4440/4440/4440 4469/4469/4469 4444/4444/4444
f 4448/4448/4448 4467/4467/4467 4447/4447/4447
f 4449/4449/4449 4445/4445/4445 4460/4460/4460 4461/4461/4461
f 4482/4482/4482 4449/4449/4449 4462/4462/4462
f 4461/4461/4461 4462/4462/4462 4449/4449/4449
f 4463/4463/4463 4482/4482/4482 4462/4462/4462
f 4453/4453/4453 4449/4449/4449 4482/4482/4482
f 4483/4483/4483 4463/4463/4463 4456/4456/4456
f 4478/4478/4478 4483/4483/4483 4456/4456/4456
f 4478/4478/4478 4481/4481/4481 4483/4483/4483
f 4486/4486/4486 4481/4481/4481 4478/4478/4478
f 4463/4463/4463 4483/4483/4483 4482/4482/4482
f 4448/4448/4448 4447/4447/4447 4451/4451/4451 4452/4452/4452
f 4455/4455/4455 4452/4452/4452 4451/4451/4451
f 4457/4457/4457 4452/4452/4452 4455/4455/4455
f 4489/4489/4489 4484/4484/4484 4479/4479/4479
f 4486/4486/4486 4479/4479/4479 4484/4484/4484
f 4480/4480/4480 4489/4489/4489 4479/4479/4479
f 4457/4457/4457 4487/4487/4487 4480/4480/4480
f 4489/4489/4489 4480/4480/4480 4487/4487/4487
f 4455/4455/4455 4487/4487/4487 4457/4457/4457
f 4479/4479/4479 4486/4486/4486 4478/4478/4478
f 4493/4493/4493 4556/4556/4556 4557/4557/4557 4555/4555/4555
f 4545/4545/4545 4549/4549/4549 4548/4548/4548 4495/4495/4495
f 4498/4498/4498 4559/4559/4559 4560/4560/4560 4558/4558/4558
f 4559/4559/4559 4493/4493/4493 4555/4555/4555 4560/4560/4560
f 4559/4559/4559 4498/4498/4498 4499/4499/4499
f 4494/4494/4494 4493/4493/4493 4559/4559/4559
f 4499/4499/4499 4494/4494/4494 4559/4559/4559
f 4546/4546/4546 4495/4495/4495 4494/4494/4494
f 4499/4499/4499 4500/4500/4500 4546/4546/4546
f 4494/4494/4494 4499/4499/4499 4546/4546/4546
f 4547/4547/4547 4545/4545/4545 4495/4495/4495 4546/4546/4546
f 4542/4542/4542 4547/4547/4547 4546/4546/4546 4500/4500/4500
f 4503/4503/4503 4562/4562/4562 4563/4563/4563 4561/4561/4561
f 4562/4562/4562 4498/4498/4498 4558/4558/4558 4563/4563/4563
f 4562/4562/4562 4503/4503/4503 4504/4504/4504
f 4499/4499/4499 4498/4498/4498 4562/4562/4562
f 4504/4504/4504 4499/4499/4499 4562/4562/4562
f 4543/4543/4543 4500/4500/4500 4499/4499/4499
f 4504/4504/4504 4505/4505/4505 4543/4543/4543
f 4499/4499/4499 4504/4504/4504 4543/4543/4543
f 4544/4544/4544 4542/4542/4542 4500/4500/4500 4543/4543/4543
f 4539/4539/4539 4544/4544/4544 4543/4543/4543 4505/4505/4505
f 4508/4508/4508 4565/4565/4565 4566/4566/4566 4564/4564/4564
f 4565/4565/4565 4503/4503/4503 4561/4561/4561 4566/4566/4566
f 4565/4565/4565 4508/4508/4508 4509/4509/4509
f 4504/4504/4504 4503/4503/4503 4565/4565/4565
f 4509/4509/4509 4504/4504/4504 4565/4565/4565
f 4540/4540/4540 4505/4505/4505 4504/4504/4504
f 4509/4509/4509 4510/4510/4510 4540/4540/4540
f 4504/4504/4504 4509/4509/4509 4540/4540/4540
f 4541/4541/4541 4539/4539/4539 4505/4505/4505 4540/4540/4540
f 4538/4538/4538 4541/4541/4541 4540/4540/4540 4510/4510/4510
f 4514/4514/4514 4509/4509/4509 4508/4508/4508 4513/4513/4513
f 4515/4515/4515 4510/4510/4510 4509/4509/4509 4514/4514/4514
f 4518/4518/4518 4568/4568/4568 4570/4570/4570 4567/4567/4567
f 4568/4568/4568 4513/4513/4513 4569/4569/4569 4570/4570/4570
f 4568/4568/4568 4518/4518/4518 4519/4519/4519
f 4514/4514/4514 4513/4513/4513 4568/4568/4568
f 4519/4519/4519 4514/4514/4514 4568/4568/4568
f 4536/4536/4536 4515/4515/4515 4514/4514/4514
f 4519/4519/4519 4520/4520/4520 4536/4536/4536
f 4514/4514/4514 4519/4519/4519 4536/4536/4536
f 4537/4537/4537 4535/4535/4535 4515/4515/4515 4536/4536/4536
f 4532/4532/4532 4537/4537/4537 4536/4536/4536 4520/4520/4520
f 4523/4523/4523 4572/4572/4572 4573/4573/4573 4571/4571/4571
f 4572/4572/4572 4518/4518/4518 4567/4567/4567 4573/4573/4573
f 4572/4572/4572 4523/4523/4523 4524/4524/4524
f 4519/4519/4519 4518/4518/4518 4572/4572/4572
f 4524/4524/4524 4519/4519/4519 4572/4572/4572
f 4533/4533/4533 4520/4520/4520 4519/4519/4519
f 4524/4524/4524 4525/4525/4525 4533/4533/4533
f 4519/4519/4519 4524/4524/4524 4533/4533/4533
f 4534/4534/4534 4532/4532/4532 4520/4520/4520 4533/4533/4533
f 4529/4529/4529 4534/4534/4534 4533/4533/4533 4525/4525/4525
f 4574/4574/4574 4523/4523/4523 4571/4571/4571 4575/4575/4575
f 4531/4531/4531 4529/4529/4529 4525/4525/4525 4530/4530/4530
f 4554/4554/4554 4490/4490/4490 4557/4557/4557
f 4492/4492/4492 4557/4557/4557 4490/4490/4490
f 4557/4557/4557 4492/4492/4492 4555/4555/4555
f 4560/4560/4560 4555/4555/4555 4492/4492/4492
f 4553/4553/4553 4554/4554/4554 4556/4556/4556
f 4556/4556/4556 4554/4554/4554 4557/4557/4557
f 4494/4494/4494 4556/4556/4556 4493/4493/4493
f 4560/4560/4560 4492/4492/4492 4497/4497/4497
f 4560/4560/4560 4497/4497/4497 4558/4558/4558
f 4497/4497/4497 4563/4563/4563 4558/4558/4558
f 4497/4497/4497 4502/4502/4502 4561/4561/4561 4563/4563/4563
f 4507/4507/4507 4566/4566/4566 4502/4502/4502
f 4507/4507/4507 4564/4564/4564 4566/4566/4566
f 4508/4508/4508 4564/4564/4564 4569/4569/4569 4513/4513/4513
f 4566/4566/4566 4561/4561/4561 4502/4502/4502
f 4564/4564/4564 4507/4507/4507 4512/4512/4512 4569/4569/4569
f 4494/4494/4494 4552/4552/4552 4553/4553/4553
f 4548/4548/4548 4551/4551/4551 4494/4494/4494
f 4552/4552/4552 4494/4494/4494 4551/4551/4551
f 4553/4553/4553 4556/4556/4556 4494/4494/4494
f 4549/4549/4549 4491/4491/4491 4550/4550/4550
f 4494/4494/4494 4495/4495/4495 4548/4548/4548
f 4550/4550/4550 4548/4548/4548 4549/4549/4549
f 4548/4548/4548 4550/4550/4550 4551/4551/4551
f 4496/4496/4496 4491/4491/4491 4549/4549/4549
f 4496/4496/4496 4545/4545/4545 4547/4547/4547
f 4501/4501/4501 4542/4542/4542 4544/4544/4544
f 4501/4501/4501 4547/4547/4547 4542/4542/4542
f 4501/4501/4501 4496/4496/4496 4547/4547/4547
f 4506/4506/4506 4539/4539/4539 4541/4541/4541
f 4511/4511/4511 4506/4506/4506 4541/4541/4541
f 4506/4506/4506 4501/4501/4501 4544/4544/4544 4539/4539/4539
f 4549/4549/4549 4545/4545/4545 4496/4496/4496
f 4512/4512/4512 4570/4570/4570 4569/4569/4569
f 4517/4517/4517 4570/4570/4570 4512/4512/4512
f 4522/4522/4522 4573/4573/4573 4517/4517/4517
f 4517/4517/4517 4573/4573/4573 4567/4567/4567
f 4567/4567/4567 4570/4570/4570 4517/4517/4517
f 4573/4573/4573 4522/4522/4522 4571/4571/4571
f 4575/4575/4575 4571/4571/4571 4522/4522/4522
f 4575/4575/4575 4527/4527/4527 4576/4576/4576
f 4575/4575/4575 4522/4522/4522 4527/4527/4527
f 4576/4576/4576 4574/4574/4574 4575/4575/4575
f 4574/4574/4574 4524/4524/4524 4523/4523/4523
f 4524/4524/4524 4577/4577/4577 4578/4578/4578
f 4576/4576/4576 4577/4577/4577 4574/4574/4574
f 4574/4574/4574 4577/4577/4577 4524/4524/4524
f 4579/4579/4579 4524/4524/4524 4578/4578/4578
f 4538/4538/4538 4510/4510/4510 4515/4515/4515 4535/4535/4535
f 4535/4535/4535 4516/4516/4516 4511/4511/4511 4538/4538/4538
f 4521/4521/4521 4537/4537/4537 4532/4532/4532
f 4534/4534/4534 4521/4521/4521 4532/4532/4532
f 4516/4516/4516 4537/4537/4537 4521/4521/4521
f 4516/4516/4516 4535/4535/4535 4537/4537/4537
f 4541/4541/4541 4538/4538/4538 4511/4511/4511
f 4530/4530/4530 4525/4525/4525 4524/4524/4524
f 4530/4530/4530 4579/4579/4579 4580/4580/4580
f 4580/4580/4580 4531/4531/4531 4530/4530/4530
f 4526/4526/4526 4534/4534/4534 4529/4529/4529
f 4528/4528/4528 4526/4526/4526 4529/4529/4529 4531/4531/4531
f 4580/4580/4580 4528/4528/4528 4531/4531/4531
f 4521/4521/4521 4534/4534/4534 4526/4526/4526
f 4579/4579/4579 4530/4530/4530 4524/4524/4524
f 4586/4586/4586 4582/4582/4582 4581/4581/4581 4585/4585/4585
f 4587/4587/4587 4583/4583/4583 4582/4582/4582 4586/4586/4586
f 4590/4590/4590 4586/4586/4586 4585/4585/4585 4589/4589/4589
f 4591/4591/4591 4587/4587/4587 4586/4586/4586 4590/4590/4590
f 4581/4581/4581 4593/4593/4593 4594/4594/4594
f 4595/4595/4595 4581/4581/4581 4594/4594/4594
f 4581/4581/4581 4582/4582/4582 4593/4593/4593
f 4585/4585/4585 4595/4595/4595 4584/4584/4584
f 4596/4596/4596 4585/4585/4585 4584/4584/4584
f 4581/4581/4581 4595/4595/4595 4585/4585/4585
f 4604/4604/4604 4605/4605/4605 4583/4583/4583
f 4592/4592/4592 4582/4582/4582 4605/4605/4605
f 4587/4587/4587 4603/4603/4603 4583/4583/4583
f 4604/4604/4604 4583/4583/4583 4603/4603/4603
f 4605/4605/4605 4582/4582/4582 4583/4583/4583
f 4582/4582/4582 4592/4592/4592 4593/4593/4593
f 4597/4597/4597 4589/4589/4589 4596/4596/4596
f 4598/4598/4598 4590/4590/4590 4589/4589/4589
f 4590/4590/4590 4598/4598/4598 4599/4599/4599
f 4597/4597/4597 4598/4598/4598 4589/4589/4589
f 4600/4600/4600 4590/4590/4590 4599/4599/4599
f 4588/4588/4588 4587/4587/4587 4602/4602/4602
f 4591/4591/4591 4602/4602/4602 4587/4587/4587
f 4603/4603/4603 4587/4587/4587 4588/4588/4588
f 4601/4601/4601 4591/4591/4591 4600/4600/4600
f 4602/4602/4602 4591/4591/4591 4601/4601/4601
f 4591/4591/4591 4590/4590/4590 4600/4600/4600
f 4596/4596/4596 4589/4589/4589 4585/4585/4585
f 4609/4609/4609 4672/4672/4672 4673/4673/4673 4671/4671/4671
f 4661/4661/4661 4665/4665/4665 4664/4664/4664 4611/4611/4611
f 4614/4614/4614 4675/4675/4675 4676/4676/4676 4674/4674/4674
f 4675/4675/4675 4609/4609/4609 4671/4671/4671 4676/4676/4676
f 4675/4675/4675 4614/4614/4614 4615/4615/4615
f 4610/4610/4610 4609/4609/4609 4675/4675/4675
f 4615/4615/4615 4610/4610/4610 4675/4675/4675
f 4662/4662/4662 4611/4611/4611 4610/4610/4610
f 4615/4615/4615 4616/4616/4616 4662/4662/4662
f 4610/4610/4610 4615/4615/4615 4662/4662/4662
f 4663/4663/4663 4661/4661/4661 4611/4611/4611 4662/4662/4662
f 4658/4658/4658 4663/4663/4663 4662/4662/4662 4616/4616/4616
f 4619/4619/4619 4678/4678/4678 4679/4679/4679 4677/4677/4677
f 4678/4678/4678 4614/4614/4614 4674/4674/4674 4679/4679/4679
f 4678/4678/4678 4619/4619/4619 4620/4620/4620
f 4615/4615/4615 4614/4614/4614 4678/4678/4678
f 4620/4620/4620 4615/4615/4615 4678/4678/4678
f 4659/4659/4659 4616/4616/4616 4615/4615/4615
f 4620/4620/4620 4621/4621/4621 4659/4659/4659
f 4615/4615/4615 4620/4620/4620 4659/4659/4659
f 4660/4660/4660 4658/4658/4658 4616/4616/4616 4659/4659/4659
f 4655/4655/4655 4660/4660/4660 4659/4659/4659 4621/4621/4621
f 4624/4624/4624 4681/4681/4681 4682/4682/4682 4680/4680/4680
f 4681/4681/4681 4619/4619/4619 4677/4677/4677 4682/4682/4682
f 4681/4681/4681 4624/4624/4624 4625/4625/4625
f 4620/4620/4620 4619/4619/4619 4681/4681/4681
f 4625/4625/4625 4620/4620/4620 4681/4681/4681
f 4656/4656/4656 4621/4621/4621 4620/4620/4620
f 4625/4625/4625 4626/4626/4626 4656/4656/4656
f 4620/4620/4620 4625/4625/4625 4656/4656/4656
f 4657/4657/4657 4655/4655/4655 4621/4621/4621 4656/4656/4656
f 4654/4654/4654 4657/4657/4657 4656/4656/4656 4626/4626/4626
f 4630/4630/4630 4625/4625/4625 4624/4624/4624 4629/4629/4629
f 4631/4631/4631 4626/4626/4626 4625/4625/4625 4630/4630/4630
f 4634/4634/4634 4684/4684/4684 4686/4686/4686 4683/4683/4683
f 4684/4684/4684 4629/4629/4629 4685/4685/4685 4686/4686/4686
f 4684/4684/4684 4634/4634/4634 4635/4635/4635
f 4630/4630/4630 4629/4629/4629 4684/4684/4684
f 4635/4635/4635 4630/4630/4630 4684/4684/4684
f 4652/4652/4652 4631/4631/4631 4630/4630/4630
f 4635/4635/4635 4636/4636/4636 4652/4652/4652
f 4630/4630/4630 4635/4635/4635 4652/4652/4652
f 4653/4653/4653 4651/4651/4651 4631/4631/4631 4652/4652/4652
f 4648/4648/4648 4653/4653/4653 4652/4652/4652 4636/4636/4636
f 4639/4639/4639 4688/4688/4688 4689/4689/4689 4687/4687/4687
f 4688/4688/4688 4634/4634/4634 4683/4683/4683 4689/4689/4689
f 4688/4688/4688 4639/4639/4639 4640/4640/4640
f 4635/4635/4635 4634/4634/4634 4688/4688/4688
f 4640/4640/4640 4635/4635/4635 4688/4688/4688
f 4649/4649/4649 4636/4636/4636 4635/4635/4635
f 4640/4640/4640 4641/4641/4641 4649/4649/4649
f 4635/4635/4635 4640/4640/4640 4649/4649/4649
f 4650/4650/4650 4648/4648/4648 4636/4636/4636 4649/4649/4649
f 4645/4645/4645 4650/4650/4650 4649/4649/4649 4641/4641/4641
f 4690/4690/4690 4639/4639/4639 4687/4687/4687 4691/4691/4691
f 4647/4647/4647 4645/4645/4645 4641/4641/4641 4646/4646/4646
f 4670/4670/4670 4606/4606/4606 4673/4673/4673
f 4608/4608/4608 4673/4673/4673 4606/4606/4606
f 4673/4673/4673 4608/4608/4608 4671/4671/4671
f 4676/4676/4676 4671/4671/4671 4608/4608/4608
f 4669/4669/4669 4670/4670/4670 4672/4672/4672
f 4672/4672/4672 4670/4670/4670 4673/4673/4673
f 4610/4610/4610 4672/4672/4672 4609/4609/4609
f 4676/4676/4676 4608/4608/4608 4613/4613/4613
f 4676/4676/4676 4613/4613/4613 4674/4674/4674
f 4613/4613/4613 4679/4679/4679 4674/4674/4674
f 4618/4618/4618 4679/4679/4679 4613/4613/4613
f 4623/4623/4623 4682/4682/4682 4618/4618/4618
f 4618/4618/4618 4677/4677/4677 4679/4679/4679
f 4623/4623/4623 4680/4680/4680 4682/4682/4682
f 4624/4624/4624 4680/4680/4680 4685/4685/4685 4629/4629/4629
f 4682/4682/4682 4677/4677/4677 4618/4618/4618
f 4680/4680/4680 4623/4623/4623 4628/4628/4628 4685/4685/4685
f 4610/4610/4610 4668/4668/4668 4669/4669/4669
f 4664/4664/4664 4667/4667/4667 4610/4610/4610
f 4668/4668/4668 4610/4610/4610 4667/4667/4667
f 4669/4669/4669 4672/4672/4672 4610/4610/4610
f 4665/4665/4665 4607/4607/4607 4666/4666/4666
f 4610/4610/4610 4611/4611/4611 4664/4664/4664
f 4666/4666/4666 4664/4664/4664 4665/4665/4665
f 4664/4664/4664 4666/4666/4666 4667/4667/4667
f 4612/4612/4612 4607/4607/4607 4665/4665/4665
f 4612/4612/4612 4661/4661/4661 4663/4663/4663
f 4617/4617/4617 4658/4658/4658 4660/4660/4660
f 4617/4617/4617 4663/4663/4663 4658/4658/4658
f 4617/4617/4617 4612/4612/4612 4663/4663/4663
f 4622/4622/4622 4655/4655/4655 4657/4657/4657
f 4627/4627/4627 4622/4622/4622 4657/4657/4657
f 4660/4660/4660 4622/4622/4622 4617/4617/4617
f 4660/4660/4660 4655/4655/4655 4622/4622/4622
f 4665/4665/4665 4661/4661/4661 4612/4612/4612
f 4628/4628/4628 4686/4686/4686 4685/4685/4685
f 4633/4633/4633 4686/4686/4686 4628/4628/4628
f 4638/4638/4638 4689/4689/4689 4633/4633/4633
f 4633/4633/4633 4689/4689/4689 4683/4683/4683
f 4683/4683/4683 4686/4686/4686 4633/4633/4633
f 4689/4689/4689 4638/4638/4638 4687/4687/4687
f 4691/4691/4691 4687/4687/4687 4638/4638/4638
f 4691/4691/4691 4643/4643/4643 4692/4692/4692
f 4691/4691/4691 4638/4638/4638 4643/4643/4643
f 4692/4692/4692 4690/4690/4690 4691/4691/4691
f 4690/4690/4690 4640/4640/4640 4639/4639/4639
f 4640/4640/4640 4693/4693/4693 4694/4694/4694
f 4692/4692/4692 4693/4693/4693 4690/4690/4690
f 4690/4690/4690 4693/4693/4693 4640/4640/4640
f 4695/4695/4695 4640/4640/4640 4694/4694/4694
f 4654/4654/4654 4626/4626/4626 4631/4631/4631 4651/4651/4651
f 4651/4651/4651 4632/4632/4632 4627/4627/4627 4654/4654/4654
f 4637/4637/4637 4653/4653/4653 4648/4648/4648
f 4650/4650/4650 4637/4637/4637 4648/4648/4648
f 4632/4632/4632 4653/4653/4653 4637/4637/4637
f 4632/4632/4632 4651/4651/4651 4653/4653/4653
f 4657/4657/4657 4654/4654/4654 4627/4627/4627
f 4646/4646/4646 4641/4641/4641 4640/4640/4640
f 4646/4646/4646 4695/4695/4695 4696/4696/4696
f 4696/4696/4696 4647/4647/4647 4646/4646/4646
f 4642/4642/4642 4650/4650/4650 4645/4645/4645
f 4644/4644/4644 4642/4642/4642 4647/4647/4647
f 4645/4645/4645 4647/4647/4647 4642/4642/4642
f 4696/4696/4696 4644/4644/4644 4647/4647/4647
f 4637/4637/4637 4650/4650/4650 4642/4642/4642
f 4695/4695/4695 4646/4646/4646 4640/4640/4640
f 4708/4708/4708 4705/4705/4705 4707/4707/4707
f 4709/4709/4709 4705/4705/4705 4708/4708/4708
f 4703/4703/4703 4709/4709/4709 4700/4700/4700
f 4703/4703/4703 4704/4704/4704 4705/4705/4705
f 4709/4709/4709 4703/4703/4703 4705/4705/4705
f 4702/4702/4702 4703/4703/4703 4701/4701/4701
f 4710/4710/4710 4709/4709/4709 4706/4706/4706
f 4712/4712/4712 4710/4710/4710 4711/4711/4711
f 4709/4709/4709 4712/4712/4712 4700/4700/4700
f 4697/4697/4697 4700/4700/4700 4712/4712/4712
f 4701/4701/4701 4703/4703/4703 4700/4700/4700
f 4697/4697/4697 4699/4699/4699 4700/4700/4700
f 4697/4697/4697 4698/4698/4698 4699/4699/4699
f 4712/4712/4712 4709/4709/4709 4710/4710/4710
f 4716/4716/4716 4784/4784/4784 4785/4785/4785 4783/4783/4783
f 4768/4768/4768 4772/4772/4772 4771/4771/4771 4718/4718/4718
f 4721/4721/4721 4787/4787/4787 4788/4788/4788 4786/4786/4786
f 4787/4787/4787 4716/4716/4716 4783/4783/4783 4788/4788/4788
f 4787/4787/4787 4721/4721/4721 4722/4722/4722
f 4717/4717/4717 4716/4716/4716 4787/4787/4787
f 4722/4722/4722 4717/4717/4717 4787/4787/4787
f 4769/4769/4769 4718/4718/4718 4717/4717/4717
f 4722/4722/4722 4723/4723/4723 4769/4769/4769
f 4717/4717/4717 4722/4722/4722 4769/4769/4769
f 4770/4770/4770 4768/4768/4768 4718/4718/4718 4769/4769/4769
f 4765/4765/4765 4770/4770/4770 4769/4769/4769 4723/4723/4723
f 4726/4726/4726 4790/4790/4790 4791/4791/4791 4789/4789/4789
f 4790/4790/4790 4721/4721/4721 4786/4786/4786 4791/4791/4791
f 4790/4790/4790 4726/4726/4726 4727/4727/4727
f 4722/4722/4722 4721/4721/4721 4790/4790/4790
f 4727/4727/4727 4722/4722/4722 4790/4790/4790
f 4766/4766/4766 4723/4723/4723 4722/4722/4722
f 4727/4727/4727 4728/4728/4728 4766/4766/4766
f 4722/4722/4722 4727/4727/4727 4766/4766/4766
f 4767/4767/4767 4765/4765/4765 4723/4723/4723 4766/4766/4766
f 4762/4762/4762 4767/4767/4767 4766/4766/4766 4728/4728/4728
f 4731/4731/4731 4793/4793/4793 4794/4794/4794 4792/4792/4792
f 4793/4793/4793 4726/4726/4726 4789/4789/4789 4794/4794/4794
f 4793/4793/4793 4731/4731/4731 4732/4732/4732
f 4727/4727/4727 4726/4726/4726 4793/4793/4793
f 4732/4732/4732 4727/4727/4727 4793/4793/4793
f 4763/4763/4763 4728/4728/4728 4727/4727/4727
f 4732/4732/4732 4733/4733/4733 4763/4763/4763
f 4727/4727/4727 4732/4732/4732 4763/4763/4763
f 4764/4764/4764 4762/4762/4762 4728/4728/4728 4763/4763/4763
f 4761/4761/4761 4764/4764/4764 4763/4763/4763 4733/4733/4733
f 4737/4737/4737 4732/4732/4732 4731/4731/4731 4736/4736/4736
f 4738/4738/4738 4733/4733/4733 4732/4732/4732 4737/4737/4737
f 4741/4741/4741 4796/4796/4796 4798/4798/4798 4795/4795/4795
f 4796/4796/4796 4736/4736/4736 4797/4797/4797 4798/4798/4798
f 4796/4796/4796 4741/4741/4741 4742/4742/4742
f 4737/4737/4737 4736/4736/4736 4796/4796/4796
f 4742/4742/4742 4737/4737/4737 4796/4796/4796
f 4759/4759/4759 4738/4738/4738 4737/4737/4737
f 4742/4742/4742 4743/4743/4743 4759/4759/4759
f 4737/4737/4737 4742/4742/4742 4759/4759/4759
f 4760/4760/4760 4758/4758/4758 4738/4738/4738 4759/4759/4759
f 4755/4755/4755 4760/4760/4760 4759/4759/4759 4743/4743/4743
f 4746/4746/4746 4800/4800/4800 4801/4801/4801 4799/4799/4799
f 4800/4800/4800 4741/4741/4741 4795/4795/4795 4801/4801/4801
f 4800/4800/4800 4746/4746/4746 4747/4747/4747
f 4742/4742/4742 4741/4741/4741 4800/4800/4800
f 4747/4747/4747 4742/4742/4742 4800/4800/4800
f 4756/4756/4756 4743/4743/4743 4742/4742/4742
f 4747/4747/4747 4748/4748/4748 4756/4756/4756
f 4742/4742/4742 4747/4747/4747 4756/4756/4756
f 4757/4757/4757 4755/4755/4755 4743/4743/4743 4756/4756/4756
f 4752/4752/4752 4757/4757/4757 4756/4756/4756 4748/4748/4748
f 4802/4802/4802 4746/4746/4746 4799/4799/4799 4803/4803/4803
f 4754/4754/4754 4752/4752/4752 4748/4748/4748 4753/4753/4753
f 4782/4782/4782 4713/4713/4713 4785/4785/4785
f 4715/4715/4715 4785/4785/4785 4713/4713/4713
f 4785/4785/4785 4715/4715/4715 4783/4783/4783
f 4788/4788/4788 4783/4783/4783 4715/4715/4715
f 4781/4781/4781 4782/4782/4782 4784/4784/4784
f 4784/4784/4784 4782/4782/4782 4785/4785/4785
f 4717/4717/4717 4784/4784/4784 4716/4716/4716
f 4788/4788/4788 4715/4715/4715 4720/4720/4720
f 4788/4788/4788 4720/4720/4720 4786/4786/4786
f 4720/4720/4720 4791/4791/4791 4786/4786/4786
f 4725/4725/4725 4791/4791/4791 4720/4720/4720
f 4730/4730/4730 4794/4794/4794 4725/4725/4725
f 4725/4725/4725 4789/4789/4789 4791/4791/4791
f 4730/4730/4730 4792/4792/4792 4794/4794/4794
f 4731/4731/4731 4792/4792/4792 4797/4797/4797 4736/4736/4736
f 4794/4794/4794 4789/4789/4789 4725/4725/4725
f 4792/4792/4792 4730/4730/4730 4735/4735/4735 4797/4797/4797
f 4717/4717/4717 4780/4780/4780 4781/4781/4781
f 4771/4771/4771 4779/4779/4779 4717/4717/4717
f 4780/4780/4780 4717/4717/4717 4779/4779/4779
f 4781/4781/4781 4784/4784/4784 4717/4717/4717
f 4772/4772/4772 4714/4714/4714 4778/4778/4778
f 4717/4717/4717 4718/4718/4718 4771/4771/4771
f 4778/4778/4778 4771/4771/4771 4772/4772/4772
f 4771/4771/4771 4778/4778/4778 4779/4779/4779
f 4719/4719/4719 4714/4714/4714 4772/4772/4772
f 4719/4719/4719 4768/4768/4768 4770/4770/4770
f 4724/4724/4724 4765/4765/4765 4767/4767/4767
f 4724/4724/4724 4770/4770/4770 4765/4765/4765
f 4724/4724/4724 4719/4719/4719 4770/4770/4770
f 4729/4729/4729 4762/4762/4762 4764/4764/4764
f 4734/4734/4734 4729/4729/4729 4764/4764/4764
f 4767/4767/4767 4729/4729/4729 4724/4724/4724
f 4767/4767/4767 4762/4762/4762 4729/4729/4729
f 4772/4772/4772 4768/4768/4768 4719/4719/4719
f 4735/4735/4735 4798/4798/4798 4797/4797/4797
f 4740/4740/4740 4798/4798/4798 4735/4735/4735
f 4745/4745/4745 4801/4801/4801 4740/4740/4740
f 4740/4740/4740 4801/4801/4801 4795/4795/4795
f 4795/4795/4795 4798/4798/4798 4740/4740/4740
f 4801/4801/4801 4745/4745/4745 4799/4799/4799
f 4803/4803/4803 4799/4799/4799 4745/4745/4745
f 4803/4803/4803 4750/4750/4750 4773/4773/4773
f 4803/4803/4803 4745/4745/4745 4750/4750/4750
f 4773/4773/4773 4802/4802/4802 4803/4803/4803
f 4802/4802/4802 4747/4747/4747 4746/4746/4746
f 4747/4747/4747 4774/4774/4774 4775/4775/4775
f 4773/4773/4773 4774/4774/4774 4802/4802/4802
f 4802/4802/4802 4774/4774/4774 4747/4747/4747
f 4776/4776/4776 4747/4747/4747 4775/4775/4775
f 4761/4761/4761 4733/4733/4733 4738/4738/4738 4758/4758/4758
f 4758/4758/4758 4739/4739/4739 4734/4734/4734 4761/4761/4761
f 4744/4744/4744 4760/4760/4760 4755/4755/4755
f 4757/4757/4757 4744/4744/4744 4755/4755/4755
f 4739/4739/4739 4760/4760/4760 4744/4744/4744
f 4739/4739/4739 4758/4758/4758 4760/4760/4760
f 4764/4764/4764 4761/4761/4761 4734/4734/4734
f 4753/4753/4753 4748/4748/4748 4747/4747/4747
f 4753/4753/4753 4776/4776/4776 4777/4777/4777
f 4777/4777/4777 4754/4754/4754 4753/4753/4753
f 4749/4749/4749 4757/4757/4757 4752/4752/4752
f 4751/4751/4751 4749/4749/4749 4752/4752/4752 4754/4754/4754
f 4777/4777/4777 4751/4751/4751 4754/4754/4754
f 4744/4744/4744 4757/4757/4757 4749/4749/4749
f 4776/4776/4776 4753/4753/4753 4747/4747/4747
f 4807/4807/4807 4875/4875/4875 4876/4876/4876 4874/4874/4874
f 4859/4859/4859 4863/4863/4863 4862/4862/4862 4809/4809/4809
f 4812/4812/4812 4878/4878/4878 4879/4879/4879 4877/4877/4877
f 4878/4878/4878 4807/4807/4807 4874/4874/4874 4879/4879/4879
f 4878/4878/4878 4812/4812/4812 4813/4813/4813
f 4808/4808/4808 4807/4807/4807 4878/4878/4878
f 4813/4813/4813 4808/4808/4808 4878/4878/4878
f 4860/4860/4860 4809/4809/4809 4808/4808/4808
f 4813/4813/4813 4814/4814/4814 4860/4860/4860
f 4808/4808/4808 4813/4813/4813 4860/4860/4860
f 4861/4861/4861 4859/4859/4859 4809/4809/4809 4860/4860/4860
f 4856/4856/4856 4861/4861/4861 4860/4860/4860 4814/4814/4814
f 4817/4817/4817 4881/4881/4881 4882/4882/4882 4880/4880/4880
f 4881/4881/4881 4812/4812/4812 4877/4877/4877 4882/4882/4882
f 4881/4881/4881 4817/4817/4817 4818/4818/4818
f 4813/4813/4813 4812/4812/4812 4881/4881/4881
f 4818/4818/4818 4813/4813/4813 4881/4881/4881
f 4857/4857/4857 4814/4814/4814 4813/4813/4813
f 4818/4818/4818 4819/4819/4819 4857/4857/4857
f 4813/4813/4813 4818/4818/4818 4857/4857/4857
f 4858/4858/4858 4856/4856/4856 4814/4814/4814 4857/4857/4857
f 4853/4853/4853 4858/4858/4858 4857/4857/4857 4819/4819/4819
f 4822/4822/4822 4884/4884/4884 4885/4885/4885 4883/4883/4883
f 4884/4884/4884 4817/4817/4817 4880/4880/4880 4885/4885/4885
f 4884/4884/4884 4822/4822/4822 4823/4823/4823
f 4818/4818/4818 4817/4817/4817 4884/4884/4884
f 4823/4823/4823 4818/4818/4818 4884/4884/4884
f 4854/4854/4854 4819/4819/4819 4818/4818/4818
f 4823/4823/4823 4824/4824/4824 4854/4854/4854
f 4818/4818/4818 4823/4823/4823 4854/4854/4854
f 4855/4855/4855 4853/4853/4853 4819/4819/4819 4854/4854/4854
f 4852/4852/4852 4855/4855/4855 4854/4854/4854 4824/4824/4824
f 4828/4828/4828 4823/4823/4823 4822/4822/4822 4827/4827/4827
f 4829/4829/4829 4824/4824/4824 4823/4823/4823 4828/4828/4828
f 4832/4832/4832 4887/4887/4887 4889/4889/4889 4886/4886/4886
f 4887/4887/4887 4827/4827/4827 4888/4888/4888 4889/4889/4889
f 4887/4887/4887 4832/4832/4832 4833/4833/4833
f 4828/4828/4828 4827/4827/4827 4887/4887/4887
f 4833/4833/4833 4828/4828/4828 4887/4887/4887
f 4850/4850/4850 4829/4829/4829 4828/4828/4828
f 4833/4833/4833 4834/4834/4834 4850/4850/4850
f 4828/4828/4828 4833/4833/4833 4850/4850/4850
f 4851/4851/4851 4849/4849/4849 4829/4829/4829 4850/4850/4850
f 4846/4846/4846 4851/4851/4851 4850/4850/4850 4834/4834/4834
f 4837/4837/4837 4891/4891/4891 4892/4892/4892 4890/4890/4890
f 4891/4891/4891 4832/4832/4832 4886/4886/4886 4892/4892/4892
f 4891/4891/4891 4837/4837/4837 4838/4838/4838
f 4833/4833/4833 4832/4832/4832 4891/4891/4891
f 4838/4838/4838 4833/4833/4833 4891/4891/4891
f 4847/4847/4847 4834/4834/4834 4833/4833/4833
f 4838/4838/4838 4839/4839/4839 4847/4847/4847
f 4833/4833/4833 4838/4838/4838 4847/4847/4847
f 4848/4848/4848 4846/4846/4846 4834/4834/4834 4847/4847/4847
f 4843/4843/4843 4848/4848/4848 4847/4847/4847 4839/4839/4839
f 4893/4893/4893 4837/4837/4837 4890/4890/4890 4894/4894/4894
f 4845/4845/4845 4843/4843/4843 4839/4839/4839 4844/4844/4844
f 4873/4873/4873 4804/4804/4804 4876/4876/4876
f 4806/4806/4806 4876/4876/4876 4804/4804/4804
f 4876/4876/4876 4806/4806/4806 4874/4874/4874
f 4879/4879/4879 4874/4874/4874 4806/4806/4806
f 4872/4872/4872 4873/4873/4873 4875/4875/4875
f 4875/4875/4875 4873/4873/4873 4876/4876/4876
f 4808/4808/4808 4875/4875/4875 4807/4807/4807
f 4806/4806/4806 4811/4811/4811 4877/4877/4877 4879/4879/4879
f 4811/4811/4811 4882/4882/4882 4877/4877/4877
f 4811/4811/4811 4816/4816/4816 4880/4880/4880 4882/4882/4882
f 4821/4821/4821 4885/4885/4885 4816/4816/4816
f 4821/4821/4821 4883/4883/4883 4885/4885/4885
f 4822/4822/4822 4883/4883/4883 4888/4888/4888 4827/4827/4827
f 4885/4885/4885 4880/4880/4880 4816/4816/4816
f 4883/4883/4883 4821/4821/4821 4826/4826/4826 4888/4888/4888
f 4808/4808/4808 4871/4871/4871 4872/4872/4872
f 4862/4862/4862 4870/4870/4870 4808/4808/4808
f 4871/4871/4871 4808/4808/4808 4870/4870/4870
f 4872/4872/4872 4875/4875/4875 4808/4808/4808
f 4863/4863/4863 4805/4805/4805 4869/4869/4869
f 4808/4808/4808 4809/4809/4809 4862/4862/4862
f 4810/4810/4810 4805/4805/4805 4863/4863/4863
f 4869/4869/4869 4862/4862/4862 4863/4863/4863
f 4862/4862/4862 4869/4869/4869 4870/4870/4870
f 4810/4810/4810 4859/4859/4859 4861/4861/4861
f 4815/4815/4815 4856/4856/4856 4858/4858/4858
f 4815/4815/4815 4861/4861/4861 4856/4856/4856
f 4815/4815/4815 4810/4810/4810 4861/4861/4861
f 4820/4820/4820 4853/4853/4853 4855/4855/4855
f 4825/4825/4825 4820/4820/4820 4855/4855/4855
f 4820/4820/4820 4815/4815/4815 4858/4858/4858 4853/4853/4853
f 4863/4863/4863 4859/4859/4859 4810/4810/4810
f 4826/4826/4826 4889/4889/4889 4888/4888/4888
f 4831/4831/4831 4889/4889/4889 4826/4826/4826
f 4836/4836/4836 4892/4892/4892 4831/4831/4831
f 4831/4831/4831 4892/4892/4892 4886/4886/4886
f 4886/4886/4886 4889/4889/4889 4831/4831/4831
f 4892/4892/4892 4836/4836/4836 4890/4890/4890
f 4894/4894/4894 4890/4890/4890 4836/4836/4836
f 4894/4894/4894 4841/4841/4841 4864/4864/4864
f 4894/4894/4894 4836/4836/4836 4841/4841/4841
f 4864/4864/4864 4893/4893/4893 4894/4894/4894
f 4893/4893/4893 4838/4838/4838 4837/4837/4837
f 4838/4838/4838 4865/4865/4865 4866/4866/4866
f 4864/4864/4864 4865/4865/4865 4893/4893/4893
f 4893/4893/4893 4865/4865/4865 4838/4838/4838
f 4867/4867/4867 4838/4838/4838 4866/4866/4866
f 4852/4852/4852 4824/4824/4824 4829/4829/4829 4849/4849/4849
f 4849/4849/4849 4830/4830/4830 4825/4825/4825 4852/4852/4852
f 4835/4835/4835 4851/4851/4851 4846/4846/4846
f 4848/4848/4848 4835/4835/4835 4846/4846/4846
f 4830/4830/4830 4851/4851/4851 4835/4835/4835
f 4830/4830/4830 4849/4849/4849 4851/4851/4851
f 4855/4855/4855 4852/4852/4852 4825/4825/4825
f 4844/4844/4844 4839/4839/4839 4838/4838/4838
f 4844/4844/4844 4867/4867/4867 4868/4868/4868
f 4868/4868/4868 4845/4845/4845 4844/4844/4844
f 4840/4840/4840 4848/4848/4848 4843/4843/4843
f 4842/4842/4842 4840/4840/4840 4845/4845/4845
f 4843/4843/4843 4845/4845/4845 4840/4840/4840
f 4868/4868/4868 4842/4842/4842 4845/4845/4845
f 4835/4835/4835 4848/4848/4848 4840/4840/4840
f 4867/4867/4867 4844/4844/4844 4838/4838/4838
